,accident_id,year,month,day,lighting_label,urban_label,intersection_label,weather_label,collision_label,gps_label,longitude_num,latitude_num,valid_geo,date,hour,minute,time_hhmm,time_of_day,is_weekend,season,num_lanes,pedestrian_crossing_width,road_width,road_category_label,traffic_regime_label,reserved_lane_label,road_profile_label,road_layout_label,surface_condition_label,infrastructure_label,situation_label,school_zone_label,vehicle_id,traffic_direction_label,vehicle_category_label,mobile_obstacle_label,impact_point_label,manoeuvre_label,occupants_group,birth_year,sex_label,user_category_label,injury_severity_label,seat_position_label,journey_purpose_label,pedestrian_location_label,pedestrian_action_label,pedestrian_state_label,safety_equipment_type,safety_equipment_usage,holiday_name,is_holiday
257,201600000170,2016,2,2,Twilight_or_dawn,Built_up_area,Out_of_intersection,Light_rain,Other_collision,Manual_entry,,,False,2016-02-02,8,0,08:00,Morning,False,Winter,2.0,0.0,75.0,Departmental_road,Bidirectional,Unknown,Slope,Straight,Wet,Unknown,On_road,Not_near_school,A01,Opposite_direction,Car(Quad/Passenger),Pedestrian,Front,Straight_ahead,0,1987.0,Female,Driver,Uninjured,Driver_seat,Home-work,Not_pedestrian,Unknown,Not_pedestrian,Seat_belt,Used,Not a holiday,0
258,201600000171,2016,2,25,Daylight,Out_of_agglomeration,Out_of_intersection,Normal,Frontal_two_vehicles,Manual_entry,,,False,2016-02-25,11,0,11:00,Morning,False,Winter,0.0,0.0,0.0,Departmental_road,Bidirectional,Unknown,Unknown,Unknown,Normal,Unknown,On_road,Not_near_school,A01,Same_direction,Utility(Truck/Agri),None,No_impact,Roundabout,0,1989.0,Male,Driver,Uninjured,Driver_seat,Professional use,Not_pedestrian,Unknown,Not_pedestrian,Seat_belt,Used,Not a holiday,0
259,201600000171,2016,2,25,Daylight,Out_of_agglomeration,Out_of_intersection,Normal,Frontal_two_vehicles,Manual_entry,,,False,2016-02-25,11,0,11:00,Morning,False,Winter,0.0,0.0,0.0,Departmental_road,Bidirectional,Unknown,Unknown,Unknown,Normal,Unknown,On_road,Not_near_school,B02,Same_direction,Motorcycle,Cyclist,No_impact,Straight_ahead,0,1993.0,Male,Driver,Injured_Hospitalized,Driver_seat,Unknown,Not_pedestrian,Unknown,Not_pedestrian,Helmet,Used,Not a holiday,0
260,201600000172,2016,2,27,Daylight,Built_up_area,Out_of_intersection,Normal,No_collision,Manual_entry,,,False,2016-02-27,17,15,17:15,Evening,True,Winter,2.0,36.0,32.0,National_road,Bidirectional,Unknown,Flat,Straight,Normal,Unknown,On_road,Not_near_school,A01,Same_direction,Motorcycle,None,Front,None,0,1975.0,Male,Driver,Injured_Hospitalized,Driver_seat,Leisure,Not_pedestrian,Unknown,Not_pedestrian,Helmet,Used,Not a holiday,0
261,201600000173,2016,3,13,Daylight,Built_up_area,Out_of_intersection,Normal,No_collision,Manual_entry,,,False,2016-03-13,17,15,17:15,Evening,True,Spring,1.0,0.0,50.0,Communal_way,Bidirectional,Unknown,Flat,Straight,Normal,Unknown,On_road,Unknown,A01,Same_direction,Motorcycle,None,No_impact,Straight_ahead,0,1971.0,Male,Driver,Injured_Hospitalized,Driver_seat,Leisure,Not_pedestrian,Unknown,Not_pedestrian,Helmet,Used,Not a holiday,0
262,201600000174,2016,3,16,Twilight_or_dawn,Out_of_agglomeration,Out_of_intersection,Normal,Frontal_two_vehicles,Manual_entry,,,False,2016-03-16,6,30,06:30,Morning,False,Spring,1.0,14.0,100.0,National_road,Bidirectional,Unknown,Unknown,Straight,Normal,Unknown,On_road,Unknown,B02,Same_direction,Car(Quad/Passenger),Cyclist,Front,Straight_ahead,0,1967.0,Male,Driver,Injured_Hospitalized,Driver_seat,Home-work,Not_pedestrian,Unknown,Not_pedestrian,Seat_belt,Used,Not a holiday,0
263,201600000174,2016,3,16,Twilight_or_dawn,Out_of_agglomeration,Out_of_intersection,Normal,Frontal_two_vehicles,Manual_entry,,,False,2016-03-16,6,30,06:30,Morning,False,Spring,1.0,14.0,100.0,National_road,Bidirectional,Unknown,Unknown,Straight,Normal,Unknown,On_road,Unknown,A01,Same_direction,Car(Quad/Passenger),Cyclist,Right_side,Avoiding_obstacle,0,1985.0,Male,Driver,Uninjured,Driver_seat,Unknown,Not_pedestrian,Unknown,Not_pedestrian,Seat_belt,Used,Not a holiday,0
264,201600000175,2016,3,17,Night_without_public_lighting,Out_of_agglomeration,Out_of_intersection,Normal,Multiple_three_plus,Manual_entry,3.77363,50.30514,True,2016-03-17,19,45,19:45,Evening,False,Spring,2.0,0.0,73.0,Departmental_road,Separated_carriageways,Unknown,Hilltop,Straight,Normal,Unknown,On_road,Not_near_school,B02,Other/Unknown,Motorcycle,Cyclist,Rear_right,Straight_ahead,0,1955.0,Male,Driver,Killed,Driver_seat,Leisure,Not_pedestrian,Unknown,Not_pedestrian,Helmet,Used,Not a holiday,0
265,201600000175,2016,3,17,Night_without_public_lighting,Out_of_agglomeration,Out_of_intersection,Normal,Multiple_three_plus,Manual_entry,3.77363,50.30514,True,2016-03-17,19,45,19:45,Evening,False,Spring,2.0,0.0,73.0,Departmental_road,Separated_carriageways,Unknown,Hilltop,Straight,Normal,Unknown,On_road,Not_near_school,C03,Other/Unknown,Car(Quad/Passenger),None,Front,other,0,1983.0,Male,Driver,Uninjured,Driver_seat,Unknown,Not_pedestrian,Unknown,Not_pedestrian,Seat_belt,Used,Not a holiday,0
266,201600000175,2016,3,17,Night_without_public_lighting,Out_of_agglomeration,Out_of_intersection,Normal,Multiple_three_plus,Manual_entry,3.77363,50.30514,True,2016-03-17,19,45,19:45,Evening,False,Spring,2.0,0.0,73.0,Departmental_road,Separated_carriageways,Unknown,Hilltop,Straight,Normal,Unknown,On_road,Not_near_school,A01,Other/Unknown,Car(Quad/Passenger),Cyclist,Front,Turning,0,1968.0,Male,Driver,Uninjured,Driver_seat,Leisure,Not_pedestrian,Unknown,Not_pedestrian,Seat_belt,Used,Not a holiday,0
267,201600000176,2016,6,8,Night_without_public_lighting,Built_up_area,Out_of_intersection,Normal,No_collision,Manual_entry,,,False,2016-06-08,22,45,22:45,Night,False,Summer,2.0,0.0,0.0,Departmental_road,Bidirectional,Unknown,Slope,Straight,Normal,Unknown,On_road,Unknown,A01,Other/Unknown,Motorcycle,None,Right_side,Straight_ahead,0,1997.0,Male,Driver,Injured_Hospitalized,Driver_seat,Leisure,Not_pedestrian,Unknown,Not_pedestrian,Helmet,Used,Not a holiday,0
268,201600000177,2016,8,13,Twilight_or_dawn,Out_of_agglomeration,Out_of_intersection,Normal,Other_collision,Manual_entry,,,False,2016-08-13,20,45,20:45,Evening,True,Summer,2.0,0.0,72.0,Departmental_road,Bidirectional,Unknown,Unknown,Straight,Normal,Unknown,On_road,Not_near_school,A01,Opposite_direction,Car(Quad/Passenger),None,Front_right,Straight_ahead,0,1971.0,Male,Driver,Injured_Hospitalized,Driver_seat,Unknown,Not_pedestrian,Unknown,Not_pedestrian,Seat_belt,Used,Not a holiday,0
269,201600000178,2016,8,26,Night_with_public_lighting_on,Out_of_agglomeration,Out_of_intersection,Normal,No_collision,Manual_entry,,,False,2016-08-26,1,0,01:00,Night,False,Summer,2.0,0.0,0.0,Departmental_road,Bidirectional,Unknown,Flat,Curve_right,Normal,Unknown,On_road,Unknown,A01,Opposite_direction,Motorcycle,None,No_impact,Straight_ahead,0,1990.0,Male,Driver,Killed,Driver_seat,Leisure,Not_pedestrian,Unknown,Not_pedestrian,Helmet,Used,Not a holiday,0
270,201600000179,2016,9,8,Daylight,Out_of_agglomeration,Out_of_intersection,Normal,No_collision,Manual_entry,,,False,2016-09-08,14,30,14:30,Afternoon,False,Autumn,2.0,0.0,72.0,Departmental_road,Bidirectional,Unknown,Flat,Straight,Other,Unknown,On_verge,Not_near_school,A01,Opposite_direction,Car(Quad/Passenger),None,Front_right,Straight_ahead,0,1930.0,Male,Driver,Killed,Driver_seat,Leisure,Not_pedestrian,Unknown,Not_pedestrian,Seat_belt,Used,Not a holiday,0
271,201600000180,2016,10,14,Night_without_public_lighting,Out_of_agglomeration,Out_of_intersection,Normal,No_collision,Manual_entry,,,False,2016-10-14,4,45,04:45,Night,False,Autumn,2.0,0.0,55.0,Departmental_road,Bidirectional,Unknown,Flat,Curve_left,Unknown,Unknown,On_verge,Not_near_school,A01,Other/Unknown,Car(Quad/Passenger),None,Right_side,Straight_ahead,0,1977.0,Male,Driver,Injured_Hospitalized,Driver_seat,Home-work,Not_pedestrian,Unknown,Not_pedestrian,Seat_belt,Used,Not a holiday,0
272,201600000181,2016,12,23,Night_without_public_lighting,Out_of_agglomeration,Out_of_intersection,Other,Other_collision,Manual_entry,3.5,50.177,True,2016-12-23,2,45,02:45,Night,False,Winter,2.0,140.0,60.0,National_road,Separated_carriageways,Unknown,Flat,Straight,Unknown,Unknown,Unknown,Not_near_school,A01,Same_direction,Car(Quad/Passenger),None,Front,Straight_ahead,0,1996.0,Male,Driver,Killed,Driver_seat,Unknown,Not_pedestrian,Unknown,Not_pedestrian,Seat_belt,Undetermined,Not a holiday,0
273,201600000182,2016,12,29,Night_without_public_lighting,Out_of_agglomeration,Out_of_intersection,Other,Frontal_two_vehicles,Manual_entry,,,False,2016-12-29,17,30,17:30,Evening,False,Winter,2.0,0.0,44.0,Departmental_road,Bidirectional,Unknown,Flat,Straight,Icy,Unknown,On_road,Not_near_school,A01,Same_direction,Car(Quad/Passenger),Cyclist,Right_side,Straight_ahead,0,1997.0,Female,Driver,Injured_Hospitalized,Driver_seat,Leisure,Not_pedestrian,Unknown,Not_pedestrian,Seat_belt,Used,Not a holiday,0
274,201600000182,2016,12,29,Night_without_public_lighting,Out_of_agglomeration,Out_of_intersection,Other,Frontal_two_vehicles,Manual_entry,,,False,2016-12-29,17,30,17:30,Evening,False,Winter,2.0,0.0,44.0,Departmental_road,Bidirectional,Unknown,Flat,Straight,Icy,Unknown,On_road,Not_near_school,B02,Same_direction,Car(Quad/Passenger),Cyclist,Right_side,Straight_ahead,0,1996.0,Male,Driver,Injured_Slight,Driver_seat,Leisure,Not_pedestrian,Unknown,Not_pedestrian,Seat_belt,Used,Not a holiday,0
275,201600000183,2016,3,7,Daylight,Out_of_agglomeration,Out_of_intersection,Snow_or_hail,Chain_three_plus,Manual_entry,3.72818,50.2523,True,2016-03-07,17,45,17:45,Evening,False,Spring,0.0,0.0,60.0,Departmental_road,Bidirectional,Unknown,Flat,Straight,Wet,Unknown,On_road,Not_near_school,C03,Opposite_direction,Utility(Truck/Agri),Cyclist,Front,Straight_ahead,0,1971.0,Male,Driver,Uninjured,Driver_seat,Home-work,Not_pedestrian,Unknown,Not_pedestrian,Seat_belt,Used,Not a holiday,0
276,201600000183,2016,3,7,Daylight,Out_of_agglomeration,Out_of_intersection,Snow_or_hail,Chain_three_plus,Manual_entry,3.72818,50.2523,True,2016-03-07,17,45,17:45,Evening,False,Spring,0.0,0.0,60.0,Departmental_road,Bidirectional,Unknown,Flat,Straight,Wet,Unknown,On_road,Not_near_school,B02,Other/Unknown,other,Cyclist,Front,Straight_ahead,0,1983.0,Male,Driver,Uninjured,Driver_seat,Professional use,Not_pedestrian,Unknown,Not_pedestrian,Seat_belt,Used,Not a holiday,0
277,201600000183,2016,3,7,Daylight,Out_of_agglomeration,Out_of_intersection,Snow_or_hail,Chain_three_plus,Manual_entry,3.72818,50.2523,True,2016-03-07,17,45,17:45,Evening,False,Spring,0.0,0.0,60.0,Departmental_road,Bidirectional,Unknown,Flat,Straight,Wet,Unknown,On_road,Not_near_school,A01,Opposite_direction,Car(Quad/Passenger),Cyclist,Front_right,Straight_ahead,0,1994.0,Male,Driver,Killed,Driver_seat,Leisure,Not_pedestrian,Unknown,Not_pedestrian,Seat_belt,Used,Not a holiday,0
278,201600000184,2016,4,7,Daylight,Built_up_area,Out_of_intersection,Cloudy,Other_collision,Manual_entry,,,False,2016-04-07,8,45,08:45,Morning,False,Spring,2.0,60.0,0.0,Communal_way,Bidirectional,Unknown,Unknown,Straight,Normal,Unknown,On_road,Near_school,A01,Same_direction,Personal mobility,Pedestrian,Rear,Roundabout,0,1968.0,Male,Driver,Uninjured,Driver_seat,Professional use,Not_pedestrian,Unknown,Not_pedestrian,Seat_belt,Used,Not a holiday,0
279,201600000185,2016,4,9,Twilight_or_dawn,Out_of_agglomeration,Out_of_intersection,Normal,No_collision,Manual_entry,,,False,2016-04-09,17,45,17:45,Evening,True,Spring,0.0,0.0,55.0,Departmental_road,Bidirectional,Unknown,Flat,Curve_left,Normal,Unknown,On_road,Not_near_school,A01,Same_direction,Motorcycle,None,Front,Straight_ahead,0,1974.0,Male,Driver,Injured_Hospitalized,Driver_seat,Leisure,Not_pedestrian,Unknown,Not_pedestrian,Helmet,Used,Not a holiday,0
280,201600000186,2016,10,26,Daylight,Built_up_area,Out_of_intersection,Fog_or_smoke,Side_two_vehicles,Manual_entry,,,False,2016-10-26,17,45,17:45,Evening,False,Autumn,0.0,27.0,93.0,Departmental_road,Bidirectional,Unknown,Flat,Straight,Normal,Unknown,On_road,Unknown,B02,Same_direction,Motorcycle,Cyclist,No_impact,Turning,0,1997.0,Male,Driver,Injured_Slight,Driver_seat,Leisure,Not_pedestrian,Unknown,Not_pedestrian,Helmet,Used,Not a holiday,0
281,201600000186,2016,10,26,Daylight,Built_up_area,Out_of_intersection,Fog_or_smoke,Side_two_vehicles,Manual_entry,,,False,2016-10-26,17,45,17:45,Evening,False,Autumn,0.0,27.0,93.0,Departmental_road,Bidirectional,Unknown,Flat,Straight,Normal,Unknown,On_road,Unknown,A01,Same_direction,Cycle,Cyclist,Front_left,Park/Start/Stop,0,1977.0,Male,Driver,Killed,Driver_seat,Shopping,Not_pedestrian,Unknown,Not_pedestrian,Helmet,Used,Not a holiday,0
282,201600000187,2016,1,10,Night_without_public_lighting,Out_of_agglomeration,Out_of_intersection,Light_rain,Other_collision,Manual_entry,,,False,2016-01-10,2,15,02:15,Night,True,Winter,2.0,0.0,70.0,National_road,Bidirectional,Unknown,Slope,Straight,Wet,Unknown,On_road,Unknown,A01,Other/Unknown,Car(Quad/Passenger),Pedestrian,Right_side,Straight_ahead,0,1991.0,Male,Driver,Uninjured,Driver_seat,Leisure,Not_pedestrian,Unknown,Not_pedestrian,Seat_belt,Used,Not a holiday,0
283,201600000188,2016,2,26,Daylight,Out_of_agglomeration,Out_of_intersection,Normal,No_collision,Manual_entry,,,False,2016-02-26,16,30,16:30,Afternoon,False,Winter,2.0,0.0,0.0,Departmental_road,Bidirectional,Unknown,Flat,S-bend,Normal,Unknown,On_road,Not_near_school,A01,Same_direction,Motorcycle,None,No_impact,None,0,1999.0,Male,Driver,Injured_Hospitalized,Driver_seat,Leisure,Not_pedestrian,Unknown,Not_pedestrian,Helmet,Used,Not a holiday,0
284,201600000189,2016,12,13,Night_without_public_lighting,Out_of_agglomeration,Out_of_intersection,Cloudy,Multiple_three_plus,Manual_entry,,50.0,False,2016-12-13,17,45,17:45,Evening,False,Winter,2.0,0.0,0.0,Departmental_road,Bidirectional,Unknown,Flat,S-bend,Wet,Unknown,On_road,Unknown,C03,Same_direction,Car(Quad/Passenger),Cyclist,Front,None,0,1985.0,Male,Driver,Uninjured,Driver_seat,Home-work,Not_pedestrian,Unknown,Not_pedestrian,Seat_belt,Used,Not a holiday,0
285,201600000189,2016,12,13,Night_without_public_lighting,Out_of_agglomeration,Out_of_intersection,Cloudy,Multiple_three_plus,Manual_entry,,50.0,False,2016-12-13,17,45,17:45,Evening,False,Winter,2.0,0.0,0.0,Departmental_road,Bidirectional,Unknown,Flat,S-bend,Wet,Unknown,On_road,Unknown,A01,Same_direction,Car(Quad/Passenger),Cyclist,Front,Avoiding_obstacle,0,1962.0,Male,Driver,Injured_Hospitalized,Driver_seat,Home-work,Not_pedestrian,Unknown,Not_pedestrian,Seat_belt,Used,Not a holiday,0
286,201600000189,2016,12,13,Night_without_public_lighting,Out_of_agglomeration,Out_of_intersection,Cloudy,Multiple_three_plus,Manual_entry,,50.0,False,2016-12-13,17,45,17:45,Evening,False,Winter,2.0,0.0,0.0,Departmental_road,Bidirectional,Unknown,Flat,S-bend,Wet,Unknown,On_road,Unknown,B02,Same_direction,Car(Quad/Passenger),Cyclist,Front,None,0,1956.0,Male,Driver,Uninjured,Driver_seat,Leisure,Not_pedestrian,Unknown,Not_pedestrian,Seat_belt,Used,Not a holiday,0
287,201600000190,2016,2,25,Daylight,Out_of_agglomeration,Out_of_intersection,Normal,Frontal_two_vehicles,Manual_entry,,,False,2016-02-25,14,30,14:30,Afternoon,False,Winter,2.0,0.0,76.0,National_road,Bidirectional,Unknown,Flat,Straight,Normal,Unknown,On_road,Not_near_school,A01,Other/Unknown,Car(Quad/Passenger),other,Right_side,Straight_ahead,0,1938.0,Male,Driver,Killed,Driver_seat,Leisure,Not_pedestrian,Unknown,Not_pedestrian,Seat_belt,Used,Not a holiday,0
288,201600000190,2016,2,25,Daylight,Out_of_agglomeration,Out_of_intersection,Normal,Frontal_two_vehicles,Manual_entry,,,False,2016-02-25,14,30,14:30,Afternoon,False,Winter,2.0,0.0,76.0,National_road,Bidirectional,Unknown,Flat,Straight,Normal,Unknown,On_road,Not_near_school,B02,Other/Unknown,Bus/Coach,None,No_impact,Straight_ahead,0,1976.0,Male,Driver,Uninjured,Driver_seat,Professional use,Not_pedestrian,Unknown,Not_pedestrian,Seat_belt,Used,Not a holiday,0
289,201600000191,2016,7,11,Daylight,Out_of_agglomeration,Out_of_intersection,Normal,Other_collision,Manual_entry,3.06276,50.21711,True,2016-07-11,13,30,13:30,Afternoon,False,Summer,0.0,0.0,73.0,Departmental_road,Bidirectional,Unknown,Slope,Straight,Normal,Unknown,On_verge,Unknown,A01,Opposite_direction,Car(Quad/Passenger),None,Front,Turning,0,1936.0,Male,Driver,Killed,Driver_seat,Unknown,Not_pedestrian,Unknown,Not_pedestrian,Seat_belt,Not_used,Not a holiday,0
290,201600000192,2016,9,14,Daylight,Out_of_agglomeration,Out_of_intersection,Dazzling,Frontal_two_vehicles,Manual_entry,2.97984,50.23815,True,2016-09-14,17,0,17:00,Evening,False,Autumn,2.0,0.0,72.0,Departmental_road,Bidirectional,Unknown,Flat,Straight,Normal,Unknown,On_road,Not_near_school,A01,Opposite_direction,Car(Quad/Passenger),Cyclist,Right_side,Avoiding_obstacle,0,1994.0,Female,Driver,Injured_Hospitalized,Driver_seat,Home-school,Not_pedestrian,Unknown,Not_pedestrian,Seat_belt,Used,Not a holiday,0
291,201600000192,2016,9,14,Daylight,Out_of_agglomeration,Out_of_intersection,Dazzling,Frontal_two_vehicles,Manual_entry,2.97984,50.23815,True,2016-09-14,17,0,17:00,Evening,False,Autumn,2.0,0.0,72.0,Departmental_road,Bidirectional,Unknown,Flat,Straight,Normal,Unknown,On_road,Not_near_school,B02,Other/Unknown,Car(Quad/Passenger),Cyclist,Right_side,Turning,0,1959.0,Female,Driver,Killed,Driver_seat,Leisure,Not_pedestrian,Unknown,Not_pedestrian,Seat_belt,Used,Not a holiday,0
292,201600000193,2016,11,15,Twilight_or_dawn,Out_of_agglomeration,Out_of_intersection,Fog_or_smoke,Frontal_two_vehicles,Manual_entry,,,False,2016-11-15,7,45,07:45,Morning,False,Autumn,0.0,0.0,73.0,National_road,Bidirectional,Unknown,Flat,Straight,Wet,Unknown,On_road,Unknown,A01,Other/Unknown,Personal mobility,Cyclist,Right_side,Straight_ahead,0,1969.0,Female,Driver,Killed,Driver_seat,Professional use,Not_pedestrian,Unknown,Not_pedestrian,Seat_belt,Undetermined,Not a holiday,0
293,201600000193,2016,11,15,Twilight_or_dawn,Out_of_agglomeration,Out_of_intersection,Fog_or_smoke,Frontal_two_vehicles,Manual_entry,,,False,2016-11-15,7,45,07:45,Morning,False,Autumn,0.0,0.0,73.0,National_road,Bidirectional,Unknown,Flat,Straight,Wet,Unknown,On_road,Unknown,B03,Opposite_direction,other,Cyclist,Right_side,Avoiding_obstacle,0,1980.0,Male,Driver,Injured_Hospitalized,Driver_seat,Professional use,Not_pedestrian,Unknown,Not_pedestrian,Seat_belt,Undetermined,Not a holiday,0
294,201600000194,2016,1,7,Night_without_public_lighting,Out_of_agglomeration,Out_of_intersection,Strong_wind_or_storm,Chain_three_plus,Manual_entry,,,False,2016-01-07,19,0,19:00,Evening,False,Winter,2.0,14.0,73.0,Highway,Separated_carriageways,Unknown,Hilltop,Straight,Normal,Unknown,On_road,Not_near_school,A01,Other/Unknown,other,None,Rear_right,None,0,1978.0,Male,Driver,Uninjured,Driver_seat,Professional use,Not_pedestrian,Unknown,Not_pedestrian,Seat_belt,Used,Not a holiday,0
295,201600000194,2016,1,7,Night_without_public_lighting,Out_of_agglomeration,Out_of_intersection,Strong_wind_or_storm,Chain_three_plus,Manual_entry,,,False,2016-01-07,19,0,19:00,Evening,False,Winter,2.0,14.0,73.0,Highway,Separated_carriageways,Unknown,Hilltop,Straight,Normal,Unknown,On_road,Not_near_school,B02,Other/Unknown,Utility(Truck/Agri),Cyclist,Front,Turning,0,1988.0,Male,Driver,Injured_Hospitalized,Driver_seat,Home-work,Not_pedestrian,Unknown,Not_pedestrian,Seat_belt,Used,Not a holiday,0
296,201600000194,2016,1,7,Night_without_public_lighting,Out_of_agglomeration,Out_of_intersection,Strong_wind_or_storm,Chain_three_plus,Manual_entry,,,False,2016-01-07,19,0,19:00,Evening,False,Winter,2.0,14.0,73.0,Highway,Separated_carriageways,Unknown,Hilltop,Straight,Normal,Unknown,On_road,Not_near_school,C03,Other/Unknown,Utility(Truck/Agri),None,Front,Turning,0,1966.0,Male,Driver,Injured_Slight,Driver_seat,Professional use,Not_pedestrian,Unknown,Not_pedestrian,Seat_belt,Used,Not a holiday,0
297,201600000195,2016,2,13,Night_without_public_lighting,Out_of_agglomeration,Out_of_intersection,Light_rain,Other_collision,Manual_entry,,,False,2016-02-13,20,30,20:30,Evening,True,Winter,2.0,0.0,0.0,Highway,Separated_carriageways,Unknown,Unknown,Straight,Wet,Unknown,On_verge,Not_near_school,A01,Other/Unknown,Car(Quad/Passenger),None,Right_side,Avoiding_obstacle,0,1973.0,Male,Driver,Injured_Hospitalized,Driver_seat,Professional use,Not_pedestrian,Unknown,Not_pedestrian,Seat_belt,Undetermined,Not a holiday,0
298,201600000196,2016,6,25,Daylight,Out_of_agglomeration,Out_of_intersection,Normal,Rear_end_two_vehicles,Manual_entry,1.6658,50.64123,True,2016-06-25,14,30,14:30,Afternoon,True,Summer,4.0,10.0,60.0,Highway,Separated_carriageways,Unknown,Flat,Straight,Normal,Tunnel,On_road,Not_near_school,A01,Other/Unknown,Motorcycle,Cyclist,Front,Straight_ahead,0,1960.0,Male,Driver,Injured_Hospitalized,Driver_seat,Leisure,Not_pedestrian,Unknown,Not_pedestrian,Helmet,Used,Not a holiday,0
299,201600000196,2016,6,25,Daylight,Out_of_agglomeration,Out_of_intersection,Normal,Rear_end_two_vehicles,Manual_entry,1.6658,50.64123,True,2016-06-25,14,30,14:30,Afternoon,True,Summer,4.0,10.0,60.0,Highway,Separated_carriageways,Unknown,Flat,Straight,Normal,Tunnel,On_road,Not_near_school,B02,Other/Unknown,Car(Quad/Passenger),None,Rear_left,Straight_ahead,0,1987.0,Female,Driver,Uninjured,Driver_seat,Leisure,Not_pedestrian,Unknown,Not_pedestrian,Seat_belt,Used,Not a holiday,0
300,201600000197,2016,3,19,Night_without_public_lighting,Out_of_agglomeration,Out_of_intersection,Normal,Rear_end_two_vehicles,Manual_entry,,,False,2016-03-19,23,15,23:15,Night,True,Spring,2.0,15.0,81.0,Highway,Separated_carriageways,Unknown,Hill_bottom,Curve_left,Normal,Unknown,On_road,Not_near_school,A01,Other/Unknown,Car(Quad/Passenger),None,Rear_left,None,0,1955.0,Male,Driver,Injured_Hospitalized,Driver_seat,Leisure,Not_pedestrian,Unknown,Not_pedestrian,Seat_belt,Used,Not a holiday,0
301,201600000197,2016,3,19,Night_without_public_lighting,Out_of_agglomeration,Out_of_intersection,Normal,Rear_end_two_vehicles,Manual_entry,,,False,2016-03-19,23,15,23:15,Night,True,Spring,2.0,15.0,81.0,Highway,Separated_carriageways,Unknown,Hill_bottom,Curve_left,Normal,Unknown,On_road,Not_near_school,B02,Other/Unknown,Car(Quad/Passenger),Cyclist,Front_right,other,0,1986.0,Male,Driver,Uninjured,Driver_seat,Leisure,Not_pedestrian,Unknown,Not_pedestrian,Seat_belt,Used,Not a holiday,0
302,201600000198,2016,4,16,Daylight,Out_of_agglomeration,Other,Normal,Chain_three_plus,Manual_entry,,,False,2016-04-16,18,15,18:15,Evening,True,Spring,4.0,10.0,70.0,Highway,Separated_carriageways,Unknown,Flat,Straight,Normal,Tollzone,On_road,Not_near_school,A01,Opposite_direction,Car(Quad/Passenger),None,Rear_right,other,0,1971.0,Male,Driver,Injured_Hospitalized,Driver_seat,Leisure,Not_pedestrian,Unknown,Not_pedestrian,Seat_belt,Used,Not a holiday,0
303,201600000198,2016,4,16,Daylight,Out_of_agglomeration,Other,Normal,Chain_three_plus,Manual_entry,,,False,2016-04-16,18,15,18:15,Evening,True,Spring,4.0,10.0,70.0,Highway,Separated_carriageways,Unknown,Flat,Straight,Normal,Tollzone,On_road,Not_near_school,B02,Same_direction,Car(Quad/Passenger),None,Rear_right,other,0,1979.0,Male,Driver,Injured_Hospitalized,Driver_seat,Leisure,Not_pedestrian,Unknown,Not_pedestrian,Seat_belt,Used,Not a holiday,0
304,201600000198,2016,4,16,Daylight,Out_of_agglomeration,Other,Normal,Chain_three_plus,Manual_entry,,,False,2016-04-16,18,15,18:15,Evening,True,Spring,4.0,10.0,70.0,Highway,Separated_carriageways,Unknown,Flat,Straight,Normal,Tollzone,On_road,Not_near_school,C03,Other/Unknown,Car(Quad/Passenger),None,Front,Turning,0,1989.0,Male,Driver,Uninjured,Driver_seat,Home-work,Not_pedestrian,Unknown,Not_pedestrian,Seat_belt,Undetermined,Not a holiday,0
305,201600000199,2016,4,18,Daylight,Out_of_agglomeration,Out_of_intersection,Normal,Other_collision,Manual_entry,,,False,2016-04-18,11,45,11:45,Morning,False,Spring,0.0,5.0,72.0,Highway,Separated_carriageways,Unknown,Flat,Straight,Normal,Bridge,On_road,Not_near_school,A01,Opposite_direction,other,None,Right_side,Straight_ahead,0,1961.0,Male,Driver,Injured_Hospitalized,Driver_seat,Professional use,Not_pedestrian,Unknown,Not_pedestrian,Seat_belt,Used,Not a holiday,0
306,201600000200,2016,7,24,Daylight,Out_of_agglomeration,Out_of_intersection,Normal,Side_two_vehicles,Manual_entry,,,False,2016-07-24,17,0,17:00,Evening,True,Summer,3.0,15.0,115.0,Highway,Separated_carriageways,Unknown,Flat,Straight,Normal,Interchange,On_road,Not_near_school,A01,Opposite_direction,Motorcycle,Cyclist,Right_side,Park/Start/Stop,0,1970.0,Male,Driver,Injured_Hospitalized,Driver_seat,Leisure,Not_pedestrian,Unknown,Not_pedestrian,Helmet,Used,Not a holiday,0
307,201600000200,2016,7,24,Daylight,Out_of_agglomeration,Out_of_intersection,Normal,Side_two_vehicles,Manual_entry,,,False,2016-07-24,17,0,17:00,Evening,True,Summer,3.0,15.0,115.0,Highway,Separated_carriageways,Unknown,Flat,Straight,Normal,Interchange,On_road,Not_near_school,B02,Opposite_direction,Utility(Truck/Agri),None,Rear,Straight_ahead,0,1989.0,Male,Driver,Injured_Slight,Driver_seat,Leisure,Not_pedestrian,Unknown,Not_pedestrian,Seat_belt,Used,Not a holiday,0