,accident_id,year,month,day,lighting_label,urban_label,intersection_label,weather_label,collision_label,gps_label,longitude_num,latitude_num,valid_geo,date,hour,minute,time_hhmm,time_of_day,is_weekend,season,num_lanes,pedestrian_crossing_width,road_width,road_category_label,traffic_regime_label,reserved_lane_label,road_profile_label,road_layout_label,surface_condition_label,infrastructure_label,situation_label,school_zone_label,vehicle_id,traffic_direction_label,vehicle_category_label,mobile_obstacle_label,impact_point_label,manoeuvre_label,occupants_group,birth_year,sex_label,user_category_label,injury_severity_label,seat_position_label,journey_purpose_label,pedestrian_location_label,pedestrian_action_label,pedestrian_state_label,safety_equipment_type,safety_equipment_usage,holiday_name,is_holiday
308,201600000201,2016,8,13,Night_without_public_lighting,Out_of_agglomeration,Out_of_intersection,Normal,Rear_end_two_vehicles,Manual_entry,,,False,2016-08-13,22,15,22:15,Night,True,Summer,2.0,5.0,73.0,Highway,Separated_carriageways,Unknown,Flat,Curve_left,Normal,Unknown,On_emergency_stop_band,Not_near_school,A01,Opposite_direction,Car(Quad/Passenger),Cyclist,Right_side,Turning,0,1994.0,Male,Driver,Uninjured,Driver_seat,Leisure,Not_pedestrian,Unknown,Not_pedestrian,Seat_belt,Used,Not a holiday,0
309,201600000201,2016,8,13,Night_without_public_lighting,Out_of_agglomeration,Out_of_intersection,Normal,Rear_end_two_vehicles,Manual_entry,,,False,2016-08-13,22,15,22:15,Night,True,Summer,2.0,5.0,73.0,Highway,Separated_carriageways,Unknown,Flat,Curve_left,Normal,Unknown,On_emergency_stop_band,Not_near_school,B02,Opposite_direction,Utility(Truck/Agri),Cyclist,Rear,Turning,0,1958.0,Male,Driver,Injured_Slight,Driver_seat,Leisure,Not_pedestrian,Unknown,Not_pedestrian,Seat_belt,Used,Not a holiday,0
310,201600000202,2016,9,28,Daylight,Out_of_agglomeration,Out_of_intersection,Normal,Rear_end_two_vehicles,Manual_entry,,,False,2016-09-28,7,45,07:45,Morning,False,Autumn,0.0,5.0,70.0,Highway,Separated_carriageways,Unknown,Flat,Straight,Normal,Unknown,On_road,Not_near_school,B01,Opposite_direction,other,None,Rear_left,Turning,0,1992.0,Male,Driver,Uninjured,Driver_seat,Professional use,Not_pedestrian,Unknown,Not_pedestrian,Seat_belt,Used,Not a holiday,0
311,201600000202,2016,9,28,Daylight,Out_of_agglomeration,Out_of_intersection,Normal,Rear_end_two_vehicles,Manual_entry,,,False,2016-09-28,7,45,07:45,Morning,False,Autumn,0.0,5.0,70.0,Highway,Separated_carriageways,Unknown,Flat,Straight,Normal,Unknown,On_road,Not_near_school,C02,Opposite_direction,Utility(Truck/Agri),Cyclist,Front_right,Turning,0,1994.0,Male,Driver,Injured_Slight,Driver_seat,Home-work,Not_pedestrian,Unknown,Not_pedestrian,Seat_belt,Used,Not a holiday,0
312,201600000203,2016,11,9,Daylight,Out_of_agglomeration,Out_of_intersection,Heavy_rain,Side_two_vehicles,Manual_entry,,,False,2016-11-09,12,0,12:00,Afternoon,False,Autumn,2.0,10.0,70.0,Highway,Separated_carriageways,Unknown,Flat,Straight,Puddles,Unknown,On_road,Not_near_school,B01,Other/Unknown,other,None,No_impact,Turning,0,1974.0,Male,Driver,Injured_Hospitalized,Driver_seat,Professional use,Not_pedestrian,Unknown,Not_pedestrian,Seat_belt,Used,Not a holiday,0
313,201600000203,2016,11,9,Daylight,Out_of_agglomeration,Out_of_intersection,Heavy_rain,Side_two_vehicles,Manual_entry,,,False,2016-11-09,12,0,12:00,Afternoon,False,Autumn,2.0,10.0,70.0,Highway,Separated_carriageways,Unknown,Flat,Straight,Puddles,Unknown,On_road,Not_near_school,C02,Other/Unknown,Car(Quad/Passenger),Cyclist,Front_right,other,0,1992.0,Female,Driver,Injured_Hospitalized,Driver_seat,Home-work,Not_pedestrian,Unknown,Not_pedestrian,Seat_belt,Used,Not a holiday,0
314,201600000204,2016,12,1,Daylight,Out_of_agglomeration,Out_of_intersection,Normal,Frontal_two_vehicles,Manual_entry,,,False,2016-12-01,7,30,07:30,Morning,False,Winter,2.0,0.0,35.0,Highway,One_way,Unknown,Slope,Straight,Normal,Unknown,On_road,Unknown,A01,Other/Unknown,Car(Quad/Passenger),Cyclist,Right_side,Park/Start/Stop,0,1970.0,Male,Driver,Injured_Hospitalized,Driver_seat,Leisure,Not_pedestrian,Unknown,Not_pedestrian,Seat_belt,Used,Not a holiday,0
315,201600000204,2016,12,1,Daylight,Out_of_agglomeration,Out_of_intersection,Normal,Frontal_two_vehicles,Manual_entry,,,False,2016-12-01,7,30,07:30,Morning,False,Winter,2.0,0.0,35.0,Highway,One_way,Unknown,Slope,Straight,Normal,Unknown,On_road,Unknown,B02,Other/Unknown,Car(Quad/Passenger),Cyclist,Left_side,Turning,0,1985.0,Female,Driver,Uninjured,Driver_seat,Leisure,Not_pedestrian,Unknown,Not_pedestrian,Seat_belt,Used,Not a holiday,0
316,201600000205,2016,12,29,Night_without_public_lighting,Out_of_agglomeration,Out_of_intersection,Normal,Side_two_vehicles,Manual_entry,,,False,2016-12-29,18,30,18:30,Evening,False,Winter,3.0,10.0,125.0,Highway,Separated_carriageways,Unknown,Slope,Straight,Normal,Unknown,On_road,Not_near_school,A01,Opposite_direction,Car(Quad/Passenger),None,Multiple impacts,Straight_ahead,0,1973.0,Female,Driver,Injured_Slight,Driver_seat,Home-work,Not_pedestrian,Unknown,Not_pedestrian,Seat_belt,Used,Not a holiday,0
317,201600000205,2016,12,29,Night_without_public_lighting,Out_of_agglomeration,Out_of_intersection,Normal,Side_two_vehicles,Manual_entry,,,False,2016-12-29,18,30,18:30,Evening,False,Winter,3.0,10.0,125.0,Highway,Separated_carriageways,Unknown,Slope,Straight,Normal,Unknown,On_road,Not_near_school,B02,Opposite_direction,Bus/Coach,None,Front_left,Straight_ahead,0,1961.0,Male,Driver,Uninjured,Driver_seat,Professional use,Not_pedestrian,Unknown,Not_pedestrian,Seat_belt,Used,Not a holiday,0
318,201600000206,2016,6,10,Daylight,Built_up_area,Intersection_T,Normal,Side_two_vehicles,Manual_entry,3.08254,50.10858,True,2016-06-10,18,0,18:00,Evening,False,Summer,2.0,0.0,60.0,Departmental_road,Bidirectional,Unknown,Unknown,Unknown,Normal,Roundabout,Unknown,Unknown,A01,Other/Unknown,Cycle,None,No_impact,None,0,2009.0,Female,Driver,Injured_Hospitalized,Driver_seat,Unknown,Not_pedestrian,Unknown,Not_pedestrian,Helmet,Not_used,Not a holiday,0
319,201600000206,2016,6,10,Daylight,Built_up_area,Intersection_T,Normal,Side_two_vehicles,Manual_entry,3.08254,50.10858,True,2016-06-10,18,0,18:00,Evening,False,Summer,2.0,0.0,60.0,Departmental_road,Bidirectional,Unknown,Unknown,Unknown,Normal,Roundabout,Unknown,Unknown,B02,Other/Unknown,Utility(Truck/Agri),Cyclist,Left_side,Turning,0,1960.0,Male,Driver,Uninjured,Driver_seat,Unknown,Not_pedestrian,Unknown,Not_pedestrian,Seat_belt,Used,Not a holiday,0
320,201600000207,2016,7,24,Daylight,Built_up_area,Intersection_X,Normal,Side_two_vehicles,Manual_entry,3.03713,50.11314,True,2016-07-24,19,45,19:45,Evening,True,Summer,2.0,0.0,47.0,Communal_way,Bidirectional,Unknown,Unknown,Straight,Normal,Unknown,On_road,Unknown,A01,Same_direction,Motorcycle,Cyclist,Front,Straight_ahead,0,1986.0,Male,Driver,Injured_Hospitalized,Driver_seat,Leisure,Not_pedestrian,Unknown,Not_pedestrian,Helmet,Used,Not a holiday,0
321,201600000207,2016,7,24,Daylight,Built_up_area,Intersection_X,Normal,Side_two_vehicles,Manual_entry,3.03713,50.11314,True,2016-07-24,19,45,19:45,Evening,True,Summer,2.0,0.0,47.0,Communal_way,Bidirectional,Unknown,Unknown,Straight,Normal,Unknown,On_road,Unknown,B02,Same_direction,Car(Quad/Passenger),Cyclist,Front_left,Straight_ahead,0,1990.0,Female,Driver,Uninjured,Driver_seat,Home-work,Not_pedestrian,Unknown,Not_pedestrian,Seat_belt,Used,Not a holiday,0
322,201600000208,2016,8,29,Daylight,Built_up_area,Out_of_intersection,Normal,Side_two_vehicles,Manual_entry,2.8738,50.02892,True,2016-08-29,8,45,08:45,Morning,False,Summer,2.0,0.0,0.0,Departmental_road,Bidirectional,Unknown,Flat,Straight,Normal,Unknown,On_road,Not_near_school,A01,Opposite_direction,Motorcycle,other,Rear,Turning,0,1998.0,Male,Driver,Uninjured,Driver_seat,Professional use,Not_pedestrian,Unknown,Not_pedestrian,Seat_belt,Used,Not a holiday,0
323,201600000208,2016,8,29,Daylight,Built_up_area,Out_of_intersection,Normal,Side_two_vehicles,Manual_entry,2.8738,50.02892,True,2016-08-29,8,45,08:45,Morning,False,Summer,2.0,0.0,0.0,Departmental_road,Bidirectional,Unknown,Flat,Straight,Normal,Unknown,On_road,Not_near_school,B02,Other/Unknown,Cycle,Cyclist,No_impact,Turning,0,1970.0,Female,Driver,Killed,Driver_seat,other,Not_pedestrian,Unknown,Not_pedestrian,Helmet,Not_used,Not a holiday,0
324,201600000209,2016,6,7,Daylight,Built_up_area,Out_of_intersection,Normal,Other_collision,Manual_entry,2.63517,50.12353,True,2016-06-07,9,30,09:30,Morning,False,Summer,0.0,0.0,75.0,Communal_way,Bidirectional,Unknown,Flat,Straight,Normal,Unknown,On_road,Not_near_school,A01,Same_direction,Cycle,None,Front,Straight_ahead,0,1955.0,Male,Driver,Injured_Slight,Driver_seat,Leisure,Not_pedestrian,Unknown,Not_pedestrian,Helmet,Used,Not a holiday,0
325,201600000210,2016,6,7,Daylight,Built_up_area,Out_of_intersection,Heavy_rain,No_collision,Manual_entry,2.46665,50.17442,True,2016-06-07,17,15,17:15,Evening,False,Summer,2.0,0.0,0.0,Departmental_road,Bidirectional,Unknown,Hill_bottom,Straight,Flooded,Unknown,On_road,Not_near_school,A01,Other/Unknown,Car(Quad/Passenger),other,No_impact,Straight_ahead,0,1940.0,Male,Driver,Killed,Driver_seat,other,Not_pedestrian,Unknown,Not_pedestrian,Seat_belt,Used,Not a holiday,0
326,201600000211,2016,7,15,Daylight,Out_of_agglomeration,Out_of_intersection,Normal,No_collision,Manual_entry,2.70897,50.23149,True,2016-07-15,11,45,11:45,Morning,False,Summer,2.0,0.0,70.0,Departmental_road,Bidirectional,Unknown,Flat,Curve_left,Normal,Unknown,On_road,Not_near_school,A01,Opposite_direction,Motorcycle,None,No_impact,Turning,0,1992.0,Female,Driver,Injured_Slight,Driver_seat,Leisure,Not_pedestrian,Unknown,Not_pedestrian,Helmet,Used,Not a holiday,0
327,201600000212,2016,8,6,Twilight_or_dawn,Out_of_agglomeration,Out_of_intersection,Normal,Other_collision,Manual_entry,2.59721,50.20825,True,2016-08-06,21,15,21:15,Night,True,Summer,2.0,0.0,0.0,Departmental_road,Bidirectional,Unknown,Flat,Straight,Normal,Unknown,On_road,Not_near_school,A01,Same_direction,Motorcycle,None,Front_right,Straight_ahead,0,1980.0,Male,Driver,Injured_Hospitalized,Driver_seat,Leisure,Not_pedestrian,Unknown,Not_pedestrian,Helmet,Used,Not a holiday,0
328,201600000213,2016,11,21,Night_with_public_lighting_on,Built_up_area,Out_of_intersection,Normal,Other_collision,Manual_entry,2.74658,50.23197,True,2016-11-21,18,0,18:00,Evening,False,Autumn,2.0,0.0,58.0,Departmental_road,Bidirectional,Unknown,Flat,Straight,Normal,Unknown,On_road,Unknown,A01,Opposite_direction,Car(Quad/Passenger),Pedestrian,Left_side,Straight_ahead,0,1977.0,Male,Driver,Uninjured,Driver_seat,Leisure,Not_pedestrian,Unknown,Not_pedestrian,Seat_belt,Undetermined,Not a holiday,0
329,201600000214,2016,11,21,Twilight_or_dawn,Out_of_agglomeration,Intersection_X,Normal,Side_two_vehicles,Manual_entry,2.76027,50.21893,True,2016-11-21,17,0,17:00,Evening,False,Autumn,2.0,0.0,58.0,Departmental_road,Bidirectional,Unknown,Flat,Straight,Normal,Unknown,On_road,Unknown,B02,Opposite_direction,Car(Quad/Passenger),Cyclist,Front_right,Loss_of_control,0,1938.0,Female,Driver,Injured_Hospitalized,Driver_seat,Leisure,Not_pedestrian,Unknown,Not_pedestrian,Seat_belt,Used,Not a holiday,0
330,201600000214,2016,11,21,Twilight_or_dawn,Out_of_agglomeration,Intersection_X,Normal,Side_two_vehicles,Manual_entry,2.76027,50.21893,True,2016-11-21,17,0,17:00,Evening,False,Autumn,2.0,0.0,58.0,Departmental_road,Bidirectional,Unknown,Flat,Straight,Normal,Unknown,On_road,Unknown,A01,Other/Unknown,Car(Quad/Passenger),Cyclist,Front,Straight_ahead,0,1993.0,Male,Driver,Uninjured,Driver_seat,Leisure,Not_pedestrian,Unknown,Not_pedestrian,Seat_belt,Used,Not a holiday,0
331,201600000215,2016,11,30,Daylight,Built_up_area,Out_of_intersection,Normal,Side_two_vehicles,Manual_entry,2.70921,50.13853,True,2016-11-30,14,15,14:15,Afternoon,False,Autumn,2.0,0.0,63.0,Departmental_road,Bidirectional,Unknown,Flat,Straight,Normal,Unknown,On_road,Not_near_school,A01,Same_direction,Car(Quad/Passenger),Cyclist,Left_side,Loss_of_control,0,1967.0,Female,Driver,Injured_Slight,Driver_seat,Leisure,Not_pedestrian,Unknown,Not_pedestrian,Seat_belt,Used,Not a holiday,0
332,201600000215,2016,11,30,Daylight,Built_up_area,Out_of_intersection,Normal,Side_two_vehicles,Manual_entry,2.70921,50.13853,True,2016-11-30,14,15,14:15,Afternoon,False,Autumn,2.0,0.0,63.0,Departmental_road,Bidirectional,Unknown,Flat,Straight,Normal,Unknown,On_road,Not_near_school,B02,Opposite_direction,Bus/Coach,Cyclist,Front,Straight_ahead,0,1987.0,Male,Driver,Injured_Slight,Driver_seat,Professional use,Not_pedestrian,Unknown,Not_pedestrian,Seat_belt,Used,Not a holiday,0
333,201600000216,2016,1,19,Daylight,Built_up_area,Out_of_intersection,Dazzling,Other_collision,Manual_entry,3.06829,50.2491,True,2016-01-19,11,45,11:45,Morning,False,Winter,2.0,0.0,40.0,Departmental_road,Bidirectional,Unknown,Flat,Curve_right,Normal,Unknown,On_road,Not_near_school,A01,Opposite_direction,Car(Quad/Passenger),Pedestrian,Rear_right,other,0,1993.0,Female,Driver,Uninjured,Driver_seat,Leisure,Not_pedestrian,Unknown,Not_pedestrian,Seat_belt,Not_used,Not a holiday,0
334,201600000216,2016,1,19,Daylight,Built_up_area,Out_of_intersection,Dazzling,Other_collision,Manual_entry,3.06829,50.2491,True,2016-01-19,11,45,11:45,Morning,False,Winter,2.0,0.0,40.0,Departmental_road,Bidirectional,Unknown,Flat,Curve_right,Normal,Unknown,On_road,Not_near_school,B02,Opposite_direction,Utility(Truck/Agri),Cyclist,Front,Turning,0,1985.0,Male,Driver,Uninjured,Driver_seat,Home-work,Not_pedestrian,Unknown,Not_pedestrian,Seat_belt,Used,Not a holiday,0
335,201600000217,2016,8,3,Night_without_public_lighting,Out_of_agglomeration,Out_of_intersection,Light_rain,Other_collision,Manual_entry,2.82882,50.15246,True,2016-08-03,2,45,02:45,Night,False,Summer,2.0,0.0,74.0,Departmental_road,Bidirectional,Unknown,Flat,Straight,Wet,Unknown,On_verge,Not_near_school,A01,Other/Unknown,Car(Quad/Passenger),None,Front,Straight_ahead,0,1993.0,Male,Driver,Killed,Driver_seat,Leisure,Not_pedestrian,Unknown,Not_pedestrian,Seat_belt,Used,Not a holiday,0
336,201600000218,2016,9,7,Daylight,Built_up_area,Out_of_intersection,Dazzling,No_collision,Manual_entry,3.10897,50.22725,True,2016-09-07,17,0,17:00,Evening,False,Autumn,2.0,0.0,0.0,Departmental_road,Bidirectional,Unknown,Slope,Straight,Normal,Unknown,On_road,Not_near_school,A01,Other/Unknown,Motorcycle,None,No_impact,Straight_ahead,0,1985.0,Male,Driver,Killed,Driver_seat,Leisure,Not_pedestrian,Unknown,Not_pedestrian,Helmet,Used,Not a holiday,0
337,201600000219,2016,1,5,Daylight,Out_of_agglomeration,Out_of_intersection,Normal,No_collision,Manual_entry,2.69686,50.39645,True,2016-01-05,12,30,12:30,Afternoon,False,Winter,2.0,70.0,0.0,Departmental_road,Bidirectional,Unknown,Slope,S-bend,Oil,Unknown,On_road,Not_near_school,A01,Other/Unknown,Motorcycle,None,Left_side,Straight_ahead,0,1983.0,Male,Driver,Injured_Hospitalized,Driver_seat,Home-work,Not_pedestrian,Unknown,Not_pedestrian,Helmet,Used,Not a holiday,0
338,201600000220,2016,1,24,Daylight,Out_of_agglomeration,Out_of_intersection,Light_rain,No_collision,Manual_entry,2.83834,50.33467,True,2016-01-24,6,15,06:15,Morning,True,Winter,2.0,0.0,68.0,Departmental_road,Bidirectional,Unknown,Slope,Curve_right,Wet,Unknown,On_road,Unknown,A01,Opposite_direction,Car(Quad/Passenger),None,Multiple impacts,Straight_ahead,0,1989.0,Male,Driver,Injured_Hospitalized,Driver_seat,Leisure,Not_pedestrian,Unknown,Not_pedestrian,Seat_belt,Undetermined,Not a holiday,0
339,201600000221,2016,6,1,Daylight,Out_of_agglomeration,Out_of_intersection,Normal,Frontal_two_vehicles,Manual_entry,2.69425,50.34514,True,2016-06-01,15,30,15:30,Afternoon,False,Summer,2.0,0.0,76.0,Departmental_road,Bidirectional,Unknown,Hill_bottom,Straight,Normal,Roundabout,On_road,Unknown,A01,Other/Unknown,Utility(Truck/Agri),Cyclist,Front,Straight_ahead,0,1962.0,Male,Driver,Injured_Hospitalized,Driver_seat,Professional use,Not_pedestrian,Unknown,Not_pedestrian,Seat_belt,Used,Not a holiday,0
340,201600000221,2016,6,1,Daylight,Out_of_agglomeration,Out_of_intersection,Normal,Frontal_two_vehicles,Manual_entry,2.69425,50.34514,True,2016-06-01,15,30,15:30,Afternoon,False,Summer,2.0,0.0,76.0,Departmental_road,Bidirectional,Unknown,Hill_bottom,Straight,Normal,Roundabout,On_road,Unknown,B02,Opposite_direction,Utility(Truck/Agri),Cyclist,Front,Roundabout,0,1985.0,Male,Driver,Uninjured,Driver_seat,Professional use,Not_pedestrian,Unknown,Not_pedestrian,Seat_belt,Used,Not a holiday,0
341,201600000222,2016,7,4,Daylight,Built_up_area,Out_of_intersection,Light_rain,Other_collision,Manual_entry,2.74233,50.38965,True,2016-07-04,7,15,07:15,Morning,False,Summer,0.0,0.0,70.0,Departmental_road,Bidirectional,Unknown,Unknown,Straight,Wet,Unknown,On_road,Unknown,A01,Same_direction,Car(Quad/Passenger),Pedestrian,Front_right,Straight_ahead,0,1980.0,Female,Driver,Uninjured,Driver_seat,other,Not_pedestrian,Unknown,Not_pedestrian,Seat_belt,Used,Not a holiday,0
342,201600000223,2016,12,25,Night_without_public_lighting,Out_of_agglomeration,Out_of_intersection,Light_rain,Other_collision,Manual_entry,2.79314,50.39649,True,2016-12-25,18,30,18:30,Evening,True,Winter,0.0,0.0,0.0,Departmental_road,Bidirectional,Unknown,Unknown,Straight,Wet,Unknown,On_verge,Unknown,A01,Opposite_direction,Car(Quad/Passenger),None,Front,Straight_ahead,0,1978.0,Male,Driver,Injured_Hospitalized,Driver_seat,other,Not_pedestrian,Unknown,Not_pedestrian,Seat_belt,Not_used,Christmas Day,1
343,201600000224,2016,1,17,Night_without_public_lighting,Out_of_agglomeration,Out_of_intersection,Normal,Multiple_three_plus,Manual_entry,2.82309,50.17315,True,2016-01-17,21,30,21:30,Night,True,Winter,2.0,0.0,75.0,Departmental_road,Bidirectional,Unknown,Flat,Straight,Normal,Unknown,On_road,Not_near_school,A01,Other/Unknown,Car(Quad/Passenger),Cyclist,Front,Straight_ahead,0,1992.0,Male,Driver,Injured_Hospitalized,Driver_seat,Leisure,Not_pedestrian,Unknown,Not_pedestrian,Seat_belt,Used,Not a holiday,0
344,201600000224,2016,1,17,Night_without_public_lighting,Out_of_agglomeration,Out_of_intersection,Normal,Multiple_three_plus,Manual_entry,2.82309,50.17315,True,2016-01-17,21,30,21:30,Night,True,Winter,2.0,0.0,75.0,Departmental_road,Bidirectional,Unknown,Flat,Straight,Normal,Unknown,On_road,Not_near_school,B02,Opposite_direction,Car(Quad/Passenger),Cyclist,Front_right,Avoiding_obstacle,0,1981.0,Male,Driver,Killed,Driver_seat,Leisure,Not_pedestrian,Unknown,Not_pedestrian,Seat_belt,Undetermined,Not a holiday,0
345,201600000224,2016,1,17,Night_without_public_lighting,Out_of_agglomeration,Out_of_intersection,Normal,Multiple_three_plus,Manual_entry,2.82309,50.17315,True,2016-01-17,21,30,21:30,Night,True,Winter,2.0,0.0,75.0,Departmental_road,Bidirectional,Unknown,Flat,Straight,Normal,Unknown,On_road,Not_near_school,C03,Other/Unknown,Car(Quad/Passenger),None,Front,Straight_ahead,0,1952.0,Male,Driver,Uninjured,Driver_seat,Leisure,Not_pedestrian,Unknown,Not_pedestrian,Seat_belt,Used,Not a holiday,0
346,201600000225,2016,5,19,Daylight,Out_of_agglomeration,Out_of_intersection,Cloudy,No_collision,Manual_entry,2.82902,50.26504,True,2016-05-19,15,0,15:00,Afternoon,False,Spring,2.0,0.0,48.0,Departmental_road,Unknown,Unknown,Unknown,Curve_right,Normal,Unknown,On_verge,Unknown,A01,Opposite_direction,Motorcycle,None,Left_side,Turning,0,1999.0,Male,Driver,Injured_Hospitalized,Driver_seat,Home-school,Not_pedestrian,Unknown,Not_pedestrian,Helmet,Used,Not a holiday,0
347,201600000226,2016,5,26,Daylight,Built_up_area,Roundabout,Normal,Other_collision,Manual_entry,3.09935,50.2675,True,2016-05-26,19,0,19:00,Evening,False,Spring,2.0,0.0,0.0,Departmental_road,Bidirectional,Unknown,Flat,Straight,Unknown,Roundabout,On_road,Unknown,A01,Same_direction,Motorcycle,None,Front,Straight_ahead,0,1956.0,Male,Driver,Injured_Hospitalized,Driver_seat,other,Not_pedestrian,Unknown,Not_pedestrian,other,Undetermined,Not a holiday,0
348,201600000227,2016,11,22,Night_without_public_lighting,Out_of_agglomeration,Out_of_intersection,Normal,Rear_end_two_vehicles,Manual_entry,3.13344,50.19899,True,2016-11-22,9,45,09:45,Morning,False,Autumn,2.0,0.0,0.0,Departmental_road,Bidirectional,Unknown,Flat,Straight,Wet,Unknown,On_road,Unknown,A01,Opposite_direction,Car(Quad/Passenger),Cyclist,Front,Turning,0,1996.0,Male,Driver,Injured_Hospitalized,Driver_seat,Leisure,Not_pedestrian,Unknown,Not_pedestrian,Seat_belt,Used,Not a holiday,0
349,201600000227,2016,11,22,Night_without_public_lighting,Out_of_agglomeration,Out_of_intersection,Normal,Rear_end_two_vehicles,Manual_entry,3.13344,50.19899,True,2016-11-22,9,45,09:45,Morning,False,Autumn,2.0,0.0,0.0,Departmental_road,Bidirectional,Unknown,Flat,Straight,Wet,Unknown,On_road,Unknown,B02,Opposite_direction,Motorcycle,None,Rear_right,Straight_ahead,0,1974.0,Male,Driver,Uninjured,Driver_seat,Professional use,Not_pedestrian,Unknown,Not_pedestrian,Seat_belt,Used,Not a holiday,0
350,201600000228,2016,12,10,Night_without_public_lighting,Out_of_agglomeration,Out_of_intersection,Other,Frontal_two_vehicles,Manual_entry,2.88529,50.2621,True,2016-12-10,18,45,18:45,Evening,True,Winter,3.0,0.0,95.0,Departmental_road,Bidirectional,Reserved_channel,Unknown,Straight,Wet,Roundabout,On_road,Unknown,A01,Same_direction,Car(Quad/Passenger),Cyclist,Right_side,Roundabout,0,1949.0,Male,Driver,Injured_Slight,Driver_seat,other,Not_pedestrian,Unknown,Not_pedestrian,Seat_belt,Used,Not a holiday,0
351,201600000228,2016,12,10,Night_without_public_lighting,Out_of_agglomeration,Out_of_intersection,Other,Frontal_two_vehicles,Manual_entry,2.88529,50.2621,True,2016-12-10,18,45,18:45,Evening,True,Winter,3.0,0.0,95.0,Departmental_road,Bidirectional,Reserved_channel,Unknown,Straight,Wet,Roundabout,On_road,Unknown,B02,Same_direction,Car(Quad/Passenger),Cyclist,Front,Straight_ahead,0,1955.0,Male,Driver,Uninjured,Driver_seat,other,Not_pedestrian,Unknown,Not_pedestrian,Seat_belt,Used,Not a holiday,0
352,201600000229,2016,7,1,Daylight,Out_of_agglomeration,Out_of_intersection,Normal,Frontal_two_vehicles,Manual_entry,2.99557,50.32498,True,2016-07-01,9,0,09:00,Morning,False,Summer,0.0,0.0,0.0,Communal_way,Bidirectional,Unknown,Flat,Unknown,Normal,Unknown,On_road,Unknown,A01,Opposite_direction,Car(Quad/Passenger),other,Rear,Turning,0,1922.0,Female,Driver,Uninjured,Driver_seat,Shopping,Not_pedestrian,Unknown,Not_pedestrian,Seat_belt,Used,Not a holiday,0
353,201600000229,2016,7,1,Daylight,Out_of_agglomeration,Out_of_intersection,Normal,Frontal_two_vehicles,Manual_entry,2.99557,50.32498,True,2016-07-01,9,0,09:00,Morning,False,Summer,0.0,0.0,0.0,Communal_way,Bidirectional,Unknown,Flat,Unknown,Normal,Unknown,On_road,Unknown,B02,Opposite_direction,Motorcycle,None,Rear_right,Turning,0,1940.0,Male,Driver,Injured_Hospitalized,Driver_seat,Leisure,Not_pedestrian,Unknown,Not_pedestrian,other,Used,Not a holiday,0
354,201600000230,2016,7,26,Daylight,Out_of_agglomeration,Out_of_intersection,Normal,Other_collision,Manual_entry,2.90832,50.33287,True,2016-07-26,10,30,10:30,Morning,False,Summer,0.0,0.0,0.0,Departmental_road,Separated_carriageways,Unknown,Flat,Straight,Normal,Unknown,On_road,Unknown,A01,Opposite_direction,Utility(Truck/Agri),None,Right_side,Park/Start/Stop,0,1979.0,Male,Driver,Injured_Hospitalized,Driver_seat,Professional use,Not_pedestrian,Unknown,Not_pedestrian,Seat_belt,Used,Not a holiday,0
355,201600000231,2016,10,14,Daylight,Out_of_agglomeration,Roundabout,Normal,Side_two_vehicles,Manual_entry,3.00917,50.33668,True,2016-10-14,17,0,17:00,Evening,False,Autumn,2.0,0.0,60.0,Departmental_road,Bidirectional,Unknown,Flat,Curve_right,Normal,Unknown,On_road,Not_near_school,A01,Same_direction,Car(Quad/Passenger),Cyclist,Right_side,Park/Start/Stop,0,1989.0,Female,Driver,Uninjured,Driver_seat,Home-work,Not_pedestrian,Unknown,Not_pedestrian,Seat_belt,Undetermined,Not a holiday,0
356,201600000231,2016,10,14,Daylight,Out_of_agglomeration,Roundabout,Normal,Side_two_vehicles,Manual_entry,3.00917,50.33668,True,2016-10-14,17,0,17:00,Evening,False,Autumn,2.0,0.0,60.0,Departmental_road,Bidirectional,Unknown,Flat,Curve_right,Normal,Unknown,On_road,Not_near_school,B02,Same_direction,Motorcycle,Cyclist,Front,Straight_ahead,0,2001.0,Male,Driver,Injured_Hospitalized,Driver_seat,Leisure,Not_pedestrian,Unknown,Not_pedestrian,Helmet,Used,Not a holiday,0
357,201600000232,2016,11,14,Night_without_public_lighting,Out_of_agglomeration,Out_of_intersection,Cloudy,Rear_end_two_vehicles,Manual_entry,2.96179,50.33372,True,2016-11-14,4,45,04:45,Night,False,Autumn,2.0,60.0,144.0,Departmental_road,Separated_carriageways,Unknown,Flat,Straight,Wet,Unknown,On_road,Unknown,A01,Opposite_direction,Bus/Coach,Cyclist,Front_right,Turning,0,1984.0,Male,Driver,Uninjured,Driver_seat,Professional use,Not_pedestrian,Unknown,Not_pedestrian,Seat_belt,Used,Not a holiday,0