,accident_id,year,month,day,lighting_label,urban_label,intersection_label,weather_label,collision_label,gps_label,longitude_num,latitude_num,valid_geo,date,hour,minute,time_hhmm,time_of_day,is_weekend,season,num_lanes,pedestrian_crossing_width,road_width,road_category_label,traffic_regime_label,reserved_lane_label,road_profile_label,road_layout_label,surface_condition_label,infrastructure_label,situation_label,school_zone_label,vehicle_id,traffic_direction_label,vehicle_category_label,mobile_obstacle_label,impact_point_label,manoeuvre_label,occupants_group,birth_year,sex_label,user_category_label,injury_severity_label,seat_position_label,journey_purpose_label,pedestrian_location_label,pedestrian_action_label,pedestrian_state_label,safety_equipment_type,safety_equipment_usage,holiday_name,is_holiday
358,201600000232,2016,11,14,Night_without_public_lighting,Out_of_agglomeration,Out_of_intersection,Cloudy,Rear_end_two_vehicles,Manual_entry,2.96179,50.33372,True,2016-11-14,4,45,04:45,Night,False,Autumn,2.0,60.0,144.0,Departmental_road,Separated_carriageways,Unknown,Flat,Straight,Wet,Unknown,On_road,Unknown,B02,Opposite_direction,Motorcycle,None,Rear_left,Turning,0,1982.0,Male,Driver,Injured_Hospitalized,Driver_seat,Home-work,Not_pedestrian,Unknown,Not_pedestrian,Helmet,Used,Not a holiday,0
359,201600000233,2016,11,28,Twilight_or_dawn,Built_up_area,Out_of_intersection,Normal,Rear_end_two_vehicles,Manual_entry,2.97896,50.32858,True,2016-11-28,7,45,07:45,Morning,False,Autumn,2.0,0.0,50.0,Communal_way,Bidirectional,Unknown,Flat,Straight,Normal,Unknown,On_road,Not_near_school,A01,Same_direction,Car(Quad/Passenger),Cyclist,Front_right,Turning,0,1978.0,Male,Driver,Uninjured,Driver_seat,Home-school,Not_pedestrian,Unknown,Not_pedestrian,Seat_belt,Used,Not a holiday,0
360,201600000233,2016,11,28,Twilight_or_dawn,Built_up_area,Out_of_intersection,Normal,Rear_end_two_vehicles,Manual_entry,2.97896,50.32858,True,2016-11-28,7,45,07:45,Morning,False,Autumn,2.0,0.0,50.0,Communal_way,Bidirectional,Unknown,Flat,Straight,Normal,Unknown,On_road,Not_near_school,B02,Same_direction,Cycle,Cyclist,Rear_right,Turning,0,1988.0,Female,Driver,Injured_Hospitalized,Driver_seat,Home-work,Not_pedestrian,Unknown,Not_pedestrian,Seat_belt,Unspecified,Not a holiday,0
361,201600000234,2016,3,3,Daylight,Out_of_agglomeration,Out_of_intersection,Normal,Other_collision,Manual_entry,2.40074,50.61251,True,2016-03-03,8,30,08:30,Morning,False,Spring,2.0,0.0,73.0,Departmental_road,Bidirectional,Unknown,Slope,Straight,Wet,Unknown,On_verge,Unknown,A01,Other/Unknown,Bus/Coach,None,Front,Straight_ahead,0,1975.0,Male,Driver,Injured_Hospitalized,Driver_seat,Professional use,Not_pedestrian,Unknown,Not_pedestrian,Seat_belt,Used,Not a holiday,0
362,201600000235,2016,4,10,Twilight_or_dawn,Built_up_area,Out_of_intersection,Normal,Frontal_two_vehicles,Manual_entry,2.49261,50.61652,True,2016-04-10,5,15,05:15,Morning,True,Spring,0.0,0.0,70.0,Departmental_road,Bidirectional,Unknown,Slope,Curve_right,Normal,Bridge,On_road,Unknown,A01,Opposite_direction,Car(Quad/Passenger),Cyclist,Front,Avoiding_obstacle,0,1988.0,Male,Driver,Injured_Hospitalized,Driver_seat,Leisure,Not_pedestrian,Unknown,Not_pedestrian,Seat_belt,Used,Not a holiday,0
363,201600000235,2016,4,10,Twilight_or_dawn,Built_up_area,Out_of_intersection,Normal,Frontal_two_vehicles,Manual_entry,2.49261,50.61652,True,2016-04-10,5,15,05:15,Morning,True,Spring,0.0,0.0,70.0,Departmental_road,Bidirectional,Unknown,Slope,Curve_right,Normal,Bridge,On_road,Unknown,B02,Other/Unknown,Car(Quad/Passenger),Cyclist,Front,Straight_ahead,0,1978.0,Male,Driver,Injured_Hospitalized,Driver_seat,Home-work,Not_pedestrian,Unknown,Not_pedestrian,Seat_belt,Used,Not a holiday,0
364,201600000236,2016,5,8,Daylight,Built_up_area,Out_of_intersection,Normal,Frontal_two_vehicles,Manual_entry,2.36971,50.61131,True,2016-05-08,19,0,19:00,Evening,True,Spring,2.0,0.0,42.0,Communal_way,Bidirectional,Unknown,Unknown,Straight,Normal,Unknown,On_road,Not_near_school,A01,Opposite_direction,Motorcycle,Cyclist,Front,Straight_ahead,0,1999.0,Male,Driver,Injured_Hospitalized,Driver_seat,Leisure,Not_pedestrian,Unknown,Not_pedestrian,Helmet,Used,Victory in Europe Day,1
365,201600000236,2016,5,8,Daylight,Built_up_area,Out_of_intersection,Normal,Frontal_two_vehicles,Manual_entry,2.36971,50.61131,True,2016-05-08,19,0,19:00,Evening,True,Spring,2.0,0.0,42.0,Communal_way,Bidirectional,Unknown,Unknown,Straight,Normal,Unknown,On_road,Not_near_school,B02,Other/Unknown,Car(Quad/Passenger),Cyclist,Front,Straight_ahead,0,1996.0,Male,Driver,Uninjured,Driver_seat,Leisure,Not_pedestrian,Unknown,Not_pedestrian,Seat_belt,Used,Victory in Europe Day,1
366,201600000237,2016,8,6,Daylight,Out_of_agglomeration,Out_of_intersection,Normal,Other_collision,Manual_entry,2.60694,50.5583,True,2016-08-06,6,0,06:00,Morning,True,Summer,2.0,0.0,80.0,Departmental_road,Bidirectional,Unknown,Flat,Straight,Normal,Unknown,On_road,Unknown,A01,Opposite_direction,Car(Quad/Passenger),None,Front,Straight_ahead,0,1986.0,Male,Driver,Injured_Hospitalized,Driver_seat,Leisure,Not_pedestrian,Unknown,Not_pedestrian,Seat_belt,Used,Not a holiday,0
367,201600000238,2016,8,21,Daylight,Built_up_area,Out_of_intersection,Light_rain,Frontal_two_vehicles,Manual_entry,2.31762,50.59551,True,2016-08-21,12,15,12:15,Afternoon,True,Summer,2.0,0.0,69.0,Departmental_road,Bidirectional,Unknown,Slope,Straight,Wet,Unknown,On_road,Not_near_school,A01,Opposite_direction,Car(Quad/Passenger),Cyclist,Rear_left,Avoiding_obstacle,0,1950.0,Male,Driver,Killed,Driver_seat,Leisure,Not_pedestrian,Unknown,Not_pedestrian,Seat_belt,Used,Not a holiday,0
368,201600000238,2016,8,21,Daylight,Built_up_area,Out_of_intersection,Light_rain,Frontal_two_vehicles,Manual_entry,2.31762,50.59551,True,2016-08-21,12,15,12:15,Afternoon,True,Summer,2.0,0.0,69.0,Departmental_road,Bidirectional,Unknown,Slope,Straight,Wet,Unknown,On_road,Not_near_school,B02,Other/Unknown,Car(Quad/Passenger),Cyclist,Front,Straight_ahead,0,1984.0,Male,Driver,Injured_Slight,Driver_seat,Leisure,Not_pedestrian,Unknown,Not_pedestrian,Seat_belt,Used,Not a holiday,0
369,201600000239,2016,3,7,Daylight,Out_of_agglomeration,Out_of_intersection,Cloudy,Other_collision,Manual_entry,2.82823,50.63794,True,2016-03-07,17,15,17:15,Evening,False,Spring,2.0,0.0,60.0,Departmental_road,Bidirectional,Unknown,Flat,Curve_right,Wet,Unknown,On_verge,Unknown,A01,Opposite_direction,Car(Quad/Passenger),None,Front,Straight_ahead,0,1995.0,Male,Driver,Injured_Slight,Driver_seat,Leisure,Not_pedestrian,Unknown,Not_pedestrian,Seat_belt,Used,Not a holiday,0
370,201600000240,2016,4,22,Daylight,Out_of_agglomeration,Out_of_intersection,Normal,Chain_three_plus,Manual_entry,2.772,50.632,True,2016-04-22,18,15,18:15,Evening,False,Spring,2.0,0.0,65.0,Departmental_road,Bidirectional,Unknown,Unknown,Straight,Normal,Unknown,On_road,Unknown,A01,Opposite_direction,Car(Quad/Passenger),None,Rear_right,Turning,0,1992.0,Male,Driver,Uninjured,Driver_seat,Home-work,Not_pedestrian,Unknown,Not_pedestrian,Seat_belt,Used,Not a holiday,0
371,201600000240,2016,4,22,Daylight,Out_of_agglomeration,Out_of_intersection,Normal,Chain_three_plus,Manual_entry,2.772,50.632,True,2016-04-22,18,15,18:15,Evening,False,Spring,2.0,0.0,65.0,Departmental_road,Bidirectional,Unknown,Unknown,Straight,Normal,Unknown,On_road,Unknown,B02,Opposite_direction,Car(Quad/Passenger),Cyclist,Front,Turning,0,1994.0,Female,Driver,Uninjured,Driver_seat,Shopping,Not_pedestrian,Unknown,Not_pedestrian,Seat_belt,Used,Not a holiday,0
372,201600000240,2016,4,22,Daylight,Out_of_agglomeration,Out_of_intersection,Normal,Chain_three_plus,Manual_entry,2.772,50.632,True,2016-04-22,18,15,18:15,Evening,False,Spring,2.0,0.0,65.0,Departmental_road,Bidirectional,Unknown,Unknown,Straight,Normal,Unknown,On_road,Unknown,C03,Opposite_direction,other,Cyclist,No_impact,Turning,0,1965.0,Male,Driver,Uninjured,Driver_seat,Professional use,Not_pedestrian,Unknown,Not_pedestrian,Seat_belt,Used,Not a holiday,0
373,201600000240,2016,4,22,Daylight,Out_of_agglomeration,Out_of_intersection,Normal,Chain_three_plus,Manual_entry,2.772,50.632,True,2016-04-22,18,15,18:15,Evening,False,Spring,2.0,0.0,65.0,Departmental_road,Bidirectional,Unknown,Unknown,Straight,Normal,Unknown,On_road,Unknown,D04,Other/Unknown,Car(Quad/Passenger),Cyclist,Rear_right,Turning,0,1955.0,Male,Driver,Injured_Slight,Driver_seat,Leisure,Not_pedestrian,Unknown,Not_pedestrian,Seat_belt,Used,Not a holiday,0
374,201600000241,2016,8,12,Night_without_public_lighting,Out_of_agglomeration,Out_of_intersection,Normal,Frontal_two_vehicles,Manual_entry,2.77945,50.5698,True,2016-08-12,22,30,22:30,Night,False,Summer,2.0,0.0,70.0,Departmental_road,Bidirectional,Unknown,Flat,Straight,Normal,Unknown,On_road,Not_near_school,A01,Opposite_direction,Utility(Truck/Agri),Cyclist,Front,Reversing,0,1941.0,Male,Driver,Killed,Driver_seat,Leisure,Not_pedestrian,Unknown,Not_pedestrian,Seat_belt,Used,Not a holiday,0
375,201600000241,2016,8,12,Night_without_public_lighting,Out_of_agglomeration,Out_of_intersection,Normal,Frontal_two_vehicles,Manual_entry,2.77945,50.5698,True,2016-08-12,22,30,22:30,Night,False,Summer,2.0,0.0,70.0,Departmental_road,Bidirectional,Unknown,Flat,Straight,Normal,Unknown,On_road,Not_near_school,B02,Other/Unknown,Motorcycle,Cyclist,Front,Straight_ahead,0,1982.0,Male,Driver,Uninjured,Driver_seat,Unknown,Not_pedestrian,Unknown,Not_pedestrian,Seat_belt,Used,Not a holiday,0
376,201600000242,2016,11,3,Twilight_or_dawn,Out_of_agglomeration,Out_of_intersection,Normal,Rear_end_two_vehicles,Manual_entry,2.764,50.595,True,2016-11-03,18,0,18:00,Evening,False,Autumn,1.0,0.0,0.0,Departmental_road,Bidirectional,Unknown,Flat,Straight,Normal,Unknown,On_road,Unknown,A01,Same_direction,Car(Quad/Passenger),Cyclist,Front,Straight_ahead,0,1929.0,Female,Driver,Injured_Hospitalized,Driver_seat,Shopping,Not_pedestrian,Unknown,Not_pedestrian,Seat_belt,Used,Not a holiday,0
377,201600000242,2016,11,3,Twilight_or_dawn,Out_of_agglomeration,Out_of_intersection,Normal,Rear_end_two_vehicles,Manual_entry,2.764,50.595,True,2016-11-03,18,0,18:00,Evening,False,Autumn,1.0,0.0,0.0,Departmental_road,Bidirectional,Unknown,Flat,Straight,Normal,Unknown,On_road,Unknown,B02,Same_direction,Utility(Truck/Agri),Cyclist,Rear_right,Roundabout,0,1990.0,Male,Driver,Uninjured,Driver_seat,Professional use,Not_pedestrian,Unknown,Not_pedestrian,Seat_belt,Used,Not a holiday,0
378,201600000243,2016,11,21,Twilight_or_dawn,Out_of_agglomeration,Out_of_intersection,Normal,Other_collision,Manual_entry,2.811,50.642,True,2016-11-21,8,0,08:00,Morning,False,Autumn,2.0,0.0,80.0,Departmental_road,Bidirectional,Unknown,Flat,Curve_left,Wet,Unknown,On_verge,Not_near_school,A01,Opposite_direction,Car(Quad/Passenger),None,Front,Straight_ahead,0,1976.0,Female,Driver,Injured_Slight,Driver_seat,Home-work,Not_pedestrian,Unknown,Not_pedestrian,Seat_belt,Used,Not a holiday,0
379,201600000244,2016,12,6,Twilight_or_dawn,Built_up_area,Out_of_intersection,Normal,Other_collision,Manual_entry,2.78814,50.65619,True,2016-12-06,7,45,07:45,Morning,False,Winter,1.0,0.0,56.0,Departmental_road,Bidirectional,Unknown,Flat,Straight,Normal,Unknown,On_road,Unknown,A01,Other/Unknown,Car(Quad/Passenger),Pedestrian,Front,Straight_ahead,0,1982.0,Female,Driver,Injured_Slight,Driver_seat,Home-work,Not_pedestrian,Unknown,Not_pedestrian,Seat_belt,Used,Not a holiday,0
380,201600000245,2016,3,13,Daylight,Out_of_agglomeration,Out_of_intersection,Normal,Frontal_two_vehicles,Manual_entry,1.80471,50.68154,True,2016-03-13,13,30,13:30,Afternoon,True,Spring,2.0,0.0,0.0,Departmental_road,Bidirectional,Unknown,Flat,Curve_left,Normal,Unknown,On_road,Not_near_school,A01,Other/Unknown,Car(Quad/Passenger),Cyclist,Left_side,Park/Start/Stop,0,1995.0,Female,Driver,Injured_Hospitalized,Driver_seat,Leisure,Not_pedestrian,Unknown,Not_pedestrian,Seat_belt,Used,Not a holiday,0
381,201600000245,2016,3,13,Daylight,Out_of_agglomeration,Out_of_intersection,Normal,Frontal_two_vehicles,Manual_entry,1.80471,50.68154,True,2016-03-13,13,30,13:30,Afternoon,True,Spring,2.0,0.0,0.0,Departmental_road,Bidirectional,Unknown,Flat,Curve_left,Normal,Unknown,On_road,Not_near_school,B02,Opposite_direction,Car(Quad/Passenger),Cyclist,Front,Straight_ahead,0,1988.0,Male,Driver,Injured_Slight,Driver_seat,Leisure,Not_pedestrian,Unknown,Not_pedestrian,Seat_belt,Used,Not a holiday,0
382,201600000246,2016,7,30,Daylight,Built_up_area,Out_of_intersection,Normal,Side_two_vehicles,Manual_entry,1.83044,50.61798,True,2016-07-30,12,0,12:00,Afternoon,True,Summer,2.0,0.0,61.0,Departmental_road,Bidirectional,Unknown,Flat,Curve_right,Normal,Unknown,On_road,Unknown,A01,Opposite_direction,Motorcycle,None,Left_side,Straight_ahead,0,1997.0,Male,Driver,Injured_Hospitalized,Driver_seat,Leisure,Not_pedestrian,Unknown,Not_pedestrian,Helmet,Used,Not a holiday,0
383,201600000246,2016,7,30,Daylight,Built_up_area,Out_of_intersection,Normal,Side_two_vehicles,Manual_entry,1.83044,50.61798,True,2016-07-30,12,0,12:00,Afternoon,True,Summer,2.0,0.0,61.0,Departmental_road,Bidirectional,Unknown,Flat,Curve_right,Normal,Unknown,On_road,Unknown,B02,Other/Unknown,Utility(Truck/Agri),None,Rear_left,Straight_ahead,0,1968.0,Male,Driver,Injured_Slight,Driver_seat,Professional use,Not_pedestrian,Unknown,Not_pedestrian,Seat_belt,Used,Not a holiday,0
384,201600000247,2016,4,1,Night_without_public_lighting,Out_of_agglomeration,Out_of_intersection,Normal,Other_collision,Manual_entry,1.72825,50.77575,True,2016-04-01,23,15,23:15,Night,False,Spring,2.0,0.0,0.0,Departmental_road,Bidirectional,Unknown,Flat,Straight,Normal,Unknown,On_road,Unknown,A01,Opposite_direction,Car(Quad/Passenger),None,Front,Straight_ahead,0,1985.0,Male,Driver,Uninjured,Driver_seat,Leisure,Not_pedestrian,Unknown,Not_pedestrian,Seat_belt,Used,Not a holiday,0
385,201600000248,2016,4,10,Daylight,Out_of_agglomeration,Out_of_intersection,Dazzling,No_collision,Manual_entry,1.66703,50.76816,True,2016-04-10,13,30,13:30,Afternoon,True,Spring,2.0,0.0,21.0,Communal_way,Bidirectional,Unknown,Slope,Curve_left,Other,Unknown,On_road,Not_near_school,A01,Same_direction,Motorcycle,None,Front_right,Straight_ahead,0,1980.0,Male,Driver,Injured_Slight,Driver_seat,other,Not_pedestrian,Unknown,Not_pedestrian,Helmet,Used,Not a holiday,0
386,201600000249,2016,4,15,Daylight,Out_of_agglomeration,Intersection_X,Cloudy,Chain_three_plus,Manual_entry,1.7787,50.80954,True,2016-04-15,16,45,16:45,Afternoon,False,Spring,2.0,0.0,0.0,Departmental_road,Bidirectional,Unknown,Flat,Straight,Wet,Roundabout,On_road,Unknown,C03,Opposite_direction,Car(Quad/Passenger),Cyclist,Front,other,0,1989.0,Female,Driver,Uninjured,Driver_seat,Leisure,Not_pedestrian,Unknown,Not_pedestrian,Seat_belt,Used,Not a holiday,0
387,201600000249,2016,4,15,Daylight,Out_of_agglomeration,Intersection_X,Cloudy,Chain_three_plus,Manual_entry,1.7787,50.80954,True,2016-04-15,16,45,16:45,Afternoon,False,Spring,2.0,0.0,0.0,Departmental_road,Bidirectional,Unknown,Flat,Straight,Wet,Roundabout,On_road,Unknown,B02,Other/Unknown,Bus/Coach,Cyclist,Front,Straight_ahead,0,1968.0,Male,Driver,Uninjured,Driver_seat,Professional use,Not_pedestrian,Unknown,Not_pedestrian,Seat_belt,Used,Not a holiday,0
388,201600000249,2016,4,15,Daylight,Out_of_agglomeration,Intersection_X,Cloudy,Chain_three_plus,Manual_entry,1.7787,50.80954,True,2016-04-15,16,45,16:45,Afternoon,False,Spring,2.0,0.0,0.0,Departmental_road,Bidirectional,Unknown,Flat,Straight,Wet,Roundabout,On_road,Unknown,A01,Other/Unknown,Utility(Truck/Agri),Cyclist,Left_side,Roundabout,0,1978.0,Male,Driver,Injured_Hospitalized,Driver_seat,Shopping,Not_pedestrian,Unknown,Not_pedestrian,Seat_belt,Used,Not a holiday,0
389,201600000250,2016,7,3,Daylight,Out_of_agglomeration,Out_of_intersection,Normal,Rear_end_two_vehicles,Manual_entry,1.68739,50.90452,True,2016-07-03,15,30,15:30,Afternoon,True,Summer,2.0,0.0,0.0,Departmental_road,Bidirectional,Unknown,Flat,Straight,Normal,Unknown,On_road,Unknown,A01,Same_direction,Car(Quad/Passenger),Cyclist,Rear,Roundabout,0,1988.0,Male,Driver,Uninjured,Driver_seat,Leisure,Not_pedestrian,Unknown,Not_pedestrian,Seat_belt,Used,Not a holiday,0
390,201600000250,2016,7,3,Daylight,Out_of_agglomeration,Out_of_intersection,Normal,Rear_end_two_vehicles,Manual_entry,1.68739,50.90452,True,2016-07-03,15,30,15:30,Afternoon,True,Summer,2.0,0.0,0.0,Departmental_road,Bidirectional,Unknown,Flat,Straight,Normal,Unknown,On_road,Unknown,B02,Same_direction,Motorcycle,Cyclist,Front,Turning,0,1994.0,Male,Driver,Injured_Hospitalized,Driver_seat,Leisure,Not_pedestrian,Unknown,Not_pedestrian,Helmet,Used,Not a holiday,0
391,201600000251,2016,7,16,Daylight,Out_of_agglomeration,Out_of_intersection,Normal,Multiple_three_plus,Manual_entry,1.69693,50.82368,True,2016-07-16,19,30,19:30,Evening,True,Summer,2.0,0.0,0.0,Communal_way,Bidirectional,Unknown,Unknown,Straight,Normal,Unknown,On_verge,Not_near_school,A01,Opposite_direction,Motorcycle,None,Front,Avoiding_obstacle,0,1986.0,Male,Driver,Injured_Hospitalized,Driver_seat,Leisure,Not_pedestrian,Unknown,Not_pedestrian,Helmet,Used,Not a holiday,0
392,201600000251,2016,7,16,Daylight,Out_of_agglomeration,Out_of_intersection,Normal,Multiple_three_plus,Manual_entry,1.69693,50.82368,True,2016-07-16,19,30,19:30,Evening,True,Summer,2.0,0.0,0.0,Communal_way,Bidirectional,Unknown,Unknown,Straight,Normal,Unknown,On_verge,Not_near_school,B02,Opposite_direction,other,None,No_impact,Roundabout,0,1982.0,Male,Driver,Uninjured,Driver_seat,Professional use,Not_pedestrian,Unknown,Not_pedestrian,Seat_belt,Used,Not a holiday,0
393,201600000251,2016,7,16,Daylight,Out_of_agglomeration,Out_of_intersection,Normal,Multiple_three_plus,Manual_entry,1.69693,50.82368,True,2016-07-16,19,30,19:30,Evening,True,Summer,2.0,0.0,0.0,Communal_way,Bidirectional,Unknown,Unknown,Straight,Normal,Unknown,On_verge,Not_near_school,C03,Other/Unknown,Car(Quad/Passenger),Cyclist,Left_side,Interaction,0,1966.0,Male,Driver,Uninjured,Driver_seat,Leisure,Not_pedestrian,Unknown,Not_pedestrian,Seat_belt,Used,Not a holiday,0
394,201600000252,2016,9,3,Daylight,Out_of_agglomeration,Out_of_intersection,Normal,Side_two_vehicles,Manual_entry,1.7553,50.82898,True,2016-09-03,13,30,13:30,Afternoon,True,Autumn,2.0,0.0,63.0,Departmental_road,Bidirectional,Unknown,Flat,Curve_right,Normal,Roundabout,On_road,Not_near_school,A01,Other/Unknown,Motorcycle,Cyclist,Front,Straight_ahead,0,1970.0,Male,Driver,Killed,Driver_seat,Leisure,Not_pedestrian,Unknown,Not_pedestrian,Helmet,Used,Not a holiday,0
395,201600000252,2016,9,3,Daylight,Out_of_agglomeration,Out_of_intersection,Normal,Side_two_vehicles,Manual_entry,1.7553,50.82898,True,2016-09-03,13,30,13:30,Afternoon,True,Autumn,2.0,0.0,63.0,Departmental_road,Bidirectional,Unknown,Flat,Curve_right,Normal,Roundabout,On_road,Not_near_school,B02,Opposite_direction,Utility(Truck/Agri),Cyclist,Front_left,Roundabout,0,1966.0,Male,Driver,Uninjured,Driver_seat,Leisure,Not_pedestrian,Unknown,Not_pedestrian,Seat_belt,Used,Not a holiday,0
396,201600000253,2016,10,23,Twilight_or_dawn,Out_of_agglomeration,Out_of_intersection,Normal,Side_two_vehicles,Manual_entry,1.63611,50.83585,True,2016-10-23,19,15,19:15,Evening,True,Autumn,2.0,0.0,62.0,Departmental_road,Bidirectional,Unknown,Flat,S-bend,Normal,Unknown,On_road,Not_near_school,A01,Opposite_direction,Car(Quad/Passenger),Cyclist,Right_side,Straight_ahead,0,1965.0,Male,Driver,Injured_Hospitalized,Driver_seat,Leisure,Not_pedestrian,Unknown,Not_pedestrian,Seat_belt,Used,Not a holiday,0
397,201600000253,2016,10,23,Twilight_or_dawn,Out_of_agglomeration,Out_of_intersection,Normal,Side_two_vehicles,Manual_entry,1.63611,50.83585,True,2016-10-23,19,15,19:15,Evening,True,Autumn,2.0,0.0,62.0,Departmental_road,Bidirectional,Unknown,Flat,S-bend,Normal,Unknown,On_road,Not_near_school,B02,Other/Unknown,Car(Quad/Passenger),Cyclist,Right_side,Straight_ahead,0,1968.0,Female,Driver,Uninjured,Driver_seat,Leisure,Not_pedestrian,Unknown,Not_pedestrian,Seat_belt,Used,Not a holiday,0
398,201600000254,2016,3,7,Daylight,Out_of_agglomeration,Out_of_intersection,Snow_or_hail,Frontal_two_vehicles,Manual_entry,1.58255,50.67753,True,2016-03-07,8,30,08:30,Morning,False,Spring,2.0,0.0,84.0,Departmental_road,Bidirectional,Unknown,Flat,Straight,Snow,Unknown,On_road,Not_near_school,A01,Opposite_direction,Car(Quad/Passenger),Cyclist,Front,Avoiding_obstacle,0,1965.0,Female,Driver,Injured_Hospitalized,Driver_seat,Home-work,Not_pedestrian,Unknown,Not_pedestrian,Seat_belt,Used,Not a holiday,0
399,201600000254,2016,3,7,Daylight,Out_of_agglomeration,Out_of_intersection,Snow_or_hail,Frontal_two_vehicles,Manual_entry,1.58255,50.67753,True,2016-03-07,8,30,08:30,Morning,False,Spring,2.0,0.0,84.0,Departmental_road,Bidirectional,Unknown,Flat,Straight,Snow,Unknown,On_road,Not_near_school,B02,Other/Unknown,Car(Quad/Passenger),Cyclist,Front,Straight_ahead,0,1972.0,Female,Driver,Injured_Hospitalized,Driver_seat,Home-work,Not_pedestrian,Unknown,Not_pedestrian,Seat_belt,Used,Not a holiday,0
400,201600000255,2016,4,17,Daylight,Out_of_agglomeration,Out_of_intersection,Normal,Multiple_three_plus,Manual_entry,1.64473,50.63543,True,2016-04-17,14,0,14:00,Afternoon,True,Spring,2.0,0.0,79.0,Departmental_road,Bidirectional,Unknown,Unknown,Unknown,Normal,Unknown,Unknown,Unknown,A01,Opposite_direction,Car(Quad/Passenger),Cyclist,Right_side,Avoiding_obstacle,0,1993.0,Male,Driver,Uninjured,Driver_seat,Leisure,Not_pedestrian,Unknown,Not_pedestrian,Seat_belt,Used,Not a holiday,0
401,201600000255,2016,4,17,Daylight,Out_of_agglomeration,Out_of_intersection,Normal,Multiple_three_plus,Manual_entry,1.64473,50.63543,True,2016-04-17,14,0,14:00,Afternoon,True,Spring,2.0,0.0,79.0,Departmental_road,Bidirectional,Unknown,Unknown,Unknown,Normal,Unknown,Unknown,Unknown,B02,Other/Unknown,Utility(Truck/Agri),Cyclist,Front,Straight_ahead,0,1997.0,Male,Driver,Uninjured,Driver_seat,Leisure,Not_pedestrian,Unknown,Not_pedestrian,Seat_belt,Used,Not a holiday,0
402,201600000255,2016,4,17,Daylight,Out_of_agglomeration,Out_of_intersection,Normal,Multiple_three_plus,Manual_entry,1.64473,50.63543,True,2016-04-17,14,0,14:00,Afternoon,True,Spring,2.0,0.0,79.0,Departmental_road,Bidirectional,Unknown,Unknown,Unknown,Normal,Unknown,Unknown,Unknown,C03,Other/Unknown,Motorcycle,None,No_impact,Interaction,0,1991.0,Male,Driver,Uninjured,Driver_seat,Leisure,Not_pedestrian,Unknown,Not_pedestrian,Helmet,Used,Not a holiday,0
403,201600000255,2016,4,17,Daylight,Out_of_agglomeration,Out_of_intersection,Normal,Multiple_three_plus,Manual_entry,1.64473,50.63543,True,2016-04-17,14,0,14:00,Afternoon,True,Spring,2.0,0.0,79.0,Departmental_road,Bidirectional,Unknown,Unknown,Unknown,Normal,Unknown,Unknown,Unknown,D04,Other/Unknown,Motorcycle,Cyclist,Front,Interaction,0,1992.0,Male,Driver,Injured_Hospitalized,Driver_seat,Leisure,Not_pedestrian,Unknown,Not_pedestrian,Helmet,Used,Not a holiday,0
404,201600000256,2016,12,12,Night_without_public_lighting,Out_of_agglomeration,Out_of_intersection,Normal,Frontal_two_vehicles,Manual_entry,1.63243,50.60794,True,2016-12-12,20,30,20:30,Evening,False,Winter,0.0,0.0,75.0,Departmental_road,Bidirectional,Unknown,Slope,Straight,Wet,Unknown,On_road,Not_near_school,A01,Opposite_direction,Car(Quad/Passenger),Train,Front,Avoiding_obstacle,0,1953.0,Male,Driver,Injured_Hospitalized,Driver_seat,Leisure,Not_pedestrian,Unknown,Not_pedestrian,Seat_belt,Undetermined,Not a holiday,0
405,201600000256,2016,12,12,Night_without_public_lighting,Out_of_agglomeration,Out_of_intersection,Normal,Frontal_two_vehicles,Manual_entry,1.63243,50.60794,True,2016-12-12,20,30,20:30,Evening,False,Winter,0.0,0.0,75.0,Departmental_road,Bidirectional,Unknown,Slope,Straight,Wet,Unknown,On_road,Not_near_school,B02,Other/Unknown,Car(Quad/Passenger),Cyclist,Front,Straight_ahead,0,1988.0,Male,Driver,Injured_Hospitalized,Driver_seat,Leisure,Not_pedestrian,Unknown,Not_pedestrian,Seat_belt,Undetermined,Not a holiday,0
406,201600000257,2016,4,29,Daylight,Out_of_agglomeration,Out_of_intersection,Normal,Frontal_two_vehicles,Manual_entry,2.68823,50.43543,True,2016-04-29,10,15,10:15,Morning,False,Spring,2.0,0.0,67.0,Departmental_road,Separated_carriageways,Unknown,Flat,Straight,Normal,Unknown,On_emergency_stop_band,Unknown,A01,Other/Unknown,other,Cyclist,Front_right,Interaction,0,1992.0,Male,Driver,Uninjured,Driver_seat,Professional use,Not_pedestrian,Unknown,Not_pedestrian,Seat_belt,Used,Not a holiday,0
407,201600000257,2016,4,29,Daylight,Out_of_agglomeration,Out_of_intersection,Normal,Frontal_two_vehicles,Manual_entry,2.68823,50.43543,True,2016-04-29,10,15,10:15,Morning,False,Spring,2.0,0.0,67.0,Departmental_road,Separated_carriageways,Unknown,Flat,Straight,Normal,Unknown,On_emergency_stop_band,Unknown,B02,Other/Unknown,Bus/Coach,Cyclist,Rear_left,Straight_ahead,0,1974.0,Male,Driver,Injured_Slight,Driver_seat,Professional use,Not_pedestrian,Unknown,Not_pedestrian,Seat_belt,Used,Not a holiday,0