,accident_id,year,month,day,lighting_label,urban_label,intersection_label,weather_label,collision_label,gps_label,longitude_num,latitude_num,valid_geo,date,hour,minute,time_hhmm,time_of_day,is_weekend,season,num_lanes,pedestrian_crossing_width,road_width,road_category_label,traffic_regime_label,reserved_lane_label,road_profile_label,road_layout_label,surface_condition_label,infrastructure_label,situation_label,school_zone_label,vehicle_id,traffic_direction_label,vehicle_category_label,mobile_obstacle_label,impact_point_label,manoeuvre_label,occupants_group,birth_year,sex_label,user_category_label,injury_severity_label,seat_position_label,journey_purpose_label,pedestrian_location_label,pedestrian_action_label,pedestrian_state_label,safety_equipment_type,safety_equipment_usage,holiday_name,is_holiday
408,201600000258,2016,5,4,Daylight,Out_of_agglomeration,Intersection_T,Dazzling,Frontal_two_vehicles,Manual_entry,2.6319,50.40504,True,2016-05-04,19,45,19:45,Evening,False,Spring,2.0,0.0,60.0,Departmental_road,Bidirectional,Unknown,Flat,Straight,Normal,Unknown,On_road,Unknown,A01,Opposite_direction,Motorcycle,Cyclist,Left_side,Straight_ahead,0,1995.0,Male,Driver,Injured_Hospitalized,Driver_seat,Unknown,Not_pedestrian,Unknown,Not_pedestrian,Helmet,Used,Not a holiday,0
409,201600000258,2016,5,4,Daylight,Out_of_agglomeration,Intersection_T,Dazzling,Frontal_two_vehicles,Manual_entry,2.6319,50.40504,True,2016-05-04,19,45,19:45,Evening,False,Spring,2.0,0.0,60.0,Departmental_road,Bidirectional,Unknown,Flat,Straight,Normal,Unknown,On_road,Unknown,B02,Same_direction,Utility(Truck/Agri),Cyclist,Right_side,Loss_of_control,0,1957.0,Male,Driver,Uninjured,Driver_seat,Home-work,Not_pedestrian,Unknown,Not_pedestrian,Seat_belt,Used,Not a holiday,0
410,201600000259,2016,5,5,Daylight,Built_up_area,Out_of_intersection,Dazzling,No_collision,Manual_entry,2.55002,50.4377,True,2016-05-05,10,30,10:30,Morning,False,Spring,2.0,0.0,59.0,Communal_way,Bidirectional,Unknown,Slope,Straight,Normal,Unknown,On_road,Unknown,A01,Same_direction,Cycle,Cyclist,Left_side,Straight_ahead,0,2001.0,Male,Driver,Injured_Hospitalized,Driver_seat,Leisure,Not_pedestrian,Unknown,Not_pedestrian,Helmet,Used,Ascension Thursday,1
411,201600000260,2016,5,26,Daylight,Out_of_agglomeration,Out_of_intersection,Normal,Frontal_two_vehicles,Manual_entry,2.66594,50.43661,True,2016-05-26,15,45,15:45,Afternoon,False,Spring,2.0,0.0,73.0,Departmental_road,Separated_carriageways,Unknown,Flat,Straight,Normal,Unknown,On_road,Unknown,A01,Opposite_direction,Car(Quad/Passenger),Cyclist,Rear,other,0,1989.0,Female,Driver,Injured_Slight,Driver_seat,Home-work,Not_pedestrian,Unknown,Not_pedestrian,Seat_belt,Used,Not a holiday,0
412,201600000260,2016,5,26,Daylight,Out_of_agglomeration,Out_of_intersection,Normal,Frontal_two_vehicles,Manual_entry,2.66594,50.43661,True,2016-05-26,15,45,15:45,Afternoon,False,Spring,2.0,0.0,73.0,Departmental_road,Separated_carriageways,Unknown,Flat,Straight,Normal,Unknown,On_road,Unknown,B02,Opposite_direction,Utility(Truck/Agri),Cyclist,No_impact,Emergency_manoeuvre,0,1983.0,Male,Driver,Uninjured,Driver_seat,Leisure,Not_pedestrian,Unknown,Not_pedestrian,Seat_belt,Used,Not a holiday,0
413,201600000261,2016,7,28,Daylight,Out_of_agglomeration,Out_of_intersection,Normal,Side_two_vehicles,Manual_entry,2.56116,50.42766,True,2016-07-28,17,30,17:30,Evening,False,Summer,2.0,0.0,68.0,Departmental_road,Bidirectional,Unknown,Flat,Straight,Normal,Unknown,On_road,Unknown,A01,Opposite_direction,Car(Quad/Passenger),Cyclist,Right_side,Roundabout,0,1987.0,Male,Driver,Uninjured,Driver_seat,Leisure,Not_pedestrian,Unknown,Not_pedestrian,Seat_belt,Undetermined,Not a holiday,0
414,201600000261,2016,7,28,Daylight,Out_of_agglomeration,Out_of_intersection,Normal,Side_two_vehicles,Manual_entry,2.56116,50.42766,True,2016-07-28,17,30,17:30,Evening,False,Summer,2.0,0.0,68.0,Departmental_road,Bidirectional,Unknown,Flat,Straight,Normal,Unknown,On_road,Unknown,B02,Other/Unknown,Car(Quad/Passenger),Cyclist,Right_side,Straight_ahead,0,1993.0,Male,Driver,Injured_Hospitalized,Driver_seat,Leisure,Not_pedestrian,Unknown,Not_pedestrian,Seat_belt,Undetermined,Not a holiday,0
415,201600000262,2016,10,9,Night_with_public_lighting_on,Built_up_area,Out_of_intersection,Normal,Side_two_vehicles,Manual_entry,2.64217,50.40897,True,2016-10-09,3,45,03:45,Night,True,Autumn,2.0,0.0,49.0,Communal_way,Bidirectional,Unknown,Flat,Straight,Normal,Unknown,On_road,Unknown,A01,Same_direction,Car(Quad/Passenger),Cyclist,Right_side,Straight_ahead,0,1970.0,Female,Driver,Uninjured,Driver_seat,Leisure,Not_pedestrian,Unknown,Not_pedestrian,Seat_belt,Used,Not a holiday,0
416,201600000262,2016,10,9,Night_with_public_lighting_on,Built_up_area,Out_of_intersection,Normal,Side_two_vehicles,Manual_entry,2.64217,50.40897,True,2016-10-09,3,45,03:45,Night,True,Autumn,2.0,0.0,49.0,Communal_way,Bidirectional,Unknown,Flat,Straight,Normal,Unknown,On_road,Unknown,B02,Same_direction,Utility(Truck/Agri),Cyclist,Right_side,None,0,1974.0,Male,Driver,Uninjured,Driver_seat,Leisure,Not_pedestrian,Unknown,Not_pedestrian,Seat_belt,Used,Not a holiday,0
417,201600000263,2016,10,12,Daylight,Built_up_area,Out_of_intersection,Normal,Other_collision,Manual_entry,2.63813,50.45134,True,2016-10-12,8,45,08:45,Morning,False,Autumn,2.0,30.0,34.0,Departmental_road,Separated_carriageways,Bike_path,Flat,Straight,Normal,Unknown,On_road,Unknown,A01,Other/Unknown,Car(Quad/Passenger),None,Right_side,Straight_ahead,0,1986.0,Male,Driver,Injured_Hospitalized,Driver_seat,Leisure,Not_pedestrian,Unknown,Not_pedestrian,Seat_belt,Used,Not a holiday,0
418,201600000264,2016,11,6,Night_without_public_lighting,Out_of_agglomeration,Out_of_intersection,Normal,Rear_end_two_vehicles,Manual_entry,2.64861,50.44119,True,2016-11-06,18,0,18:00,Evening,True,Autumn,2.0,15.0,74.0,Departmental_road,Separated_carriageways,Unknown,Flat,Straight,Normal,Bridge,On_road,Unknown,A01,Opposite_direction,Motorcycle,Cyclist,Front,Straight_ahead,0,1971.0,Male,Driver,Injured_Hospitalized,Driver_seat,Leisure,Not_pedestrian,Unknown,Not_pedestrian,Helmet,Used,Not a holiday,0
419,201600000264,2016,11,6,Night_without_public_lighting,Out_of_agglomeration,Out_of_intersection,Normal,Rear_end_two_vehicles,Manual_entry,2.64861,50.44119,True,2016-11-06,18,0,18:00,Evening,True,Autumn,2.0,15.0,74.0,Departmental_road,Separated_carriageways,Unknown,Flat,Straight,Normal,Bridge,On_road,Unknown,B02,Opposite_direction,Car(Quad/Passenger),Cyclist,Rear_left,Straight_ahead,0,1992.0,Male,Driver,Uninjured,Driver_seat,Leisure,Not_pedestrian,Unknown,Not_pedestrian,Seat_belt,Used,Not a holiday,0
420,201600000265,2016,6,29,Daylight,Built_up_area,Out_of_intersection,Normal,No_collision,Manual_entry,1.69175,50.50084,True,2016-06-29,5,30,05:30,Morning,False,Summer,2.0,0.0,70.0,Departmental_road,Bidirectional,Unknown,Flat,Straight,Normal,Unknown,On_sidewalk,Unknown,A01,Other/Unknown,Car(Quad/Passenger),None,Left_side,Avoiding_obstacle,0,1996.0,Male,Driver,Uninjured,Driver_seat,Leisure,Not_pedestrian,Unknown,Not_pedestrian,Seat_belt,Used,Not a holiday,0
421,201600000266,2016,9,21,Night_without_public_lighting,Out_of_agglomeration,Out_of_intersection,Normal,Other_collision,Manual_entry,1.72762,50.46792,True,2016-09-21,20,45,20:45,Evening,False,Autumn,2.0,0.0,60.0,Departmental_road,Bidirectional,Unknown,Flat,Straight,Normal,Unknown,On_road,Not_near_school,A01,Other/Unknown,Motorcycle,Train,Front,Straight_ahead,0,1997.0,Male,Driver,Injured_Slight,Driver_seat,Leisure,Not_pedestrian,Unknown,Not_pedestrian,Helmet,Used,Not a holiday,0
422,201600000267,2016,6,30,Daylight,Built_up_area,Out_of_intersection,Heavy_rain,Other_collision,Manual_entry,2.13438,50.51336,True,2016-06-30,10,0,10:00,Morning,False,Summer,2.0,0.0,80.0,Departmental_road,Bidirectional,Unknown,Unknown,Straight,Wet,Unknown,On_road,Near_school,A01,Opposite_direction,Car(Quad/Passenger),Pedestrian,Front,Straight_ahead,0,1955.0,Male,Driver,Uninjured,Driver_seat,Unknown,Not_pedestrian,Unknown,Not_pedestrian,Seat_belt,Used,Not a holiday,0
423,201600000268,2016,12,3,Night_without_public_lighting,Out_of_agglomeration,Out_of_intersection,Normal,Frontal_two_vehicles,Manual_entry,1.852,50.391,True,2016-12-03,18,30,18:30,Evening,True,Winter,2.0,0.0,25.0,Departmental_road,Bidirectional,Unknown,Unknown,Straight,Normal,Unknown,On_road,Unknown,A01,Opposite_direction,Car(Quad/Passenger),Cyclist,Front,Reversing,0,1973.0,Male,Driver,Injured_Hospitalized,Driver_seat,Leisure,Not_pedestrian,Unknown,Not_pedestrian,Seat_belt,Used,Not a holiday,0
424,201600000268,2016,12,3,Night_without_public_lighting,Out_of_agglomeration,Out_of_intersection,Normal,Frontal_two_vehicles,Manual_entry,1.852,50.391,True,2016-12-03,18,30,18:30,Evening,True,Winter,2.0,0.0,25.0,Departmental_road,Bidirectional,Unknown,Unknown,Straight,Normal,Unknown,On_road,Unknown,B02,Other/Unknown,Car(Quad/Passenger),Cyclist,Front,Straight_ahead,0,1954.0,Male,Driver,Uninjured,Driver_seat,Leisure,Not_pedestrian,Unknown,Not_pedestrian,Seat_belt,Used,Not a holiday,0
425,201600000269,2016,6,9,Daylight,Out_of_agglomeration,Out_of_intersection,Normal,Side_two_vehicles,Manual_entry,1.60832,50.56319,True,2016-06-09,15,45,15:45,Afternoon,False,Summer,2.0,0.0,75.0,Departmental_road,Bidirectional,Bike_path,Flat,Straight,Normal,Unknown,On_road,Unknown,A01,Other/Unknown,Car(Quad/Passenger),Cyclist,Rear_left,Park/Start/Stop,0,1985.0,Male,Driver,Uninjured,Driver_seat,Professional use,Not_pedestrian,Unknown,Not_pedestrian,Seat_belt,Used,Not a holiday,0
426,201600000269,2016,6,9,Daylight,Out_of_agglomeration,Out_of_intersection,Normal,Side_two_vehicles,Manual_entry,1.60832,50.56319,True,2016-06-09,15,45,15:45,Afternoon,False,Summer,2.0,0.0,75.0,Departmental_road,Bidirectional,Bike_path,Flat,Straight,Normal,Unknown,On_road,Unknown,B02,Other/Unknown,Motorcycle,Cyclist,Front,Straight_ahead,0,1972.0,Male,Driver,Injured_Hospitalized,Driver_seat,Leisure,Not_pedestrian,Unknown,Not_pedestrian,Helmet,Used,Not a holiday,0
427,201600000270,2016,10,8,Night_with_public_lighting_on,Built_up_area,Out_of_intersection,Normal,Side_two_vehicles,Manual_entry,1.65263,50.51914,True,2016-10-08,19,30,19:30,Evening,True,Autumn,1.0,0.0,0.0,Departmental_road,Bidirectional,Unknown,Unknown,Straight,Normal,Unknown,On_road,Not_near_school,A01,Same_direction,Motorcycle,None,Front,Loss_of_control,0,2001.0,Female,Driver,Injured_Hospitalized,Driver_seat,Leisure,Not_pedestrian,Unknown,Not_pedestrian,Helmet,Used,Not a holiday,0
428,201600000270,2016,10,8,Night_with_public_lighting_on,Built_up_area,Out_of_intersection,Normal,Side_two_vehicles,Manual_entry,1.65263,50.51914,True,2016-10-08,19,30,19:30,Evening,True,Autumn,1.0,0.0,0.0,Departmental_road,Bidirectional,Unknown,Unknown,Straight,Normal,Unknown,On_road,Not_near_school,B02,Same_direction,Car(Quad/Passenger),None,Left_side,Straight_ahead,0,1990.0,Female,Driver,Injured_Slight,Driver_seat,Home-work,Not_pedestrian,Unknown,Not_pedestrian,Seat_belt,Used,Not a holiday,0
429,201600000271,2016,10,31,Daylight,Built_up_area,Out_of_intersection,Normal,Other_collision,Manual_entry,1.63617,50.51284,True,2016-10-31,14,30,14:30,Afternoon,False,Autumn,0.0,0.0,0.0,Departmental_road,Bidirectional,Unknown,Flat,Straight,Normal,Unknown,On_sidewalk,Not_near_school,A01,Same_direction,Car(Quad/Passenger),Pedestrian,Front_right,Turning,0,1952.0,Male,Driver,Uninjured,Driver_seat,Home-work,Not_pedestrian,Unknown,Not_pedestrian,Seat_belt,Used,Not a holiday,0
430,201600000272,2016,1,31,Daylight,Built_up_area,Out_of_intersection,Light_rain,Frontal_two_vehicles,Manual_entry,1.9864,50.38209,True,2016-01-31,16,45,16:45,Afternoon,True,Winter,0.0,0.0,0.0,Departmental_road,Bidirectional,Unknown,Flat,Curve_right,Wet,Unknown,On_road,Not_near_school,A01,Opposite_direction,Motorcycle,Cyclist,Front,Avoiding_obstacle,0,1962.0,Male,Driver,Killed,Driver_seat,Leisure,Not_pedestrian,Unknown,Not_pedestrian,Helmet,Used,Not a holiday,0
431,201600000272,2016,1,31,Daylight,Built_up_area,Out_of_intersection,Light_rain,Frontal_two_vehicles,Manual_entry,1.9864,50.38209,True,2016-01-31,16,45,16:45,Afternoon,True,Winter,0.0,0.0,0.0,Departmental_road,Bidirectional,Unknown,Flat,Curve_right,Wet,Unknown,On_road,Not_near_school,B02,Other/Unknown,Motorcycle,Cyclist,Front,Straight_ahead,0,1951.0,Male,Driver,Injured_Slight,Driver_seat,Leisure,Not_pedestrian,Unknown,Not_pedestrian,Helmet,Used,Not a holiday,0
432,201600000273,2016,5,29,Daylight,Built_up_area,Out_of_intersection,Normal,Other_collision,Manual_entry,1.95488,50.40231,True,2016-05-29,14,0,14:00,Afternoon,True,Spring,0.0,0.0,50.0,Communal_way,Bidirectional,Unknown,Flat,Curve_right,Normal,Unknown,On_road,Unknown,A01,Same_direction,Cycle,None,Front,Avoiding_obstacle,0,1994.0,Male,Driver,Uninjured,Driver_seat,Leisure,Not_pedestrian,Unknown,Not_pedestrian,Helmet,Used,Not a holiday,0
433,201600000274,2016,2,1,Daylight,Out_of_agglomeration,Out_of_intersection,Strong_wind_or_storm,Frontal_two_vehicles,Manual_entry,2.3724,50.63854,True,2016-02-01,14,30,14:30,Afternoon,False,Winter,2.0,0.0,50.0,Departmental_road,Bidirectional,Unknown,Flat,Straight,Normal,Unknown,On_road,Not_near_school,A01,Opposite_direction,Car(Quad/Passenger),Cyclist,Front,Roundabout,0,1956.0,Male,Driver,Injured_Hospitalized,Driver_seat,Leisure,Not_pedestrian,Unknown,Not_pedestrian,Seat_belt,Used,Not a holiday,0
434,201600000274,2016,2,1,Daylight,Out_of_agglomeration,Out_of_intersection,Strong_wind_or_storm,Frontal_two_vehicles,Manual_entry,2.3724,50.63854,True,2016-02-01,14,30,14:30,Afternoon,False,Winter,2.0,0.0,50.0,Departmental_road,Bidirectional,Unknown,Flat,Straight,Normal,Unknown,On_road,Not_near_school,B02,Other/Unknown,Car(Quad/Passenger),Cyclist,Front,Straight_ahead,0,1997.0,Female,Driver,Injured_Slight,Driver_seat,Home-work,Not_pedestrian,Unknown,Not_pedestrian,Seat_belt,Used,Not a holiday,0
435,201600000275,2016,3,4,Daylight,Built_up_area,Out_of_intersection,Normal,Other_collision,Manual_entry,2.35111,50.66079,True,2016-03-04,8,45,08:45,Morning,False,Spring,0.0,0.0,0.0,Departmental_road,Bidirectional,Unknown,Slope,Straight,Normal,Unknown,On_road,Unknown,A01,Opposite_direction,Car(Quad/Passenger),Cyclist,Front,other,0,1989.0,Female,Driver,Injured_Hospitalized,Driver_seat,other,Not_pedestrian,Unknown,Not_pedestrian,Seat_belt,Used,Not a holiday,0
436,201600000276,2016,4,26,Daylight,Out_of_agglomeration,Out_of_intersection,Normal,Other_collision,Manual_entry,2.33458,50.63352,True,2016-04-26,20,30,20:30,Evening,False,Spring,0.0,0.0,60.0,Departmental_road,Bidirectional,Unknown,Flat,Curve_right,Normal,Unknown,On_road,Not_near_school,A01,Opposite_direction,Car(Quad/Passenger),None,Front,None,0,1991.0,Male,Driver,Uninjured,Driver_seat,Shopping,Not_pedestrian,Unknown,Not_pedestrian,Seat_belt,Used,Not a holiday,0
437,201600000277,2016,5,29,Daylight,Built_up_area,Out_of_intersection,Normal,Rear_end_two_vehicles,Manual_entry,2.41387,50.63946,True,2016-05-29,17,15,17:15,Evening,True,Spring,2.0,0.0,0.0,Communal_way,Bidirectional,Unknown,Flat,Straight,Normal,Unknown,On_road,Not_near_school,A01,Same_direction,Cycle,Cyclist,Rear_right,Turning,0,1999.0,Male,Driver,Uninjured,Driver_seat,Leisure,Not_pedestrian,Unknown,Not_pedestrian,Helmet,Used,Not a holiday,0
438,201600000277,2016,5,29,Daylight,Built_up_area,Out_of_intersection,Normal,Rear_end_two_vehicles,Manual_entry,2.41387,50.63946,True,2016-05-29,17,15,17:15,Evening,True,Spring,2.0,0.0,0.0,Communal_way,Bidirectional,Unknown,Flat,Straight,Normal,Unknown,On_road,Not_near_school,B02,Same_direction,Cycle,Cyclist,Front,None,0,1998.0,Male,Driver,Injured_Hospitalized,Driver_seat,Leisure,Not_pedestrian,Unknown,Not_pedestrian,Helmet,Used,Not a holiday,0
439,201600000278,2016,5,27,Daylight,Built_up_area,Out_of_intersection,Normal,Rear_end_two_vehicles,Manual_entry,2.37936,50.64055,True,2016-05-27,18,0,18:00,Evening,False,Spring,2.0,0.0,0.0,Departmental_road,Bidirectional,Unknown,Unknown,Straight,Normal,Unknown,On_road,Unknown,A01,Opposite_direction,Motorcycle,Cyclist,Front,None,0,1985.0,Male,Driver,Injured_Hospitalized,Driver_seat,Leisure,Not_pedestrian,Unknown,Not_pedestrian,Helmet,Used,Not a holiday,0
440,201600000278,2016,5,27,Daylight,Built_up_area,Out_of_intersection,Normal,Rear_end_two_vehicles,Manual_entry,2.37936,50.64055,True,2016-05-27,18,0,18:00,Evening,False,Spring,2.0,0.0,0.0,Departmental_road,Bidirectional,Unknown,Unknown,Straight,Normal,Unknown,On_road,Unknown,B02,Opposite_direction,Car(Quad/Passenger),Cyclist,Rear,None,0,1973.0,Male,Driver,Uninjured,Driver_seat,Leisure,Not_pedestrian,Unknown,Not_pedestrian,Seat_belt,Used,Not a holiday,0
441,201600000279,2016,10,31,Night_with_public_lighting_on,Built_up_area,Out_of_intersection,Fog_or_smoke,Other_collision,Manual_entry,2.36163,50.69175,True,2016-10-31,6,0,06:00,Morning,False,Autumn,2.0,0.0,0.0,Departmental_road,Bidirectional,Unknown,Flat,Straight,Normal,Unknown,On_sidewalk,Unknown,A01,Same_direction,Car(Quad/Passenger),None,Multiple impacts,Turning,0,1982.0,Male,Driver,Killed,Driver_seat,other,Not_pedestrian,Unknown,Not_pedestrian,Seat_belt,Not_used,Not a holiday,0
442,201600000280,2016,12,13,Night_without_public_lighting,Out_of_agglomeration,Out_of_intersection,Normal,Frontal_two_vehicles,Manual_entry,2.26861,50.67508,True,2016-12-13,17,30,17:30,Evening,False,Winter,2.0,22.0,80.0,Departmental_road,Bidirectional,Unknown,Slope,Straight,Wet,Unknown,On_road,Unknown,A01,Other/Unknown,Motorcycle,None,Front,Straight_ahead,0,1987.0,Male,Driver,Killed,Driver_seat,other,Not_pedestrian,Unknown,Not_pedestrian,Helmet,Used,Not a holiday,0
443,201600000280,2016,12,13,Night_without_public_lighting,Out_of_agglomeration,Out_of_intersection,Normal,Frontal_two_vehicles,Manual_entry,2.26861,50.67508,True,2016-12-13,17,30,17:30,Evening,False,Winter,2.0,22.0,80.0,Departmental_road,Bidirectional,Unknown,Slope,Straight,Wet,Unknown,On_road,Unknown,B02,Other/Unknown,Car(Quad/Passenger),Cyclist,Rear,Straight_ahead,0,1960.0,Female,Driver,Uninjured,Driver_seat,Home-work,Not_pedestrian,Unknown,Not_pedestrian,Seat_belt,Used,Not a holiday,0
444,201600000281,2016,12,15,Night_with_public_lighting_on,Built_up_area,Out_of_intersection,Normal,Other_collision,Manual_entry,2.39789,50.64271,True,2016-12-15,18,45,18:45,Evening,False,Winter,2.0,30.0,60.0,Communal_way,Bidirectional,Unknown,Flat,Straight,Normal,Unknown,On_road,Unknown,A01,Other/Unknown,Car(Quad/Passenger),Pedestrian,Right_side,Turning,0,1961.0,Male,Driver,Uninjured,Driver_seat,Home-work,Not_pedestrian,Unknown,Not_pedestrian,Seat_belt,Used,Not a holiday,0
445,201600000282,2016,7,18,Daylight,Built_up_area,Out_of_intersection,Normal,Other_collision,Manual_entry,1.9887,50.78184,True,2016-07-18,15,15,15:15,Afternoon,False,Summer,0.0,0.0,32.0,Communal_way,Bidirectional,Unknown,Slope,Curve_left,Normal,Unknown,On_verge,Not_near_school,A01,Same_direction,Car(Quad/Passenger),None,Left_side,Straight_ahead,0,1978.0,Male,Driver,Injured_Hospitalized,Driver_seat,Leisure,Not_pedestrian,Unknown,Not_pedestrian,Seat_belt,Used,Not a holiday,0
446,201600000283,2016,1,14,Daylight,Built_up_area,Intersection_X,Normal,Side_two_vehicles,Manual_entry,2.05705,50.98005,True,2016-01-14,11,0,11:00,Morning,False,Winter,0.0,0.0,0.0,Departmental_road,Bidirectional,Unknown,Flat,Straight,Normal,Roundabout,On_road,Unknown,A01,Opposite_direction,Car(Quad/Passenger),Cyclist,Front_right,Park/Start/Stop,0,1931.0,Male,Driver,Uninjured,Driver_seat,Leisure,Not_pedestrian,Unknown,Not_pedestrian,Seat_belt,Undetermined,Not a holiday,0
447,201600000283,2016,1,14,Daylight,Built_up_area,Intersection_X,Normal,Side_two_vehicles,Manual_entry,2.05705,50.98005,True,2016-01-14,11,0,11:00,Morning,False,Winter,0.0,0.0,0.0,Departmental_road,Bidirectional,Unknown,Flat,Straight,Normal,Roundabout,On_road,Unknown,B02,Other/Unknown,Motorcycle,Cyclist,Front_left,Straight_ahead,0,1955.0,Male,Driver,Injured_Hospitalized,Driver_seat,Leisure,Not_pedestrian,Unknown,Not_pedestrian,other,Used,Not a holiday,0
448,201600000284,2016,2,13,Daylight,Built_up_area,Out_of_intersection,Light_rain,Other_collision,Manual_entry,2.08359,50.87464,True,2016-02-13,15,30,15:30,Afternoon,True,Winter,2.0,0.0,0.0,Departmental_road,Bidirectional,Unknown,Flat,Straight,Wet,Railway,On_verge,Not_near_school,A01,Other/Unknown,Car(Quad/Passenger),None,Front,Straight_ahead,0,1976.0,Female,Driver,Injured_Hospitalized,Driver_seat,Leisure,Not_pedestrian,Unknown,Not_pedestrian,Seat_belt,Used,Not a holiday,0
449,201600000285,2016,2,23,Daylight,Out_of_agglomeration,Intersection_X,Normal,Side_two_vehicles,Manual_entry,2.13449,50.9045,True,2016-02-23,10,0,10:00,Morning,False,Winter,0.0,0.0,0.0,Departmental_road,Bidirectional,Unknown,Flat,Straight,Normal,Roundabout,On_road,Not_near_school,B02,Other/Unknown,Cycle,Cyclist,Front_left,Straight_ahead,0,1988.0,Male,Driver,Injured_Hospitalized,Driver_seat,Leisure,Not_pedestrian,Unknown,Not_pedestrian,Helmet,Used,Not a holiday,0
450,201600000285,2016,2,23,Daylight,Out_of_agglomeration,Intersection_X,Normal,Side_two_vehicles,Manual_entry,2.13449,50.9045,True,2016-02-23,10,0,10:00,Morning,False,Winter,0.0,0.0,0.0,Departmental_road,Bidirectional,Unknown,Flat,Straight,Normal,Roundabout,On_road,Not_near_school,A01,Opposite_direction,Car(Quad/Passenger),Cyclist,Front,Loss_of_control,0,1956.0,Male,Driver,Uninjured,Driver_seat,Leisure,Not_pedestrian,Unknown,Not_pedestrian,Seat_belt,Used,Not a holiday,0
451,201600000286,2016,11,3,Daylight,Built_up_area,Out_of_intersection,Normal,Rear_end_two_vehicles,Manual_entry,2.11443,50.84352,True,2016-11-03,10,30,10:30,Morning,False,Autumn,2.0,0.0,0.0,Communal_way,Bidirectional,Unknown,Slope,Curve_left,Normal,Unknown,On_road,Not_near_school,A01,Same_direction,Cycle,Cyclist,Front,Straight_ahead,0,1946.0,Male,Driver,Injured_Hospitalized,Driver_seat,Leisure,Not_pedestrian,Unknown,Not_pedestrian,Helmet,Not_used,Not a holiday,0
452,201600000286,2016,11,3,Daylight,Built_up_area,Out_of_intersection,Normal,Rear_end_two_vehicles,Manual_entry,2.11443,50.84352,True,2016-11-03,10,30,10:30,Morning,False,Autumn,2.0,0.0,0.0,Communal_way,Bidirectional,Unknown,Slope,Curve_left,Normal,Unknown,On_road,Not_near_school,B02,Same_direction,Motorcycle,Cyclist,Rear_right,Turning,0,1995.0,Male,Driver,Uninjured,Driver_seat,Professional use,Not_pedestrian,Unknown,Not_pedestrian,Seat_belt,Used,Not a holiday,0
453,201600000287,2016,11,16,Daylight,Out_of_agglomeration,Out_of_intersection,Normal,Side_two_vehicles,Manual_entry,2.01821,50.83753,True,2016-11-16,13,30,13:30,Afternoon,False,Autumn,0.0,0.0,0.0,Departmental_road,Bidirectional,Unknown,Flat,Straight,Normal,Unknown,On_road,Not_near_school,A01,Opposite_direction,Car(Quad/Passenger),Cyclist,Front_right,Roundabout,0,1962.0,Female,Driver,Injured_Hospitalized,Driver_seat,Home-work,Not_pedestrian,Unknown,Not_pedestrian,Seat_belt,Used,Not a holiday,0
454,201600000287,2016,11,16,Daylight,Out_of_agglomeration,Out_of_intersection,Normal,Side_two_vehicles,Manual_entry,2.01821,50.83753,True,2016-11-16,13,30,13:30,Afternoon,False,Autumn,0.0,0.0,0.0,Departmental_road,Bidirectional,Unknown,Flat,Straight,Normal,Unknown,On_road,Not_near_school,B02,Other/Unknown,Bus/Coach,Cyclist,Front,Straight_ahead,0,1988.0,Male,Driver,Uninjured,Driver_seat,Professional use,Not_pedestrian,Unknown,Not_pedestrian,Seat_belt,Used,Not a holiday,0
455,201600000288,2016,12,27,Night_without_public_lighting,Built_up_area,Out_of_intersection,Cloudy,Frontal_two_vehicles,Manual_entry,1.99296,50.91155,True,2016-12-27,18,30,18:30,Evening,False,Winter,2.0,61.0,61.0,Departmental_road,Bidirectional,Unknown,Unknown,Straight,Normal,Unknown,On_road,Unknown,A01,Opposite_direction,Car(Quad/Passenger),Cyclist,Right_side,Straight_ahead,0,1975.0,Male,Driver,Uninjured,Driver_seat,Leisure,Not_pedestrian,Unknown,Not_pedestrian,Seat_belt,Used,Not a holiday,0
456,201600000288,2016,12,27,Night_without_public_lighting,Built_up_area,Out_of_intersection,Cloudy,Frontal_two_vehicles,Manual_entry,1.99296,50.91155,True,2016-12-27,18,30,18:30,Evening,False,Winter,2.0,61.0,61.0,Departmental_road,Bidirectional,Unknown,Unknown,Straight,Normal,Unknown,On_road,Unknown,B02,Other/Unknown,Car(Quad/Passenger),Cyclist,Right_side,Straight_ahead,0,1944.0,Male,Driver,Uninjured,Driver_seat,Leisure,Not_pedestrian,Unknown,Not_pedestrian,Seat_belt,Used,Not a holiday,0
457,201600000289,2016,5,16,Twilight_or_dawn,Built_up_area,Out_of_intersection,Normal,Other_collision,Manual_entry,2.24959,50.58827,True,2016-05-16,6,0,06:00,Morning,False,Spring,0.0,0.0,62.0,Departmental_road,Bidirectional,Unknown,Flat,Curve_left,Normal,Unknown,On_road,Not_near_school,A01,Opposite_direction,Car(Quad/Passenger),None,Right_side,Straight_ahead,0,1995.0,Female,Driver,Injured_Hospitalized,Driver_seat,Leisure,Not_pedestrian,Unknown,Not_pedestrian,Seat_belt,Used,Whit Monday,1