,accident_id,year,month,day,lighting_label,urban_label,intersection_label,weather_label,collision_label,gps_label,longitude_num,latitude_num,valid_geo,date,hour,minute,time_hhmm,time_of_day,is_weekend,season,num_lanes,pedestrian_crossing_width,road_width,road_category_label,traffic_regime_label,reserved_lane_label,road_profile_label,road_layout_label,surface_condition_label,infrastructure_label,situation_label,school_zone_label,vehicle_id,traffic_direction_label,vehicle_category_label,mobile_obstacle_label,impact_point_label,manoeuvre_label,occupants_group,birth_year,sex_label,user_category_label,injury_severity_label,seat_position_label,journey_purpose_label,pedestrian_location_label,pedestrian_action_label,pedestrian_state_label,safety_equipment_type,safety_equipment_usage,holiday_name,is_holiday
458,201600000290,2016,9,11,Daylight,Out_of_agglomeration,Out_of_intersection,Normal,Other_collision,Manual_entry,2.11773,50.64576,True,2016-09-11,9,30,09:30,Morning,True,Autumn,2.0,0.0,71.0,Departmental_road,Bidirectional,Unknown,Flat,Straight,Normal,Unknown,On_verge,Unknown,A01,Other/Unknown,Car(Quad/Passenger),None,Front,Straight_ahead,0,1996.0,Male,Driver,Injured_Hospitalized,Driver_seat,Leisure,Not_pedestrian,Unknown,Not_pedestrian,Seat_belt,Used,Not a holiday,0
459,201600000291,2016,7,10,Daylight,Out_of_agglomeration,Out_of_intersection,Normal,Multiple_three_plus,Manual_entry,1.91392,50.72698,True,2016-07-10,17,15,17:15,Evening,True,Summer,2.0,0.0,70.0,National_road,Bidirectional,Unknown,Flat,Curve_left,Normal,Unknown,On_road,Not_near_school,A01,Same_direction,Car(Quad/Passenger),Cyclist,Front_left,Avoiding_obstacle,0,1962.0,Female,Driver,Uninjured,Driver_seat,Unknown,Not_pedestrian,Unknown,Not_pedestrian,Seat_belt,Used,Not a holiday,0
460,201600000291,2016,7,10,Daylight,Out_of_agglomeration,Out_of_intersection,Normal,Multiple_three_plus,Manual_entry,1.91392,50.72698,True,2016-07-10,17,15,17:15,Evening,True,Summer,2.0,0.0,70.0,National_road,Bidirectional,Unknown,Flat,Curve_left,Normal,Unknown,On_road,Not_near_school,B02,Opposite_direction,Motorcycle,Cyclist,Front,Straight_ahead,0,1984.0,Male,Driver,Injured_Hospitalized,Driver_seat,Unknown,Not_pedestrian,Unknown,Not_pedestrian,Helmet,Used,Not a holiday,0
461,201600000291,2016,7,10,Daylight,Out_of_agglomeration,Out_of_intersection,Normal,Multiple_three_plus,Manual_entry,1.91392,50.72698,True,2016-07-10,17,15,17:15,Evening,True,Summer,2.0,0.0,70.0,National_road,Bidirectional,Unknown,Flat,Curve_left,Normal,Unknown,On_road,Not_near_school,C03,Opposite_direction,Motorcycle,None,No_impact,Straight_ahead,0,1963.0,Male,Driver,Uninjured,Driver_seat,Unknown,Not_pedestrian,Unknown,Not_pedestrian,Helmet,Used,Not a holiday,0
462,201600000292,2016,1,10,Daylight,Built_up_area,Out_of_intersection,Other,Other_collision,Manual_entry,,,False,2016-01-10,14,15,14:15,Afternoon,True,Winter,2.0,0.0,60.0,Departmental_road,Bidirectional,Unknown,Flat,Unknown,Normal,Unknown,On_road,Not_near_school,A01,Opposite_direction,Car(Quad/Passenger),None,Multiple impacts,None,0,1955.0,Male,Driver,Injured_Hospitalized,Driver_seat,other,Not_pedestrian,Unknown,Not_pedestrian,Seat_belt,Undetermined,Not a holiday,0
463,201600000293,2016,3,19,Daylight,Built_up_area,Out_of_intersection,Normal,Side_two_vehicles,Manual_entry,2.3335,50.38339,True,2016-03-19,12,15,12:15,Afternoon,True,Spring,2.0,0.0,48.0,Communal_way,Bidirectional,Unknown,Unknown,Straight,Unknown,Unknown,On_road,Near_school,A01,Same_direction,Motorcycle,Cyclist,Rear_left,Avoiding_obstacle,0,1985.0,Male,Driver,Uninjured,Driver_seat,Leisure,Not_pedestrian,Unknown,Not_pedestrian,Seat_belt,Undetermined,Not a holiday,0
464,201600000293,2016,3,19,Daylight,Built_up_area,Out_of_intersection,Normal,Side_two_vehicles,Manual_entry,2.3335,50.38339,True,2016-03-19,12,15,12:15,Afternoon,True,Spring,2.0,0.0,48.0,Communal_way,Bidirectional,Unknown,Unknown,Straight,Unknown,Unknown,On_road,Near_school,B02,Same_direction,Car(Quad/Passenger),Cyclist,Rear_left,Straight_ahead,0,1987.0,Male,Driver,Injured_Slight,Driver_seat,Leisure,Not_pedestrian,Unknown,Not_pedestrian,Seat_belt,Undetermined,Not a holiday,0
465,201600000294,2016,4,4,Night_without_public_lighting,Built_up_area,Out_of_intersection,Heavy_rain,Other_collision,Manual_entry,2.27237,50.47815,True,2016-04-04,1,45,01:45,Night,False,Spring,0.0,0.0,70.0,Departmental_road,Bidirectional,Unknown,Flat,Straight,Wet,Unknown,On_sidewalk,Not_near_school,A01,Other/Unknown,Motorcycle,None,Right_side,Avoiding_obstacle,0,1966.0,Male,Driver,Injured_Hospitalized,Driver_seat,Leisure,Not_pedestrian,Unknown,Not_pedestrian,Helmet,Used,Not a holiday,0
466,201600000295,2016,4,13,Daylight,Out_of_agglomeration,Out_of_intersection,Normal,Rear_end_two_vehicles,Manual_entry,2.32433,50.38327,True,2016-04-13,16,45,16:45,Afternoon,False,Spring,2.0,0.0,60.0,Departmental_road,Bidirectional,Unknown,Flat,Straight,Normal,Unknown,On_road,Not_near_school,A01,Opposite_direction,Cycle,Cyclist,Front,Straight_ahead,0,2001.0,Male,Driver,Injured_Slight,Driver_seat,other,Not_pedestrian,Unknown,Not_pedestrian,Helmet,Used,Not a holiday,0
467,201600000295,2016,4,13,Daylight,Out_of_agglomeration,Out_of_intersection,Normal,Rear_end_two_vehicles,Manual_entry,2.32433,50.38327,True,2016-04-13,16,45,16:45,Afternoon,False,Spring,2.0,0.0,60.0,Departmental_road,Bidirectional,Unknown,Flat,Straight,Normal,Unknown,On_road,Not_near_school,B02,Opposite_direction,Utility(Truck/Agri),Cyclist,Rear,None,0,1982.0,Male,Driver,Uninjured,Driver_seat,Professional use,Not_pedestrian,Unknown,Not_pedestrian,Seat_belt,Used,Not a holiday,0
468,201600000296,2016,4,16,Night_with_public_lighting_on,Built_up_area,Out_of_intersection,Normal,Frontal_two_vehicles,Manual_entry,2.33574,50.38117,True,2016-04-16,2,0,02:00,Night,True,Spring,2.0,0.0,70.0,Departmental_road,Bidirectional,Unknown,Slope,Curve_left,Unknown,Unknown,On_road,Unknown,B02,Opposite_direction,Motorcycle,None,No_impact,Straight_ahead,0,1972.0,Male,Driver,Injured_Slight,Driver_seat,Leisure,Not_pedestrian,Unknown,Not_pedestrian,Helmet,Used,Not a holiday,0
469,201600000296,2016,4,16,Night_with_public_lighting_on,Built_up_area,Out_of_intersection,Normal,Frontal_two_vehicles,Manual_entry,2.33574,50.38117,True,2016-04-16,2,0,02:00,Night,True,Spring,2.0,0.0,70.0,Departmental_road,Bidirectional,Unknown,Slope,Curve_left,Unknown,Unknown,On_road,Unknown,A01,Other/Unknown,Motorcycle,None,No_impact,Straight_ahead,0,1985.0,Female,Driver,Injured_Hospitalized,Driver_seat,Leisure,Not_pedestrian,Unknown,Not_pedestrian,Helmet,Used,Not a holiday,0
470,201600000297,2016,4,15,Night_without_public_lighting,Out_of_agglomeration,Out_of_intersection,Light_rain,Frontal_two_vehicles,Manual_entry,2.31179,50.5045,True,2016-04-15,21,15,21:15,Night,False,Spring,2.0,0.0,0.0,Departmental_road,Bidirectional,Unknown,Flat,Straight,Wet,Unknown,On_road,Not_near_school,A01,Opposite_direction,Utility(Truck/Agri),Cyclist,Front,Avoiding_obstacle,0,1992.0,Male,Driver,Uninjured,Driver_seat,Home-work,Not_pedestrian,Unknown,Not_pedestrian,Seat_belt,Used,Not a holiday,0
471,201600000297,2016,4,15,Night_without_public_lighting,Out_of_agglomeration,Out_of_intersection,Light_rain,Frontal_two_vehicles,Manual_entry,2.31179,50.5045,True,2016-04-15,21,15,21:15,Night,False,Spring,2.0,0.0,0.0,Departmental_road,Bidirectional,Unknown,Flat,Straight,Wet,Unknown,On_road,Not_near_school,B02,Other/Unknown,Car(Quad/Passenger),Cyclist,Front,None,0,1981.0,Male,Driver,Injured_Hospitalized,Driver_seat,Leisure,Not_pedestrian,Unknown,Not_pedestrian,Seat_belt,Used,Not a holiday,0
472,201600000298,2016,4,17,Daylight,Out_of_agglomeration,Out_of_intersection,Normal,Side_two_vehicles,Manual_entry,2.43873,50.42827,True,2016-04-17,11,15,11:15,Morning,True,Spring,2.0,0.0,72.0,Departmental_road,Bidirectional,Unknown,Flat,Straight,Normal,Unknown,On_road,Not_near_school,A01,Opposite_direction,Motorcycle,Cyclist,Front_right,other,0,1971.0,Male,Driver,Injured_Hospitalized,Driver_seat,Leisure,Not_pedestrian,Unknown,Not_pedestrian,Helmet,Used,Not a holiday,0
473,201600000298,2016,4,17,Daylight,Out_of_agglomeration,Out_of_intersection,Normal,Side_two_vehicles,Manual_entry,2.43873,50.42827,True,2016-04-17,11,15,11:15,Morning,True,Spring,2.0,0.0,72.0,Departmental_road,Bidirectional,Unknown,Flat,Straight,Normal,Unknown,On_road,Not_near_school,B02,Opposite_direction,Utility(Truck/Agri),Cyclist,Front_left,Roundabout,0,1949.0,Male,Driver,Uninjured,Driver_seat,Leisure,Not_pedestrian,Unknown,Not_pedestrian,Seat_belt,Used,Not a holiday,0
474,201600000299,2016,6,6,Daylight,Built_up_area,Out_of_intersection,Normal,Other_collision,Manual_entry,2.33586,50.38178,True,2016-06-06,17,0,17:00,Evening,False,Summer,2.0,0.0,61.0,Departmental_road,Bidirectional,Unknown,Flat,Straight,Normal,Unknown,On_road,Not_near_school,A01,Other/Unknown,Car(Quad/Passenger),Pedestrian,Front,Avoiding_obstacle,0,1958.0,Female,Driver,Uninjured,Driver_seat,Shopping,Not_pedestrian,Unknown,Not_pedestrian,Seat_belt,Used,Not a holiday,0
475,201600000300,2016,7,8,Daylight,Built_up_area,Out_of_intersection,Normal,Side_two_vehicles,Manual_entry,2.17241,50.43041,True,2016-07-08,12,30,12:30,Afternoon,False,Summer,2.0,0.0,67.0,Departmental_road,Bidirectional,Unknown,Flat,Straight,Normal,Unknown,On_road,Unknown,A01,Other/Unknown,Car(Quad/Passenger),None,Right_side,Straight_ahead,0,1979.0,Female,Driver,Uninjured,Driver_seat,Professional use,Not_pedestrian,Unknown,Not_pedestrian,Seat_belt,Used,Not a holiday,0
476,201600000300,2016,7,8,Daylight,Built_up_area,Out_of_intersection,Normal,Side_two_vehicles,Manual_entry,2.17241,50.43041,True,2016-07-08,12,30,12:30,Afternoon,False,Summer,2.0,0.0,67.0,Departmental_road,Bidirectional,Unknown,Flat,Straight,Normal,Unknown,On_road,Unknown,B02,Opposite_direction,Car(Quad/Passenger),None,Front,Roundabout,0,1945.0,Female,Driver,Injured_Hospitalized,Driver_seat,Leisure,Not_pedestrian,Unknown,Not_pedestrian,Seat_belt,Used,Not a holiday,0
477,201600000301,2016,7,29,Daylight,Built_up_area,Out_of_intersection,Normal,Frontal_two_vehicles,Manual_entry,2.38799,50.36494,True,2016-07-29,13,0,13:00,Afternoon,False,Summer,0.0,0.0,76.0,Departmental_road,Bidirectional,Unknown,Unknown,Curve_left,Normal,Unknown,On_road,Not_near_school,A01,Same_direction,Car(Quad/Passenger),Cyclist,Front,Avoiding_obstacle,0,1940.0,Male,Driver,Injured_Hospitalized,Driver_seat,Leisure,Not_pedestrian,Unknown,Not_pedestrian,Seat_belt,Used,Not a holiday,0
478,201600000301,2016,7,29,Daylight,Built_up_area,Out_of_intersection,Normal,Frontal_two_vehicles,Manual_entry,2.38799,50.36494,True,2016-07-29,13,0,13:00,Afternoon,False,Summer,0.0,0.0,76.0,Departmental_road,Bidirectional,Unknown,Unknown,Curve_left,Normal,Unknown,On_road,Not_near_school,B02,Same_direction,Car(Quad/Passenger),Cyclist,Front,Straight_ahead,0,1990.0,Female,Driver,Uninjured,Driver_seat,Unknown,Not_pedestrian,Unknown,Not_pedestrian,Seat_belt,Used,Not a holiday,0
479,201600000302,2016,9,10,Daylight,Out_of_agglomeration,Out_of_intersection,Normal,Other_collision,Manual_entry,2.37041,50.43903,True,2016-09-10,10,45,10:45,Morning,True,Autumn,2.0,0.0,57.0,Departmental_road,Bidirectional,Unknown,Unknown,Straight,Normal,Unknown,On_verge,Not_near_school,A01,Opposite_direction,Car(Quad/Passenger),None,Front,Straight_ahead,0,1990.0,Male,Driver,Injured_Hospitalized,Driver_seat,Leisure,Not_pedestrian,Unknown,Not_pedestrian,Seat_belt,Undetermined,Not a holiday,0
480,201600000303,2016,9,13,Twilight_or_dawn,Out_of_agglomeration,Out_of_intersection,Normal,Frontal_two_vehicles,Manual_entry,2.31791,50.4379,True,2016-09-13,20,0,20:00,Evening,False,Autumn,2.0,0.0,42.0,Departmental_road,Bidirectional,Unknown,Slope,S-bend,Normal,Unknown,On_road,Not_near_school,A01,Other/Unknown,Utility(Truck/Agri),Cyclist,Right_side,Straight_ahead,0,1966.0,Male,Driver,Injured_Hospitalized,Driver_seat,Home-work,Not_pedestrian,Unknown,Not_pedestrian,Seat_belt,Used,Not a holiday,0
481,201600000303,2016,9,13,Twilight_or_dawn,Out_of_agglomeration,Out_of_intersection,Normal,Frontal_two_vehicles,Manual_entry,2.31791,50.4379,True,2016-09-13,20,0,20:00,Evening,False,Autumn,2.0,0.0,42.0,Departmental_road,Bidirectional,Unknown,Slope,S-bend,Normal,Unknown,On_road,Not_near_school,B02,Opposite_direction,Car(Quad/Passenger),Cyclist,Right_side,Avoiding_obstacle,0,1978.0,Male,Driver,Injured_Slight,Driver_seat,Shopping,Not_pedestrian,Unknown,Not_pedestrian,Seat_belt,Used,Not a holiday,0
482,201600000304,2016,9,14,Daylight,Built_up_area,Intersection_T,Normal,Frontal_two_vehicles,Manual_entry,2.22933,50.51755,True,2016-09-14,18,30,18:30,Evening,False,Autumn,2.0,0.0,53.0,Departmental_road,Bidirectional,Unknown,Flat,Straight,Normal,Unknown,On_road,Unknown,A01,Opposite_direction,Utility(Truck/Agri),other,Front_right,Straight_ahead,0,1968.0,Female,Driver,Uninjured,Driver_seat,Professional use,Not_pedestrian,Unknown,Not_pedestrian,Seat_belt,Used,Not a holiday,0
483,201600000304,2016,9,14,Daylight,Built_up_area,Intersection_T,Normal,Frontal_two_vehicles,Manual_entry,2.22933,50.51755,True,2016-09-14,18,30,18:30,Evening,False,Autumn,2.0,0.0,53.0,Departmental_road,Bidirectional,Unknown,Flat,Straight,Normal,Unknown,On_road,Unknown,B02,Same_direction,Cycle,Cyclist,Front_left,Straight_ahead,0,2007.0,Male,Driver,Injured_Hospitalized,Driver_seat,Leisure,Not_pedestrian,Unknown,Not_pedestrian,Seat_belt,Unspecified,Not a holiday,0
484,201600000305,2016,9,18,Daylight,Out_of_agglomeration,Out_of_intersection,Light_rain,Multiple_three_plus,Manual_entry,2.615,50.738,True,2016-09-18,16,0,16:00,Afternoon,True,Autumn,4.0,70.0,145.0,Departmental_road,Separated_carriageways,Unknown,Hill_bottom,Straight,Wet,Roundabout,On_road,Unknown,A01,Other/Unknown,Car(Quad/Passenger),Cyclist,Front,Turning,0,1995.0,Male,Driver,Injured_Hospitalized,Driver_seat,Leisure,Not_pedestrian,Unknown,Not_pedestrian,Seat_belt,Undetermined,Not a holiday,0
485,201600000305,2016,9,18,Daylight,Out_of_agglomeration,Out_of_intersection,Light_rain,Multiple_three_plus,Manual_entry,2.615,50.738,True,2016-09-18,16,0,16:00,Afternoon,True,Autumn,4.0,70.0,145.0,Departmental_road,Separated_carriageways,Unknown,Hill_bottom,Straight,Wet,Roundabout,On_road,Unknown,B02,Other/Unknown,Car(Quad/Passenger),Cyclist,Rear_right,Avoiding_obstacle,0,1968.0,Female,Driver,Injured_Hospitalized,Driver_seat,Leisure,Not_pedestrian,Unknown,Not_pedestrian,Seat_belt,Undetermined,Not a holiday,0
486,201600000305,2016,9,18,Daylight,Out_of_agglomeration,Out_of_intersection,Light_rain,Multiple_three_plus,Manual_entry,2.615,50.738,True,2016-09-18,16,0,16:00,Afternoon,True,Autumn,4.0,70.0,145.0,Departmental_road,Separated_carriageways,Unknown,Hill_bottom,Straight,Wet,Roundabout,On_road,Unknown,C03,Other/Unknown,Car(Quad/Passenger),Cyclist,Right_side,Straight_ahead,0,1973.0,Male,Driver,Injured_Hospitalized,Driver_seat,Unknown,Not_pedestrian,Unknown,Not_pedestrian,Seat_belt,Undetermined,Not a holiday,0
487,201600000306,2016,9,29,Night_without_public_lighting,Out_of_agglomeration,Out_of_intersection,Light_rain,Other_collision,Manual_entry,2.30046,50.37609,True,2016-09-29,21,45,21:45,Night,False,Autumn,3.0,0.0,120.0,Departmental_road,Bidirectional,Unknown,Flat,Straight,Wet,Unknown,On_verge,Not_near_school,A01,Same_direction,Car(Quad/Passenger),None,Front_left,other,0,1987.0,Male,Driver,Killed,Driver_seat,Home-work,Not_pedestrian,Unknown,Not_pedestrian,Seat_belt,Used,Not a holiday,0
488,201600000307,2016,11,1,Twilight_or_dawn,Out_of_agglomeration,Out_of_intersection,Normal,Side_two_vehicles,Manual_entry,2.24794,50.38686,True,2016-11-01,18,15,18:15,Evening,False,Autumn,4.0,0.0,185.0,Departmental_road,Unknown,Unknown,Unknown,Straight,Normal,Unknown,On_road,Unknown,A01,Same_direction,Car(Quad/Passenger),Cyclist,Front,Park/Start/Stop,0,1944.0,Female,Driver,Injured_Slight,Driver_seat,Shopping,Not_pedestrian,Unknown,Not_pedestrian,Seat_belt,Used,All Saints Day,1
489,201600000307,2016,11,1,Twilight_or_dawn,Out_of_agglomeration,Out_of_intersection,Normal,Side_two_vehicles,Manual_entry,2.24794,50.38686,True,2016-11-01,18,15,18:15,Evening,False,Autumn,4.0,0.0,185.0,Departmental_road,Unknown,Unknown,Unknown,Straight,Normal,Unknown,On_road,Unknown,B02,Other/Unknown,Car(Quad/Passenger),Cyclist,Left_side,Straight_ahead,0,1974.0,Female,Driver,Uninjured,Driver_seat,Leisure,Not_pedestrian,Unknown,Not_pedestrian,Seat_belt,Used,All Saints Day,1
490,201600000308,2016,11,4,Daylight,Out_of_agglomeration,Out_of_intersection,Normal,Side_two_vehicles,Manual_entry,2.34032,50.37949,True,2016-11-04,13,0,13:00,Afternoon,False,Autumn,2.0,0.0,88.0,Communal_way,Unknown,Reserved_channel,Unknown,Straight,Normal,Roundabout,On_road,Not_near_school,A01,Same_direction,Car(Quad/Passenger),Cyclist,Right_side,other,0,1931.0,Male,Driver,Uninjured,Driver_seat,Shopping,Not_pedestrian,Unknown,Not_pedestrian,Seat_belt,Used,Not a holiday,0
491,201600000308,2016,11,4,Daylight,Out_of_agglomeration,Out_of_intersection,Normal,Side_two_vehicles,Manual_entry,2.34032,50.37949,True,2016-11-04,13,0,13:00,Afternoon,False,Autumn,2.0,0.0,88.0,Communal_way,Unknown,Reserved_channel,Unknown,Straight,Normal,Roundabout,On_road,Not_near_school,B02,Same_direction,Motorcycle,Cyclist,Left_side,Straight_ahead,0,1997.0,Male,Driver,Injured_Hospitalized,Driver_seat,other,Not_pedestrian,Unknown,Not_pedestrian,Helmet,Used,Not a holiday,0
492,201600000309,2016,12,12,Daylight,Out_of_agglomeration,Out_of_intersection,Normal,Side_two_vehicles,Manual_entry,2.386,50.423,True,2016-12-12,12,0,12:00,Afternoon,False,Winter,2.0,0.0,35.0,Departmental_road,Bidirectional,Unknown,Unknown,Curve_left,Normal,Unknown,On_road,Unknown,A01,Opposite_direction,Bus/Coach,Cyclist,Front,Straight_ahead,0,1975.0,Male,Driver,Uninjured,Driver_seat,Professional use,Not_pedestrian,Unknown,Not_pedestrian,Seat_belt,Used,Not a holiday,0
493,201600000309,2016,12,12,Daylight,Out_of_agglomeration,Out_of_intersection,Normal,Side_two_vehicles,Manual_entry,2.386,50.423,True,2016-12-12,12,0,12:00,Afternoon,False,Winter,2.0,0.0,35.0,Departmental_road,Bidirectional,Unknown,Unknown,Curve_left,Normal,Unknown,On_road,Unknown,B02,Other/Unknown,Car(Quad/Passenger),None,Front_left,Roundabout,0,1972.0,Female,Driver,Injured_Hospitalized,Driver_seat,Leisure,Not_pedestrian,Unknown,Not_pedestrian,Seat_belt,Used,Not a holiday,0
494,201600000310,2016,12,24,Daylight,Out_of_agglomeration,Out_of_intersection,Normal,No_collision,Manual_entry,2.37785,50.44347,True,2016-12-24,9,0,09:00,Morning,True,Winter,2.0,0.0,0.0,Departmental_road,Bidirectional,Unknown,Flat,Straight,Normal,Unknown,On_verge,Unknown,A01,Other/Unknown,Car(Quad/Passenger),None,Right_side,Turning,0,1997.0,Male,Driver,Injured_Hospitalized,Driver_seat,Home-work,Not_pedestrian,Unknown,Not_pedestrian,Seat_belt,Used,Not a holiday,0
495,201600000311,2016,2,27,Daylight,Out_of_agglomeration,Out_of_intersection,Normal,No_collision,Manual_entry,2.4907,50.25907,True,2016-02-27,16,15,16:15,Afternoon,True,Winter,2.0,0.0,60.0,Departmental_road,Bidirectional,Unknown,Flat,Straight,Normal,Unknown,On_road,Not_near_school,A01,Other/Unknown,Car(Quad/Passenger),None,Multiple impacts,Avoiding_obstacle,0,1983.0,Male,Driver,Injured_Hospitalized,Driver_seat,Leisure,Not_pedestrian,Unknown,Not_pedestrian,Seat_belt,Used,Not a holiday,0
496,201600000312,2016,2,29,Daylight,Out_of_agglomeration,Out_of_intersection,Other,Other_collision,Manual_entry,2.40308,50.27036,True,2016-02-29,7,0,07:00,Morning,False,Winter,0.0,0.0,0.0,Departmental_road,Bidirectional,Unknown,Flat,Straight,Icy,Unknown,On_road,Not_near_school,A01,Opposite_direction,Car(Quad/Passenger),None,Front,Straight_ahead,0,1994.0,Male,Driver,Injured_Hospitalized,Driver_seat,Home-work,Not_pedestrian,Unknown,Not_pedestrian,Seat_belt,Used,Not a holiday,0
497,201600000313,2016,7,10,Daylight,Out_of_agglomeration,Out_of_intersection,Normal,Other_collision,Manual_entry,2.55533,50.36528,True,2016-07-10,19,0,19:00,Evening,True,Summer,2.0,0.0,53.0,Departmental_road,Bidirectional,Unknown,Unknown,Curve_left,Normal,Unknown,On_road,Unknown,A01,Other/Unknown,Car(Quad/Passenger),None,Front_right,Straight_ahead,0,1974.0,Male,Driver,Killed,Driver_seat,Leisure,Not_pedestrian,Unknown,Not_pedestrian,Seat_belt,Used,Not a holiday,0
498,201600000314,2016,7,31,Daylight,Out_of_agglomeration,Intersection_X,Normal,Frontal_two_vehicles,Manual_entry,2.62265,50.38909,True,2016-07-31,8,45,08:45,Morning,True,Summer,2.0,0.0,80.0,Departmental_road,Bidirectional,Unknown,Flat,Straight,Normal,Roundabout,On_road,Unknown,A01,Other/Unknown,Cycle,None,Right_side,Straight_ahead,0,1975.0,Male,Driver,Injured_Hospitalized,Driver_seat,Leisure,Not_pedestrian,Unknown,Not_pedestrian,Helmet,Used,Not a holiday,0
499,201600000314,2016,7,31,Daylight,Out_of_agglomeration,Intersection_X,Normal,Frontal_two_vehicles,Manual_entry,2.62265,50.38909,True,2016-07-31,8,45,08:45,Morning,True,Summer,2.0,0.0,80.0,Departmental_road,Bidirectional,Unknown,Flat,Straight,Normal,Roundabout,On_road,Unknown,B02,Other/Unknown,Car(Quad/Passenger),None,Front_right,Straight_ahead,0,1997.0,Male,Driver,Uninjured,Driver_seat,Leisure,Not_pedestrian,Unknown,Not_pedestrian,Seat_belt,Used,Not a holiday,0
500,201600000315,2016,9,5,Daylight,Out_of_agglomeration,Out_of_intersection,Light_rain,No_collision,Manual_entry,2.36257,50.2298,True,2016-09-05,7,15,07:15,Morning,False,Autumn,2.0,0.0,0.0,Communal_way,Bidirectional,Unknown,Flat,Curve_right,Wet,Unknown,On_road,Not_near_school,A01,Opposite_direction,Car(Quad/Passenger),None,No_impact,None,0,1998.0,Male,Driver,Injured_Hospitalized,Driver_seat,Home-school,Not_pedestrian,Unknown,Not_pedestrian,Seat_belt,Used,Not a holiday,0
501,201600000316,2016,11,14,Night_without_public_lighting,Out_of_agglomeration,Out_of_intersection,Fog_or_smoke,Other_collision,Manual_entry,2.50779,50.43199,True,2016-11-14,6,30,06:30,Morning,False,Autumn,2.0,0.0,63.0,Departmental_road,Bidirectional,Unknown,Slope,Straight,Normal,Unknown,On_verge,Unknown,A01,Other/Unknown,Car(Quad/Passenger),None,Front_left,Straight_ahead,0,1998.0,Female,Driver,Injured_Hospitalized,Driver_seat,Home-work,Not_pedestrian,Unknown,Not_pedestrian,Seat_belt,Undetermined,Not a holiday,0
502,201600000317,2016,11,28,Daylight,Out_of_agglomeration,Out_of_intersection,Normal,Frontal_two_vehicles,Manual_entry,2.45045,50.35155,True,2016-11-28,9,15,09:15,Morning,False,Autumn,2.0,0.0,60.0,Departmental_road,Bidirectional,Unknown,Flat,Straight,Normal,Unknown,On_road,Unknown,A01,Other/Unknown,Motorcycle,Cyclist,Right_side,Roundabout,0,1947.0,Male,Driver,Uninjured,Driver_seat,Professional use,Not_pedestrian,Unknown,Not_pedestrian,Seat_belt,Undetermined,Not a holiday,0
503,201600000317,2016,11,28,Daylight,Out_of_agglomeration,Out_of_intersection,Normal,Frontal_two_vehicles,Manual_entry,2.45045,50.35155,True,2016-11-28,9,15,09:15,Morning,False,Autumn,2.0,0.0,60.0,Departmental_road,Bidirectional,Unknown,Flat,Straight,Normal,Unknown,On_road,Unknown,B02,Opposite_direction,Car(Quad/Passenger),Cyclist,Right_side,Straight_ahead,0,1971.0,Female,Driver,Injured_Hospitalized,Driver_seat,Home-work,Not_pedestrian,Unknown,Not_pedestrian,Seat_belt,Used,Not a holiday,0
504,201600000318,2016,12,2,Night_with_public_lighting_on,Built_up_area,Out_of_intersection,Cloudy,Side_two_vehicles,Manual_entry,2.53364,50.20516,True,2016-12-02,19,30,19:30,Evening,False,Winter,0.0,70.0,0.0,Departmental_road,Bidirectional,Unknown,Unknown,Straight,Wet,Unknown,On_road,Not_near_school,A01,Other/Unknown,Motorcycle,Cyclist,Front,Straight_ahead,0,2000.0,Male,Driver,Injured_Hospitalized,Driver_seat,Leisure,Not_pedestrian,Unknown,Not_pedestrian,Helmet,Used,Not a holiday,0
505,201600000318,2016,12,2,Night_with_public_lighting_on,Built_up_area,Out_of_intersection,Cloudy,Side_two_vehicles,Manual_entry,2.53364,50.20516,True,2016-12-02,19,30,19:30,Evening,False,Winter,0.0,70.0,0.0,Departmental_road,Bidirectional,Unknown,Unknown,Straight,Wet,Unknown,On_road,Not_near_school,B02,Opposite_direction,Utility(Truck/Agri),Cyclist,Rear,Park/Start/Stop,0,1980.0,Male,Driver,Uninjured,Driver_seat,Home-work,Not_pedestrian,Unknown,Not_pedestrian,Seat_belt,Used,Not a holiday,0
506,201600000319,2016,12,29,Night_without_public_lighting,Out_of_agglomeration,Out_of_intersection,Fog_or_smoke,Other_collision,Manual_entry,2.53958,50.28724,True,2016-12-29,0,45,00:45,Night,False,Winter,2.0,0.0,62.0,Departmental_road,Bidirectional,Unknown,Unknown,Straight,Wet,Unknown,On_verge,Unknown,A01,Opposite_direction,Car(Quad/Passenger),None,Front_left,Straight_ahead,0,1996.0,Male,Driver,Killed,Driver_seat,Leisure,Not_pedestrian,Unknown,Not_pedestrian,Seat_belt,Undetermined,Not a holiday,0
507,201600000320,2016,4,16,Daylight,Out_of_agglomeration,Out_of_intersection,Normal,Other_collision,Manual_entry,2.63768,50.33273,True,2016-04-16,14,45,14:45,Afternoon,True,Spring,0.0,0.0,70.0,Departmental_road,Bidirectional,Unknown,Flat,Straight,Normal,Unknown,On_verge,Not_near_school,A01,Opposite_direction,Car(Quad/Passenger),None,Front,Turning,0,1963.0,Male,Driver,Injured_Hospitalized,Driver_seat,Leisure,Not_pedestrian,Unknown,Not_pedestrian,Seat_belt,Used,Not a holiday,0