,accident_id,year,month,day,lighting_label,urban_label,intersection_label,weather_label,collision_label,gps_label,longitude_num,latitude_num,valid_geo,date,hour,minute,time_hhmm,time_of_day,is_weekend,season,num_lanes,pedestrian_crossing_width,road_width,road_category_label,traffic_regime_label,reserved_lane_label,road_profile_label,road_layout_label,surface_condition_label,infrastructure_label,situation_label,school_zone_label,vehicle_id,traffic_direction_label,vehicle_category_label,mobile_obstacle_label,impact_point_label,manoeuvre_label,occupants_group,birth_year,sex_label,user_category_label,injury_severity_label,seat_position_label,journey_purpose_label,pedestrian_location_label,pedestrian_action_label,pedestrian_state_label,safety_equipment_type,safety_equipment_usage,holiday_name,is_holiday
508,201600000321,2016,7,10,Daylight,Out_of_agglomeration,Out_of_intersection,Normal,Other_collision,Manual_entry,2.58257,50.34508,True,2016-07-10,18,0,18:00,Evening,True,Summer,2.0,0.0,80.0,Departmental_road,Bidirectional,Unknown,Flat,Straight,Normal,Unknown,On_verge,Not_near_school,A01,Opposite_direction,Car(Quad/Passenger),None,Front,Avoiding_obstacle,0,1947.0,Female,Driver,Injured_Hospitalized,Driver_seat,Leisure,Not_pedestrian,Unknown,Not_pedestrian,Seat_belt,Used,Not a holiday,0
509,201600000322,2016,7,9,Daylight,Built_up_area,Out_of_intersection,Normal,Other_collision,Manual_entry,2.36958,50.26369,True,2016-07-09,14,30,14:30,Afternoon,True,Summer,2.0,0.0,35.0,Departmental_road,Bidirectional,Unknown,Flat,Straight,Normal,Unknown,On_road,Unknown,A01,Opposite_direction,Car(Quad/Passenger),Pedestrian,Front_right,Avoiding_obstacle,0,1960.0,Female,Driver,Uninjured,Driver_seat,Home-work,Not_pedestrian,Unknown,Not_pedestrian,Seat_belt,Used,Not a holiday,0
510,201600000323,2016,9,27,Daylight,Built_up_area,Out_of_intersection,Normal,Side_two_vehicles,Manual_entry,1.71651,49.89177,True,2016-09-27,17,0,17:00,Evening,False,Autumn,1.0,0.0,70.0,Departmental_road,Bidirectional,Unknown,Flat,Curve_left,Normal,Unknown,On_road,Not_near_school,A01,Opposite_direction,Car(Quad/Passenger),Cyclist,Front_left,Reversing,0,1998.0,Male,Driver,Injured_Hospitalized,Driver_seat,Leisure,Not_pedestrian,Unknown,Not_pedestrian,Seat_belt,Used,Not a holiday,0
511,201600000323,2016,9,27,Daylight,Built_up_area,Out_of_intersection,Normal,Side_two_vehicles,Manual_entry,1.71651,49.89177,True,2016-09-27,17,0,17:00,Evening,False,Autumn,1.0,0.0,70.0,Departmental_road,Bidirectional,Unknown,Flat,Curve_left,Normal,Unknown,On_road,Not_near_school,B02,Other/Unknown,Utility(Truck/Agri),Cyclist,Front,Straight_ahead,0,1994.0,Female,Driver,Injured_Hospitalized,Driver_seat,Leisure,Not_pedestrian,Unknown,Not_pedestrian,Seat_belt,Used,Not a holiday,0
512,201600000324,2016,9,29,Daylight,Built_up_area,Out_of_intersection,Normal,Other_collision,Manual_entry,2.01978,49.88409,True,2016-09-29,14,15,14:15,Afternoon,False,Autumn,1.0,0.0,70.0,Departmental_road,Bidirectional,Unknown,Flat,Straight,Normal,Roundabout,On_road,Not_near_school,A01,Same_direction,Cycle,None,Front,Straight_ahead,0,1947.0,Male,Driver,Injured_Hospitalized,Driver_seat,Leisure,Not_pedestrian,Unknown,Not_pedestrian,Helmet,Used,Not a holiday,0
513,201600000325,2016,5,13,Daylight,Out_of_agglomeration,Out_of_intersection,Normal,Other_collision,Manual_entry,2.3371,50.00521,True,2016-05-13,18,0,18:00,Evening,False,Spring,2.0,0.0,60.0,Departmental_road,Bidirectional,Unknown,Unknown,Curve_right,Normal,Unknown,On_verge,Not_near_school,A01,Other/Unknown,Car(Quad/Passenger),None,Right_side,Straight_ahead,0,1990.0,Male,Driver,Injured_Hospitalized,Driver_seat,other,Not_pedestrian,Unknown,Not_pedestrian,Seat_belt,Used,Not a holiday,0
514,201600000326,2016,8,31,Daylight,Out_of_agglomeration,Out_of_intersection,Normal,Frontal_two_vehicles,Manual_entry,1.80144,50.12513,True,2016-08-31,16,30,16:30,Afternoon,False,Summer,2.0,0.0,0.0,Departmental_road,Bidirectional,Unknown,Flat,Straight,Normal,Interchange,On_road,Unknown,A01,Opposite_direction,Car(Quad/Passenger),Cyclist,Front_right,Roundabout,0,1945.0,Male,Driver,Uninjured,Driver_seat,Leisure,Not_pedestrian,Unknown,Not_pedestrian,Seat_belt,Used,Not a holiday,0
515,201600000326,2016,8,31,Daylight,Out_of_agglomeration,Out_of_intersection,Normal,Frontal_two_vehicles,Manual_entry,1.80144,50.12513,True,2016-08-31,16,30,16:30,Afternoon,False,Summer,2.0,0.0,0.0,Departmental_road,Bidirectional,Unknown,Flat,Straight,Normal,Interchange,On_road,Unknown,B02,Other/Unknown,Car(Quad/Passenger),Cyclist,Front,Straight_ahead,0,1995.0,Male,Driver,Injured_Hospitalized,Driver_seat,Leisure,Not_pedestrian,Unknown,Not_pedestrian,Seat_belt,Used,Not a holiday,0
516,201600000327,2016,2,23,Night_without_public_lighting,Out_of_agglomeration,Out_of_intersection,Fog_or_smoke,Other_collision,Manual_entry,1.68118,50.17462,True,2016-02-23,21,30,21:30,Night,False,Winter,2.0,0.0,70.0,Departmental_road,Bidirectional,Unknown,Flat,Curve_right,Normal,Unknown,On_verge,Unknown,A01,Other/Unknown,Car(Quad/Passenger),None,Front,Turning,0,1961.0,Male,Driver,Injured_Hospitalized,Driver_seat,Leisure,Not_pedestrian,Unknown,Not_pedestrian,Seat_belt,Undetermined,Not a holiday,0
517,201600000328,2016,4,12,Daylight,Out_of_agglomeration,Out_of_intersection,Normal,Frontal_two_vehicles,Manual_entry,1.58727,50.17968,True,2016-04-12,16,30,16:30,Afternoon,False,Spring,2.0,0.0,65.0,Departmental_road,Bidirectional,Unknown,Flat,Straight,Normal,Unknown,On_road,Unknown,A01,Other/Unknown,Car(Quad/Passenger),Cyclist,Front_right,Avoiding_obstacle,0,1995.0,Female,Driver,Injured_Hospitalized,Driver_seat,Home-work,Not_pedestrian,Unknown,Not_pedestrian,Seat_belt,Used,Not a holiday,0
518,201600000328,2016,4,12,Daylight,Out_of_agglomeration,Out_of_intersection,Normal,Frontal_two_vehicles,Manual_entry,1.58727,50.17968,True,2016-04-12,16,30,16:30,Afternoon,False,Spring,2.0,0.0,65.0,Departmental_road,Bidirectional,Unknown,Flat,Straight,Normal,Unknown,On_road,Unknown,B02,Opposite_direction,Car(Quad/Passenger),Cyclist,Front,Straight_ahead,0,1951.0,Male,Driver,Uninjured,Driver_seat,Unknown,Not_pedestrian,Unknown,Not_pedestrian,Seat_belt,Used,Not a holiday,0
519,201600000329,2016,6,25,Daylight,Built_up_area,Intersection_X,Normal,Side_two_vehicles,Manual_entry,1.60979,50.15432,True,2016-06-25,15,0,15:00,Afternoon,True,Summer,0.0,0.0,60.0,Communal_way,Bidirectional,Unknown,Unknown,Straight,Normal,Unknown,On_road,Not_near_school,A01,Opposite_direction,Car(Quad/Passenger),None,Front_left,Loss_of_control,0,1931.0,Male,Driver,Injured_Hospitalized,Driver_seat,Leisure,Not_pedestrian,Unknown,Not_pedestrian,Seat_belt,Used,Not a holiday,0
520,201600000329,2016,6,25,Daylight,Built_up_area,Intersection_X,Normal,Side_two_vehicles,Manual_entry,1.60979,50.15432,True,2016-06-25,15,0,15:00,Afternoon,True,Summer,0.0,0.0,60.0,Communal_way,Bidirectional,Unknown,Unknown,Straight,Normal,Unknown,On_road,Not_near_school,B02,Opposite_direction,Car(Quad/Passenger),Cyclist,Front,Straight_ahead,0,1965.0,Male,Driver,Uninjured,Driver_seat,Home-work,Not_pedestrian,Unknown,Not_pedestrian,Seat_belt,Used,Not a holiday,0
521,201600000330,2016,8,2,Daylight,Out_of_agglomeration,Level_crossing,Light_rain,Side_two_vehicles,Manual_entry,1.62009,50.17586,True,2016-08-02,12,30,12:30,Afternoon,False,Summer,2.0,0.0,50.0,Communal_way,Bidirectional,Unknown,Flat,Straight,Wet,Railway,On_verge,Unknown,A01,Same_direction,Car(Quad/Passenger),Animal (moving),Right_side,Straight_ahead,0,1963.0,Female,Driver,Injured_Hospitalized,Driver_seat,Home-work,Not_pedestrian,Unknown,Not_pedestrian,Seat_belt,Used,Not a holiday,0
522,201600000330,2016,8,2,Daylight,Out_of_agglomeration,Level_crossing,Light_rain,Side_two_vehicles,Manual_entry,1.62009,50.17586,True,2016-08-02,12,30,12:30,Afternoon,False,Summer,2.0,0.0,50.0,Communal_way,Bidirectional,Unknown,Flat,Straight,Wet,Railway,On_verge,Unknown,B02,Same_direction,Personal mobility,Cyclist,Front,Straight_ahead,1,1978.0,Male,Driver,Uninjured,Driver_seat,Professional use,Not_pedestrian,Unknown,Not_pedestrian,other,Used,Not a holiday,0
523,201600000331,2016,10,29,Daylight,Out_of_agglomeration,Out_of_intersection,Cloudy,Frontal_two_vehicles,Manual_entry,1.65806,50.1722,True,2016-10-29,9,15,09:15,Morning,True,Autumn,1.0,0.0,25.0,Off_public_network,Bidirectional,Cycle_bank,Flat,Curve_left,Normal,Bridge,On_bike_path,Unknown,A01,Same_direction,Cycle,other,Right_side,Avoiding_obstacle,0,2000.0,Female,Driver,Uninjured,Driver_seat,Home-work,Not_pedestrian,Unknown,Not_pedestrian,Helmet,Used,Not a holiday,0
524,201600000331,2016,10,29,Daylight,Out_of_agglomeration,Out_of_intersection,Cloudy,Frontal_two_vehicles,Manual_entry,1.65806,50.1722,True,2016-10-29,9,15,09:15,Morning,True,Autumn,1.0,0.0,25.0,Off_public_network,Bidirectional,Cycle_bank,Flat,Curve_left,Normal,Bridge,On_bike_path,Unknown,B02,Same_direction,Cycle,Cyclist,Front,Straight_ahead,0,1963.0,Male,Driver,Injured_Hospitalized,Driver_seat,Leisure,Not_pedestrian,Unknown,Not_pedestrian,Helmet,Used,Not a holiday,0
525,201600000332,2016,8,27,Daylight,Built_up_area,Out_of_intersection,Normal,Side_two_vehicles,Manual_entry,2.53259,50.05199,True,2016-08-27,14,0,14:00,Afternoon,True,Summer,2.0,0.0,0.0,Departmental_road,Bidirectional,Unknown,Flat,Straight,Normal,Unknown,On_road,Not_near_school,A01,Opposite_direction,Motorcycle,Cyclist,Front,Straight_ahead,0,1999.0,Male,Driver,Injured_Hospitalized,Driver_seat,Unknown,Not_pedestrian,Unknown,Not_pedestrian,Helmet,Used,Not a holiday,0
526,201600000332,2016,8,27,Daylight,Built_up_area,Out_of_intersection,Normal,Side_two_vehicles,Manual_entry,2.53259,50.05199,True,2016-08-27,14,0,14:00,Afternoon,True,Summer,2.0,0.0,0.0,Departmental_road,Bidirectional,Unknown,Flat,Straight,Normal,Unknown,On_road,Not_near_school,B02,Other/Unknown,Car(Quad/Passenger),None,Right_side,Turning,0,1993.0,Female,Driver,Uninjured,Driver_seat,Unknown,Not_pedestrian,Unknown,Not_pedestrian,Seat_belt,Undetermined,Not a holiday,0
527,201600000333,2016,7,3,Night_with_public_lighting_on,Built_up_area,Out_of_intersection,Normal,Other_collision,Manual_entry,2.11683,50.0416,True,2016-07-03,23,0,23:00,Night,True,Summer,2.0,0.0,0.0,Departmental_road,Unknown,Unknown,Unknown,Unknown,Unknown,Unknown,Unknown,Not_near_school,A01,Opposite_direction,Car(Quad/Passenger),Pedestrian,No_impact,None,0,1976.0,Male,Pedestrian,Injured_Hospitalized,Unknown,Leisure,On_pavement_<50m_from_crossing,Crossing,Alone,Unknown,Unknown,Not a holiday,0
528,201600000334,2016,1,8,Daylight,Built_up_area,Out_of_intersection,Normal,Other_collision,Manual_entry,2.67334,49.98335,True,2016-01-08,9,0,09:00,Morning,False,Winter,2.0,72.0,0.0,Departmental_road,Bidirectional,Unknown,Flat,Straight,Normal,Unknown,On_road,Not_near_school,A01,Opposite_direction,Car(Quad/Passenger),Cyclist,Rear_left,Avoiding_obstacle,0,1986.0,Male,Driver,Uninjured,Driver_seat,Home-work,Not_pedestrian,Unknown,Not_pedestrian,Seat_belt,Used,Not a holiday,0
529,201600000334,2016,1,8,Daylight,Built_up_area,Out_of_intersection,Normal,Other_collision,Manual_entry,2.67334,49.98335,True,2016-01-08,9,0,09:00,Morning,False,Winter,2.0,72.0,0.0,Departmental_road,Bidirectional,Unknown,Flat,Straight,Normal,Unknown,On_road,Not_near_school,B02,Opposite_direction,Motorcycle,Pedestrian,Front_right,Interaction,0,1972.0,Male,Driver,Injured_Slight,Driver_seat,Home-work,Not_pedestrian,Unknown,Not_pedestrian,Helmet,Used,Not a holiday,0
530,201600000335,2016,1,14,Night_with_public_lighting_on,Built_up_area,Out_of_intersection,Heavy_rain,Other_collision,Manual_entry,2.67231,49.98436,True,2016-01-14,8,15,08:15,Morning,False,Winter,0.0,0.0,0.0,Departmental_road,Separated_carriageways,Bike_path,Slope,Straight,Wet,Pedestrian_area,On_road,Not_near_school,A01,Opposite_direction,Car(Quad/Passenger),Pedestrian,Front,Straight_ahead,0,1938.0,Male,Driver,Uninjured,Driver_seat,Leisure,Not_pedestrian,Unknown,Not_pedestrian,Seat_belt,Used,Not a holiday,0
531,201600000336,2016,1,22,Night_with_public_lighting_on,Built_up_area,Out_of_intersection,Light_rain,Side_two_vehicles,Manual_entry,2.66285,50.00676,True,2016-01-22,18,15,18:15,Evening,False,Winter,2.0,67.0,0.0,Communal_way,Bidirectional,Unknown,Flat,Straight,Wet,Unknown,On_road,Not_near_school,A01,Opposite_direction,Car(Quad/Passenger),Cyclist,Right_side,Roundabout,0,1949.0,Male,Driver,Injured_Hospitalized,Driver_seat,Leisure,Not_pedestrian,Unknown,Not_pedestrian,Seat_belt,Used,Not a holiday,0
532,201600000336,2016,1,22,Night_with_public_lighting_on,Built_up_area,Out_of_intersection,Light_rain,Side_two_vehicles,Manual_entry,2.66285,50.00676,True,2016-01-22,18,15,18:15,Evening,False,Winter,2.0,67.0,0.0,Communal_way,Bidirectional,Unknown,Flat,Straight,Wet,Unknown,On_road,Not_near_school,B02,Opposite_direction,Utility(Truck/Agri),Cyclist,Front,Straight_ahead,0,1972.0,Male,Driver,Injured_Hospitalized,Driver_seat,Professional use,Not_pedestrian,Unknown,Not_pedestrian,Seat_belt,Used,Not a holiday,0
533,201600000337,2016,2,26,Night_with_public_lighting_on,Built_up_area,Out_of_intersection,Normal,No_collision,Manual_entry,2.64145,50.00097,True,2016-02-26,19,45,19:45,Evening,False,Winter,0.0,0.0,71.0,Communal_way,Bidirectional,Unknown,Slope,Straight,Normal,Unknown,On_road,Not_near_school,A01,Opposite_direction,Motorcycle,None,Front_left,Interaction,0,1996.0,Male,Driver,Injured_Slight,Driver_seat,Leisure,Not_pedestrian,Unknown,Not_pedestrian,Helmet,Used,Not a holiday,0
534,201600000338,2016,3,16,Daylight,Built_up_area,Out_of_intersection,Normal,Side_two_vehicles,Manual_entry,2.63998,50.00333,True,2016-03-16,17,15,17:15,Evening,False,Spring,0.0,0.0,67.0,Communal_way,Bidirectional,Unknown,Hill_bottom,Straight,Normal,Unknown,On_road,Not_near_school,A01,Opposite_direction,Utility(Truck/Agri),Cyclist,Right_side,Roundabout,0,1958.0,Male,Driver,Uninjured,Driver_seat,Professional use,Not_pedestrian,Unknown,Not_pedestrian,Seat_belt,Used,Not a holiday,0
535,201600000338,2016,3,16,Daylight,Built_up_area,Out_of_intersection,Normal,Side_two_vehicles,Manual_entry,2.63998,50.00333,True,2016-03-16,17,15,17:15,Evening,False,Spring,0.0,0.0,67.0,Communal_way,Bidirectional,Unknown,Hill_bottom,Straight,Normal,Unknown,On_road,Not_near_school,B02,Opposite_direction,Motorcycle,Cyclist,Front,Interaction,0,2000.0,Male,Driver,Injured_Hospitalized,Driver_seat,Unknown,Not_pedestrian,Unknown,Not_pedestrian,Helmet,Used,Not a holiday,0
536,201600000339,2016,4,19,Daylight,Out_of_agglomeration,Out_of_intersection,Normal,Other_collision,Manual_entry,2.65794,50.04205,True,2016-04-19,12,30,12:30,Afternoon,False,Spring,2.0,0.0,0.0,Departmental_road,Bidirectional,Unknown,Flat,Straight,Normal,Unknown,On_road,Unknown,A01,Opposite_direction,Car(Quad/Passenger),None,Right_side,Turning,0,1968.0,Female,Driver,Injured_Hospitalized,Driver_seat,Leisure,Not_pedestrian,Unknown,Not_pedestrian,Seat_belt,Used,Not a holiday,0
537,201600000340,2016,5,11,Daylight,Built_up_area,Out_of_intersection,Normal,Side_two_vehicles,Manual_entry,2.66139,50.00603,True,2016-05-11,12,0,12:00,Afternoon,False,Spring,0.0,0.0,0.0,Communal_way,Bidirectional,Unknown,Flat,Straight,Normal,Unknown,On_road,Unknown,A01,Same_direction,Car(Quad/Passenger),Cyclist,Front_right,Park/Start/Stop,0,1992.0,Male,Driver,Injured_Slight,Driver_seat,Shopping,Not_pedestrian,Unknown,Not_pedestrian,Seat_belt,Used,Not a holiday,0
538,201600000340,2016,5,11,Daylight,Built_up_area,Out_of_intersection,Normal,Side_two_vehicles,Manual_entry,2.66139,50.00603,True,2016-05-11,12,0,12:00,Afternoon,False,Spring,0.0,0.0,0.0,Communal_way,Bidirectional,Unknown,Flat,Straight,Normal,Unknown,On_road,Unknown,B02,Same_direction,Car(Quad/Passenger),Cyclist,Right_side,Straight_ahead,0,1985.0,Female,Driver,Injured_Slight,Driver_seat,Home-school,Not_pedestrian,Unknown,Not_pedestrian,Seat_belt,Used,Not a holiday,0
539,201600000341,2016,5,24,Daylight,Built_up_area,Out_of_intersection,Normal,Other_collision,Manual_entry,2.65699,50.0043,True,2016-05-24,14,15,14:15,Afternoon,False,Spring,2.0,0.0,0.0,Communal_way,Separated_carriageways,Unknown,Flat,Straight,Normal,Unknown,On_road,Unknown,A01,Same_direction,Car(Quad/Passenger),Pedestrian,Right_side,Straight_ahead,0,1963.0,Male,Driver,Uninjured,Driver_seat,Leisure,Not_pedestrian,Unknown,Not_pedestrian,Seat_belt,Used,Not a holiday,0
540,201600000342,2016,5,25,Night_with_public_lighting_on,Built_up_area,Roundabout,Normal,Side_two_vehicles,Manual_entry,2.65726,49.99323,True,2016-05-25,23,0,23:00,Night,False,Spring,0.0,0.0,0.0,Communal_way,Unknown,Unknown,Unknown,Unknown,Unknown,Unknown,Unknown,Not_near_school,A01,Same_direction,Motorcycle,Cyclist,Front,Straight_ahead,0,1991.0,Male,Driver,Injured_Hospitalized,Driver_seat,Home-work,Not_pedestrian,Unknown,Not_pedestrian,Helmet,Used,Not a holiday,0
541,201600000342,2016,5,25,Night_with_public_lighting_on,Built_up_area,Roundabout,Normal,Side_two_vehicles,Manual_entry,2.65726,49.99323,True,2016-05-25,23,0,23:00,Night,False,Spring,0.0,0.0,0.0,Communal_way,Unknown,Unknown,Unknown,Unknown,Unknown,Unknown,Unknown,Not_near_school,B02,Same_direction,Car(Quad/Passenger),Cyclist,Left_side,Straight_ahead,0,1976.0,Male,Driver,Uninjured,Driver_seat,other,Not_pedestrian,Unknown,Not_pedestrian,Seat_belt,Used,Not a holiday,0
542,201600000343,2016,6,10,Twilight_or_dawn,Out_of_agglomeration,Out_of_intersection,Normal,Other_collision,Manual_entry,2.69867,50.06687,True,2016-06-10,19,0,19:00,Evening,False,Summer,2.0,57.0,0.0,Departmental_road,Bidirectional,Unknown,Slope,Curve_left,Normal,Unknown,On_verge,Not_near_school,A01,Opposite_direction,Car(Quad/Passenger),None,Front,None,0,1988.0,Male,Driver,Injured_Hospitalized,Driver_seat,Unknown,Not_pedestrian,Unknown,Not_pedestrian,Seat_belt,Not_used,Not a holiday,0
543,201600000344,2016,8,28,Daylight,Out_of_agglomeration,Out_of_intersection,Normal,Side_two_vehicles,Manual_entry,2.66614,50.03458,True,2016-08-28,11,45,11:45,Morning,True,Summer,2.0,0.0,0.0,Departmental_road,Bidirectional,Unknown,Slope,Curve_right,Normal,Unknown,On_road,Unknown,A01,Opposite_direction,Motorcycle,Cyclist,Right_side,Avoiding_obstacle,0,1970.0,Male,Driver,Injured_Hospitalized,Driver_seat,Leisure,Not_pedestrian,Unknown,Not_pedestrian,Helmet,Undetermined,Not a holiday,0
544,201600000344,2016,8,28,Daylight,Out_of_agglomeration,Out_of_intersection,Normal,Side_two_vehicles,Manual_entry,2.66614,50.03458,True,2016-08-28,11,45,11:45,Morning,True,Summer,2.0,0.0,0.0,Departmental_road,Bidirectional,Unknown,Slope,Curve_right,Normal,Unknown,On_road,Unknown,B02,Other/Unknown,Car(Quad/Passenger),Cyclist,Right_side,Straight_ahead,0,1952.0,Male,Driver,Uninjured,Driver_seat,Leisure,Not_pedestrian,Unknown,Not_pedestrian,Seat_belt,Undetermined,Not a holiday,0
545,201600000345,2016,10,14,Daylight,Out_of_agglomeration,Out_of_intersection,Light_rain,No_collision,Manual_entry,2.71405,50.01007,True,2016-10-14,17,45,17:45,Evening,False,Autumn,2.0,0.0,55.0,Departmental_road,Bidirectional,Unknown,Flat,Curve_right,Wet,Unknown,On_verge,Unknown,A01,Opposite_direction,Car(Quad/Passenger),None,Front,Straight_ahead,0,1960.0,Male,Driver,Injured_Hospitalized,Driver_seat,Unknown,Not_pedestrian,Unknown,Not_pedestrian,Seat_belt,Used,Not a holiday,0
546,201600000346,2016,12,31,Night_without_public_lighting,Out_of_agglomeration,Out_of_intersection,Fog_or_smoke,Other_collision,Manual_entry,2.59458,49.99964,True,2016-12-31,20,30,20:30,Evening,True,Winter,2.0,0.0,0.0,Departmental_road,Bidirectional,Unknown,Flat,Unknown,Icy,Unknown,On_verge,Unknown,A01,Other/Unknown,Car(Quad/Passenger),None,Front_right,Interaction,0,1998.0,Male,Driver,Uninjured,Driver_seat,Leisure,Not_pedestrian,Unknown,Not_pedestrian,Seat_belt,Used,Not a holiday,0
547,201600000347,2016,2,13,Night_without_public_lighting,Out_of_agglomeration,Out_of_intersection,Normal,Other_collision,Manual_entry,,,False,2016-02-13,5,30,05:30,Morning,True,Winter,2.0,0.0,0.0,Departmental_road,Bidirectional,Unknown,Flat,Straight,Normal,Unknown,On_road,Unknown,A01,Opposite_direction,Car(Quad/Passenger),Pedestrian,Front,Straight_ahead,0,1985.0,Male,Driver,Uninjured,Driver_seat,Home-work,Not_pedestrian,Unknown,Not_pedestrian,Seat_belt,Used,Not a holiday,0
548,201600000348,2016,2,19,Daylight,Built_up_area,Out_of_intersection,Normal,Rear_end_two_vehicles,Manual_entry,3.66483,49.52477,True,2016-02-19,16,45,16:45,Afternoon,False,Winter,2.0,0.0,0.0,Communal_way,Bidirectional,Unknown,Flat,Straight,Normal,Unknown,On_road,Near_school,B02,Same_direction,Cycle,Cyclist,Rear_right,Straight_ahead,0,1951.0,Male,Driver,Killed,Driver_seat,Leisure,Not_pedestrian,Unknown,Not_pedestrian,Reflective_equipment,Used,Not a holiday,0
549,201600000348,2016,2,19,Daylight,Built_up_area,Out_of_intersection,Normal,Rear_end_two_vehicles,Manual_entry,3.66483,49.52477,True,2016-02-19,16,45,16:45,Afternoon,False,Winter,2.0,0.0,0.0,Communal_way,Bidirectional,Unknown,Flat,Straight,Normal,Unknown,On_road,Near_school,A01,Same_direction,Car(Quad/Passenger),Cyclist,Front_right,Straight_ahead,0,1995.0,Male,Driver,Uninjured,Driver_seat,Home-work,Not_pedestrian,Unknown,Not_pedestrian,Seat_belt,Used,Not a holiday,0
550,201600000349,2016,3,8,Night_without_public_lighting,Out_of_agglomeration,Intersection_T,Light_rain,Side_two_vehicles,Manual_entry,,,False,2016-03-08,4,45,04:45,Night,False,Spring,2.0,0.0,60.0,Departmental_road,Bidirectional,Unknown,Slope,Straight,Wet,Unknown,On_road,Unknown,B02,Opposite_direction,Bus/Coach,Cyclist,Front_left,Turning,0,1967.0,Male,Driver,Uninjured,Driver_seat,Professional use,Not_pedestrian,Unknown,Not_pedestrian,Seat_belt,Used,Not a holiday,0
551,201600000349,2016,3,8,Night_without_public_lighting,Out_of_agglomeration,Intersection_T,Light_rain,Side_two_vehicles,Manual_entry,,,False,2016-03-08,4,45,04:45,Night,False,Spring,2.0,0.0,60.0,Departmental_road,Bidirectional,Unknown,Slope,Straight,Wet,Unknown,On_road,Unknown,A01,Opposite_direction,Car(Quad/Passenger),Cyclist,Front,Straight_ahead,0,1990.0,Female,Driver,Injured_Hospitalized,Driver_seat,Home-work,Not_pedestrian,Unknown,Not_pedestrian,Seat_belt,Used,Not a holiday,0
552,201600000350,2016,7,15,Daylight,Out_of_agglomeration,Out_of_intersection,Normal,Frontal_two_vehicles,Manual_entry,,,False,2016-07-15,13,15,13:15,Afternoon,False,Summer,2.0,0.0,65.0,Departmental_road,Bidirectional,Unknown,Slope,Curve_left,Normal,Unknown,On_road,Unknown,B02,Other/Unknown,Car(Quad/Passenger),Cyclist,Right_side,None,0,1972.0,Male,Driver,Injured_Slight,Driver_seat,Home-work,Not_pedestrian,Unknown,Not_pedestrian,Seat_belt,Used,Not a holiday,0
553,201600000350,2016,7,15,Daylight,Out_of_agglomeration,Out_of_intersection,Normal,Frontal_two_vehicles,Manual_entry,,,False,2016-07-15,13,15,13:15,Afternoon,False,Summer,2.0,0.0,65.0,Departmental_road,Bidirectional,Unknown,Slope,Curve_left,Normal,Unknown,On_road,Unknown,A01,Opposite_direction,Utility(Truck/Agri),Cyclist,Right_side,None,0,1997.0,Female,Driver,Injured_Hospitalized,Driver_seat,Leisure,Not_pedestrian,Unknown,Not_pedestrian,Seat_belt,Used,Not a holiday,0
554,201600000351,2016,9,6,Daylight,Out_of_agglomeration,Out_of_intersection,Light_rain,Frontal_two_vehicles,Manual_entry,,,False,2016-09-06,10,45,10:45,Morning,False,Autumn,2.0,0.0,73.0,Departmental_road,Bidirectional,Unknown,Unknown,Straight,Normal,Unknown,On_road,Unknown,B02,Other/Unknown,Bus/Coach,Cyclist,Right_side,Straight_ahead,0,1959.0,Male,Driver,Uninjured,Driver_seat,Professional use,Not_pedestrian,Unknown,Not_pedestrian,Seat_belt,Used,Not a holiday,0
555,201600000351,2016,9,6,Daylight,Out_of_agglomeration,Out_of_intersection,Light_rain,Frontal_two_vehicles,Manual_entry,,,False,2016-09-06,10,45,10:45,Morning,False,Autumn,2.0,0.0,73.0,Departmental_road,Bidirectional,Unknown,Unknown,Straight,Normal,Unknown,On_road,Unknown,A01,Opposite_direction,Car(Quad/Passenger),Cyclist,Right_side,Avoiding_obstacle,0,1958.0,Female,Driver,Killed,Driver_seat,other,Not_pedestrian,Unknown,Not_pedestrian,Seat_belt,Used,Not a holiday,0
556,201600000352,2016,10,23,Night_without_public_lighting,Out_of_agglomeration,Intersection_X,Heavy_rain,Multiple_three_plus,Manual_entry,,,False,2016-10-23,20,45,20:45,Evening,True,Autumn,2.0,0.0,80.0,National_road,Bidirectional,Unknown,Flat,Straight,Wet,Unknown,On_road,Unknown,A01,Opposite_direction,Car(Quad/Passenger),Cyclist,Front,Avoiding_obstacle,0,1971.0,Male,Driver,Injured_Hospitalized,Driver_seat,Home-work,Not_pedestrian,Unknown,Not_pedestrian,Seat_belt,Used,Not a holiday,0
557,201600000352,2016,10,23,Night_without_public_lighting,Out_of_agglomeration,Intersection_X,Heavy_rain,Multiple_three_plus,Manual_entry,,,False,2016-10-23,20,45,20:45,Evening,True,Autumn,2.0,0.0,80.0,National_road,Bidirectional,Unknown,Flat,Straight,Wet,Unknown,On_road,Unknown,B02,Other/Unknown,Car(Quad/Passenger),Cyclist,Front,Straight_ahead,0,1949.0,Female,Driver,Injured_Slight,Driver_seat,Leisure,Not_pedestrian,Unknown,Not_pedestrian,Seat_belt,Used,Not a holiday,0