,accident_id,year,month,day,lighting_label,urban_label,intersection_label,weather_label,collision_label,gps_label,longitude_num,latitude_num,valid_geo,date,hour,minute,time_hhmm,time_of_day,is_weekend,season,num_lanes,pedestrian_crossing_width,road_width,road_category_label,traffic_regime_label,reserved_lane_label,road_profile_label,road_layout_label,surface_condition_label,infrastructure_label,situation_label,school_zone_label,vehicle_id,traffic_direction_label,vehicle_category_label,mobile_obstacle_label,impact_point_label,manoeuvre_label,occupants_group,birth_year,sex_label,user_category_label,injury_severity_label,seat_position_label,journey_purpose_label,pedestrian_location_label,pedestrian_action_label,pedestrian_state_label,safety_equipment_type,safety_equipment_usage,holiday_name,is_holiday
609,201600000383,2016,4,20,Twilight_or_dawn,Out_of_agglomeration,Level_crossing,Dazzling,Side_two_vehicles,Manual_entry,,,False,2016-04-20,7,30,07:30,Morning,False,Spring,2.0,0.0,60.0,Departmental_road,Bidirectional,Unknown,Unknown,S-bend,Normal,Railway,On_road,Unknown,A01,Other/Unknown,Car(Quad/Passenger),Animal (moving),Right_side,Straight_ahead,0,1988.0,Female,Driver,Injured_Hospitalized,Driver_seat,Home-work,Not_pedestrian,Unknown,Not_pedestrian,Seat_belt,Undetermined,Not a holiday,0
610,201600000384,2016,4,21,Daylight,Out_of_agglomeration,Out_of_intersection,Normal,Side_two_vehicles,Manual_entry,,,False,2016-04-21,17,30,17:30,Evening,False,Spring,4.0,0.0,0.0,Departmental_road,Separated_carriageways,Unknown,Hill_bottom,Straight,Normal,Unknown,On_road,Unknown,B02,Opposite_direction,Utility(Truck/Agri),Cyclist,Front_right,other,0,1963.0,Male,Driver,Uninjured,Driver_seat,Professional use,Not_pedestrian,Unknown,Not_pedestrian,Seat_belt,Used,Not a holiday,0
611,201600000384,2016,4,21,Daylight,Out_of_agglomeration,Out_of_intersection,Normal,Side_two_vehicles,Manual_entry,,,False,2016-04-21,17,30,17:30,Evening,False,Spring,4.0,0.0,0.0,Departmental_road,Separated_carriageways,Unknown,Hill_bottom,Straight,Normal,Unknown,On_road,Unknown,A01,Opposite_direction,Car(Quad/Passenger),Cyclist,Rear_left,Roundabout,0,1990.0,Male,Driver,Injured_Slight,Driver_seat,Leisure,Not_pedestrian,Unknown,Not_pedestrian,Seat_belt,Undetermined,Not a holiday,0
612,201600000385,2016,7,3,Daylight,Out_of_agglomeration,Out_of_intersection,Normal,No_collision,Manual_entry,,,False,2016-07-03,11,15,11:15,Morning,True,Summer,2.0,0.0,0.0,Departmental_road,Bidirectional,Unknown,Unknown,Curve_right,Normal,Unknown,On_road,Unknown,A01,Opposite_direction,Motorcycle,None,Front,Avoiding_obstacle,0,1990.0,Male,Driver,Injured_Hospitalized,Driver_seat,Leisure,Not_pedestrian,Unknown,Not_pedestrian,Helmet,Used,Not a holiday,0
613,201600000386,2016,3,3,Daylight,Built_up_area,Intersection_T,Light_rain,Frontal_two_vehicles,Manual_entry,3.45277,49.98223,True,2016-03-03,17,0,17:00,Evening,False,Spring,2.0,0.0,60.0,Departmental_road,Bidirectional,Unknown,Slope,Straight,Wet,Unknown,On_road,Unknown,A01,Other/Unknown,Car(Quad/Passenger),Cyclist,Front_right,Roundabout,0,1980.0,Male,Driver,Uninjured,Driver_seat,Unknown,Not_pedestrian,Unknown,Not_pedestrian,Seat_belt,Used,Not a holiday,0
614,201600000386,2016,3,3,Daylight,Built_up_area,Intersection_T,Light_rain,Frontal_two_vehicles,Manual_entry,3.45277,49.98223,True,2016-03-03,17,0,17:00,Evening,False,Spring,2.0,0.0,60.0,Departmental_road,Bidirectional,Unknown,Slope,Straight,Wet,Unknown,On_road,Unknown,B02,Opposite_direction,Cycle,Cyclist,Front,Straight_ahead,0,1968.0,Male,Driver,Injured_Slight,Driver_seat,Home-work,Not_pedestrian,Unknown,Not_pedestrian,Helmet,Used,Not a holiday,0
615,201600000387,2016,3,26,Daylight,Out_of_agglomeration,Out_of_intersection,Normal,Frontal_two_vehicles,Manual_entry,,,False,2016-03-26,10,30,10:30,Morning,True,Spring,2.0,0.0,0.0,Departmental_road,Bidirectional,Unknown,Flat,Straight,Wet,Unknown,On_road,Not_near_school,A01,Other/Unknown,Car(Quad/Passenger),None,No_impact,None,0,1984.0,Male,Driver,Injured_Hospitalized,Driver_seat,Unknown,Not_pedestrian,Unknown,Not_pedestrian,Seat_belt,Used,Not a holiday,0
616,201600000387,2016,3,26,Daylight,Out_of_agglomeration,Out_of_intersection,Normal,Frontal_two_vehicles,Manual_entry,,,False,2016-03-26,10,30,10:30,Morning,True,Spring,2.0,0.0,0.0,Departmental_road,Bidirectional,Unknown,Flat,Straight,Wet,Unknown,On_road,Not_near_school,B02,Opposite_direction,Utility(Truck/Agri),None,No_impact,None,0,1967.0,Male,Driver,Injured_Slight,Driver_seat,Shopping,Not_pedestrian,Unknown,Not_pedestrian,Seat_belt,Used,Not a holiday,0
617,201600000388,2016,6,19,Twilight_or_dawn,Out_of_agglomeration,Out_of_intersection,Normal,Other_collision,Manual_entry,,,False,2016-06-19,5,30,05:30,Morning,True,Summer,2.0,0.0,60.0,Departmental_road,Bidirectional,Unknown,Flat,Curve_right,Normal,Unknown,On_verge,Unknown,A01,Other/Unknown,Car(Quad/Passenger),None,Left_side,Turning,0,1996.0,Male,Driver,Uninjured,Driver_seat,Leisure,Not_pedestrian,Unknown,Not_pedestrian,Seat_belt,Used,Not a holiday,0
618,201600000389,2016,9,23,Night_with_public_lighting_on,Built_up_area,Out_of_intersection,Normal,Other_collision,Manual_entry,3.18734,49.96356,True,2016-09-23,23,45,23:45,Night,False,Autumn,2.0,60.0,0.0,Departmental_road,Bidirectional,Unknown,Slope,Straight,Normal,Unknown,On_sidewalk,Unknown,A01,Other/Unknown,Motorcycle,None,Front,Avoiding_obstacle,0,1999.0,Male,Driver,Injured_Hospitalized,Driver_seat,Leisure,Not_pedestrian,Unknown,Not_pedestrian,Helmet,Used,Not a holiday,0
619,201600000390,2016,1,16,Daylight,Built_up_area,Out_of_intersection,Other,Other_collision,Manual_entry,,,False,2016-01-16,10,0,10:00,Morning,True,Winter,2.0,0.0,66.0,Departmental_road,Bidirectional,Unknown,Slope,Straight,Icy,Unknown,On_sidewalk,Unknown,A01,Other/Unknown,Car(Quad/Passenger),Pedestrian,Right_side,Avoiding_obstacle,0,1973.0,Male,Driver,Uninjured,Driver_seat,Home-work,Not_pedestrian,Unknown,Not_pedestrian,Seat_belt,Used,Not a holiday,0
620,201600000391,2016,1,22,Twilight_or_dawn,Out_of_agglomeration,Out_of_intersection,Other,No_collision,Manual_entry,,,False,2016-01-22,7,45,07:45,Morning,False,Winter,2.0,0.0,0.0,Departmental_road,Bidirectional,Unknown,Slope,S-bend,Icy,Unknown,On_road,Unknown,A01,Opposite_direction,Car(Quad/Passenger),None,Multiple impacts,Avoiding_obstacle,0,1989.0,Male,Driver,Injured_Hospitalized,Driver_seat,Home-work,Not_pedestrian,Unknown,Not_pedestrian,Seat_belt,Undetermined,Not a holiday,0
621,201600000392,2016,1,25,Daylight,Out_of_agglomeration,Out_of_intersection,Normal,Rear_end_two_vehicles,Manual_entry,,,False,2016-01-25,13,45,13:45,Afternoon,False,Winter,2.0,0.0,0.0,Departmental_road,Bidirectional,Unknown,Flat,Straight,Normal,Unknown,On_road,Unknown,A01,Other/Unknown,Car(Quad/Passenger),Cyclist,Front,Straight_ahead,0,1980.0,Male,Driver,Uninjured,Driver_seat,Home-work,Not_pedestrian,Unknown,Not_pedestrian,Seat_belt,Used,Not a holiday,0
622,201600000392,2016,1,25,Daylight,Out_of_agglomeration,Out_of_intersection,Normal,Rear_end_two_vehicles,Manual_entry,,,False,2016-01-25,13,45,13:45,Afternoon,False,Winter,2.0,0.0,0.0,Departmental_road,Bidirectional,Unknown,Flat,Straight,Normal,Unknown,On_road,Unknown,B02,Other/Unknown,Motorcycle,None,Rear_right,Straight_ahead,0,1953.0,Male,Driver,Injured_Hospitalized,Driver_seat,Leisure,Not_pedestrian,Unknown,Not_pedestrian,Seat_belt,Used,Not a holiday,0
623,201600000393,2016,6,9,Daylight,Out_of_agglomeration,Intersection_X,Normal,Side_two_vehicles,Manual_entry,,,False,2016-06-09,17,45,17:45,Evening,False,Summer,2.0,0.0,0.0,Departmental_road,Bidirectional,Unknown,Slope,Straight,Normal,Unknown,On_road,Unknown,B02,Opposite_direction,Car(Quad/Passenger),Cyclist,Front,Straight_ahead,0,1989.0,Male,Driver,Injured_Slight,Driver_seat,other,Not_pedestrian,Unknown,Not_pedestrian,Seat_belt,Used,Not a holiday,0
624,201600000393,2016,6,9,Daylight,Out_of_agglomeration,Intersection_X,Normal,Side_two_vehicles,Manual_entry,,,False,2016-06-09,17,45,17:45,Evening,False,Summer,2.0,0.0,0.0,Departmental_road,Bidirectional,Unknown,Slope,Straight,Normal,Unknown,On_road,Unknown,A01,Other/Unknown,Car(Quad/Passenger),Cyclist,Front_right,Roundabout,0,1959.0,Female,Driver,Injured_Hospitalized,Driver_seat,Leisure,Not_pedestrian,Unknown,Not_pedestrian,Seat_belt,Undetermined,Not a holiday,0
625,201600000394,2016,8,29,Night_with_public_lighting_not_functioning,Out_of_agglomeration,Intersection_T,Normal,Frontal_two_vehicles,Manual_entry,,,False,2016-08-29,23,45,23:45,Night,False,Summer,2.0,0.0,0.0,Departmental_road,Bidirectional,Unknown,Unknown,Straight,Normal,Unknown,On_road,Unknown,A01,Other/Unknown,Car(Quad/Passenger),Cyclist,Front_right,Roundabout,0,1996.0,Male,Driver,Injured_Slight,Driver_seat,other,Not_pedestrian,Unknown,Not_pedestrian,Seat_belt,Used,Not a holiday,0
626,201600000394,2016,8,29,Night_with_public_lighting_not_functioning,Out_of_agglomeration,Intersection_T,Normal,Frontal_two_vehicles,Manual_entry,,,False,2016-08-29,23,45,23:45,Night,False,Summer,2.0,0.0,0.0,Departmental_road,Bidirectional,Unknown,Unknown,Straight,Normal,Unknown,On_road,Unknown,B02,Opposite_direction,Car(Quad/Passenger),Cyclist,Rear_left,Straight_ahead,0,1973.0,Male,Driver,Injured_Slight,Driver_seat,other,Not_pedestrian,Unknown,Not_pedestrian,Seat_belt,Used,Not a holiday,0
627,201600000395,2016,9,15,Twilight_or_dawn,Out_of_agglomeration,Out_of_intersection,Normal,Other_collision,Manual_entry,,,False,2016-09-15,7,15,07:15,Morning,False,Autumn,2.0,0.0,70.0,Departmental_road,Bidirectional,Unknown,Flat,Straight,Normal,Unknown,On_verge,Unknown,A01,Opposite_direction,Car(Quad/Passenger),None,Front,Turning,0,1991.0,Male,Driver,Injured_Hospitalized,Driver_seat,Leisure,Not_pedestrian,Unknown,Not_pedestrian,Seat_belt,Undetermined,Not a holiday,0
628,201600000396,2016,9,23,Night_without_public_lighting,Out_of_agglomeration,Out_of_intersection,Normal,Other_collision,Manual_entry,,,False,2016-09-23,3,45,03:45,Night,False,Autumn,2.0,0.0,0.0,Departmental_road,Bidirectional,Unknown,Unknown,Unknown,Unknown,Unknown,On_verge,Unknown,A01,Opposite_direction,Car(Quad/Passenger),None,Front,Turning,0,1987.0,Male,Driver,Injured_Hospitalized,Driver_seat,Unknown,Not_pedestrian,Unknown,Not_pedestrian,Seat_belt,Used,Not a holiday,0
629,201600000397,2016,10,29,Night_without_public_lighting,Out_of_agglomeration,Out_of_intersection,Normal,Other_collision,Manual_entry,,,False,2016-10-29,1,15,01:15,Night,True,Autumn,2.0,0.0,0.0,Departmental_road,Bidirectional,Unknown,Unknown,Unknown,Unknown,Unknown,On_road,Unknown,A01,Opposite_direction,Car(Quad/Passenger),None,Front,Turning,0,1998.0,Male,Driver,Injured_Hospitalized,Driver_seat,Leisure,Not_pedestrian,Unknown,Not_pedestrian,Seat_belt,Used,Not a holiday,0
630,201600000398,2016,12,25,Night_without_public_lighting,Out_of_agglomeration,Out_of_intersection,Light_rain,Other_collision,Manual_entry,,,False,2016-12-25,1,0,01:00,Night,True,Winter,2.0,0.0,60.0,Departmental_road,Bidirectional,Unknown,Flat,Straight,Wet,Unknown,On_road,Unknown,A01,Opposite_direction,Car(Quad/Passenger),Pedestrian,Right_side,Straight_ahead,0,1986.0,Female,Driver,Uninjured,Driver_seat,Leisure,Not_pedestrian,Unknown,Not_pedestrian,Seat_belt,Used,Christmas Day,1
631,201600000399,2016,5,21,Daylight,Out_of_agglomeration,Intersection_X,Normal,Side_two_vehicles,Manual_entry,,,False,2016-05-21,16,45,16:45,Afternoon,True,Spring,4.0,0.0,0.0,National_road,Variable_assignment,Unknown,Hilltop,Straight,Normal,Unknown,On_road,Unknown,B02,Other/Unknown,Car(Quad/Passenger),Cyclist,Front,Straight_ahead,0,1987.0,Male,Driver,Injured_Slight,Driver_seat,Leisure,Not_pedestrian,Unknown,Not_pedestrian,Seat_belt,Used,Not a holiday,0
632,201600000399,2016,5,21,Daylight,Out_of_agglomeration,Intersection_X,Normal,Side_two_vehicles,Manual_entry,,,False,2016-05-21,16,45,16:45,Afternoon,True,Spring,4.0,0.0,0.0,National_road,Variable_assignment,Unknown,Hilltop,Straight,Normal,Unknown,On_road,Unknown,A01,Opposite_direction,Car(Quad/Passenger),Cyclist,Front_right,Roundabout,0,1927.0,Male,Driver,Killed,Driver_seat,Leisure,Not_pedestrian,Unknown,Not_pedestrian,Seat_belt,Used,Not a holiday,0
633,201600000400,2016,10,12,Daylight,Out_of_agglomeration,Out_of_intersection,Fog_or_smoke,Rear_end_two_vehicles,Manual_entry,,,False,2016-10-12,9,30,09:30,Morning,False,Autumn,4.0,0.0,0.0,National_road,Separated_carriageways,Unknown,Flat,Straight,Normal,Unknown,On_road,Unknown,A01,Other/Unknown,Motorcycle,Cyclist,Front,Straight_ahead,0,1987.0,Male,Driver,Injured_Hospitalized,Driver_seat,Home-work,Not_pedestrian,Unknown,Not_pedestrian,Helmet,Used,Not a holiday,0
634,201600000400,2016,10,12,Daylight,Out_of_agglomeration,Out_of_intersection,Fog_or_smoke,Rear_end_two_vehicles,Manual_entry,,,False,2016-10-12,9,30,09:30,Morning,False,Autumn,4.0,0.0,0.0,National_road,Separated_carriageways,Unknown,Flat,Straight,Normal,Unknown,On_road,Unknown,B02,Other/Unknown,Utility(Truck/Agri),None,Rear,Straight_ahead,0,1991.0,Male,Driver,Uninjured,Driver_seat,Professional use,Not_pedestrian,Unknown,Not_pedestrian,Seat_belt,Used,Not a holiday,0
635,201600000401,2016,11,4,Daylight,Out_of_agglomeration,Out_of_intersection,Normal,Frontal_two_vehicles,Manual_entry,,,False,2016-11-04,15,15,15:15,Afternoon,False,Autumn,2.0,0.0,140.0,National_road,Bidirectional,Unknown,Unknown,Straight,Normal,Unknown,On_road,Unknown,A01,Other/Unknown,Car(Quad/Passenger),Cyclist,Front,Avoiding_obstacle,0,1977.0,Male,Driver,Killed,Driver_seat,other,Not_pedestrian,Unknown,Not_pedestrian,Seat_belt,Used,Not a holiday,0
636,201600000401,2016,11,4,Daylight,Out_of_agglomeration,Out_of_intersection,Normal,Frontal_two_vehicles,Manual_entry,,,False,2016-11-04,15,15,15:15,Afternoon,False,Autumn,2.0,0.0,140.0,National_road,Bidirectional,Unknown,Unknown,Straight,Normal,Unknown,On_road,Unknown,B02,Opposite_direction,Bus/Coach,Cyclist,Front,Straight_ahead,0,1971.0,Male,Driver,Injured_Hospitalized,Driver_seat,Professional use,Not_pedestrian,Unknown,Not_pedestrian,Seat_belt,Used,Not a holiday,0
637,201600000402,2016,11,7,Daylight,Out_of_agglomeration,Out_of_intersection,Normal,Multiple_three_plus,Manual_entry,,,False,2016-11-07,16,0,16:00,Afternoon,False,Autumn,3.0,140.0,0.0,National_road,Bidirectional,Unknown,Unknown,Straight,Normal,Unknown,On_road,Unknown,B02,Other/Unknown,other,Cyclist,Rear_left,Straight_ahead,0,1990.0,Male,Driver,Uninjured,Driver_seat,Professional use,Not_pedestrian,Unknown,Not_pedestrian,Seat_belt,Used,Not a holiday,0
638,201600000402,2016,11,7,Daylight,Out_of_agglomeration,Out_of_intersection,Normal,Multiple_three_plus,Manual_entry,,,False,2016-11-07,16,0,16:00,Afternoon,False,Autumn,3.0,140.0,0.0,National_road,Bidirectional,Unknown,Unknown,Straight,Normal,Unknown,On_road,Unknown,A01,Other/Unknown,Car(Quad/Passenger),Cyclist,Right_side,Avoiding_obstacle,0,1975.0,Female,Driver,Injured_Slight,Driver_seat,Leisure,Not_pedestrian,Unknown,Not_pedestrian,Seat_belt,Used,Not a holiday,0
639,201600000402,2016,11,7,Daylight,Out_of_agglomeration,Out_of_intersection,Normal,Multiple_three_plus,Manual_entry,,,False,2016-11-07,16,0,16:00,Afternoon,False,Autumn,3.0,140.0,0.0,National_road,Bidirectional,Unknown,Unknown,Straight,Normal,Unknown,On_road,Unknown,C03,Opposite_direction,Bus/Coach,Cyclist,Right_side,Interaction,0,1970.0,Male,Driver,Uninjured,Driver_seat,Professional use,Not_pedestrian,Unknown,Not_pedestrian,Seat_belt,Used,Not a holiday,0
640,201600000403,2016,11,19,Night_without_public_lighting,Built_up_area,Out_of_intersection,Normal,Other_collision,Manual_entry,3.13601,49.41023,True,2016-11-19,6,0,06:00,Morning,True,Autumn,2.0,0.0,120.0,Departmental_road,Bidirectional,Unknown,Flat,Straight,Normal,Unknown,On_sidewalk,Unknown,A01,Opposite_direction,Car(Quad/Passenger),None,Front,Avoiding_obstacle,0,1996.0,Male,Driver,Uninjured,Driver_seat,Leisure,Not_pedestrian,Unknown,Not_pedestrian,Seat_belt,Used,Not a holiday,0
641,201600000404,2016,2,22,Daylight,Built_up_area,Intersection_Y,Normal,Rear_end_two_vehicles,Manual_entry,3.51107,49.40835,True,2016-02-22,9,15,09:15,Morning,False,Winter,2.0,,,Departmental_road,Bidirectional,Unknown,Flat,Straight,Normal,Unknown,On_road,Unknown,A01,Same_direction,Car(Quad/Passenger),None,Front,Straight_ahead,0,1994.0,Female,Driver,Uninjured,Driver_seat,Leisure,Not_pedestrian,Unknown,Not_pedestrian,Seat_belt,Used,Not a holiday,0
642,201600000404,2016,2,22,Daylight,Built_up_area,Intersection_Y,Normal,Rear_end_two_vehicles,Manual_entry,3.51107,49.40835,True,2016-02-22,9,15,09:15,Morning,False,Winter,2.0,,,Departmental_road,Bidirectional,Unknown,Flat,Straight,Normal,Unknown,On_road,Unknown,B02,Same_direction,Car(Quad/Passenger),None,Rear_right,Straight_ahead,0,1956.0,Male,Driver,Injured_Slight,Driver_seat,Leisure,Not_pedestrian,Unknown,Not_pedestrian,Seat_belt,Used,Not a holiday,0
643,201600000405,2016,4,10,Daylight,Out_of_agglomeration,Out_of_intersection,Normal,No_collision,Manual_entry,,,False,2016-04-10,10,0,10:00,Morning,True,Spring,2.0,0.0,0.0,Departmental_road,Bidirectional,Unknown,Flat,Curve_left,Normal,Unknown,On_road,Unknown,B01,Other/Unknown,Utility(Truck/Agri),None,Left_side,Turning,0,1962.0,Male,Driver,Injured_Hospitalized,Driver_seat,Professional use,Not_pedestrian,Unknown,Not_pedestrian,Seat_belt,Undetermined,Not a holiday,0
644,201600000406,2016,5,5,Daylight,Out_of_agglomeration,Intersection_X,Normal,Side_two_vehicles,Manual_entry,,,False,2016-05-05,17,0,17:00,Evening,False,Spring,2.0,0.0,56.0,Departmental_road,Bidirectional,Unknown,Flat,Straight,Normal,Unknown,On_road,Unknown,B02,Other/Unknown,Car(Quad/Passenger),Cyclist,Rear,Loss_of_control,0,1997.0,Male,Driver,Uninjured,Driver_seat,Leisure,Not_pedestrian,Unknown,Not_pedestrian,Seat_belt,Used,Ascension Thursday,1
645,201600000406,2016,5,5,Daylight,Out_of_agglomeration,Intersection_X,Normal,Side_two_vehicles,Manual_entry,,,False,2016-05-05,17,0,17:00,Evening,False,Spring,2.0,0.0,56.0,Departmental_road,Bidirectional,Unknown,Flat,Straight,Normal,Unknown,On_road,Unknown,A01,Opposite_direction,Motorcycle,Cyclist,Front,Straight_ahead,0,1994.0,Male,Driver,Injured_Slight,Driver_seat,Leisure,Not_pedestrian,Unknown,Not_pedestrian,Helmet,Used,Ascension Thursday,1
646,201600000407,2016,7,24,Night_without_public_lighting,Out_of_agglomeration,Out_of_intersection,Normal,Side_two_vehicles,Manual_entry,,,False,2016-07-24,22,45,22:45,Night,True,Summer,2.0,0.0,0.0,National_road,Bidirectional,Unknown,Flat,Straight,Normal,Unknown,On_road,Unknown,A01,Opposite_direction,Car(Quad/Passenger),Cyclist,Multiple impacts,Park/Start/Stop,0,1996.0,Male,Driver,Injured_Slight,Driver_seat,Leisure,Not_pedestrian,Unknown,Not_pedestrian,Seat_belt,Used,Not a holiday,0
647,201600000407,2016,7,24,Night_without_public_lighting,Out_of_agglomeration,Out_of_intersection,Normal,Side_two_vehicles,Manual_entry,,,False,2016-07-24,22,45,22:45,Night,True,Summer,2.0,0.0,0.0,National_road,Bidirectional,Unknown,Flat,Straight,Normal,Unknown,On_road,Unknown,B02,Opposite_direction,Car(Quad/Passenger),Cyclist,Rear_left,Straight_ahead,0,1977.0,Male,Driver,Injured_Slight,Driver_seat,Leisure,Not_pedestrian,Unknown,Not_pedestrian,Seat_belt,Used,Not a holiday,0
648,201600000408,2016,8,16,Twilight_or_dawn,Out_of_agglomeration,Out_of_intersection,Dazzling,Frontal_two_vehicles,Manual_entry,,,False,2016-08-16,19,45,19:45,Evening,False,Summer,2.0,0.0,71.0,Departmental_road,Bidirectional,Unknown,Flat,Curve_right,Normal,Unknown,On_road,Unknown,B02,Opposite_direction,Car(Quad/Passenger),Cyclist,Front,Straight_ahead,0,1971.0,Male,Driver,Killed,Driver_seat,Leisure,Not_pedestrian,Unknown,Not_pedestrian,Seat_belt,Used,Not a holiday,0
649,201600000408,2016,8,16,Twilight_or_dawn,Out_of_agglomeration,Out_of_intersection,Dazzling,Frontal_two_vehicles,Manual_entry,,,False,2016-08-16,19,45,19:45,Evening,False,Summer,2.0,0.0,71.0,Departmental_road,Bidirectional,Unknown,Flat,Curve_right,Normal,Unknown,On_road,Unknown,A01,Other/Unknown,Utility(Truck/Agri),Cyclist,Right_side,Avoiding_obstacle,0,1987.0,Male,Driver,Injured_Slight,Driver_seat,other,Not_pedestrian,Unknown,Not_pedestrian,Seat_belt,Used,Not a holiday,0
650,201600000409,2016,10,23,Night_without_public_lighting,Out_of_agglomeration,Out_of_intersection,Heavy_rain,Frontal_two_vehicles,Manual_entry,,,False,2016-10-23,20,30,20:30,Evening,True,Autumn,2.0,0.0,74.0,National_road,Bidirectional,Unknown,Slope,Straight,Wet,Unknown,On_road,Unknown,B02,Other/Unknown,Car(Quad/Passenger),Cyclist,Front,Straight_ahead,0,1985.0,Male,Driver,Injured_Slight,Driver_seat,Unknown,Not_pedestrian,Unknown,Not_pedestrian,Seat_belt,Used,Not a holiday,0
651,201600000409,2016,10,23,Night_without_public_lighting,Out_of_agglomeration,Out_of_intersection,Heavy_rain,Frontal_two_vehicles,Manual_entry,,,False,2016-10-23,20,30,20:30,Evening,True,Autumn,2.0,0.0,74.0,National_road,Bidirectional,Unknown,Slope,Straight,Wet,Unknown,On_road,Unknown,A01,Opposite_direction,Car(Quad/Passenger),Cyclist,Front,Avoiding_obstacle,0,1983.0,Male,Driver,Injured_Hospitalized,Driver_seat,Leisure,Not_pedestrian,Unknown,Not_pedestrian,Seat_belt,Undetermined,Not a holiday,0
652,201600000410,2016,11,24,Daylight,Out_of_agglomeration,Intersection_T,Normal,Rear_end_two_vehicles,Manual_entry,,,False,2016-11-24,12,30,12:30,Afternoon,False,Autumn,2.0,0.0,49.0,Departmental_road,Bidirectional,Unknown,Flat,Unknown,Normal,Unknown,On_road,Unknown,A01,Opposite_direction,Car(Quad/Passenger),Cyclist,Front_right,other,0,1995.0,Male,Driver,Injured_Slight,Driver_seat,Home-work,Not_pedestrian,Unknown,Not_pedestrian,Seat_belt,Used,Not a holiday,0
653,201600000410,2016,11,24,Daylight,Out_of_agglomeration,Intersection_T,Normal,Rear_end_two_vehicles,Manual_entry,,,False,2016-11-24,12,30,12:30,Afternoon,False,Autumn,2.0,0.0,49.0,Departmental_road,Bidirectional,Unknown,Flat,Unknown,Normal,Unknown,On_road,Unknown,B02,Opposite_direction,Cycle,Cyclist,Rear_right,Roundabout,0,2000.0,Female,Driver,Injured_Hospitalized,Driver_seat,Home-work,Not_pedestrian,Unknown,Not_pedestrian,Helmet,Used,Not a holiday,0
654,201600000411,2016,4,18,Daylight,Built_up_area,Out_of_intersection,Normal,Other_collision,Manual_entry,3.08494,49.25664,True,2016-04-18,8,15,08:15,Morning,False,Spring,2.0,0.0,0.0,Departmental_road,Bidirectional,Unknown,Flat,Straight,Normal,Unknown,On_road,Near_school,A01,Opposite_direction,Car(Quad/Passenger),Pedestrian,Front,Straight_ahead,0,1980.0,Female,Driver,Uninjured,Driver_seat,Home-school,Not_pedestrian,Unknown,Not_pedestrian,Seat_belt,Used,Not a holiday,0
655,201600000412,2016,5,1,Daylight,Built_up_area,Out_of_intersection,Normal,Side_two_vehicles,Manual_entry,3.12734,49.17802,True,2016-05-01,14,45,14:45,Afternoon,True,Spring,2.0,0.0,59.0,Departmental_road,Bidirectional,Unknown,Flat,Straight,Normal,Unknown,On_road,Unknown,B02,Opposite_direction,Cycle,None,Front,Straight_ahead,0,2001.0,Male,Driver,Injured_Slight,Driver_seat,Leisure,Not_pedestrian,Unknown,Not_pedestrian,Helmet,Used,Labour Day,1
656,201600000412,2016,5,1,Daylight,Built_up_area,Out_of_intersection,Normal,Side_two_vehicles,Manual_entry,3.12734,49.17802,True,2016-05-01,14,45,14:45,Afternoon,True,Spring,2.0,0.0,59.0,Departmental_road,Bidirectional,Unknown,Flat,Straight,Normal,Unknown,On_road,Unknown,A01,Opposite_direction,Car(Quad/Passenger),Cyclist,Right_side,Park/Start/Stop,0,1990.0,Female,Driver,Uninjured,Driver_seat,Unknown,Not_pedestrian,Unknown,Not_pedestrian,Seat_belt,Used,Labour Day,1
657,201600000413,2016,6,24,Daylight,Out_of_agglomeration,Out_of_intersection,Normal,Other_collision,Manual_entry,,,False,2016-06-24,12,0,12:00,Afternoon,False,Summer,2.0,0.0,0.0,Departmental_road,Bidirectional,Unknown,Flat,Curve_left,Normal,Unknown,On_verge,Unknown,A01,Other/Unknown,Car(Quad/Passenger),None,Front,Turning,0,1945.0,Male,Driver,Injured_Hospitalized,Driver_seat,other,Not_pedestrian,Unknown,Not_pedestrian,Seat_belt,Used,Not a holiday,0
658,201600000414,2016,5,27,Night_without_public_lighting,Out_of_agglomeration,Out_of_intersection,Normal,Other_collision,Manual_entry,,,False,2016-05-27,23,45,23:45,Night,False,Spring,2.0,0.0,54.0,Departmental_road,Bidirectional,Unknown,Flat,Curve_right,Normal,Unknown,On_verge,Unknown,A01,Opposite_direction,Utility(Truck/Agri),None,Right_side,Avoiding_obstacle,0,1993.0,Male,Driver,Injured_Hospitalized,Driver_seat,Leisure,Not_pedestrian,Unknown,Not_pedestrian,Seat_belt,Not_used,Not a holiday,0
659,201600000415,2016,8,26,Daylight,Out_of_agglomeration,Out_of_intersection,Normal,Multiple_three_plus,Manual_entry,,,False,2016-08-26,9,30,09:30,Morning,False,Summer,2.0,0.0,66.0,Departmental_road,Bidirectional,Unknown,Flat,Straight,Normal,Unknown,On_road,Unknown,B02,Opposite_direction,Cycle,None,Front_left,Straight_ahead,0,1999.0,Male,Driver,Injured_Slight,Driver_seat,Leisure,Not_pedestrian,Unknown,Not_pedestrian,Helmet,Not_used,Not a holiday,0