,accident_id,year,month,day,lighting_label,urban_label,intersection_label,weather_label,collision_label,gps_label,longitude_num,latitude_num,valid_geo,date,hour,minute,time_hhmm,time_of_day,is_weekend,season,num_lanes,pedestrian_crossing_width,road_width,road_category_label,traffic_regime_label,reserved_lane_label,road_profile_label,road_layout_label,surface_condition_label,infrastructure_label,situation_label,school_zone_label,vehicle_id,traffic_direction_label,vehicle_category_label,mobile_obstacle_label,impact_point_label,manoeuvre_label,occupants_group,birth_year,sex_label,user_category_label,injury_severity_label,seat_position_label,journey_purpose_label,pedestrian_location_label,pedestrian_action_label,pedestrian_state_label,safety_equipment_type,safety_equipment_usage,holiday_name,is_holiday
710,201600000448,2016,12,23,Night_without_public_lighting,Out_of_agglomeration,Out_of_intersection,Light_rain,Multiple_three_plus,Manual_entry,2.03529,49.35502,True,2016-12-23,17,45,17:45,Evening,False,Winter,0.0,0.0,0.0,Departmental_road,Bidirectional,Unknown,Hill_bottom,S-bend,Wet,Unknown,On_road,Unknown,C03,Same_direction,Car(Quad/Passenger),None,Front_right,None,0,1937.0,Male,Driver,Injured_Hospitalized,Driver_seat,Leisure,Not_pedestrian,Unknown,Not_pedestrian,Seat_belt,Used,Not a holiday,0
711,201600000448,2016,12,23,Night_without_public_lighting,Out_of_agglomeration,Out_of_intersection,Light_rain,Multiple_three_plus,Manual_entry,2.03529,49.35502,True,2016-12-23,17,45,17:45,Evening,False,Winter,0.0,0.0,0.0,Departmental_road,Bidirectional,Unknown,Hill_bottom,S-bend,Wet,Unknown,On_road,Unknown,B02,Same_direction,Car(Quad/Passenger),Cyclist,Front_right,None,0,1985.0,Male,Driver,Injured_Hospitalized,Driver_seat,Unknown,Not_pedestrian,Unknown,Not_pedestrian,Seat_belt,Undetermined,Not a holiday,0
712,201600000448,2016,12,23,Night_without_public_lighting,Out_of_agglomeration,Out_of_intersection,Light_rain,Multiple_three_plus,Manual_entry,2.03529,49.35502,True,2016-12-23,17,45,17:45,Evening,False,Winter,0.0,0.0,0.0,Departmental_road,Bidirectional,Unknown,Hill_bottom,S-bend,Wet,Unknown,On_road,Unknown,A01,Same_direction,Car(Quad/Passenger),Cyclist,Left_side,None,0,1991.0,Male,Driver,Killed,Driver_seat,Professional use,Not_pedestrian,Unknown,Not_pedestrian,Seat_belt,Undetermined,Not a holiday,0
713,201600000449,2016,3,19,Daylight,Out_of_agglomeration,Out_of_intersection,Normal,Rear_end_two_vehicles,Manual_entry,1.77787,49.30232,True,2016-03-19,21,15,21:15,Night,True,Spring,0.0,0.0,0.0,Departmental_road,Unknown,Unknown,Unknown,Unknown,Unknown,Unknown,Unknown,Not_near_school,B02,Opposite_direction,Cycle,None,No_impact,None,0,1980.0,Male,Driver,Killed,Driver_seat,Unknown,Not_pedestrian,Unknown,Not_pedestrian,Helmet,Used,Not a holiday,0
714,201600000449,2016,3,19,Daylight,Out_of_agglomeration,Out_of_intersection,Normal,Rear_end_two_vehicles,Manual_entry,1.77787,49.30232,True,2016-03-19,21,15,21:15,Night,True,Spring,0.0,0.0,0.0,Departmental_road,Unknown,Unknown,Unknown,Unknown,Unknown,Unknown,Unknown,Not_near_school,A01,Opposite_direction,Car(Quad/Passenger),None,Front_right,Turning,0,1958.0,Male,Driver,Uninjured,Driver_seat,Unknown,Not_pedestrian,Unknown,Not_pedestrian,Seat_belt,Used,Not a holiday,0
715,201600000450,2016,4,1,Night_without_public_lighting,Out_of_agglomeration,Out_of_intersection,Normal,Frontal_two_vehicles,Manual_entry,1.90702,49.33132,True,2016-04-01,22,0,22:00,Night,False,Spring,0.0,70.0,0.0,Departmental_road,Bidirectional,Unknown,Flat,Straight,Wet,Unknown,On_road,Not_near_school,A01,Opposite_direction,Car(Quad/Passenger),Cyclist,Right_side,Reversing,0,1984.0,Male,Driver,Killed,Driver_seat,Unknown,Not_pedestrian,Unknown,Not_pedestrian,Seat_belt,Used,Not a holiday,0
716,201600000450,2016,4,1,Night_without_public_lighting,Out_of_agglomeration,Out_of_intersection,Normal,Frontal_two_vehicles,Manual_entry,1.90702,49.33132,True,2016-04-01,22,0,22:00,Night,False,Spring,0.0,70.0,0.0,Departmental_road,Bidirectional,Unknown,Flat,Straight,Wet,Unknown,On_road,Not_near_school,B02,Other/Unknown,Car(Quad/Passenger),Cyclist,Front,Straight_ahead,0,1970.0,Male,Driver,Injured_Hospitalized,Driver_seat,Leisure,Not_pedestrian,Unknown,Not_pedestrian,Seat_belt,Used,Not a holiday,0
717,201600000451,2016,5,28,Daylight,Out_of_agglomeration,Out_of_intersection,Light_rain,Side_two_vehicles,Manual_entry,1.80463,49.3203,True,2016-05-28,14,0,14:00,Afternoon,True,Spring,0.0,0.0,40.0,Departmental_road,Bidirectional,Unknown,Flat,Straight,Wet,Unknown,On_road,Unknown,B02,Same_direction,Car(Quad/Passenger),None,Front,Straight_ahead,0,1974.0,Female,Driver,Injured_Hospitalized,Driver_seat,Home-work,Not_pedestrian,Unknown,Not_pedestrian,Seat_belt,Used,Not a holiday,0
718,201600000451,2016,5,28,Daylight,Out_of_agglomeration,Out_of_intersection,Light_rain,Side_two_vehicles,Manual_entry,1.80463,49.3203,True,2016-05-28,14,0,14:00,Afternoon,True,Spring,0.0,0.0,40.0,Departmental_road,Bidirectional,Unknown,Flat,Straight,Wet,Unknown,On_road,Unknown,A01,Same_direction,Car(Quad/Passenger),None,Left_side,Loss_of_control,0,1991.0,Male,Driver,Killed,Driver_seat,Leisure,Not_pedestrian,Unknown,Not_pedestrian,Seat_belt,Not_used,Not a holiday,0
719,201600000452,2016,5,30,Daylight,Out_of_agglomeration,Out_of_intersection,Light_rain,Frontal_two_vehicles,Manual_entry,1.8513,49.28096,True,2016-05-30,9,0,09:00,Morning,False,Spring,2.0,0.0,75.0,Departmental_road,Bidirectional,Unknown,Unknown,Curve_left,Wet,Unknown,On_road,Unknown,B02,Same_direction,Utility(Truck/Agri),Cyclist,Front,Straight_ahead,0,1981.0,Male,Driver,Injured_Slight,Driver_seat,Unknown,Not_pedestrian,Unknown,Not_pedestrian,Seat_belt,Used,Not a holiday,0
720,201600000452,2016,5,30,Daylight,Out_of_agglomeration,Out_of_intersection,Light_rain,Frontal_two_vehicles,Manual_entry,1.8513,49.28096,True,2016-05-30,9,0,09:00,Morning,False,Spring,2.0,0.0,75.0,Departmental_road,Bidirectional,Unknown,Unknown,Curve_left,Wet,Unknown,On_road,Unknown,A01,Same_direction,Car(Quad/Passenger),Cyclist,Front,Reversing,0,1969.0,Female,Driver,Injured_Hospitalized,Driver_seat,Home-work,Not_pedestrian,Unknown,Not_pedestrian,Seat_belt,Used,Not a holiday,0
721,201600000453,2016,7,21,Daylight,Out_of_agglomeration,Out_of_intersection,Normal,Other_collision,Manual_entry,1.88013,49.26198,True,2016-07-21,17,0,17:00,Evening,False,Summer,0.0,0.0,0.0,Departmental_road,Bidirectional,Unknown,Unknown,Curve_right,Normal,Unknown,On_verge,Unknown,A01,Same_direction,Car(Quad/Passenger),None,No_impact,Straight_ahead,0,1995.0,Female,Driver,Injured_Hospitalized,Driver_seat,Home-work,Not_pedestrian,Unknown,Not_pedestrian,Seat_belt,Used,Not a holiday,0
722,201600000454,2016,9,10,Daylight,Out_of_agglomeration,Out_of_intersection,Normal,Multiple_three_plus,Manual_entry,1.88426,49.1852,True,2016-09-10,19,0,19:00,Evening,True,Autumn,0.0,0.0,0.0,Departmental_road,Unknown,Unknown,Unknown,Straight,Normal,Unknown,On_road,Unknown,B02,Same_direction,Car(Quad/Passenger),Cyclist,No_impact,None,0,1948.0,Male,Driver,Uninjured,Driver_seat,Unknown,Not_pedestrian,Unknown,Not_pedestrian,Seat_belt,Used,Not a holiday,0
723,201600000454,2016,9,10,Daylight,Out_of_agglomeration,Out_of_intersection,Normal,Multiple_three_plus,Manual_entry,1.88426,49.1852,True,2016-09-10,19,0,19:00,Evening,True,Autumn,0.0,0.0,0.0,Departmental_road,Unknown,Unknown,Unknown,Straight,Normal,Unknown,On_road,Unknown,C03,Same_direction,Car(Quad/Passenger),None,No_impact,None,0,1938.0,Male,Driver,Uninjured,Driver_seat,Unknown,Not_pedestrian,Unknown,Not_pedestrian,Seat_belt,Used,Not a holiday,0
724,201600000454,2016,9,10,Daylight,Out_of_agglomeration,Out_of_intersection,Normal,Multiple_three_plus,Manual_entry,1.88426,49.1852,True,2016-09-10,19,0,19:00,Evening,True,Autumn,0.0,0.0,0.0,Departmental_road,Unknown,Unknown,Unknown,Straight,Normal,Unknown,On_road,Unknown,A01,Same_direction,Motorcycle,None,Rear_right,None,0,1988.0,Male,Driver,Injured_Hospitalized,Driver_seat,Unknown,Not_pedestrian,Unknown,Not_pedestrian,Helmet,Used,Not a holiday,0
725,201600000455,2016,9,18,Daylight,Out_of_agglomeration,Out_of_intersection,Normal,Frontal_two_vehicles,Manual_entry,1.79115,49.28808,True,2016-09-18,18,30,18:30,Evening,True,Autumn,0.0,0.0,55.0,Communal_way,Bidirectional,Unknown,Unknown,Curve_left,Normal,Unknown,Unknown,Unknown,A01,Same_direction,Motorcycle,Cyclist,Front,Avoiding_obstacle,0,1982.0,Male,Driver,Injured_Hospitalized,Driver_seat,Leisure,Not_pedestrian,Unknown,Not_pedestrian,Helmet,Used,Not a holiday,0
726,201600000455,2016,9,18,Daylight,Out_of_agglomeration,Out_of_intersection,Normal,Frontal_two_vehicles,Manual_entry,1.79115,49.28808,True,2016-09-18,18,30,18:30,Evening,True,Autumn,0.0,0.0,55.0,Communal_way,Bidirectional,Unknown,Unknown,Curve_left,Normal,Unknown,Unknown,Unknown,B02,Same_direction,Car(Quad/Passenger),Cyclist,Front,Straight_ahead,0,1949.0,Male,Driver,Uninjured,Driver_seat,Leisure,Not_pedestrian,Unknown,Not_pedestrian,Seat_belt,Used,Not a holiday,0
727,201600000456,2016,3,8,Daylight,Built_up_area,Out_of_intersection,Normal,Other_collision,Manual_entry,1.94947,49.66905,True,2016-03-08,11,15,11:15,Morning,False,Spring,2.0,0.0,60.0,Departmental_road,Unknown,Unknown,Flat,Straight,Normal,Unknown,On_road,Unknown,A01,Other/Unknown,Car(Quad/Passenger),None,Front,Avoiding_obstacle,0,1949.0,Male,Driver,Injured_Slight,Driver_seat,Leisure,Not_pedestrian,Unknown,Not_pedestrian,Seat_belt,Used,Not a holiday,0
728,201600000457,2016,12,27,Night_without_public_lighting,Out_of_agglomeration,Out_of_intersection,Normal,Other_collision,Manual_entry,1.96374,49.70641,True,2016-12-27,20,15,20:15,Evening,False,Winter,2.0,0.0,65.0,Departmental_road,Bidirectional,Unknown,Unknown,Straight,Wet,Unknown,On_road,Unknown,A01,Same_direction,Car(Quad/Passenger),None,Front_left,Straight_ahead,0,1964.0,Male,Driver,Injured_Hospitalized,Driver_seat,Home-work,Not_pedestrian,Unknown,Not_pedestrian,Seat_belt,Used,Not a holiday,0
729,201600000458,2016,1,14,Twilight_or_dawn,Built_up_area,Out_of_intersection,Light_rain,Other_collision,Manual_entry,2.20204,49.3215,True,2016-01-14,8,0,08:00,Morning,False,Winter,1.0,0.0,95.0,Departmental_road,Bidirectional,Unknown,Unknown,Straight,Wet,Unknown,On_road,Unknown,A01,Same_direction,Car(Quad/Passenger),Pedestrian,Right_side,None,0,1988.0,Male,Driver,Injured_Slight,Driver_seat,Home-work,Not_pedestrian,Unknown,Not_pedestrian,Seat_belt,Used,Not a holiday,0
730,201600000459,2016,5,19,Daylight,Out_of_agglomeration,Out_of_intersection,Normal,Side_two_vehicles,Manual_entry,2.18345,49.3497,True,2016-05-19,18,15,18:15,Evening,False,Spring,4.0,0.0,0.0,Departmental_road,Separated_carriageways,Unknown,Flat,Straight,Normal,Unknown,On_road,Unknown,A01,Same_direction,Car(Quad/Passenger),Cyclist,Left_side,Lane_change/Overtaking,0,1990.0,Female,Driver,Injured_Slight,Driver_seat,Shopping,Not_pedestrian,Unknown,Not_pedestrian,Seat_belt,Used,Not a holiday,0
731,201600000459,2016,5,19,Daylight,Out_of_agglomeration,Out_of_intersection,Normal,Side_two_vehicles,Manual_entry,2.18345,49.3497,True,2016-05-19,18,15,18:15,Evening,False,Spring,4.0,0.0,0.0,Departmental_road,Separated_carriageways,Unknown,Flat,Straight,Normal,Unknown,On_road,Unknown,B02,Same_direction,Car(Quad/Passenger),Cyclist,Front,Straight_ahead,0,1981.0,Male,Driver,Injured_Slight,Driver_seat,Home-work,Not_pedestrian,Unknown,Not_pedestrian,Seat_belt,Used,Not a holiday,0
732,201600000460,2016,6,6,Daylight,Out_of_agglomeration,Out_of_intersection,Normal,Frontal_two_vehicles,Manual_entry,2.21016,49.32837,True,2016-06-06,9,30,09:30,Morning,False,Summer,0.0,0.0,0.0,Departmental_road,Unknown,Unknown,Unknown,Unknown,Unknown,Unknown,Unknown,Not_near_school,A01,Same_direction,Cycle,None,No_impact,None,0,1958.0,Male,Driver,Killed,Driver_seat,Unknown,Not_pedestrian,Unknown,Not_pedestrian,Helmet,Used,Not a holiday,0
733,201600000460,2016,6,6,Daylight,Out_of_agglomeration,Out_of_intersection,Normal,Frontal_two_vehicles,Manual_entry,2.21016,49.32837,True,2016-06-06,9,30,09:30,Morning,False,Summer,0.0,0.0,0.0,Departmental_road,Unknown,Unknown,Unknown,Unknown,Unknown,Unknown,Unknown,Not_near_school,B02,Same_direction,Car(Quad/Passenger),None,No_impact,None,0,1990.0,Male,Driver,Uninjured,Driver_seat,Unknown,Not_pedestrian,Unknown,Not_pedestrian,Seat_belt,Used,Not a holiday,0
734,201600000461,2016,7,30,Daylight,Built_up_area,Out_of_intersection,Normal,Side_two_vehicles,Manual_entry,2.22217,49.35843,True,2016-07-30,19,15,19:15,Evening,True,Summer,2.0,0.0,0.0,Departmental_road,Bidirectional,Unknown,Hilltop,Unknown,Normal,Unknown,On_road,Not_near_school,A01,Same_direction,Motorcycle,Cyclist,Front_left,Straight_ahead,0,1991.0,Male,Driver,Injured_Hospitalized,Driver_seat,Leisure,Not_pedestrian,Unknown,Not_pedestrian,Helmet,Used,Not a holiday,0
735,201600000461,2016,7,30,Daylight,Built_up_area,Out_of_intersection,Normal,Side_two_vehicles,Manual_entry,2.22217,49.35843,True,2016-07-30,19,15,19:15,Evening,True,Summer,2.0,0.0,0.0,Departmental_road,Bidirectional,Unknown,Hilltop,Unknown,Normal,Unknown,On_road,Not_near_school,B02,Same_direction,Bus/Coach,Cyclist,Front_left,Straight_ahead,0,1963.0,Male,Driver,Uninjured,Driver_seat,Home-work,Not_pedestrian,Unknown,Not_pedestrian,Seat_belt,Used,Not a holiday,0
736,201600000462,2016,8,26,Daylight,Out_of_agglomeration,Out_of_intersection,Normal,Frontal_two_vehicles,Manual_entry,2.25231,49.31584,True,2016-08-26,11,15,11:15,Morning,False,Summer,2.0,0.0,30.0,Communal_way,Bidirectional,Unknown,Flat,Curve_right,Normal,Unknown,On_road,Unknown,B02,Same_direction,Car(Quad/Passenger),Cyclist,Front,Roundabout,0,1956.0,Male,Driver,Injured_Slight,Driver_seat,Unknown,Not_pedestrian,Unknown,Not_pedestrian,Seat_belt,Used,Not a holiday,0
737,201600000462,2016,8,26,Daylight,Out_of_agglomeration,Out_of_intersection,Normal,Frontal_two_vehicles,Manual_entry,2.25231,49.31584,True,2016-08-26,11,15,11:15,Morning,False,Summer,2.0,0.0,30.0,Communal_way,Bidirectional,Unknown,Flat,Curve_right,Normal,Unknown,On_road,Unknown,A01,Same_direction,Utility(Truck/Agri),Cyclist,Front_right,Roundabout,0,1992.0,Male,Driver,Injured_Slight,Driver_seat,Professional use,Not_pedestrian,Unknown,Not_pedestrian,Seat_belt,Used,Not a holiday,0
738,201600000463,2016,10,2,Twilight_or_dawn,Built_up_area,Out_of_intersection,Normal,No_collision,Manual_entry,2.14547,49.38643,True,2016-10-02,19,0,19:00,Evening,True,Autumn,2.0,29.0,82.0,Departmental_road,Bidirectional,Unknown,Flat,Straight,Normal,Unknown,On_road,Not_near_school,A01,Opposite_direction,Motorcycle,None,No_impact,Straight_ahead,0,1974.0,Male,Driver,Injured_Hospitalized,Driver_seat,other,Not_pedestrian,Unknown,Not_pedestrian,Helmet,Used,Not a holiday,0
739,201600000464,2016,11,28,Daylight,Built_up_area,Out_of_intersection,Normal,Other_collision,Manual_entry,2.2005,49.3292,True,2016-11-28,13,30,13:30,Afternoon,False,Autumn,0.0,0.0,86.0,Departmental_road,Unknown,Unknown,Hilltop,Unknown,Normal,Unknown,On_road,Unknown,A01,Same_direction,Car(Quad/Passenger),Pedestrian,Rear_left,Turning,0,1968.0,Male,Driver,Uninjured,Driver_seat,Shopping,Not_pedestrian,Unknown,Not_pedestrian,Seat_belt,Used,Not a holiday,0
740,201600000465,2016,12,15,Daylight,Built_up_area,Out_of_intersection,Normal,Other_collision,Manual_entry,2.19974,49.33047,True,2016-12-15,14,45,14:45,Afternoon,False,Winter,3.0,0.0,97.0,Departmental_road,Bidirectional,Unknown,Flat,Straight,Normal,Pedestrian_area,On_road,Not_near_school,A01,Opposite_direction,Car(Quad/Passenger),Pedestrian,Front_right,Straight_ahead,0,1975.0,Male,Driver,Uninjured,Driver_seat,other,Not_pedestrian,Unknown,Not_pedestrian,Seat_belt,Used,Not a holiday,0
741,201600000466,2016,1,14,Daylight,Out_of_agglomeration,Out_of_intersection,Light_rain,No_collision,Manual_entry,2.42812,49.38619,True,2016-01-14,10,30,10:30,Morning,False,Winter,2.0,10.0,60.0,National_road,Separated_carriageways,Unknown,Flat,Straight,Wet,Unknown,On_verge,Unknown,A01,Opposite_direction,Utility(Truck/Agri),None,Front_left,Straight_ahead,0,1974.0,Male,Driver,Injured_Hospitalized,Driver_seat,Professional use,Not_pedestrian,Unknown,Not_pedestrian,Seat_belt,Undetermined,Not a holiday,0
742,201600000467,2016,3,7,Daylight,Built_up_area,Out_of_intersection,Cloudy,Other_collision,Manual_entry,2.41337,49.37885,True,2016-03-07,8,0,08:00,Morning,False,Spring,2.0,0.0,0.0,Departmental_road,Bidirectional,Unknown,Slope,Straight,Normal,Unknown,On_road,Not_near_school,A01,Same_direction,Car(Quad/Passenger),Pedestrian,Front,Straight_ahead,0,1983.0,Male,Driver,Uninjured,Driver_seat,Unknown,Not_pedestrian,Unknown,Not_pedestrian,Seat_belt,Used,Not a holiday,0
743,201600000468,2016,5,15,Daylight,Out_of_agglomeration,Out_of_intersection,Normal,No_collision,Manual_entry,2.32219,49.38286,True,2016-05-15,12,30,12:30,Afternoon,True,Spring,0.0,76.0,0.0,Departmental_road,Bidirectional,Unknown,Flat,Straight,Normal,Unknown,On_verge,Unknown,A01,Same_direction,Motorcycle,None,Front,Straight_ahead,0,1993.0,Male,Driver,Injured_Hospitalized,Driver_seat,Leisure,Not_pedestrian,Unknown,Not_pedestrian,Helmet,Used,Not a holiday,0
744,201600000469,2016,6,28,Daylight,Out_of_agglomeration,Out_of_intersection,Normal,Side_two_vehicles,Manual_entry,2.30324,49.41524,True,2016-06-28,17,45,17:45,Evening,False,Summer,0.0,0.0,76.0,Departmental_road,Bidirectional,Unknown,Flat,Straight,Normal,Interchange,On_road,Unknown,B02,Same_direction,Car(Quad/Passenger),Cyclist,Right_side,Straight_ahead,0,1964.0,Male,Driver,Injured_Slight,Driver_seat,Home-work,Not_pedestrian,Unknown,Not_pedestrian,Seat_belt,Used,Not a holiday,0
745,201600000469,2016,6,28,Daylight,Out_of_agglomeration,Out_of_intersection,Normal,Side_two_vehicles,Manual_entry,2.30324,49.41524,True,2016-06-28,17,45,17:45,Evening,False,Summer,0.0,0.0,76.0,Departmental_road,Bidirectional,Unknown,Flat,Straight,Normal,Interchange,On_road,Unknown,A01,Same_direction,Motorcycle,Cyclist,Left_side,Roundabout,0,1992.0,Male,Driver,Injured_Hospitalized,Driver_seat,Leisure,Not_pedestrian,Unknown,Not_pedestrian,Helmet,Used,Not a holiday,0
746,201600000470,2016,9,1,Daylight,Out_of_agglomeration,Out_of_intersection,Normal,Frontal_two_vehicles,Manual_entry,2.38396,49.34248,True,2016-09-01,9,0,09:00,Morning,False,Autumn,2.0,0.0,40.0,Departmental_road,Bidirectional,Unknown,Flat,Curve_left,Normal,Unknown,On_road,Unknown,A01,Opposite_direction,Motorcycle,Cyclist,Front,Straight_ahead,0,1981.0,Male,Driver,Killed,Driver_seat,Home-work,Not_pedestrian,Unknown,Not_pedestrian,Helmet,Used,Not a holiday,0
747,201600000470,2016,9,1,Daylight,Out_of_agglomeration,Out_of_intersection,Normal,Frontal_two_vehicles,Manual_entry,2.38396,49.34248,True,2016-09-01,9,0,09:00,Morning,False,Autumn,2.0,0.0,40.0,Departmental_road,Bidirectional,Unknown,Flat,Curve_left,Normal,Unknown,On_road,Unknown,B02,Other/Unknown,Motorcycle,Cyclist,Rear_left,Straight_ahead,0,1964.0,Male,Driver,Uninjured,Driver_seat,Professional use,Not_pedestrian,Unknown,Not_pedestrian,Seat_belt,Undetermined,Not a holiday,0
748,201600000471,2016,5,5,Night_with_public_lighting_on,Built_up_area,Out_of_intersection,Normal,Other_collision,Manual_entry,2.2857,49.6032,True,2016-05-05,23,45,23:45,Night,False,Spring,0.0,0.0,0.0,Departmental_road,Bidirectional,Unknown,Flat,Straight,Unknown,Unknown,On_sidewalk,Unknown,A01,Same_direction,Utility(Truck/Agri),None,Front,Straight_ahead,0,1959.0,Male,Driver,Injured_Hospitalized,Driver_seat,Leisure,Not_pedestrian,Unknown,Not_pedestrian,Seat_belt,Used,Ascension Thursday,1
749,201600000472,2016,7,4,Night_without_public_lighting,Out_of_agglomeration,Out_of_intersection,Normal,No_collision,Manual_entry,2.32955,49.65917,True,2016-07-04,22,15,22:15,Night,False,Summer,0.0,0.0,40.0,Departmental_road,Bidirectional,Unknown,Flat,Curve_left,Normal,Unknown,Unknown,Not_near_school,A01,Same_direction,Car(Quad/Passenger),None,Front,Straight_ahead,0,1990.0,Male,Driver,Injured_Hospitalized,Driver_seat,other,Not_pedestrian,Unknown,Not_pedestrian,Seat_belt,Used,Not a holiday,0
750,201600000473,2016,9,4,Night_with_public_lighting_on,Built_up_area,Out_of_intersection,Normal,Other_collision,Manual_entry,2.30488,49.57704,True,2016-09-04,0,15,00:15,Night,True,Autumn,2.0,0.0,57.0,Departmental_road,Bidirectional,Unknown,Slope,Straight,Normal,Unknown,On_sidewalk,Unknown,A01,Same_direction,Motorcycle,None,Left_side,None,0,1978.0,Male,Driver,Killed,Driver_seat,Leisure,Not_pedestrian,Unknown,Not_pedestrian,Helmet,Used,Not a holiday,0
751,201600000474,2016,4,25,Daylight,Out_of_agglomeration,Out_of_intersection,Normal,Rear_end_two_vehicles,Manual_entry,,,False,2016-04-25,7,15,07:15,Morning,False,Spring,0.0,0.0,0.0,Departmental_road,Unknown,Unknown,Unknown,Unknown,Unknown,Unknown,Unknown,Not_near_school,B02,Same_direction,Utility(Truck/Agri),None,No_impact,None,0,1976.0,Male,Driver,Injured_Hospitalized,Driver_seat,Unknown,Not_pedestrian,Unknown,Not_pedestrian,Seat_belt,Used,Not a holiday,0
752,201600000474,2016,4,25,Daylight,Out_of_agglomeration,Out_of_intersection,Normal,Rear_end_two_vehicles,Manual_entry,,,False,2016-04-25,7,15,07:15,Morning,False,Spring,0.0,0.0,0.0,Departmental_road,Unknown,Unknown,Unknown,Unknown,Unknown,Unknown,Unknown,Not_near_school,A01,Same_direction,Car(Quad/Passenger),None,No_impact,None,0,1988.0,Male,Driver,Uninjured,Driver_seat,Unknown,Not_pedestrian,Unknown,Not_pedestrian,Seat_belt,Used,Not a holiday,0
753,201600000475,2016,2,27,Night_without_public_lighting,Out_of_agglomeration,Other,Normal,Frontal_two_vehicles,Manual_entry,2.41454,49.32433,True,2016-02-27,0,30,00:30,Night,True,Winter,0.0,0.0,0.0,Departmental_road,Bidirectional,Unknown,Flat,Curve_left,Normal,Unknown,On_road,Not_near_school,A01,Same_direction,Car(Quad/Passenger),Cyclist,Right_side,Avoiding_obstacle,0,1991.0,Female,Driver,Injured_Hospitalized,Driver_seat,Professional use,Not_pedestrian,Unknown,Not_pedestrian,Seat_belt,Used,Not a holiday,0
754,201600000475,2016,2,27,Night_without_public_lighting,Out_of_agglomeration,Other,Normal,Frontal_two_vehicles,Manual_entry,2.41454,49.32433,True,2016-02-27,0,30,00:30,Night,True,Winter,0.0,0.0,0.0,Departmental_road,Bidirectional,Unknown,Flat,Curve_left,Normal,Unknown,On_road,Not_near_school,B02,Opposite_direction,Utility(Truck/Agri),Cyclist,Right_side,Straight_ahead,0,1987.0,Male,Driver,Injured_Hospitalized,Driver_seat,Leisure,Not_pedestrian,Unknown,Not_pedestrian,Seat_belt,Used,Not a holiday,0
755,201600000476,2016,6,21,Daylight,Built_up_area,Out_of_intersection,Heavy_rain,Rear_end_two_vehicles,Manual_entry,2.44199,49.32562,True,2016-06-21,8,45,08:45,Morning,False,Summer,2.0,0.0,62.0,Departmental_road,Bidirectional,Unknown,Flat,Straight,Wet,Unknown,On_road,Unknown,A01,Same_direction,Car(Quad/Passenger),None,Rear_left,Loss_of_control,0,1961.0,Female,Driver,Uninjured,Driver_seat,Home-work,Not_pedestrian,Unknown,Not_pedestrian,Seat_belt,Used,Not a holiday,0
756,201600000476,2016,6,21,Daylight,Built_up_area,Out_of_intersection,Heavy_rain,Rear_end_two_vehicles,Manual_entry,2.44199,49.32562,True,2016-06-21,8,45,08:45,Morning,False,Summer,2.0,0.0,62.0,Departmental_road,Bidirectional,Unknown,Flat,Straight,Wet,Unknown,On_road,Unknown,B02,Same_direction,Motorcycle,None,Front,other,0,1991.0,Male,Driver,Injured_Hospitalized,Driver_seat,other,Not_pedestrian,Unknown,Not_pedestrian,Helmet,Used,Not a holiday,0
757,201600000477,2016,1,14,Night_without_public_lighting,Out_of_agglomeration,Out_of_intersection,Light_rain,Frontal_two_vehicles,Manual_entry,2.33917,49.30774,True,2016-01-14,18,0,18:00,Evening,False,Winter,0.0,0.0,0.0,Departmental_road,Unknown,Unknown,Unknown,Unknown,Wet,Unknown,Unknown,Not_near_school,A01,Same_direction,Car(Quad/Passenger),None,No_impact,None,0,1960.0,Male,Driver,Uninjured,Driver_seat,Unknown,Not_pedestrian,Unknown,Not_pedestrian,Seat_belt,Used,Not a holiday,0
758,201600000477,2016,1,14,Night_without_public_lighting,Out_of_agglomeration,Out_of_intersection,Light_rain,Frontal_two_vehicles,Manual_entry,2.33917,49.30774,True,2016-01-14,18,0,18:00,Evening,False,Winter,0.0,0.0,0.0,Departmental_road,Unknown,Unknown,Unknown,Unknown,Wet,Unknown,Unknown,Not_near_school,B02,Same_direction,Bus/Coach,None,No_impact,None,0,1961.0,Male,Driver,Injured_Slight,Driver_seat,Unknown,Not_pedestrian,Unknown,Not_pedestrian,Seat_belt,Used,Not a holiday,0
759,201600000478,2016,1,27,Daylight,Out_of_agglomeration,Other,Cloudy,Side_two_vehicles,Manual_entry,2.33453,49.31443,True,2016-01-27,10,15,10:15,Morning,False,Winter,2.0,0.0,60.0,Departmental_road,Bidirectional,Unknown,Flat,Straight,Wet,Roundabout,On_road,Unknown,A01,Same_direction,Car(Quad/Passenger),None,No_impact,None,0,1974.0,Female,Driver,Uninjured,Driver_seat,Unknown,Not_pedestrian,Unknown,Not_pedestrian,Seat_belt,Used,Not a holiday,0
760,201600000478,2016,1,27,Daylight,Out_of_agglomeration,Other,Cloudy,Side_two_vehicles,Manual_entry,2.33453,49.31443,True,2016-01-27,10,15,10:15,Morning,False,Winter,2.0,0.0,60.0,Departmental_road,Bidirectional,Unknown,Flat,Straight,Wet,Roundabout,On_road,Unknown,B02,Same_direction,Car(Quad/Passenger),None,No_impact,None,0,1934.0,Female,Driver,Injured_Hospitalized,Driver_seat,Unknown,Not_pedestrian,Unknown,Not_pedestrian,Seat_belt,Used,Not a holiday,0