,accident_id,year,month,day,lighting_label,urban_label,intersection_label,weather_label,collision_label,gps_label,longitude_num,latitude_num,valid_geo,date,hour,minute,time_hhmm,time_of_day,is_weekend,season,num_lanes,pedestrian_crossing_width,road_width,road_category_label,traffic_regime_label,reserved_lane_label,road_profile_label,road_layout_label,surface_condition_label,infrastructure_label,situation_label,school_zone_label,vehicle_id,traffic_direction_label,vehicle_category_label,mobile_obstacle_label,impact_point_label,manoeuvre_label,occupants_group,birth_year,sex_label,user_category_label,injury_severity_label,seat_position_label,journey_purpose_label,pedestrian_location_label,pedestrian_action_label,pedestrian_state_label,safety_equipment_type,safety_equipment_usage,holiday_name,is_holiday
761,201600000479,2016,2,6,Daylight,Out_of_agglomeration,Other,Normal,Side_two_vehicles,Manual_entry,2.32936,49.32064,True,2016-02-06,10,0,10:00,Morning,True,Winter,2.0,0.0,60.0,Departmental_road,Bidirectional,Unknown,Flat,Straight,Normal,Roundabout,On_road,Unknown,A01,Other/Unknown,Car(Quad/Passenger),None,Front_left,Straight_ahead,0,1954.0,Male,Driver,Uninjured,Driver_seat,Leisure,Not_pedestrian,Unknown,Not_pedestrian,Seat_belt,Used,Not a holiday,0
762,201600000479,2016,2,6,Daylight,Out_of_agglomeration,Other,Normal,Side_two_vehicles,Manual_entry,2.32936,49.32064,True,2016-02-06,10,0,10:00,Morning,True,Winter,2.0,0.0,60.0,Departmental_road,Bidirectional,Unknown,Flat,Straight,Normal,Roundabout,On_road,Unknown,B02,Same_direction,Cycle,Cyclist,Front,Loss_of_control,0,1958.0,Female,Driver,Injured_Slight,Driver_seat,Shopping,Not_pedestrian,Unknown,Not_pedestrian,Helmet,Used,Not a holiday,0
763,201600000480,2016,6,16,Daylight,Built_up_area,Out_of_intersection,Normal,Rear_end_two_vehicles,Manual_entry,2.31659,49.31424,True,2016-06-16,15,45,15:45,Afternoon,False,Summer,0.0,0.0,48.0,Communal_way,Bidirectional,Unknown,Flat,Straight,Normal,Unknown,On_road,Unknown,B02,Same_direction,Cycle,Cyclist,Rear_right,Straight_ahead,0,2005.0,Female,Driver,Injured_Hospitalized,Driver_seat,Leisure,Not_pedestrian,Unknown,Not_pedestrian,Helmet,Not_used,Not a holiday,0
764,201600000480,2016,6,16,Daylight,Built_up_area,Out_of_intersection,Normal,Rear_end_two_vehicles,Manual_entry,2.31659,49.31424,True,2016-06-16,15,45,15:45,Afternoon,False,Summer,0.0,0.0,48.0,Communal_way,Bidirectional,Unknown,Flat,Straight,Normal,Unknown,On_road,Unknown,A01,Same_direction,Car(Quad/Passenger),other,Front,Straight_ahead,0,1945.0,Female,Driver,Uninjured,Driver_seat,Unknown,Not_pedestrian,Unknown,Not_pedestrian,Seat_belt,Used,Not a holiday,0
765,201600000481,2016,8,26,Night_without_public_lighting,Out_of_agglomeration,Out_of_intersection,Normal,Side_two_vehicles,Manual_entry,,,False,2016-08-26,5,45,05:45,Morning,False,Summer,2.0,0.0,120.0,Departmental_road,Bidirectional,Unknown,Flat,Curve_right,Normal,Roundabout,On_road,Unknown,A01,Opposite_direction,Car(Quad/Passenger),Cyclist,Front_right,Roundabout,0,1982.0,Male,Driver,Uninjured,Driver_seat,Home-work,Not_pedestrian,Unknown,Not_pedestrian,Seat_belt,Undetermined,Not a holiday,0
766,201600000481,2016,8,26,Night_without_public_lighting,Out_of_agglomeration,Out_of_intersection,Normal,Side_two_vehicles,Manual_entry,,,False,2016-08-26,5,45,05:45,Morning,False,Summer,2.0,0.0,120.0,Departmental_road,Bidirectional,Unknown,Flat,Curve_right,Normal,Roundabout,On_road,Unknown,B02,Other/Unknown,Motorcycle,Cyclist,Front,Straight_ahead,0,1987.0,Male,Driver,Injured_Hospitalized,Driver_seat,Home-work,Not_pedestrian,Unknown,Not_pedestrian,Helmet,Used,Not a holiday,0
767,201600000482,2016,10,12,Night_without_public_lighting,Out_of_agglomeration,Out_of_intersection,Normal,No_collision,Manual_entry,2.25023,49.35718,True,2016-10-12,22,30,22:30,Night,False,Autumn,0.0,0.0,0.0,Departmental_road,Bidirectional,Unknown,Flat,Straight,Normal,Unknown,On_road,Unknown,A01,Other/Unknown,Car(Quad/Passenger),None,Multiple impacts,Straight_ahead,0,1994.0,Male,Driver,Injured_Hospitalized,Driver_seat,other,Not_pedestrian,Unknown,Not_pedestrian,Seat_belt,Undetermined,Not a holiday,0
768,201600000483,2016,11,16,Twilight_or_dawn,Built_up_area,Out_of_intersection,Cloudy,Side_two_vehicles,Manual_entry,2.33603,49.33328,True,2016-11-16,8,0,08:00,Morning,False,Autumn,0.0,0.0,60.0,Departmental_road,Bidirectional,Unknown,Slope,Straight,Normal,Unknown,On_road,Unknown,A01,Same_direction,Car(Quad/Passenger),Cyclist,Right_side,Park/Start/Stop,0,1965.0,Female,Driver,Injured_Hospitalized,Driver_seat,Unknown,Not_pedestrian,Unknown,Not_pedestrian,Seat_belt,Used,Not a holiday,0
769,201600000483,2016,11,16,Twilight_or_dawn,Built_up_area,Out_of_intersection,Cloudy,Side_two_vehicles,Manual_entry,2.33603,49.33328,True,2016-11-16,8,0,08:00,Morning,False,Autumn,0.0,0.0,60.0,Departmental_road,Bidirectional,Unknown,Slope,Straight,Normal,Unknown,On_road,Unknown,B02,Same_direction,Car(Quad/Passenger),Cyclist,Front_right,Straight_ahead,0,1953.0,Female,Driver,Uninjured,Driver_seat,Unknown,Not_pedestrian,Unknown,Not_pedestrian,Seat_belt,Used,Not a holiday,0
770,201600000484,2016,11,16,Daylight,Out_of_agglomeration,Out_of_intersection,Normal,Frontal_two_vehicles,Manual_entry,2.35379,49.29313,True,2016-11-16,14,45,14:45,Afternoon,False,Autumn,2.0,0.0,71.0,Departmental_road,Bidirectional,Unknown,Flat,Straight,Wet,Unknown,On_road,Unknown,A01,Other/Unknown,Car(Quad/Passenger),Cyclist,Front,Loss_of_control,0,1994.0,Female,Driver,Uninjured,Driver_seat,Home-work,Not_pedestrian,Unknown,Not_pedestrian,Seat_belt,Undetermined,Not a holiday,0
771,201600000484,2016,11,16,Daylight,Out_of_agglomeration,Out_of_intersection,Normal,Frontal_two_vehicles,Manual_entry,2.35379,49.29313,True,2016-11-16,14,45,14:45,Afternoon,False,Autumn,2.0,0.0,71.0,Departmental_road,Bidirectional,Unknown,Flat,Straight,Wet,Unknown,On_road,Unknown,B02,Other/Unknown,Motorcycle,Cyclist,Front_left,None,0,1942.0,Male,Driver,Injured_Hospitalized,Driver_seat,other,Not_pedestrian,Unknown,Not_pedestrian,Helmet,Undetermined,Not a holiday,0
772,201600000485,2016,11,24,Twilight_or_dawn,Built_up_area,Out_of_intersection,Normal,Other_collision,Manual_entry,2.24925,49.3545,True,2016-11-24,15,15,15:15,Afternoon,False,Autumn,1.0,0.0,54.0,Communal_way,Bidirectional,Unknown,Flat,Curve_left,Normal,Unknown,On_verge,Unknown,A01,Same_direction,Car(Quad/Passenger),Pedestrian,Right_side,Park/Start/Stop,0,1973.0,Male,Driver,Uninjured,Driver_seat,Home-work,Not_pedestrian,Unknown,Not_pedestrian,Seat_belt,Used,Not a holiday,0
773,201600000486,2016,12,1,Night_without_public_lighting,Out_of_agglomeration,Out_of_intersection,Other,No_collision,Manual_entry,2.31826,49.31023,True,2016-12-01,17,45,17:45,Evening,False,Winter,0.0,0.0,0.0,Departmental_road,Unknown,Unknown,Unknown,Unknown,Unknown,Unknown,Unknown,Not_near_school,A01,Same_direction,Car(Quad/Passenger),None,No_impact,None,0,1970.0,Male,Driver,Injured_Hospitalized,Driver_seat,Unknown,Not_pedestrian,Unknown,Not_pedestrian,Seat_belt,Used,Not a holiday,0
774,201600000487,2016,12,13,Daylight,Out_of_agglomeration,Out_of_intersection,Normal,Other_collision,Manual_entry,2.31066,49.3081,True,2016-12-13,15,45,15:45,Afternoon,False,Winter,0.0,0.0,0.0,Departmental_road,Bidirectional,Unknown,Flat,Straight,Normal,Unknown,On_verge,Unknown,A01,Other/Unknown,Car(Quad/Passenger),None,Front,Straight_ahead,0,1959.0,Female,Driver,Injured_Hospitalized,Driver_seat,Unknown,Not_pedestrian,Unknown,Not_pedestrian,Seat_belt,Undetermined,Not a holiday,0
775,201600000488,2016,2,6,Night_without_public_lighting,Out_of_agglomeration,Out_of_intersection,Strong_wind_or_storm,Multiple_three_plus,Manual_entry,2.41772,49.51773,True,2016-02-06,20,0,20:00,Evening,True,Winter,2.0,0.0,70.0,Departmental_road,Bidirectional,Unknown,Flat,Straight,Normal,Unknown,On_road,Unknown,A01,Same_direction,Car(Quad/Passenger),Cyclist,Front_right,other,0,1993.0,Female,Driver,Uninjured,Driver_seat,Home-work,Not_pedestrian,Unknown,Not_pedestrian,Seat_belt,Used,Not a holiday,0
776,201600000488,2016,2,6,Night_without_public_lighting,Out_of_agglomeration,Out_of_intersection,Strong_wind_or_storm,Multiple_three_plus,Manual_entry,2.41772,49.51773,True,2016-02-06,20,0,20:00,Evening,True,Winter,2.0,0.0,70.0,Departmental_road,Bidirectional,Unknown,Flat,Straight,Normal,Unknown,On_road,Unknown,B02,Same_direction,Motorcycle,Cyclist,Front,Straight_ahead,0,1978.0,Male,Driver,Killed,Driver_seat,Shopping,Not_pedestrian,Unknown,Not_pedestrian,Helmet,Used,Not a holiday,0
777,201600000488,2016,2,6,Night_without_public_lighting,Out_of_agglomeration,Out_of_intersection,Strong_wind_or_storm,Multiple_three_plus,Manual_entry,2.41772,49.51773,True,2016-02-06,20,0,20:00,Evening,True,Winter,2.0,0.0,70.0,Departmental_road,Bidirectional,Unknown,Flat,Straight,Normal,Unknown,On_road,Unknown,C03,Same_direction,Car(Quad/Passenger),None,No_impact,Straight_ahead,0,1976.0,Male,Driver,Uninjured,Driver_seat,Home-work,Not_pedestrian,Unknown,Not_pedestrian,Seat_belt,Used,Not a holiday,0
778,201600000489,2016,2,27,Daylight,Built_up_area,Out_of_intersection,Normal,No_collision,Manual_entry,2.53179,49.59145,True,2016-02-27,14,15,14:15,Afternoon,True,Winter,2.0,0.0,70.0,Departmental_road,Bidirectional,Unknown,Unknown,Straight,Normal,Unknown,On_road,Unknown,A01,Other/Unknown,Motorcycle,None,Front_left,Straight_ahead,0,1981.0,Male,Driver,Killed,Driver_seat,Leisure,Not_pedestrian,Unknown,Not_pedestrian,Helmet,Not_used,Not a holiday,0
779,201600000490,2016,5,27,Daylight,Built_up_area,Out_of_intersection,Normal,No_collision,Manual_entry,2.48461,49.46147,True,2016-05-27,17,45,17:45,Evening,False,Spring,2.0,0.0,60.0,Departmental_road,Bidirectional,Unknown,Flat,Straight,Normal,Unknown,On_road,Unknown,A01,Same_direction,Motorcycle,None,Left_side,Straight_ahead,0,1984.0,Male,Driver,Injured_Hospitalized,Driver_seat,Leisure,Not_pedestrian,Unknown,Not_pedestrian,Helmet,Not_used,Not a holiday,0
780,201600000491,2016,11,8,Night_without_public_lighting,Out_of_agglomeration,Out_of_intersection,Normal,Frontal_two_vehicles,Manual_entry,2.47615,49.46117,True,2016-11-08,20,0,20:00,Evening,False,Autumn,2.0,0.0,75.0,Departmental_road,Bidirectional,Unknown,Flat,Straight,Mud,Unknown,On_road,Unknown,A01,Same_direction,Car(Quad/Passenger),Cyclist,Front_right,Straight_ahead,0,1995.0,Female,Driver,Injured_Hospitalized,Driver_seat,Home-work,Not_pedestrian,Unknown,Not_pedestrian,Seat_belt,Used,Not a holiday,0
781,201600000491,2016,11,8,Night_without_public_lighting,Out_of_agglomeration,Out_of_intersection,Normal,Frontal_two_vehicles,Manual_entry,2.47615,49.46117,True,2016-11-08,20,0,20:00,Evening,False,Autumn,2.0,0.0,75.0,Departmental_road,Bidirectional,Unknown,Flat,Straight,Mud,Unknown,On_road,Unknown,B02,Same_direction,Car(Quad/Passenger),Cyclist,Front,Straight_ahead,0,1986.0,Female,Driver,Injured_Hospitalized,Driver_seat,Home-work,Not_pedestrian,Unknown,Not_pedestrian,Seat_belt,Used,Not a holiday,0
782,201600000492,2016,3,3,Daylight,Out_of_agglomeration,Out_of_intersection,Normal,Frontal_two_vehicles,Manual_entry,2.93544,49.52285,True,2016-03-03,16,0,16:00,Afternoon,False,Spring,0.0,0.0,75.0,Departmental_road,Bidirectional,Unknown,Flat,Straight,Normal,Unknown,On_road,Not_near_school,A01,Other/Unknown,Car(Quad/Passenger),Cyclist,Front,Interaction,0,1986.0,Male,Driver,Injured_Hospitalized,Driver_seat,other,Not_pedestrian,Unknown,Not_pedestrian,Seat_belt,Used,Not a holiday,0
783,201600000492,2016,3,3,Daylight,Out_of_agglomeration,Out_of_intersection,Normal,Frontal_two_vehicles,Manual_entry,2.93544,49.52285,True,2016-03-03,16,0,16:00,Afternoon,False,Spring,0.0,0.0,75.0,Departmental_road,Bidirectional,Unknown,Flat,Straight,Normal,Unknown,On_road,Not_near_school,B02,Opposite_direction,Car(Quad/Passenger),Cyclist,Front,Straight_ahead,0,1974.0,Female,Driver,Injured_Hospitalized,Driver_seat,other,Not_pedestrian,Unknown,Not_pedestrian,Seat_belt,Used,Not a holiday,0
784,201600000493,2016,7,23,Daylight,Out_of_agglomeration,Out_of_intersection,Normal,Rear_end_two_vehicles,Manual_entry,3.01587,49.53483,True,2016-07-23,10,15,10:15,Morning,True,Summer,2.0,0.0,60.0,Departmental_road,Bidirectional,Unknown,Slope,Straight,Normal,Roundabout,On_road,Unknown,B02,Same_direction,Motorcycle,Cyclist,Rear_left,Turning,0,1959.0,Male,Driver,Killed,Driver_seat,Leisure,Not_pedestrian,Unknown,Not_pedestrian,Helmet,Used,Not a holiday,0
785,201600000493,2016,7,23,Daylight,Out_of_agglomeration,Out_of_intersection,Normal,Rear_end_two_vehicles,Manual_entry,3.01587,49.53483,True,2016-07-23,10,15,10:15,Morning,True,Summer,2.0,0.0,60.0,Departmental_road,Bidirectional,Unknown,Slope,Straight,Normal,Roundabout,On_road,Unknown,A01,Same_direction,Car(Quad/Passenger),Cyclist,Front_right,Turning,0,1946.0,Male,Driver,Uninjured,Driver_seat,Shopping,Not_pedestrian,Unknown,Not_pedestrian,Seat_belt,Used,Not a holiday,0
786,201600000494,2016,10,13,Night_with_public_lighting_on,Built_up_area,Out_of_intersection,Light_rain,Side_two_vehicles,Manual_entry,2.89809,49.49764,True,2016-10-13,19,30,19:30,Evening,False,Autumn,2.0,0.0,60.0,Departmental_road,Bidirectional,Unknown,Flat,Straight,Wet,Unknown,On_bike_path,Unknown,A01,Same_direction,Bus/Coach,Cyclist,Right_side,None,0,1990.0,Female,Driver,Injured_Hospitalized,Driver_seat,Unknown,Not_pedestrian,Unknown,Not_pedestrian,Seat_belt,Undetermined,Not a holiday,0
787,201600000494,2016,10,13,Night_with_public_lighting_on,Built_up_area,Out_of_intersection,Light_rain,Side_two_vehicles,Manual_entry,2.89809,49.49764,True,2016-10-13,19,30,19:30,Evening,False,Autumn,2.0,0.0,60.0,Departmental_road,Bidirectional,Unknown,Flat,Straight,Wet,Unknown,On_bike_path,Unknown,B02,Same_direction,Car(Quad/Passenger),Cyclist,Front_right,Straight_ahead,0,1974.0,Female,Driver,Injured_Slight,Driver_seat,Unknown,Not_pedestrian,Unknown,Not_pedestrian,Seat_belt,Undetermined,Not a holiday,0
788,201600000495,2016,11,30,Twilight_or_dawn,Out_of_agglomeration,Out_of_intersection,Normal,Chain_three_plus,Manual_entry,2.85736,49.49445,True,2016-11-30,17,30,17:30,Evening,False,Autumn,2.0,65.0,0.0,Communal_way,Bidirectional,Unknown,Flat,Straight,Normal,Unknown,On_road,Not_near_school,A01,Opposite_direction,Car(Quad/Passenger),None,Rear,Avoiding_obstacle,0,1996.0,Female,Driver,Uninjured,Driver_seat,Home-work,Not_pedestrian,Unknown,Not_pedestrian,Seat_belt,Used,Not a holiday,0
789,201600000495,2016,11,30,Twilight_or_dawn,Out_of_agglomeration,Out_of_intersection,Normal,Chain_three_plus,Manual_entry,2.85736,49.49445,True,2016-11-30,17,30,17:30,Evening,False,Autumn,2.0,65.0,0.0,Communal_way,Bidirectional,Unknown,Flat,Straight,Normal,Unknown,On_road,Not_near_school,B02,Opposite_direction,Car(Quad/Passenger),None,Rear_right,other,0,1996.0,Male,Driver,Injured_Hospitalized,Driver_seat,Home-work,Not_pedestrian,Unknown,Not_pedestrian,Seat_belt,Used,Not a holiday,0
790,201600000495,2016,11,30,Twilight_or_dawn,Out_of_agglomeration,Out_of_intersection,Normal,Chain_three_plus,Manual_entry,2.85736,49.49445,True,2016-11-30,17,30,17:30,Evening,False,Autumn,2.0,65.0,0.0,Communal_way,Bidirectional,Unknown,Flat,Straight,Normal,Unknown,On_road,Not_near_school,C03,Opposite_direction,Car(Quad/Passenger),None,Front,Straight_ahead,0,1970.0,Female,Driver,Injured_Hospitalized,Driver_seat,Leisure,Not_pedestrian,Unknown,Not_pedestrian,Seat_belt,Used,Not a holiday,0
791,201600000496,2016,1,15,Daylight,Out_of_agglomeration,Out_of_intersection,Normal,Chain_three_plus,Manual_entry,2.70079,49.3244,True,2016-01-15,12,30,12:30,Afternoon,False,Winter,2.0,0.0,82.0,Departmental_road,Bidirectional,Unknown,Unknown,Straight,Normal,Interchange,On_road,Not_near_school,A01,Same_direction,Car(Quad/Passenger),None,Front,None,0,1981.0,Male,Driver,Injured_Slight,Driver_seat,Home-school,Not_pedestrian,Unknown,Not_pedestrian,Seat_belt,Used,Not a holiday,0
792,201600000496,2016,1,15,Daylight,Out_of_agglomeration,Out_of_intersection,Normal,Chain_three_plus,Manual_entry,2.70079,49.3244,True,2016-01-15,12,30,12:30,Afternoon,False,Winter,2.0,0.0,82.0,Departmental_road,Bidirectional,Unknown,Unknown,Straight,Normal,Interchange,On_road,Not_near_school,B02,Same_direction,Car(Quad/Passenger),None,Front_right,Roundabout,0,1996.0,Male,Driver,Uninjured,Driver_seat,Unknown,Not_pedestrian,Unknown,Not_pedestrian,Seat_belt,Used,Not a holiday,0
793,201600000496,2016,1,15,Daylight,Out_of_agglomeration,Out_of_intersection,Normal,Chain_three_plus,Manual_entry,2.70079,49.3244,True,2016-01-15,12,30,12:30,Afternoon,False,Winter,2.0,0.0,82.0,Departmental_road,Bidirectional,Unknown,Unknown,Straight,Normal,Interchange,On_road,Not_near_school,C03,Same_direction,Car(Quad/Passenger),None,Right_side,other,0,1975.0,Male,Driver,Uninjured,Driver_seat,Unknown,Not_pedestrian,Unknown,Not_pedestrian,Seat_belt,Used,Not a holiday,0
794,201600000497,2016,1,16,Night_without_public_lighting,Out_of_agglomeration,Out_of_intersection,Normal,Frontal_two_vehicles,Manual_entry,2.96671,49.3592,True,2016-01-16,19,0,19:00,Evening,True,Winter,2.0,0.0,67.0,Departmental_road,Bidirectional,Bike_path,Flat,Straight,Normal,Unknown,On_road,Not_near_school,B02,Opposite_direction,Car(Quad/Passenger),Pedestrian,Front,Straight_ahead,0,1984.0,Male,Driver,Uninjured,Driver_seat,Shopping,Not_pedestrian,Unknown,Not_pedestrian,Seat_belt,Used,Not a holiday,0
795,201600000497,2016,1,16,Night_without_public_lighting,Out_of_agglomeration,Out_of_intersection,Normal,Frontal_two_vehicles,Manual_entry,2.96671,49.3592,True,2016-01-16,19,0,19:00,Evening,True,Winter,2.0,0.0,67.0,Departmental_road,Bidirectional,Bike_path,Flat,Straight,Normal,Unknown,On_road,Not_near_school,A01,Other/Unknown,Car(Quad/Passenger),Pedestrian,Front_left,Straight_ahead,0,1995.0,Male,Driver,Uninjured,Driver_seat,Home-work,Not_pedestrian,Unknown,Not_pedestrian,Seat_belt,Used,Not a holiday,0
796,201600000498,2016,3,1,Daylight,Out_of_agglomeration,Out_of_intersection,Normal,Other_collision,Manual_entry,2.87522,49.35635,True,2016-03-01,8,15,08:15,Morning,False,Spring,0.0,0.0,0.0,Departmental_road,Bidirectional,Unknown,Flat,Straight,Normal,Unknown,On_road,Not_near_school,B02,Same_direction,Car(Quad/Passenger),None,No_impact,None,0,1985.0,Male,Driver,Uninjured,Driver_seat,Unknown,Not_pedestrian,Unknown,Not_pedestrian,Seat_belt,Used,Not a holiday,0
797,201600000498,2016,3,1,Daylight,Out_of_agglomeration,Out_of_intersection,Normal,Other_collision,Manual_entry,2.87522,49.35635,True,2016-03-01,8,15,08:15,Morning,False,Spring,0.0,0.0,0.0,Departmental_road,Bidirectional,Unknown,Flat,Straight,Normal,Unknown,On_road,Not_near_school,A01,Opposite_direction,Car(Quad/Passenger),Cyclist,No_impact,None,0,1974.0,Female,Driver,Injured_Hospitalized,Driver_seat,Unknown,Not_pedestrian,Unknown,Not_pedestrian,Seat_belt,Used,Not a holiday,0
798,201600000499,2016,3,4,Twilight_or_dawn,Out_of_agglomeration,Intersection_X,Light_rain,Multiple_three_plus,Manual_entry,2.87901,49.35216,True,2016-03-04,18,30,18:30,Evening,False,Spring,0.0,0.0,65.0,Departmental_road,Bidirectional,Unknown,Flat,Straight,Wet,Roundabout,On_road,Unknown,A01,Opposite_direction,Car(Quad/Passenger),Cyclist,Rear,Straight_ahead,0,1995.0,Male,Driver,Uninjured,Driver_seat,other,Not_pedestrian,Unknown,Not_pedestrian,Seat_belt,Used,Not a holiday,0
799,201600000499,2016,3,4,Twilight_or_dawn,Out_of_agglomeration,Intersection_X,Light_rain,Multiple_three_plus,Manual_entry,2.87901,49.35216,True,2016-03-04,18,30,18:30,Evening,False,Spring,0.0,0.0,65.0,Departmental_road,Bidirectional,Unknown,Flat,Straight,Wet,Roundabout,On_road,Unknown,B02,Opposite_direction,Car(Quad/Passenger),Cyclist,Front,None,0,1989.0,Male,Driver,Uninjured,Driver_seat,Home-work,Not_pedestrian,Unknown,Not_pedestrian,Seat_belt,Used,Not a holiday,0
800,201600000499,2016,3,4,Twilight_or_dawn,Out_of_agglomeration,Intersection_X,Light_rain,Multiple_three_plus,Manual_entry,2.87901,49.35216,True,2016-03-04,18,30,18:30,Evening,False,Spring,0.0,0.0,65.0,Departmental_road,Bidirectional,Unknown,Flat,Straight,Wet,Roundabout,On_road,Unknown,C03,Same_direction,Car(Quad/Passenger),Cyclist,Front,None,0,1950.0,Male,Driver,Uninjured,Driver_seat,Leisure,Not_pedestrian,Unknown,Not_pedestrian,Seat_belt,Used,Not a holiday,0
801,201600000500,2016,5,18,Daylight,Out_of_agglomeration,Out_of_intersection,Normal,Side_two_vehicles,Manual_entry,2.71821,49.32198,True,2016-05-18,12,15,12:15,Afternoon,False,Spring,0.0,0.0,75.0,Departmental_road,Bidirectional,Unknown,Flat,Straight,Normal,Roundabout,On_road,Unknown,B02,Opposite_direction,Car(Quad/Passenger),Cyclist,Left_side,Straight_ahead,0,1988.0,Male,Driver,Uninjured,Driver_seat,Home-work,Not_pedestrian,Unknown,Not_pedestrian,Seat_belt,Used,Not a holiday,0
802,201600000500,2016,5,18,Daylight,Out_of_agglomeration,Out_of_intersection,Normal,Side_two_vehicles,Manual_entry,2.71821,49.32198,True,2016-05-18,12,15,12:15,Afternoon,False,Spring,0.0,0.0,75.0,Departmental_road,Bidirectional,Unknown,Flat,Straight,Normal,Roundabout,On_road,Unknown,A01,Opposite_direction,Motorcycle,Cyclist,Front,Park/Start/Stop,0,1980.0,Male,Driver,Injured_Slight,Driver_seat,Home-work,Not_pedestrian,Unknown,Not_pedestrian,Helmet,Used,Not a holiday,0
803,201600000501,2016,6,3,Twilight_or_dawn,Built_up_area,Out_of_intersection,Normal,No_collision,Manual_entry,2.74906,49.36183,True,2016-06-03,19,15,19:15,Evening,False,Summer,2.0,0.0,58.0,Departmental_road,Bidirectional,Unknown,Slope,Curve_left,Normal,Unknown,On_road,Unknown,A01,Same_direction,Motorcycle,None,No_impact,Straight_ahead,0,1986.0,Male,Driver,Injured_Hospitalized,Driver_seat,other,Not_pedestrian,Unknown,Not_pedestrian,Helmet,Undetermined,Not a holiday,0
804,201600000502,2016,6,11,Twilight_or_dawn,Out_of_agglomeration,Out_of_intersection,Heavy_rain,Other_collision,Manual_entry,2.87801,49.35336,True,2016-06-11,21,0,21:00,Night,True,Summer,2.0,64.0,0.0,Departmental_road,Bidirectional,Unknown,Unknown,Straight,Wet,Unknown,On_verge,Unknown,A01,Opposite_direction,Car(Quad/Passenger),None,Front,Interaction,0,1995.0,Female,Driver,Uninjured,Driver_seat,Leisure,Not_pedestrian,Unknown,Not_pedestrian,Seat_belt,Used,Not a holiday,0
805,201600000503,2016,6,22,Daylight,Built_up_area,Out_of_intersection,Normal,Frontal_two_vehicles,Manual_entry,2.76201,49.3545,True,2016-06-22,10,0,10:00,Morning,False,Summer,2.0,70.0,0.0,Departmental_road,Bidirectional,Unknown,Unknown,Straight,Normal,Unknown,On_road,Unknown,B02,Other/Unknown,Car(Quad/Passenger),Cyclist,Front,Straight_ahead,0,1927.0,Male,Driver,Injured_Hospitalized,Driver_seat,Leisure,Not_pedestrian,Unknown,Not_pedestrian,Seat_belt,Used,Not a holiday,0
806,201600000503,2016,6,22,Daylight,Built_up_area,Out_of_intersection,Normal,Frontal_two_vehicles,Manual_entry,2.76201,49.3545,True,2016-06-22,10,0,10:00,Morning,False,Summer,2.0,70.0,0.0,Departmental_road,Bidirectional,Unknown,Unknown,Straight,Normal,Unknown,On_road,Unknown,A01,Opposite_direction,Car(Quad/Passenger),Cyclist,Front_right,Roundabout,0,1942.0,Female,Driver,Uninjured,Driver_seat,Leisure,Not_pedestrian,Unknown,Not_pedestrian,Seat_belt,Used,Not a holiday,0
807,201600000504,2016,6,28,Daylight,Built_up_area,Out_of_intersection,Normal,Other_collision,Manual_entry,2.97967,49.34964,True,2016-06-28,20,30,20:30,Evening,False,Summer,2.0,0.0,42.0,Departmental_road,Bidirectional,Unknown,Flat,Curve_right,Normal,Unknown,On_road,Unknown,A01,Other/Unknown,Motorcycle,None,Right_side,Straight_ahead,0,1982.0,Male,Driver,Injured_Hospitalized,Driver_seat,other,Not_pedestrian,Unknown,Not_pedestrian,Helmet,Used,Not a holiday,0
808,201600000505,2016,7,1,Daylight,Out_of_agglomeration,Out_of_intersection,Normal,Frontal_two_vehicles,Manual_entry,2.88912,49.34908,True,2016-07-01,16,30,16:30,Afternoon,False,Summer,2.0,56.0,0.0,Departmental_road,Bidirectional,Unknown,Flat,Straight,Wet,Unknown,On_road,Unknown,A01,Other/Unknown,Car(Quad/Passenger),Cyclist,Front,Avoiding_obstacle,0,1992.0,Male,Driver,Injured_Slight,Driver_seat,Home-work,Not_pedestrian,Unknown,Not_pedestrian,Seat_belt,Used,Not a holiday,0
809,201600000505,2016,7,1,Daylight,Out_of_agglomeration,Out_of_intersection,Normal,Frontal_two_vehicles,Manual_entry,2.88912,49.34908,True,2016-07-01,16,30,16:30,Afternoon,False,Summer,2.0,56.0,0.0,Departmental_road,Bidirectional,Unknown,Flat,Straight,Wet,Unknown,On_road,Unknown,B02,Opposite_direction,Car(Quad/Passenger),Cyclist,Right_side,Interaction,0,1962.0,Male,Driver,Injured_Hospitalized,Driver_seat,Professional use,Not_pedestrian,Unknown,Not_pedestrian,Seat_belt,Used,Not a holiday,0