,accident_id,year,month,day,lighting_label,urban_label,intersection_label,weather_label,collision_label,gps_label,longitude_num,latitude_num,valid_geo,date,hour,minute,time_hhmm,time_of_day,is_weekend,season,num_lanes,pedestrian_crossing_width,road_width,road_category_label,traffic_regime_label,reserved_lane_label,road_profile_label,road_layout_label,surface_condition_label,infrastructure_label,situation_label,school_zone_label,vehicle_id,traffic_direction_label,vehicle_category_label,mobile_obstacle_label,impact_point_label,manoeuvre_label,occupants_group,birth_year,sex_label,user_category_label,injury_severity_label,seat_position_label,journey_purpose_label,pedestrian_location_label,pedestrian_action_label,pedestrian_state_label,safety_equipment_type,safety_equipment_usage,holiday_name,is_holiday
810,201600000506,2016,11,10,Night_without_public_lighting,Out_of_agglomeration,Out_of_intersection,Light_rain,Frontal_two_vehicles,Manual_entry,2.98864,49.3358,True,2016-11-10,17,30,17:30,Evening,False,Autumn,2.0,0.0,61.0,Departmental_road,Bidirectional,Unknown,Hilltop,Curve_right,Wet,Unknown,On_road,Not_near_school,B02,Opposite_direction,Car(Quad/Passenger),Cyclist,Front,Straight_ahead,0,1968.0,Male,Driver,Injured_Slight,Driver_seat,Unknown,Not_pedestrian,Unknown,Not_pedestrian,Seat_belt,Used,Not a holiday,0
811,201600000506,2016,11,10,Night_without_public_lighting,Out_of_agglomeration,Out_of_intersection,Light_rain,Frontal_two_vehicles,Manual_entry,2.98864,49.3358,True,2016-11-10,17,30,17:30,Evening,False,Autumn,2.0,0.0,61.0,Departmental_road,Bidirectional,Unknown,Hilltop,Curve_right,Wet,Unknown,On_road,Not_near_school,A01,Other/Unknown,Car(Quad/Passenger),Cyclist,Front,Straight_ahead,0,1990.0,Female,Driver,Injured_Hospitalized,Driver_seat,Leisure,Not_pedestrian,Unknown,Not_pedestrian,Seat_belt,Used,Not a holiday,0
812,201600000507,2016,1,9,Twilight_or_dawn,Out_of_agglomeration,Out_of_intersection,Normal,No_collision,Manual_entry,2.7912,49.47492,True,2016-01-09,17,15,17:15,Evening,True,Winter,2.0,0.0,70.0,Departmental_road,Bidirectional,Unknown,Flat,Curve_left,Normal,Unknown,On_road,Unknown,A01,Same_direction,Car(Quad/Passenger),None,Front_left,Straight_ahead,0,1997.0,Male,Driver,Uninjured,Driver_seat,Leisure,Not_pedestrian,Unknown,Not_pedestrian,Seat_belt,Used,Not a holiday,0
813,201600000508,2016,1,11,Daylight,Out_of_agglomeration,Out_of_intersection,Normal,Side_two_vehicles,Manual_entry,2.649,49.40918,True,2016-01-11,14,15,14:15,Afternoon,False,Winter,1.0,0.0,70.0,Departmental_road,Bidirectional,Unknown,Flat,S-bend,Wet,Unknown,On_road,Not_near_school,B02,Other/Unknown,Car(Quad/Passenger),Cyclist,Front,Interaction,0,1977.0,Female,Driver,Injured_Slight,Driver_seat,Home-work,Not_pedestrian,Unknown,Not_pedestrian,Seat_belt,Used,Not a holiday,0
814,201600000508,2016,1,11,Daylight,Out_of_agglomeration,Out_of_intersection,Normal,Side_two_vehicles,Manual_entry,2.649,49.40918,True,2016-01-11,14,15,14:15,Afternoon,False,Winter,1.0,0.0,70.0,Departmental_road,Bidirectional,Unknown,Flat,S-bend,Wet,Unknown,On_road,Not_near_school,A01,Opposite_direction,Car(Quad/Passenger),Cyclist,Left_side,None,0,1991.0,Female,Driver,Injured_Hospitalized,Driver_seat,Home-work,Not_pedestrian,Unknown,Not_pedestrian,Seat_belt,Used,Not a holiday,0
815,201600000509,2016,1,28,Twilight_or_dawn,Out_of_agglomeration,Out_of_intersection,Normal,Frontal_two_vehicles,Manual_entry,2.81096,49.46477,True,2016-01-28,15,0,15:00,Afternoon,False,Winter,0.0,0.0,0.0,Departmental_road,Bidirectional,Unknown,Unknown,Straight,Normal,Unknown,On_road,Not_near_school,B02,Same_direction,Cycle,Cyclist,Front_right,Interaction,0,1997.0,Male,Driver,Injured_Hospitalized,Driver_seat,Home-school,Not_pedestrian,Unknown,Not_pedestrian,Helmet,Used,Not a holiday,0
816,201600000509,2016,1,28,Twilight_or_dawn,Out_of_agglomeration,Out_of_intersection,Normal,Frontal_two_vehicles,Manual_entry,2.81096,49.46477,True,2016-01-28,15,0,15:00,Afternoon,False,Winter,0.0,0.0,0.0,Departmental_road,Bidirectional,Unknown,Unknown,Straight,Normal,Unknown,On_road,Not_near_school,A01,Same_direction,Car(Quad/Passenger),other,Right_side,Roundabout,0,1991.0,Male,Driver,Uninjured,Driver_seat,Professional use,Not_pedestrian,Unknown,Not_pedestrian,Seat_belt,Used,Not a holiday,0
817,201600000510,2016,4,12,Daylight,Out_of_agglomeration,Out_of_intersection,Normal,Other_collision,Manual_entry,2.69145,49.42632,True,2016-04-12,9,15,09:15,Morning,False,Spring,2.0,0.0,0.0,Departmental_road,Bidirectional,Unknown,Flat,Straight,Normal,Bridge,On_road,Unknown,A01,Opposite_direction,Car(Quad/Passenger),None,Front,Straight_ahead,0,1986.0,Male,Driver,Injured_Hospitalized,Driver_seat,Unknown,Not_pedestrian,Unknown,Not_pedestrian,Seat_belt,Used,Not a holiday,0
818,201600000511,2016,8,9,Daylight,Out_of_agglomeration,Out_of_intersection,Normal,Other_collision,Manual_entry,2.71641,49.58995,True,2016-08-09,13,0,13:00,Afternoon,False,Summer,2.0,0.0,77.0,Departmental_road,Bidirectional,Unknown,Unknown,Straight,Normal,Unknown,On_verge,Near_school,A01,Opposite_direction,Car(Quad/Passenger),None,Left_side,Straight_ahead,0,1990.0,Male,Driver,Killed,Driver_seat,Leisure,Not_pedestrian,Unknown,Not_pedestrian,Seat_belt,Undetermined,Not a holiday,0
819,201600000512,2016,9,5,Daylight,Out_of_agglomeration,Out_of_intersection,Cloudy,Side_two_vehicles,Manual_entry,2.71113,49.37754,True,2016-09-05,11,0,11:00,Morning,False,Autumn,2.0,0.0,64.0,Departmental_road,Bidirectional,Unknown,Flat,Curve_left,Normal,Unknown,On_road,Unknown,A01,Same_direction,Car(Quad/Passenger),Cyclist,Left_side,Avoiding_obstacle,0,1994.0,Male,Driver,Killed,Driver_seat,Leisure,Not_pedestrian,Unknown,Not_pedestrian,Seat_belt,Used,Not a holiday,0
820,201600000512,2016,9,5,Daylight,Out_of_agglomeration,Out_of_intersection,Cloudy,Side_two_vehicles,Manual_entry,2.71113,49.37754,True,2016-09-05,11,0,11:00,Morning,False,Autumn,2.0,0.0,64.0,Departmental_road,Bidirectional,Unknown,Flat,Curve_left,Normal,Unknown,On_road,Unknown,B02,Same_direction,Utility(Truck/Agri),Cyclist,Front,Straight_ahead,0,1966.0,Male,Driver,Uninjured,Driver_seat,Professional use,Not_pedestrian,Unknown,Not_pedestrian,Seat_belt,Used,Not a holiday,0
821,201600000513,2016,9,5,Daylight,Out_of_agglomeration,Out_of_intersection,Cloudy,Frontal_two_vehicles,Manual_entry,2.68826,49.51483,True,2016-09-05,8,15,08:15,Morning,False,Autumn,2.0,0.0,90.0,Departmental_road,Unknown,Unknown,Flat,Straight,Normal,Unknown,On_road,Not_near_school,A01,Same_direction,Car(Quad/Passenger),Cyclist,Right_side,Loss_of_control,0,1984.0,Female,Driver,Injured_Slight,Driver_seat,Home-work,Not_pedestrian,Unknown,Not_pedestrian,Seat_belt,Used,Not a holiday,0
822,201600000513,2016,9,5,Daylight,Out_of_agglomeration,Out_of_intersection,Cloudy,Frontal_two_vehicles,Manual_entry,2.68826,49.51483,True,2016-09-05,8,15,08:15,Morning,False,Autumn,2.0,0.0,90.0,Departmental_road,Unknown,Unknown,Flat,Straight,Normal,Unknown,On_road,Not_near_school,B02,Same_direction,Car(Quad/Passenger),Cyclist,Front_right,Straight_ahead,0,1963.0,Male,Driver,Uninjured,Driver_seat,Leisure,Not_pedestrian,Unknown,Not_pedestrian,Seat_belt,Used,Not a holiday,0
823,201600000514,2016,9,10,Daylight,Out_of_agglomeration,Out_of_intersection,Normal,Other_collision,Manual_entry,2.67456,49.59959,True,2016-09-10,18,0,18:00,Evening,True,Autumn,0.0,0.0,37.0,Communal_way,Bidirectional,Unknown,Flat,Curve_right,Normal,Unknown,On_road,Unknown,A01,Same_direction,Car(Quad/Passenger),None,Front_left,Roundabout,0,1964.0,Male,Driver,Killed,Driver_seat,Shopping,Not_pedestrian,Unknown,Not_pedestrian,Seat_belt,Used,Not a holiday,0
824,201600000515,2016,9,25,Night_without_public_lighting,Out_of_agglomeration,Out_of_intersection,Normal,Side_two_vehicles,Manual_entry,2.76059,49.46427,True,2016-09-25,1,45,01:45,Night,True,Autumn,2.0,0.0,0.0,Departmental_road,Bidirectional,Unknown,Flat,Straight,Normal,Unknown,On_road,Unknown,B02,Same_direction,Car(Quad/Passenger),None,Right_side,Straight_ahead,0,1987.0,Female,Driver,Injured_Hospitalized,Driver_seat,Leisure,Not_pedestrian,Unknown,Not_pedestrian,Seat_belt,Used,Not a holiday,0
825,201600000515,2016,9,25,Night_without_public_lighting,Out_of_agglomeration,Out_of_intersection,Normal,Side_two_vehicles,Manual_entry,2.76059,49.46427,True,2016-09-25,1,45,01:45,Night,True,Autumn,2.0,0.0,0.0,Departmental_road,Bidirectional,Unknown,Flat,Straight,Normal,Unknown,On_road,Unknown,A01,Same_direction,Car(Quad/Passenger),None,Front_right,Straight_ahead,0,1989.0,Male,Driver,Injured_Hospitalized,Driver_seat,other,Not_pedestrian,Unknown,Not_pedestrian,Seat_belt,Undetermined,Not a holiday,0
826,201600000516,2016,11,14,Night_without_public_lighting,Out_of_agglomeration,Other,Normal,Frontal_two_vehicles,Manual_entry,2.67595,49.40322,True,2016-11-14,18,0,18:00,Evening,False,Autumn,2.0,0.0,0.0,National_road,Bidirectional,Unknown,Flat,Straight,Normal,Unknown,On_road,Not_near_school,B02,Same_direction,Utility(Truck/Agri),Cyclist,Front,Straight_ahead,0,1976.0,Male,Driver,Uninjured,Driver_seat,Home-work,Not_pedestrian,Unknown,Not_pedestrian,Seat_belt,Used,Not a holiday,0
827,201600000516,2016,11,14,Night_without_public_lighting,Out_of_agglomeration,Other,Normal,Frontal_two_vehicles,Manual_entry,2.67595,49.40322,True,2016-11-14,18,0,18:00,Evening,False,Autumn,2.0,0.0,0.0,National_road,Bidirectional,Unknown,Flat,Straight,Normal,Unknown,On_road,Not_near_school,A01,Same_direction,Car(Quad/Passenger),Cyclist,Front_right,Roundabout,0,1938.0,Male,Driver,Injured_Slight,Driver_seat,Leisure,Not_pedestrian,Unknown,Not_pedestrian,Seat_belt,Used,Not a holiday,0
828,201600000517,2016,11,21,Twilight_or_dawn,Out_of_agglomeration,Out_of_intersection,Normal,Frontal_two_vehicles,Manual_entry,2.65298,49.45321,True,2016-11-21,6,45,06:45,Morning,False,Autumn,2.0,0.0,70.0,Departmental_road,Bidirectional,Unknown,Unknown,Straight,Wet,Unknown,On_verge,Not_near_school,B02,Other/Unknown,Bus/Coach,Cyclist,Right_side,Straight_ahead,0,1960.0,Male,Driver,Uninjured,Driver_seat,Home-work,Not_pedestrian,Unknown,Not_pedestrian,Seat_belt,Used,Not a holiday,0
829,201600000517,2016,11,21,Twilight_or_dawn,Out_of_agglomeration,Out_of_intersection,Normal,Frontal_two_vehicles,Manual_entry,2.65298,49.45321,True,2016-11-21,6,45,06:45,Morning,False,Autumn,2.0,0.0,70.0,Departmental_road,Bidirectional,Unknown,Unknown,Straight,Wet,Unknown,On_verge,Not_near_school,A01,Opposite_direction,Car(Quad/Passenger),Cyclist,Front,other,0,1982.0,Male,Driver,Killed,Driver_seat,Home-work,Not_pedestrian,Unknown,Not_pedestrian,Seat_belt,Used,Not a holiday,0
830,201600000518,2016,11,25,Night_without_public_lighting,Out_of_agglomeration,Out_of_intersection,Normal,Frontal_two_vehicles,Manual_entry,2.78733,49.4499,True,2016-11-25,19,15,19:15,Evening,False,Autumn,0.0,0.0,0.0,Departmental_road,Bidirectional,Unknown,Unknown,Straight,Normal,Unknown,On_road,Unknown,A01,Same_direction,Car(Quad/Passenger),Cyclist,Front_left,Roundabout,0,1976.0,Female,Driver,Killed,Driver_seat,Leisure,Not_pedestrian,Unknown,Not_pedestrian,Seat_belt,Used,Not a holiday,0
831,201600000518,2016,11,25,Night_without_public_lighting,Out_of_agglomeration,Out_of_intersection,Normal,Frontal_two_vehicles,Manual_entry,2.78733,49.4499,True,2016-11-25,19,15,19:15,Evening,False,Autumn,0.0,0.0,0.0,Departmental_road,Bidirectional,Unknown,Unknown,Straight,Normal,Unknown,On_road,Unknown,B02,Same_direction,Car(Quad/Passenger),Cyclist,Front,Straight_ahead,0,1967.0,Male,Driver,Uninjured,Driver_seat,Home-work,Not_pedestrian,Unknown,Not_pedestrian,Seat_belt,Used,Not a holiday,0
832,201600000519,2016,2,13,Twilight_or_dawn,Out_of_agglomeration,Out_of_intersection,Light_rain,Rear_end_two_vehicles,Manual_entry,3.02945,49.5722,True,2016-02-13,14,0,14:00,Afternoon,True,Winter,0.0,10.0,70.0,Departmental_road,Separated_carriageways,Unknown,Unknown,Straight,Wet,Unknown,On_emergency_stop_band,Unknown,B02,Same_direction,Utility(Truck/Agri),None,Rear_right,None,0,1952.0,Male,Driver,Uninjured,Driver_seat,Unknown,Not_pedestrian,Unknown,Not_pedestrian,Seat_belt,Used,Not a holiday,0
833,201600000519,2016,2,13,Twilight_or_dawn,Out_of_agglomeration,Out_of_intersection,Light_rain,Rear_end_two_vehicles,Manual_entry,3.02945,49.5722,True,2016-02-13,14,0,14:00,Afternoon,True,Winter,0.0,10.0,70.0,Departmental_road,Separated_carriageways,Unknown,Unknown,Straight,Wet,Unknown,On_emergency_stop_band,Unknown,A01,Opposite_direction,Car(Quad/Passenger),None,Front_right,None,0,1985.0,Male,Driver,Injured_Hospitalized,Driver_seat,Shopping,Not_pedestrian,Unknown,Not_pedestrian,Seat_belt,Used,Not a holiday,0
834,201600000520,2016,4,4,Night_without_public_lighting,Built_up_area,Out_of_intersection,Light_rain,Other_collision,Manual_entry,2.91217,49.66047,True,2016-04-04,1,15,01:15,Night,False,Spring,0.0,0.0,50.0,Departmental_road,Unknown,Unknown,Unknown,Curve_left,Wet,Unknown,On_road,Unknown,A01,Same_direction,Car(Quad/Passenger),None,Front,None,0,1995.0,Female,Driver,Injured_Hospitalized,Driver_seat,Unknown,Not_pedestrian,Unknown,Not_pedestrian,Seat_belt,Not_used,Not a holiday,0
835,201600000521,2016,5,8,Night_without_public_lighting,Out_of_agglomeration,Out_of_intersection,Normal,No_collision,Manual_entry,2.99908,49.67747,True,2016-05-08,3,45,03:45,Night,True,Spring,2.0,50.0,0.0,Departmental_road,Bidirectional,Unknown,Flat,Straight,Normal,Unknown,Unknown,Unknown,A01,Other/Unknown,Car(Quad/Passenger),None,Front,Straight_ahead,0,1972.0,Male,Driver,Injured_Hospitalized,Driver_seat,Leisure,Not_pedestrian,Unknown,Not_pedestrian,Seat_belt,Not_used,Victory in Europe Day,1
836,201600000522,2016,5,10,Daylight,Out_of_agglomeration,Out_of_intersection,Light_rain,No_collision,Manual_entry,2.94538,49.64362,True,2016-05-10,14,15,14:15,Afternoon,False,Spring,0.0,0.0,50.0,Departmental_road,Bidirectional,Unknown,Flat,Straight,Wet,Unknown,Unknown,Unknown,A01,Opposite_direction,Car(Quad/Passenger),None,Front,Straight_ahead,0,1980.0,Male,Driver,Injured_Hospitalized,Driver_seat,Home-work,Not_pedestrian,Unknown,Not_pedestrian,Seat_belt,Used,Not a holiday,0
837,201600000523,2016,5,28,Daylight,Out_of_agglomeration,Out_of_intersection,Normal,Side_two_vehicles,Manual_entry,3.10837,49.59079,True,2016-05-28,14,30,14:30,Afternoon,True,Spring,2.0,0.0,0.0,Departmental_road,Bidirectional,Unknown,Flat,Unknown,Normal,Unknown,Unknown,Unknown,B02,Same_direction,Car(Quad/Passenger),None,Front_left,None,0,1929.0,Female,Driver,Injured_Hospitalized,Driver_seat,Unknown,Not_pedestrian,Unknown,Not_pedestrian,Seat_belt,Used,Not a holiday,0
838,201600000523,2016,5,28,Daylight,Out_of_agglomeration,Out_of_intersection,Normal,Side_two_vehicles,Manual_entry,3.10837,49.59079,True,2016-05-28,14,30,14:30,Afternoon,True,Spring,2.0,0.0,0.0,Departmental_road,Bidirectional,Unknown,Flat,Unknown,Normal,Unknown,Unknown,Unknown,A01,Same_direction,Car(Quad/Passenger),None,Front_right,Park/Start/Stop,0,1984.0,Male,Driver,Uninjured,Driver_seat,Leisure,Not_pedestrian,Unknown,Not_pedestrian,Seat_belt,Used,Not a holiday,0
839,201600000524,2016,6,6,Twilight_or_dawn,Out_of_agglomeration,Out_of_intersection,Fog_or_smoke,Other_collision,Manual_entry,3.01628,49.60661,True,2016-06-06,6,0,06:00,Morning,False,Summer,0.0,0.0,70.0,Departmental_road,Bidirectional,Unknown,Flat,Straight,Normal,Unknown,On_verge,Unknown,A01,Same_direction,Car(Quad/Passenger),None,Right_side,Interaction,0,1983.0,Male,Driver,Killed,Driver_seat,Home-work,Not_pedestrian,Unknown,Not_pedestrian,Seat_belt,Used,Not a holiday,0
840,201600000525,2016,9,20,Night_with_public_lighting_on,Built_up_area,Out_of_intersection,Normal,Other_collision,Manual_entry,3.06255,49.7009,True,2016-09-20,21,45,21:45,Night,False,Autumn,2.0,0.0,58.0,Departmental_road,Bidirectional,Unknown,Flat,Straight,Normal,Pedestrian_area,On_road,Unknown,A01,Opposite_direction,Car(Quad/Passenger),None,Front,other,0,1991.0,Male,Driver,Killed,Driver_seat,Leisure,Not_pedestrian,Unknown,Not_pedestrian,Seat_belt,Not_used,Not a holiday,0
841,201600000526,2016,3,8,Daylight,Out_of_agglomeration,Out_of_intersection,Normal,Rear_end_two_vehicles,Manual_entry,,,False,2016-03-08,7,0,07:00,Morning,False,Spring,2.0,0.0,60.0,Departmental_road,Bidirectional,Unknown,Unknown,Straight,Normal,Unknown,On_road,Not_near_school,A01,Opposite_direction,Car(Quad/Passenger),Cyclist,Front_right,other,0,1969.0,Male,Driver,Uninjured,Driver_seat,Home-work,Not_pedestrian,Unknown,Not_pedestrian,Seat_belt,Used,Not a holiday,0
842,201600000526,2016,3,8,Daylight,Out_of_agglomeration,Out_of_intersection,Normal,Rear_end_two_vehicles,Manual_entry,,,False,2016-03-08,7,0,07:00,Morning,False,Spring,2.0,0.0,60.0,Departmental_road,Bidirectional,Unknown,Unknown,Straight,Normal,Unknown,On_road,Not_near_school,B02,Opposite_direction,Cycle,Cyclist,Rear_right,Straight_ahead,0,1955.0,Male,Driver,Injured_Hospitalized,Driver_seat,Home-work,Not_pedestrian,Unknown,Not_pedestrian,Helmet,Used,Not a holiday,0
843,201600000527,2016,3,21,Daylight,Out_of_agglomeration,Out_of_intersection,Normal,Multiple_three_plus,Manual_entry,,,False,2016-03-21,7,0,07:00,Morning,False,Spring,2.0,0.0,60.0,Departmental_road,Bidirectional,Unknown,Flat,Curve_right,Oil,Unknown,On_road,Not_near_school,C03,Other/Unknown,Car(Quad/Passenger),None,No_impact,Straight_ahead,0,1993.0,Male,Driver,Uninjured,Driver_seat,Home-work,Not_pedestrian,Unknown,Not_pedestrian,Seat_belt,Undetermined,Not a holiday,0
844,201600000527,2016,3,21,Daylight,Out_of_agglomeration,Out_of_intersection,Normal,Multiple_three_plus,Manual_entry,,,False,2016-03-21,7,0,07:00,Morning,False,Spring,2.0,0.0,60.0,Departmental_road,Bidirectional,Unknown,Flat,Curve_right,Oil,Unknown,On_road,Not_near_school,B02,Other/Unknown,Car(Quad/Passenger),Cyclist,Front,Straight_ahead,0,1962.0,Male,Driver,Injured_Slight,Driver_seat,Home-work,Not_pedestrian,Unknown,Not_pedestrian,Seat_belt,Undetermined,Not a holiday,0
845,201600000527,2016,3,21,Daylight,Out_of_agglomeration,Out_of_intersection,Normal,Multiple_three_plus,Manual_entry,,,False,2016-03-21,7,0,07:00,Morning,False,Spring,2.0,0.0,60.0,Departmental_road,Bidirectional,Unknown,Flat,Curve_right,Oil,Unknown,On_road,Not_near_school,A01,Opposite_direction,Car(Quad/Passenger),Cyclist,Front,Avoiding_obstacle,0,1984.0,Female,Driver,Injured_Slight,Driver_seat,Home-work,Not_pedestrian,Unknown,Not_pedestrian,Seat_belt,Undetermined,Not a holiday,0
846,201600000528,2016,4,10,Daylight,Built_up_area,Out_of_intersection,Normal,No_collision,Manual_entry,6.23834,49.4919,True,2016-04-10,12,30,12:30,Afternoon,True,Spring,2.0,50.0,0.0,Communal_way,Bidirectional,Unknown,Slope,Straight,Normal,Unknown,On_road,Not_near_school,A01,Opposite_direction,Motorcycle,None,Front_left,Straight_ahead,0,1963.0,Male,Driver,Injured_Hospitalized,Driver_seat,Leisure,Not_pedestrian,Unknown,Not_pedestrian,Helmet,Used,Not a holiday,0
847,201600000529,2016,5,15,Night_without_public_lighting,Built_up_area,Out_of_intersection,Normal,Other_collision,Manual_entry,6.12031,49.41515,True,2016-05-15,23,45,23:45,Night,True,Spring,2.0,0.0,38.0,Communal_way,Bidirectional,Unknown,Flat,Curve_left,Wet,Unknown,On_verge,Unknown,A01,Same_direction,Car(Quad/Passenger),None,Front,Straight_ahead,0,1993.0,Male,Driver,Injured_Hospitalized,Driver_seat,Leisure,Not_pedestrian,Unknown,Not_pedestrian,Seat_belt,Used,Not a holiday,0
848,201600000530,2016,6,17,Daylight,Out_of_agglomeration,Out_of_intersection,Normal,Side_two_vehicles,Manual_entry,,,False,2016-06-17,13,0,13:00,Afternoon,False,Summer,2.0,0.0,59.0,Communal_way,Bidirectional,Unknown,Flat,Curve_right,Normal,Unknown,On_road,Not_near_school,A01,Same_direction,Motorcycle,Cyclist,Front,Avoiding_obstacle,0,1952.0,Male,Driver,Injured_Hospitalized,Driver_seat,Leisure,Not_pedestrian,Unknown,Not_pedestrian,Helmet,Used,Not a holiday,0
849,201600000530,2016,6,17,Daylight,Out_of_agglomeration,Out_of_intersection,Normal,Side_two_vehicles,Manual_entry,,,False,2016-06-17,13,0,13:00,Afternoon,False,Summer,2.0,0.0,59.0,Communal_way,Bidirectional,Unknown,Flat,Curve_right,Normal,Unknown,On_road,Not_near_school,B02,Same_direction,Car(Quad/Passenger),Cyclist,Right_side,Straight_ahead,0,1997.0,Female,Driver,Uninjured,Driver_seat,Unknown,Not_pedestrian,Unknown,Not_pedestrian,Seat_belt,Used,Not a holiday,0
850,201600000531,2016,6,30,Daylight,Out_of_agglomeration,Out_of_intersection,Normal,Frontal_two_vehicles,Manual_entry,,,False,2016-06-30,16,0,16:00,Afternoon,False,Summer,2.0,0.0,43.0,Departmental_road,Bidirectional,Unknown,Unknown,Straight,Normal,Unknown,Unknown,Not_near_school,B02,Opposite_direction,Car(Quad/Passenger),Cyclist,Front,None,0,1989.0,Male,Driver,Injured_Slight,Driver_seat,Unknown,Not_pedestrian,Unknown,Not_pedestrian,Seat_belt,Undetermined,Not a holiday,0
851,201600000531,2016,6,30,Daylight,Out_of_agglomeration,Out_of_intersection,Normal,Frontal_two_vehicles,Manual_entry,,,False,2016-06-30,16,0,16:00,Afternoon,False,Summer,2.0,0.0,43.0,Departmental_road,Bidirectional,Unknown,Unknown,Straight,Normal,Unknown,Unknown,Not_near_school,A01,Other/Unknown,Car(Quad/Passenger),Cyclist,Front,None,0,1993.0,Male,Driver,Injured_Slight,Driver_seat,Unknown,Not_pedestrian,Unknown,Not_pedestrian,Seat_belt,Undetermined,Not a holiday,0
852,201600000532,2016,9,27,Twilight_or_dawn,Out_of_agglomeration,Out_of_intersection,Normal,No_collision,Manual_entry,,,False,2016-09-27,19,30,19:30,Evening,False,Autumn,2.0,0.0,60.0,Departmental_road,Bidirectional,Unknown,Flat,Straight,Normal,Unknown,On_verge,Not_near_school,A01,Other/Unknown,Car(Quad/Passenger),None,Multiple impacts,Straight_ahead,0,1991.0,Male,Driver,Injured_Hospitalized,Driver_seat,Leisure,Not_pedestrian,Unknown,Not_pedestrian,Seat_belt,Used,Not a holiday,0
853,201600000533,2016,10,8,Daylight,Built_up_area,Out_of_intersection,Normal,Other_collision,Manual_entry,6.15672,49.40458,True,2016-10-08,16,50,16:50,Afternoon,True,Autumn,2.0,0.0,70.0,Departmental_road,Bidirectional,Unknown,Flat,Straight,Normal,Unknown,On_road,Unknown,A01,Other/Unknown,Car(Quad/Passenger),Pedestrian,Right_side,Straight_ahead,0,1948.0,Male,Driver,Uninjured,Driver_seat,Leisure,Not_pedestrian,Unknown,Not_pedestrian,Seat_belt,Used,Not a holiday,0
854,201600000534,2016,12,27,Night_with_public_lighting_on,Built_up_area,Out_of_intersection,Normal,Other_collision,Manual_entry,6.15256,49.40543,True,2016-12-27,18,30,18:30,Evening,False,Winter,2.0,0.0,90.0,Departmental_road,Bidirectional,Unknown,Flat,Curve_left,Normal,Unknown,On_road,Unknown,A01,Other/Unknown,Car(Quad/Passenger),Pedestrian,Front_right,Straight_ahead,0,1938.0,Male,Driver,Uninjured,Driver_seat,Leisure,Not_pedestrian,Unknown,Not_pedestrian,Seat_belt,Used,Not a holiday,0
855,201600000535,2016,1,16,Night_without_public_lighting,Out_of_agglomeration,Out_of_intersection,Cloudy,Frontal_two_vehicles,Manual_entry,2.56745,49.22127,True,2016-01-16,18,30,18:30,Evening,True,Winter,2.0,0.0,70.0,Departmental_road,Bidirectional,Unknown,Flat,Curve_right,Icy,Unknown,On_road,Unknown,A01,Opposite_direction,Car(Quad/Passenger),Cyclist,Front,Reversing,0,1977.0,Male,Driver,Killed,Driver_seat,Leisure,Not_pedestrian,Unknown,Not_pedestrian,Seat_belt,Used,Not a holiday,0
856,201600000535,2016,1,16,Night_without_public_lighting,Out_of_agglomeration,Out_of_intersection,Cloudy,Frontal_two_vehicles,Manual_entry,2.56745,49.22127,True,2016-01-16,18,30,18:30,Evening,True,Winter,2.0,0.0,70.0,Departmental_road,Bidirectional,Unknown,Flat,Curve_right,Icy,Unknown,On_road,Unknown,B02,Other/Unknown,Bus/Coach,Cyclist,Front_right,Straight_ahead,0,1966.0,Male,Driver,Uninjured,Driver_seat,Professional use,Not_pedestrian,Unknown,Not_pedestrian,Seat_belt,Used,Not a holiday,0
857,201600000536,2016,2,5,Night_without_public_lighting,Out_of_agglomeration,Out_of_intersection,Normal,Other_collision,Manual_entry,2.63286,49.19516,True,2016-02-05,19,0,19:00,Evening,False,Winter,0.0,0.0,65.0,Departmental_road,Bidirectional,Unknown,Slope,Curve_left,Wet,Unknown,On_road,Unknown,A01,Other/Unknown,Car(Quad/Passenger),Pedestrian,Front_right,Straight_ahead,0,1950.0,Male,Driver,Uninjured,Driver_seat,Leisure,Not_pedestrian,Unknown,Not_pedestrian,Seat_belt,Used,Not a holiday,0
858,201600000537,2016,2,12,Daylight,Out_of_agglomeration,Out_of_intersection,Light_rain,Side_two_vehicles,Manual_entry,2.64103,49.18469,True,2016-02-12,10,30,10:30,Morning,False,Winter,2.0,0.0,70.0,National_road,Bidirectional,Unknown,Hilltop,Straight,Normal,Unknown,On_road,Not_near_school,A01,Same_direction,Car(Quad/Passenger),Cyclist,Right_side,Straight_ahead,0,1927.0,Male,Driver,Killed,Driver_seat,Leisure,Not_pedestrian,Unknown,Not_pedestrian,Seat_belt,Used,Not a holiday,0
859,201600000537,2016,2,12,Daylight,Out_of_agglomeration,Out_of_intersection,Light_rain,Side_two_vehicles,Manual_entry,2.64103,49.18469,True,2016-02-12,10,30,10:30,Morning,False,Winter,2.0,0.0,70.0,National_road,Bidirectional,Unknown,Hilltop,Straight,Normal,Unknown,On_road,Not_near_school,B02,Same_direction,Car(Quad/Passenger),Cyclist,Right_side,Straight_ahead,0,1983.0,Female,Driver,Uninjured,Driver_seat,Unknown,Not_pedestrian,Unknown,Not_pedestrian,Seat_belt,Used,Not a holiday,0