,accident_id,year,month,day,lighting_label,urban_label,intersection_label,weather_label,collision_label,gps_label,longitude_num,latitude_num,valid_geo,date,hour,minute,time_hhmm,time_of_day,is_weekend,season,num_lanes,pedestrian_crossing_width,road_width,road_category_label,traffic_regime_label,reserved_lane_label,road_profile_label,road_layout_label,surface_condition_label,infrastructure_label,situation_label,school_zone_label,vehicle_id,traffic_direction_label,vehicle_category_label,mobile_obstacle_label,impact_point_label,manoeuvre_label,occupants_group,birth_year,sex_label,user_category_label,injury_severity_label,seat_position_label,journey_purpose_label,pedestrian_location_label,pedestrian_action_label,pedestrian_state_label,safety_equipment_type,safety_equipment_usage,holiday_name,is_holiday
911,201600000564,2016,12,8,Daylight,Out_of_agglomeration,Out_of_intersection,Normal,Side_two_vehicles,Manual_entry,2.45452,49.22096,True,2016-12-08,10,0,10:00,Morning,False,Winter,0.0,0.0,0.0,Departmental_road,Unknown,Unknown,Unknown,Unknown,Unknown,Unknown,Unknown,Not_near_school,A01,Same_direction,Car(Quad/Passenger),None,No_impact,None,0,1985.0,Female,Driver,Uninjured,Driver_seat,Unknown,Not_pedestrian,Unknown,Not_pedestrian,Seat_belt,Used,Not a holiday,0
912,201600000564,2016,12,8,Daylight,Out_of_agglomeration,Out_of_intersection,Normal,Side_two_vehicles,Manual_entry,2.45452,49.22096,True,2016-12-08,10,0,10:00,Morning,False,Winter,0.0,0.0,0.0,Departmental_road,Unknown,Unknown,Unknown,Unknown,Unknown,Unknown,Unknown,Not_near_school,B02,Same_direction,Car(Quad/Passenger),None,No_impact,None,0,1978.0,Male,Driver,Injured_Hospitalized,Driver_seat,Unknown,Not_pedestrian,Unknown,Not_pedestrian,Seat_belt,Used,Not a holiday,0
913,201600000565,2016,1,8,Daylight,Built_up_area,Level_crossing,Normal,Side_two_vehicles,Manual_entry,2.74403,49.09536,True,2016-01-08,10,15,10:15,Morning,False,Winter,2.0,0.0,80.0,National_road,Bidirectional,Unknown,Flat,Straight,Normal,Railway,On_road,Unknown,A01,Other/Unknown,Car(Quad/Passenger),Animal (moving),Left_side,other,0,1951.0,Female,Driver,Injured_Hospitalized,Driver_seat,Shopping,Not_pedestrian,Unknown,Not_pedestrian,Seat_belt,Used,Not a holiday,0
914,201600000565,2016,1,8,Daylight,Built_up_area,Level_crossing,Normal,Side_two_vehicles,Manual_entry,2.74403,49.09536,True,2016-01-08,10,15,10:15,Morning,False,Winter,2.0,0.0,80.0,National_road,Bidirectional,Unknown,Flat,Straight,Normal,Railway,On_road,Unknown,B02,Opposite_direction,Personal mobility,Cyclist,Front,Straight_ahead,0,1965.0,Male,Driver,Uninjured,Driver_seat,Professional use,Not_pedestrian,Unknown,Not_pedestrian,other,Used,Not a holiday,0
915,201600000566,2016,3,15,Night_without_public_lighting,Out_of_agglomeration,Out_of_intersection,Normal,No_collision,Manual_entry,2.86011,49.16516,True,2016-03-15,5,30,05:30,Morning,False,Spring,0.0,0.0,0.0,National_road,Separated_carriageways,Unknown,Unknown,Straight,Normal,Unknown,On_verge,Unknown,A01,Other/Unknown,Car(Quad/Passenger),None,Front,None,0,1986.0,Male,Driver,Injured_Hospitalized,Driver_seat,Home-work,Not_pedestrian,Unknown,Not_pedestrian,Seat_belt,Used,Not a holiday,0
916,201600000567,2016,3,29,Daylight,Out_of_agglomeration,Other,Cloudy,Rear_end_two_vehicles,Manual_entry,2.79868,49.13554,True,2016-03-29,19,45,19:45,Evening,False,Spring,0.0,0.0,0.0,National_road,Separated_carriageways,Unknown,Flat,Unknown,Wet,Unknown,On_verge,Unknown,A01,Opposite_direction,Car(Quad/Passenger),None,Front,Turning,0,1961.0,Female,Driver,Injured_Slight,Driver_seat,Leisure,Not_pedestrian,Unknown,Not_pedestrian,Seat_belt,Used,Not a holiday,0
917,201600000567,2016,3,29,Daylight,Out_of_agglomeration,Other,Cloudy,Rear_end_two_vehicles,Manual_entry,2.79868,49.13554,True,2016-03-29,19,45,19:45,Evening,False,Spring,0.0,0.0,0.0,National_road,Separated_carriageways,Unknown,Flat,Unknown,Wet,Unknown,On_verge,Unknown,B02,Opposite_direction,Car(Quad/Passenger),None,Rear_right,Straight_ahead,0,1954.0,Male,Driver,Injured_Slight,Driver_seat,Home-work,Not_pedestrian,Unknown,Not_pedestrian,Seat_belt,Used,Not a holiday,0
918,201600000568,2016,4,5,Night_without_public_lighting,Built_up_area,Intersection_X,Normal,Side_two_vehicles,Manual_entry,2.7512,49.09143,True,2016-04-05,23,15,23:15,Night,False,Spring,2.0,0.0,72.0,National_road,Bidirectional,Unknown,Flat,Straight,Normal,Unknown,On_road,Unknown,A01,Opposite_direction,Motorcycle,Cyclist,Front,Straight_ahead,0,1941.0,Male,Driver,Uninjured,Driver_seat,Leisure,Not_pedestrian,Unknown,Not_pedestrian,Helmet,Used,Not a holiday,0
919,201600000568,2016,4,5,Night_without_public_lighting,Built_up_area,Intersection_X,Normal,Side_two_vehicles,Manual_entry,2.7512,49.09143,True,2016-04-05,23,15,23:15,Night,False,Spring,2.0,0.0,72.0,National_road,Bidirectional,Unknown,Flat,Straight,Normal,Unknown,On_road,Unknown,B02,Same_direction,Car(Quad/Passenger),Cyclist,Rear_left,Loss_of_control,0,1988.0,Male,Driver,Injured_Hospitalized,Driver_seat,Leisure,Not_pedestrian,Unknown,Not_pedestrian,Seat_belt,Used,Not a holiday,0
920,201600000569,2016,4,21,Daylight,Out_of_agglomeration,Out_of_intersection,Normal,Side_two_vehicles,Manual_entry,2.71162,49.09027,True,2016-04-21,17,0,17:00,Evening,False,Spring,2.0,0.0,0.0,Departmental_road,Bidirectional,Unknown,Unknown,Straight,Normal,Unknown,On_road,Not_near_school,A01,Same_direction,Utility(Truck/Agri),Cyclist,Front,Roundabout,0,1962.0,Male,Driver,Uninjured,Driver_seat,Professional use,Not_pedestrian,Unknown,Not_pedestrian,Seat_belt,Used,Not a holiday,0
921,201600000569,2016,4,21,Daylight,Out_of_agglomeration,Out_of_intersection,Normal,Side_two_vehicles,Manual_entry,2.71162,49.09027,True,2016-04-21,17,0,17:00,Evening,False,Spring,2.0,0.0,0.0,Departmental_road,Bidirectional,Unknown,Unknown,Straight,Normal,Unknown,On_road,Not_near_school,B02,Opposite_direction,Motorcycle,Cyclist,Front,Straight_ahead,0,1985.0,Male,Driver,Injured_Hospitalized,Driver_seat,Leisure,Not_pedestrian,Unknown,Not_pedestrian,Helmet,Used,Not a holiday,0
922,201600000570,2016,5,8,Daylight,Out_of_agglomeration,Roundabout,Normal,Frontal_two_vehicles,Manual_entry,2.81182,49.1488,True,2016-05-08,18,15,18:15,Evening,True,Spring,0.0,0.0,0.0,Departmental_road,Unknown,Unknown,Flat,Straight,Unknown,Roundabout,On_road,Unknown,B02,Same_direction,Car(Quad/Passenger),Cyclist,Front_right,Straight_ahead,0,1943.0,Male,Driver,Uninjured,Driver_seat,Leisure,Not_pedestrian,Unknown,Not_pedestrian,Seat_belt,Used,Victory in Europe Day,1
923,201600000570,2016,5,8,Daylight,Out_of_agglomeration,Roundabout,Normal,Frontal_two_vehicles,Manual_entry,2.81182,49.1488,True,2016-05-08,18,15,18:15,Evening,True,Spring,0.0,0.0,0.0,Departmental_road,Unknown,Unknown,Flat,Straight,Unknown,Roundabout,On_road,Unknown,A01,Same_direction,Car(Quad/Passenger),Cyclist,Right_side,Reversing,0,1963.0,Female,Driver,Uninjured,Driver_seat,Leisure,Not_pedestrian,Unknown,Not_pedestrian,Seat_belt,Used,Victory in Europe Day,1
924,201600000571,2016,5,13,Night_without_public_lighting,Out_of_agglomeration,Out_of_intersection,Normal,Other_collision,Manual_entry,2.6775,49.17215,True,2016-05-13,5,15,05:15,Morning,False,Spring,2.0,0.0,0.0,Departmental_road,Bidirectional,Unknown,Flat,Curve_right,Normal,Unknown,On_verge,Unknown,A01,Other/Unknown,Car(Quad/Passenger),None,Front,Straight_ahead,0,1972.0,Male,Driver,Killed,Driver_seat,other,Not_pedestrian,Unknown,Not_pedestrian,Seat_belt,Used,Not a holiday,0
925,201600000572,2016,8,16,Night_without_public_lighting,Out_of_agglomeration,Out_of_intersection,Normal,Other_collision,Manual_entry,2.72552,49.07832,True,2016-08-16,3,15,03:15,Night,False,Summer,2.0,0.0,100.0,National_road,Separated_carriageways,Reserved_channel,Flat,Straight,Normal,Unknown,On_emergency_stop_band,Unknown,A01,Same_direction,Car(Quad/Passenger),Pedestrian,No_impact,None,0,1991.0,Male,Pedestrian,Injured_Hospitalized,Unknown,Unknown,Not_pedestrian,Unknown,Alone,Unknown,Unknown,Not a holiday,0
926,201600000573,2016,9,9,Daylight,Out_of_agglomeration,Out_of_intersection,Normal,Frontal_two_vehicles,Manual_entry,2.76973,49.15363,True,2016-09-09,19,15,19:15,Evening,False,Autumn,2.0,0.0,65.0,Departmental_road,Bidirectional,Unknown,Flat,Unknown,Normal,Unknown,On_road,Not_near_school,A01,Same_direction,Car(Quad/Passenger),Cyclist,Left_side,Avoiding_obstacle,0,1975.0,Male,Driver,Killed,Driver_seat,Unknown,Not_pedestrian,Unknown,Not_pedestrian,Seat_belt,Used,Not a holiday,0
927,201600000573,2016,9,9,Daylight,Out_of_agglomeration,Out_of_intersection,Normal,Frontal_two_vehicles,Manual_entry,2.76973,49.15363,True,2016-09-09,19,15,19:15,Evening,False,Autumn,2.0,0.0,65.0,Departmental_road,Bidirectional,Unknown,Flat,Unknown,Normal,Unknown,On_road,Not_near_school,B02,Same_direction,Car(Quad/Passenger),Cyclist,Front,Straight_ahead,0,1974.0,Female,Driver,Injured_Hospitalized,Driver_seat,Unknown,Not_pedestrian,Unknown,Not_pedestrian,Seat_belt,Used,Not a holiday,0
928,201600000574,2016,12,2,Daylight,Out_of_agglomeration,Out_of_intersection,Normal,Frontal_two_vehicles,Manual_entry,2.73691,49.10006,True,2016-12-02,14,0,14:00,Afternoon,False,Winter,2.0,0.0,70.0,National_road,Bidirectional,Unknown,Flat,Straight,Normal,Unknown,On_road,Not_near_school,B02,Opposite_direction,Car(Quad/Passenger),None,Front,Straight_ahead,0,1986.0,Male,Driver,Injured_Slight,Driver_seat,other,Not_pedestrian,Unknown,Not_pedestrian,Seat_belt,Undetermined,Not a holiday,0
929,201600000574,2016,12,2,Daylight,Out_of_agglomeration,Out_of_intersection,Normal,Frontal_two_vehicles,Manual_entry,2.73691,49.10006,True,2016-12-02,14,0,14:00,Afternoon,False,Winter,2.0,0.0,70.0,National_road,Bidirectional,Unknown,Flat,Straight,Normal,Unknown,On_road,Not_near_school,A01,Other/Unknown,Car(Quad/Passenger),None,Front,Avoiding_obstacle,0,1997.0,Male,Driver,Injured_Hospitalized,Driver_seat,Home-work,Not_pedestrian,Unknown,Not_pedestrian,Seat_belt,Undetermined,Not a holiday,0
930,201600000575,2016,3,10,Daylight,Built_up_area,Out_of_intersection,Normal,Side_two_vehicles,Manual_entry,2.5302,49.28156,True,2016-03-10,16,45,16:45,Afternoon,False,Spring,2.0,0.0,0.0,Communal_way,Bidirectional,Unknown,Flat,Straight,Normal,Unknown,On_road,Not_near_school,B02,Same_direction,Utility(Truck/Agri),None,Rear_left,Straight_ahead,0,1971.0,Male,Driver,Injured_Hospitalized,Driver_seat,Leisure,Not_pedestrian,Unknown,Not_pedestrian,Seat_belt,Used,Not a holiday,0
931,201600000575,2016,3,10,Daylight,Built_up_area,Out_of_intersection,Normal,Side_two_vehicles,Manual_entry,2.5302,49.28156,True,2016-03-10,16,45,16:45,Afternoon,False,Spring,2.0,0.0,0.0,Communal_way,Bidirectional,Unknown,Flat,Straight,Normal,Unknown,On_road,Not_near_school,A01,Same_direction,Car(Quad/Passenger),None,Front_right,Roundabout,0,1994.0,Male,Driver,Uninjured,Driver_seat,Leisure,Not_pedestrian,Unknown,Not_pedestrian,Seat_belt,Undetermined,Not a holiday,0
932,201600000576,2016,4,11,Daylight,Built_up_area,Out_of_intersection,Normal,Side_two_vehicles,Manual_entry,2.70873,49.30798,True,2016-04-11,18,45,18:45,Evening,False,Spring,0.0,0.0,30.0,Departmental_road,Variable_assignment,Unknown,Flat,Straight,Normal,Unknown,On_road,Unknown,B02,Same_direction,other,Cyclist,Front_right,Straight_ahead,0,1994.0,Male,Driver,Uninjured,Driver_seat,Professional use,Not_pedestrian,Unknown,Not_pedestrian,Seat_belt,Used,Not a holiday,0
933,201600000576,2016,4,11,Daylight,Built_up_area,Out_of_intersection,Normal,Side_two_vehicles,Manual_entry,2.70873,49.30798,True,2016-04-11,18,45,18:45,Evening,False,Spring,0.0,0.0,30.0,Departmental_road,Variable_assignment,Unknown,Flat,Straight,Normal,Unknown,On_road,Unknown,A01,Same_direction,Bus/Coach,Cyclist,Front_left,Roundabout,0,1978.0,Male,Driver,Injured_Slight,Driver_seat,Shopping,Not_pedestrian,Unknown,Not_pedestrian,Seat_belt,Used,Not a holiday,0
934,201600000577,2016,6,27,Daylight,Out_of_agglomeration,Out_of_intersection,Normal,Frontal_two_vehicles,Manual_entry,2.76746,49.22619,True,2016-06-27,12,30,12:30,Afternoon,False,Summer,2.0,0.0,0.0,Departmental_road,Bidirectional,Unknown,Flat,Straight,Normal,Unknown,On_road,Not_near_school,B02,Same_direction,Car(Quad/Passenger),Cyclist,Right_side,Avoiding_obstacle,0,1939.0,Male,Driver,Killed,Driver_seat,Leisure,Not_pedestrian,Unknown,Not_pedestrian,Seat_belt,Used,Not a holiday,0
935,201600000577,2016,6,27,Daylight,Out_of_agglomeration,Out_of_intersection,Normal,Frontal_two_vehicles,Manual_entry,2.76746,49.22619,True,2016-06-27,12,30,12:30,Afternoon,False,Summer,2.0,0.0,0.0,Departmental_road,Bidirectional,Unknown,Flat,Straight,Normal,Unknown,On_road,Not_near_school,A01,Same_direction,Car(Quad/Passenger),Cyclist,Front,Straight_ahead,0,1971.0,Male,Driver,Injured_Slight,Driver_seat,Professional use,Not_pedestrian,Unknown,Not_pedestrian,Seat_belt,Used,Not a holiday,0
936,201600000578,2016,7,29,Daylight,Built_up_area,Out_of_intersection,Normal,Frontal_two_vehicles,Manual_entry,2.81275,49.30182,True,2016-07-29,16,45,16:45,Afternoon,False,Summer,0.0,0.0,0.0,Communal_way,Bidirectional,Unknown,Flat,Unknown,Normal,Unknown,On_road,Unknown,A01,Same_direction,Car(Quad/Passenger),None,Right_side,Straight_ahead,0,1963.0,Male,Driver,Uninjured,Driver_seat,Professional use,Not_pedestrian,Unknown,Not_pedestrian,Seat_belt,Used,Not a holiday,0
937,201600000578,2016,7,29,Daylight,Built_up_area,Out_of_intersection,Normal,Frontal_two_vehicles,Manual_entry,2.81275,49.30182,True,2016-07-29,16,45,16:45,Afternoon,False,Summer,0.0,0.0,0.0,Communal_way,Bidirectional,Unknown,Flat,Unknown,Normal,Unknown,On_road,Unknown,B02,Same_direction,Car(Quad/Passenger),None,Right_side,Straight_ahead,0,1993.0,Male,Driver,Uninjured,Driver_seat,Leisure,Not_pedestrian,Unknown,Not_pedestrian,Seat_belt,Used,Not a holiday,0
938,201600000579,2016,4,27,Night_without_public_lighting,Out_of_agglomeration,Out_of_intersection,Normal,Other_collision,Manual_entry,0.97417,49.44659,True,2016-04-27,22,30,22:30,Night,False,Spring,2.0,0.0,0.0,Departmental_road,Bidirectional,Unknown,Slope,S-bend,Normal,Unknown,On_road,Unknown,A01,Other/Unknown,Motorcycle,None,Left_side,Straight_ahead,0,1988.0,Male,Driver,Injured_Slight,Driver_seat,Leisure,Not_pedestrian,Unknown,Not_pedestrian,Helmet,Used,Not a holiday,0
939,201600000580,2016,6,20,Daylight,Out_of_agglomeration,Out_of_intersection,Heavy_rain,Side_two_vehicles,Manual_entry,0.97553,49.44652,True,2016-06-20,7,30,07:30,Morning,False,Summer,3.0,0.0,105.0,Departmental_road,Bidirectional,Unknown,Hill_bottom,S-bend,Wet,Unknown,On_road,Not_near_school,A01,Same_direction,Car(Quad/Passenger),Cyclist,Left_side,None,0,1993.0,Male,Driver,Injured_Hospitalized,Driver_seat,Home-work,Not_pedestrian,Unknown,Not_pedestrian,Seat_belt,Used,Not a holiday,0
940,201600000580,2016,6,20,Daylight,Out_of_agglomeration,Out_of_intersection,Heavy_rain,Side_two_vehicles,Manual_entry,0.97553,49.44652,True,2016-06-20,7,30,07:30,Morning,False,Summer,3.0,0.0,105.0,Departmental_road,Bidirectional,Unknown,Hill_bottom,S-bend,Wet,Unknown,On_road,Not_near_school,B02,Same_direction,Car(Quad/Passenger),Cyclist,Right_side,Straight_ahead,0,1991.0,Female,Driver,Injured_Slight,Driver_seat,Home-work,Not_pedestrian,Unknown,Not_pedestrian,Seat_belt,Used,Not a holiday,0
941,201600000581,2016,8,25,Daylight,Built_up_area,Intersection_T,Normal,Rear_end_two_vehicles,Manual_entry,0.92369,49.48459,True,2016-08-25,14,0,14:00,Afternoon,False,Summer,2.0,,,Departmental_road,Bidirectional,Unknown,Slope,Straight,Normal,Unknown,Unknown,Not_near_school,A01,Opposite_direction,Motorcycle,Cyclist,Front,Straight_ahead,0,1995.0,Female,Driver,Injured_Hospitalized,Driver_seat,Leisure,Not_pedestrian,Unknown,Not_pedestrian,Helmet,Used,Not a holiday,0
942,201600000581,2016,8,25,Daylight,Built_up_area,Intersection_T,Normal,Rear_end_two_vehicles,Manual_entry,0.92369,49.48459,True,2016-08-25,14,0,14:00,Afternoon,False,Summer,2.0,,,Departmental_road,Bidirectional,Unknown,Slope,Straight,Normal,Unknown,Unknown,Not_near_school,B02,Opposite_direction,Car(Quad/Passenger),Cyclist,Rear_right,Straight_ahead,0,1978.0,Female,Driver,Uninjured,Driver_seat,Professional use,Not_pedestrian,Unknown,Not_pedestrian,Seat_belt,Used,Not a holiday,0
943,201600000582,2016,5,16,Daylight,Out_of_agglomeration,Intersection_X,Normal,Side_two_vehicles,Manual_entry,1.14156,49.52182,True,2016-05-16,18,30,18:30,Evening,False,Spring,2.0,,,Departmental_road,Bidirectional,Unknown,Flat,Straight,Normal,Unknown,Unknown,Not_near_school,B02,Other/Unknown,Cycle,Cyclist,Front_left,Straight_ahead,0,1973.0,Male,Driver,Injured_Hospitalized,Driver_seat,Leisure,Not_pedestrian,Unknown,Not_pedestrian,Helmet,Used,Whit Monday,1
944,201600000582,2016,5,16,Daylight,Out_of_agglomeration,Intersection_X,Normal,Side_two_vehicles,Manual_entry,1.14156,49.52182,True,2016-05-16,18,30,18:30,Evening,False,Spring,2.0,,,Departmental_road,Bidirectional,Unknown,Flat,Straight,Normal,Unknown,Unknown,Not_near_school,A01,Other/Unknown,Car(Quad/Passenger),Cyclist,Front_right,Turning,0,,,,,,,,,,,,Whit Monday,1
945,201600000583,2016,6,7,Daylight,Out_of_agglomeration,Intersection_X,Normal,Side_two_vehicles,Manual_entry,1.11156,49.53037,True,2016-06-07,9,45,09:45,Morning,False,Summer,2.0,0.0,6.0,Departmental_road,Bidirectional,Unknown,Flat,Straight,Normal,Unknown,On_road,Not_near_school,A01,Opposite_direction,Car(Quad/Passenger),Cyclist,Front_right,Straight_ahead,0,1994.0,Male,Driver,Uninjured,Driver_seat,Home-work,Not_pedestrian,Unknown,Not_pedestrian,Seat_belt,Used,Not a holiday,0
946,201600000583,2016,6,7,Daylight,Out_of_agglomeration,Intersection_X,Normal,Side_two_vehicles,Manual_entry,1.11156,49.53037,True,2016-06-07,9,45,09:45,Morning,False,Summer,2.0,0.0,6.0,Departmental_road,Bidirectional,Unknown,Flat,Straight,Normal,Unknown,On_road,Not_near_school,B02,Opposite_direction,Cycle,Cyclist,Front_left,Straight_ahead,0,1963.0,Male,Driver,Killed,Driver_seat,Home-work,Not_pedestrian,Unknown,Not_pedestrian,Reflective_equipment,Used,Not a holiday,0
947,201600000584,2016,6,10,Daylight,Out_of_agglomeration,Out_of_intersection,Normal,Side_two_vehicles,Manual_entry,1.04115,49.53926,True,2016-06-10,15,30,15:30,Afternoon,False,Summer,2.0,0.0,7.0,Departmental_road,Bidirectional,Unknown,Slope,Straight,Normal,Unknown,On_road,Not_near_school,A01,Other/Unknown,Motorcycle,Cyclist,Front,Straight_ahead,0,1983.0,Male,Driver,Killed,Driver_seat,Leisure,Not_pedestrian,Unknown,Not_pedestrian,Helmet,Used,Not a holiday,0
948,201600000584,2016,6,10,Daylight,Out_of_agglomeration,Out_of_intersection,Normal,Side_two_vehicles,Manual_entry,1.04115,49.53926,True,2016-06-10,15,30,15:30,Afternoon,False,Summer,2.0,0.0,7.0,Departmental_road,Bidirectional,Unknown,Slope,Straight,Normal,Unknown,On_road,Not_near_school,B02,Opposite_direction,Car(Quad/Passenger),Cyclist,Front_left,Loss_of_control,0,1939.0,Male,Driver,Uninjured,Driver_seat,Leisure,Not_pedestrian,Unknown,Not_pedestrian,Seat_belt,Used,Not a holiday,0
949,201600000585,2016,8,22,Daylight,Out_of_agglomeration,Out_of_intersection,Normal,Frontal_two_vehicles,Manual_entry,1.04492,49.53999,True,2016-08-22,17,30,17:30,Evening,False,Summer,2.0,0.0,44.0,Departmental_road,Bidirectional,Unknown,Slope,Curve_right,Normal,Unknown,On_road,Unknown,A01,Other/Unknown,Cycle,Cyclist,Front,Avoiding_obstacle,0,1998.0,Male,Driver,Injured_Hospitalized,Driver_seat,Home-work,Not_pedestrian,Unknown,Not_pedestrian,Helmet,Used,Not a holiday,0
950,201600000585,2016,8,22,Daylight,Out_of_agglomeration,Out_of_intersection,Normal,Frontal_two_vehicles,Manual_entry,1.04492,49.53999,True,2016-08-22,17,30,17:30,Evening,False,Summer,2.0,0.0,44.0,Departmental_road,Bidirectional,Unknown,Slope,Curve_right,Normal,Unknown,On_road,Unknown,B02,Opposite_direction,Car(Quad/Passenger),Cyclist,Right_side,Straight_ahead,0,1958.0,Female,Driver,Uninjured,Driver_seat,other,Not_pedestrian,Unknown,Not_pedestrian,Seat_belt,Used,Not a holiday,0
951,201600000586,2016,2,25,Daylight,Out_of_agglomeration,Intersection_X,Dazzling,Side_two_vehicles,Manual_entry,1.49418,49.83476,True,2016-02-25,11,15,11:15,Morning,False,Winter,2.0,0.0,0.0,Departmental_road,Bidirectional,Unknown,Unknown,Straight,Normal,Unknown,On_road,Not_near_school,B02,Other/Unknown,Car(Quad/Passenger),None,Right_side,Straight_ahead,0,1964.0,Female,Driver,Injured_Hospitalized,Driver_seat,Leisure,Not_pedestrian,Unknown,Not_pedestrian,Seat_belt,Undetermined,Not a holiday,0
952,201600000586,2016,2,25,Daylight,Out_of_agglomeration,Intersection_X,Dazzling,Side_two_vehicles,Manual_entry,1.49418,49.83476,True,2016-02-25,11,15,11:15,Morning,False,Winter,2.0,0.0,0.0,Departmental_road,Bidirectional,Unknown,Unknown,Straight,Normal,Unknown,On_road,Not_near_school,A01,Opposite_direction,Utility(Truck/Agri),None,Front_right,Straight_ahead,0,1961.0,Male,Driver,Uninjured,Driver_seat,Professional use,Not_pedestrian,Unknown,Not_pedestrian,Seat_belt,Used,Not a holiday,0
953,201600000587,2016,4,2,Daylight,Built_up_area,Intersection_X,Cloudy,Side_two_vehicles,Manual_entry,1.21325,49.90822,True,2016-04-02,13,30,13:30,Afternoon,True,Spring,0.0,0.0,53.0,Communal_way,Bidirectional,Unknown,Unknown,Straight,Normal,Unknown,On_road,Not_near_school,B02,Same_direction,Car(Quad/Passenger),None,Right_side,Straight_ahead,0,1949.0,Male,Driver,Uninjured,Driver_seat,Unknown,Not_pedestrian,Unknown,Not_pedestrian,Seat_belt,Used,Not a holiday,0
954,201600000587,2016,4,2,Daylight,Built_up_area,Intersection_X,Cloudy,Side_two_vehicles,Manual_entry,1.21325,49.90822,True,2016-04-02,13,30,13:30,Afternoon,True,Spring,0.0,0.0,53.0,Communal_way,Bidirectional,Unknown,Unknown,Straight,Normal,Unknown,On_road,Not_near_school,A01,Same_direction,Cycle,None,Front,Straight_ahead,0,2001.0,Male,Driver,Injured_Slight,Driver_seat,Leisure,Not_pedestrian,Unknown,Not_pedestrian,Helmet,Used,Not a holiday,0
955,201600000588,2016,7,25,Daylight,Built_up_area,Out_of_intersection,Normal,Side_two_vehicles,Manual_entry,1.22917,49.8775,True,2016-07-25,18,0,18:00,Evening,False,Summer,2.0,10.0,62.0,Departmental_road,Bidirectional,Unknown,Flat,Straight,Normal,Unknown,On_road,Not_near_school,A01,Opposite_direction,Cycle,Cyclist,Front_right,other,0,1996.0,Male,Driver,Injured_Hospitalized,Driver_seat,Leisure,Not_pedestrian,Unknown,Not_pedestrian,Helmet,Used,Not a holiday,0
956,201600000588,2016,7,25,Daylight,Built_up_area,Out_of_intersection,Normal,Side_two_vehicles,Manual_entry,1.22917,49.8775,True,2016-07-25,18,0,18:00,Evening,False,Summer,2.0,10.0,62.0,Departmental_road,Bidirectional,Unknown,Flat,Straight,Normal,Unknown,On_road,Not_near_school,B02,Opposite_direction,Utility(Truck/Agri),None,Right_side,Roundabout,0,1974.0,Female,Driver,Uninjured,Driver_seat,Leisure,Not_pedestrian,Unknown,Not_pedestrian,Seat_belt,Used,Not a holiday,0
957,201600000589,2016,1,15,Daylight,Built_up_area,Intersection_X,Normal,Side_two_vehicles,Manual_entry,0.92525,49.75896,True,2016-01-15,13,30,13:30,Afternoon,False,Winter,2.0,0.0,65.0,Departmental_road,Bidirectional,Unknown,Flat,Unknown,Normal,Roundabout,On_road,Not_near_school,A01,Opposite_direction,Car(Quad/Passenger),Cyclist,Front_left,Loss_of_control,0,1946.0,Female,Driver,Injured_Hospitalized,Driver_seat,Leisure,Not_pedestrian,Unknown,Not_pedestrian,Seat_belt,Used,Not a holiday,0
958,201600000589,2016,1,15,Daylight,Built_up_area,Intersection_X,Normal,Side_two_vehicles,Manual_entry,0.92525,49.75896,True,2016-01-15,13,30,13:30,Afternoon,False,Winter,2.0,0.0,65.0,Departmental_road,Bidirectional,Unknown,Flat,Unknown,Normal,Roundabout,On_road,Not_near_school,B02,Opposite_direction,Utility(Truck/Agri),Cyclist,Front,Straight_ahead,0,1978.0,Male,Driver,Uninjured,Driver_seat,Professional use,Not_pedestrian,Unknown,Not_pedestrian,Seat_belt,Used,Not a holiday,0
959,201600000590,2016,2,19,Night_with_public_lighting_not_functioning,Built_up_area,Out_of_intersection,Snow_or_hail,No_collision,Manual_entry,1.09049,49.81954,True,2016-02-19,4,45,04:45,Night,False,Winter,2.0,0.0,50.0,Departmental_road,Bidirectional,Unknown,Unknown,Straight,Icy,Unknown,On_road,Unknown,A01,Opposite_direction,Motorcycle,None,Left_side,Straight_ahead,0,1960.0,Male,Driver,Injured_Hospitalized,Driver_seat,Home-work,Not_pedestrian,Unknown,Not_pedestrian,Helmet,Used,Not a holiday,0
960,201600000591,2016,2,21,Daylight,Out_of_agglomeration,Intersection_X,Normal,Side_two_vehicles,Manual_entry,1.08068,49.72865,True,2016-02-21,17,0,17:00,Evening,True,Winter,2.0,65.0,0.0,Departmental_road,Bidirectional,Unknown,Flat,Straight,Normal,Unknown,On_road,Not_near_school,B02,Opposite_direction,Car(Quad/Passenger),Cyclist,Front_left,Straight_ahead,0,1988.0,Male,Driver,Injured_Hospitalized,Driver_seat,Leisure,Not_pedestrian,Unknown,Not_pedestrian,Seat_belt,Used,Not a holiday,0