,accident_id,year,month,day,lighting_label,urban_label,intersection_label,weather_label,collision_label,gps_label,longitude_num,latitude_num,valid_geo,date,hour,minute,time_hhmm,time_of_day,is_weekend,season,num_lanes,pedestrian_crossing_width,road_width,road_category_label,traffic_regime_label,reserved_lane_label,road_profile_label,road_layout_label,surface_condition_label,infrastructure_label,situation_label,school_zone_label,vehicle_id,traffic_direction_label,vehicle_category_label,mobile_obstacle_label,impact_point_label,manoeuvre_label,occupants_group,birth_year,sex_label,user_category_label,injury_severity_label,seat_position_label,journey_purpose_label,pedestrian_location_label,pedestrian_action_label,pedestrian_state_label,safety_equipment_type,safety_equipment_usage,holiday_name,is_holiday
961,201600000591,2016,2,21,Daylight,Out_of_agglomeration,Intersection_X,Normal,Side_two_vehicles,Manual_entry,1.08068,49.72865,True,2016-02-21,17,0,17:00,Evening,True,Winter,2.0,65.0,0.0,Departmental_road,Bidirectional,Unknown,Flat,Straight,Normal,Unknown,On_road,Not_near_school,A01,Opposite_direction,Car(Quad/Passenger),Cyclist,Front,Straight_ahead,0,1979.0,Male,Driver,Uninjured,Driver_seat,Leisure,Not_pedestrian,Unknown,Not_pedestrian,Seat_belt,Used,Not a holiday,0
962,201600000592,2016,4,29,Night_without_public_lighting,Out_of_agglomeration,Out_of_intersection,Normal,Other_collision,Manual_entry,0.9197,49.83798,True,2016-04-29,22,45,22:45,Night,False,Spring,2.0,0.0,65.0,Departmental_road,Bidirectional,Unknown,Flat,Straight,Normal,Unknown,On_road,Not_near_school,A01,Opposite_direction,Car(Quad/Passenger),Pedestrian,Front,Turning,0,1956.0,Male,Driver,Uninjured,Driver_seat,Leisure,Not_pedestrian,Unknown,Not_pedestrian,Seat_belt,Used,Not a holiday,0
963,201600000593,2016,7,14,Night_without_public_lighting,Out_of_agglomeration,Out_of_intersection,Normal,Other_collision,Manual_entry,0.89227,49.8672,True,2016-07-14,4,0,04:00,Night,False,Summer,2.0,0.0,65.0,Departmental_road,Bidirectional,Unknown,Unknown,Curve_left,Normal,Unknown,On_verge,Not_near_school,A01,Other/Unknown,Car(Quad/Passenger),None,Left_side,Straight_ahead,0,1973.0,Male,Driver,Uninjured,Driver_seat,Leisure,Not_pedestrian,Unknown,Not_pedestrian,Seat_belt,Undetermined,Bastille Day,1
964,201600000594,2016,7,19,Daylight,Out_of_agglomeration,Out_of_intersection,Dazzling,Other_collision,Manual_entry,1.0372,49.81355,True,2016-07-19,13,15,13:15,Afternoon,False,Summer,2.0,0.0,51.0,Departmental_road,Bidirectional,Unknown,Flat,Curve_left,Normal,Unknown,On_road,Unknown,A01,Opposite_direction,Motorcycle,None,Front,Straight_ahead,0,1978.0,Male,Driver,Injured_Hospitalized,Driver_seat,Home-work,Not_pedestrian,Unknown,Not_pedestrian,Helmet,Used,Not a holiday,0
965,201600000595,2016,8,12,Night_with_public_lighting_on,Built_up_area,Out_of_intersection,Normal,Other_collision,Manual_entry,1.1161,49.79459,True,2016-08-12,23,45,23:45,Night,False,Summer,2.0,0.0,45.0,Communal_way,Bidirectional,Unknown,Slope,S-bend,Normal,Unknown,On_verge,Unknown,A01,Same_direction,Car(Quad/Passenger),None,Front,Straight_ahead,0,1988.0,Male,Driver,Injured_Hospitalized,Driver_seat,Leisure,Not_pedestrian,Unknown,Not_pedestrian,Seat_belt,Used,Not a holiday,0
966,201600000596,2016,9,28,Daylight,Built_up_area,Intersection_Y,Normal,Frontal_two_vehicles,Manual_entry,1.04957,49.86935,True,2016-09-28,11,15,11:15,Morning,False,Autumn,2.0,0.0,59.0,Departmental_road,Unknown,Unknown,Flat,Curve_left,Normal,Unknown,On_road,Not_near_school,A01,Same_direction,Car(Quad/Passenger),Cyclist,Front,Straight_ahead,0,1933.0,Female,Driver,Uninjured,Driver_seat,Leisure,Not_pedestrian,Unknown,Not_pedestrian,Seat_belt,Used,Not a holiday,0
967,201600000596,2016,9,28,Daylight,Built_up_area,Intersection_Y,Normal,Frontal_two_vehicles,Manual_entry,1.04957,49.86935,True,2016-09-28,11,15,11:15,Morning,False,Autumn,2.0,0.0,59.0,Departmental_road,Unknown,Unknown,Flat,Curve_left,Normal,Unknown,On_road,Not_near_school,B02,Same_direction,Motorcycle,Cyclist,Left_side,Roundabout,0,1995.0,Female,Driver,Injured_Slight,Driver_seat,Leisure,Not_pedestrian,Unknown,Not_pedestrian,Helmet,Used,Not a holiday,0
968,201600000597,2016,4,19,Daylight,Out_of_agglomeration,Out_of_intersection,Normal,Other_collision,Manual_entry,1.26993,49.64966,True,2016-04-19,11,30,11:30,Morning,False,Spring,2.0,0.0,0.0,Departmental_road,Bidirectional,Unknown,Unknown,Straight,Normal,Unknown,On_verge,Not_near_school,A01,Same_direction,Car(Quad/Passenger),None,Right_side,Straight_ahead,0,1984.0,Female,Driver,Injured_Hospitalized,Driver_seat,Home-work,Not_pedestrian,Unknown,Not_pedestrian,Seat_belt,Used,Not a holiday,0
969,201600000598,2016,5,20,Daylight,Out_of_agglomeration,Intersection_X,Normal,Side_two_vehicles,Manual_entry,1.29727,49.62226,True,2016-05-20,18,0,18:00,Evening,False,Spring,2.0,0.0,50.0,Departmental_road,Bidirectional,Unknown,Flat,Straight,Normal,Unknown,On_road,Unknown,A01,Opposite_direction,Motorcycle,Cyclist,Front_left,Straight_ahead,0,1983.0,Female,Driver,Injured_Slight,Driver_seat,Home-work,Not_pedestrian,Unknown,Not_pedestrian,Helmet,Used,Not a holiday,0
970,201600000598,2016,5,20,Daylight,Out_of_agglomeration,Intersection_X,Normal,Side_two_vehicles,Manual_entry,1.29727,49.62226,True,2016-05-20,18,0,18:00,Evening,False,Spring,2.0,0.0,50.0,Departmental_road,Bidirectional,Unknown,Flat,Straight,Normal,Unknown,On_road,Unknown,B02,Same_direction,Car(Quad/Passenger),Cyclist,Front,Loss_of_control,0,1979.0,Male,Driver,Uninjured,Driver_seat,Shopping,Not_pedestrian,Unknown,Not_pedestrian,Seat_belt,Used,Not a holiday,0
971,201600000599,2016,6,15,Daylight,Out_of_agglomeration,Intersection_T,Normal,Side_two_vehicles,Manual_entry,1.35353,49.68667,True,2016-06-15,11,45,11:45,Morning,False,Summer,2.0,0.0,0.0,Departmental_road,Bidirectional,Unknown,Flat,Straight,Normal,Roundabout,On_road,Unknown,A01,Opposite_direction,Car(Quad/Passenger),Cyclist,Right_side,Roundabout,0,1939.0,Male,Driver,Injured_Hospitalized,Driver_seat,Leisure,Not_pedestrian,Unknown,Not_pedestrian,Seat_belt,Used,Not a holiday,0
972,201600000599,2016,6,15,Daylight,Out_of_agglomeration,Intersection_T,Normal,Side_two_vehicles,Manual_entry,1.35353,49.68667,True,2016-06-15,11,45,11:45,Morning,False,Summer,2.0,0.0,0.0,Departmental_road,Bidirectional,Unknown,Flat,Straight,Normal,Roundabout,On_road,Unknown,B02,Opposite_direction,Bus/Coach,Cyclist,Front,Straight_ahead,0,1988.0,Male,Driver,Uninjured,Driver_seat,Professional use,Not_pedestrian,Unknown,Not_pedestrian,Seat_belt,Used,Not a holiday,0
973,201600000600,2016,6,22,Daylight,Built_up_area,Out_of_intersection,Normal,Side_two_vehicles,Manual_entry,1.32337,49.60976,True,2016-06-22,13,0,13:00,Afternoon,False,Summer,2.0,0.0,28.0,Communal_way,Bidirectional,Unknown,Flat,Straight,Normal,Unknown,On_road,Unknown,A01,Same_direction,Cycle,Cyclist,Right_side,Loss_of_control,0,2002.0,Male,Driver,Injured_Slight,Driver_seat,Leisure,Not_pedestrian,Unknown,Not_pedestrian,Helmet,Not_used,Not a holiday,0
974,201600000600,2016,6,22,Daylight,Built_up_area,Out_of_intersection,Normal,Side_two_vehicles,Manual_entry,1.32337,49.60976,True,2016-06-22,13,0,13:00,Afternoon,False,Summer,2.0,0.0,28.0,Communal_way,Bidirectional,Unknown,Flat,Straight,Normal,Unknown,On_road,Unknown,B02,Same_direction,Car(Quad/Passenger),Cyclist,Front_right,Straight_ahead,0,1986.0,Female,Driver,Uninjured,Driver_seat,Leisure,Not_pedestrian,Unknown,Not_pedestrian,Seat_belt,Used,Not a holiday,0
975,201600000601,2016,9,16,Twilight_or_dawn,Out_of_agglomeration,Intersection_X,Normal,Side_two_vehicles,Manual_entry,1.16561,49.67176,True,2016-09-16,9,15,09:15,Morning,False,Autumn,2.0,0.0,76.0,Departmental_road,Bidirectional,Unknown,Flat,Straight,Wet,Unknown,On_road,Not_near_school,A01,Same_direction,Car(Quad/Passenger),Cyclist,Right_side,Roundabout,0,1992.0,Male,Driver,Injured_Hospitalized,Driver_seat,Home-work,Not_pedestrian,Unknown,Not_pedestrian,Seat_belt,Used,Not a holiday,0
976,201600000601,2016,9,16,Twilight_or_dawn,Out_of_agglomeration,Intersection_X,Normal,Side_two_vehicles,Manual_entry,1.16561,49.67176,True,2016-09-16,9,15,09:15,Morning,False,Autumn,2.0,0.0,76.0,Departmental_road,Bidirectional,Unknown,Flat,Straight,Wet,Unknown,On_road,Not_near_school,B02,Same_direction,Car(Quad/Passenger),Cyclist,Front,Straight_ahead,0,1985.0,Male,Driver,Injured_Hospitalized,Driver_seat,Home-work,Not_pedestrian,Unknown,Not_pedestrian,Seat_belt,Used,Not a holiday,0
977,201600000602,2016,1,16,Night_without_public_lighting,Out_of_agglomeration,Roundabout,Normal,Other_collision,Manual_entry,1.14846,49.34464,True,2016-01-16,6,0,06:00,Morning,True,Winter,2.0,,,Departmental_road,Bidirectional,Unknown,Unknown,Straight,Icy,Roundabout,Unknown,Not_near_school,A01,Opposite_direction,Car(Quad/Passenger),None,Left_side,Straight_ahead,0,1991.0,Male,Driver,Injured_Hospitalized,Driver_seat,Leisure,Not_pedestrian,Unknown,Not_pedestrian,Seat_belt,Used,Not a holiday,0
978,201600000603,2016,3,10,Daylight,Built_up_area,Intersection_T,Normal,Side_two_vehicles,Manual_entry,1.22458,49.3894,True,2016-03-10,15,45,15:45,Afternoon,False,Spring,2.0,0.0,50.0,Communal_way,Bidirectional,Unknown,Unknown,Straight,Normal,Unknown,On_road,Unknown,A01,Same_direction,Car(Quad/Passenger),Cyclist,Front,Roundabout,0,1979.0,Female,Driver,Uninjured,Driver_seat,Home-school,Not_pedestrian,Unknown,Not_pedestrian,Seat_belt,Used,Not a holiday,0
979,201600000603,2016,3,10,Daylight,Built_up_area,Intersection_T,Normal,Side_two_vehicles,Manual_entry,1.22458,49.3894,True,2016-03-10,15,45,15:45,Afternoon,False,Spring,2.0,0.0,50.0,Communal_way,Bidirectional,Unknown,Unknown,Straight,Normal,Unknown,On_road,Unknown,B02,Same_direction,Car(Quad/Passenger),Cyclist,Left_side,Straight_ahead,0,1979.0,Male,Driver,Uninjured,Driver_seat,Unknown,Not_pedestrian,Unknown,Not_pedestrian,Seat_belt,Used,Not a holiday,0
980,201600000604,2016,5,15,Night_without_public_lighting,Out_of_agglomeration,Out_of_intersection,Normal,Other_collision,Manual_entry,1.12656,49.37147,True,2016-05-15,4,0,04:00,Night,True,Spring,2.0,0.0,0.0,Departmental_road,Bidirectional,Unknown,Flat,Straight,Normal,Unknown,On_road,Not_near_school,A01,Other/Unknown,Car(Quad/Passenger),Pedestrian,Front_right,other,0,1984.0,Male,Pedestrian,Injured_Hospitalized,Unknown,other,On_pavement_>50m_from_crossing,Walking_in_vehicle_direction,Alone,Unknown,Unknown,Not a holiday,0
981,201600000605,2016,8,31,Daylight,Out_of_agglomeration,Out_of_intersection,Normal,No_collision,Manual_entry,1.16956,49.35291,True,2016-08-31,7,30,07:30,Morning,False,Summer,2.0,0.0,0.0,Departmental_road,Bidirectional,Unknown,Slope,Straight,Normal,Unknown,On_road,Not_near_school,A01,Same_direction,Motorcycle,None,No_impact,Interaction,0,1972.0,Male,Driver,Injured_Hospitalized,Driver_seat,Home-work,Not_pedestrian,Unknown,Not_pedestrian,Helmet,Used,Not a holiday,0
982,201600000606,2016,9,22,Daylight,Out_of_agglomeration,Intersection_T,Normal,Side_two_vehicles,Manual_entry,1.16144,49.37767,True,2016-09-22,17,45,17:45,Evening,False,Autumn,2.0,0.0,0.0,Departmental_road,Bidirectional,Unknown,Unknown,Curve_left,Normal,Unknown,On_road,Unknown,B02,Other/Unknown,Car(Quad/Passenger),None,Rear,Straight_ahead,0,1937.0,Female,Driver,Injured_Hospitalized,Driver_seat,Leisure,Not_pedestrian,Unknown,Not_pedestrian,Seat_belt,Used,Not a holiday,0
983,201600000606,2016,9,22,Daylight,Out_of_agglomeration,Intersection_T,Normal,Side_two_vehicles,Manual_entry,1.16144,49.37767,True,2016-09-22,17,45,17:45,Evening,False,Autumn,2.0,0.0,0.0,Departmental_road,Bidirectional,Unknown,Unknown,Curve_left,Normal,Unknown,On_road,Unknown,A01,Opposite_direction,Car(Quad/Passenger),None,Front_right,Roundabout,0,1997.0,Male,Driver,Uninjured,Driver_seat,Home-work,Not_pedestrian,Unknown,Not_pedestrian,Seat_belt,Used,Not a holiday,0
984,201600000607,2016,10,12,Daylight,Built_up_area,Out_of_intersection,Normal,Rear_end_two_vehicles,Manual_entry,1.18591,49.39474,True,2016-10-12,13,50,13:50,Afternoon,False,Autumn,2.0,0.0,57.0,Departmental_road,Bidirectional,Unknown,Flat,Straight,Normal,Unknown,On_road,Unknown,A01,Opposite_direction,Motorcycle,Cyclist,Front,Straight_ahead,0,1967.0,Male,Driver,Injured_Hospitalized,Driver_seat,Unknown,Not_pedestrian,Unknown,Not_pedestrian,Helmet,Used,Not a holiday,0
985,201600000607,2016,10,12,Daylight,Built_up_area,Out_of_intersection,Normal,Rear_end_two_vehicles,Manual_entry,1.18591,49.39474,True,2016-10-12,13,50,13:50,Afternoon,False,Autumn,2.0,0.0,57.0,Departmental_road,Bidirectional,Unknown,Flat,Straight,Normal,Unknown,On_road,Unknown,B02,Opposite_direction,Car(Quad/Passenger),None,Rear_left,Straight_ahead,0,1984.0,Female,Driver,Uninjured,Driver_seat,Leisure,Not_pedestrian,Unknown,Not_pedestrian,Seat_belt,Undetermined,Not a holiday,0
986,201600000608,2016,10,22,Night_without_public_lighting,Out_of_agglomeration,Out_of_intersection,Normal,Other_collision,Manual_entry,1.19527,49.35319,True,2016-10-22,20,30,20:30,Evening,True,Autumn,2.0,0.0,70.0,Departmental_road,Bidirectional,Unknown,Slope,Curve_right,Normal,Unknown,On_verge,Unknown,A01,Other/Unknown,Car(Quad/Passenger),None,Front,Avoiding_obstacle,0,1991.0,Male,Driver,Injured_Hospitalized,Driver_seat,Leisure,Not_pedestrian,Unknown,Not_pedestrian,Seat_belt,Used,Not a holiday,0
987,201600000609,2016,12,8,Night_with_public_lighting_on,Out_of_agglomeration,Out_of_intersection,Normal,Side_two_vehicles,Manual_entry,1.12563,49.37632,True,2016-12-08,18,15,18:15,Evening,False,Winter,3.0,0.0,67.0,Departmental_road,Bidirectional,Unknown,Flat,Straight,Wet,Unknown,On_road,Unknown,A01,Opposite_direction,Car(Quad/Passenger),Cyclist,Front,Avoiding_obstacle,0,1988.0,Female,Driver,Injured_Hospitalized,Driver_seat,Home-work,Not_pedestrian,Unknown,Not_pedestrian,Seat_belt,Used,Not a holiday,0
988,201600000609,2016,12,8,Night_with_public_lighting_on,Out_of_agglomeration,Out_of_intersection,Normal,Side_two_vehicles,Manual_entry,1.12563,49.37632,True,2016-12-08,18,15,18:15,Evening,False,Winter,3.0,0.0,67.0,Departmental_road,Bidirectional,Unknown,Flat,Straight,Wet,Unknown,On_road,Unknown,B01,Opposite_direction,Car(Quad/Passenger),Cyclist,Front_right,Turning,0,1971.0,Female,Driver,Injured_Slight,Driver_seat,Home-work,Not_pedestrian,Unknown,Not_pedestrian,Seat_belt,Used,Not a holiday,0
989,201600000610,2016,12,15,Daylight,Built_up_area,Out_of_intersection,Normal,Frontal_two_vehicles,Manual_entry,1.20195,49.39693,True,2016-12-15,16,0,16:00,Afternoon,False,Winter,2.0,0.0,57.0,Departmental_road,Bidirectional,Unknown,Flat,Curve_left,Normal,Unknown,On_road,Unknown,B01,Other/Unknown,Car(Quad/Passenger),Cyclist,Right_side,Straight_ahead,0,1958.0,Female,Driver,Injured_Slight,Driver_seat,Home-work,Not_pedestrian,Unknown,Not_pedestrian,Seat_belt,Used,Not a holiday,0
990,201600000610,2016,12,15,Daylight,Built_up_area,Out_of_intersection,Normal,Frontal_two_vehicles,Manual_entry,1.20195,49.39693,True,2016-12-15,16,0,16:00,Afternoon,False,Winter,2.0,0.0,57.0,Departmental_road,Bidirectional,Unknown,Flat,Curve_left,Normal,Unknown,On_road,Unknown,A01,Opposite_direction,Car(Quad/Passenger),Cyclist,Front,Avoiding_obstacle,0,1985.0,Male,Driver,Injured_Slight,Driver_seat,Home-work,Not_pedestrian,Unknown,Not_pedestrian,Seat_belt,Used,Not a holiday,0
991,201600000611,2016,1,6,Daylight,Out_of_agglomeration,Out_of_intersection,Normal,Frontal_two_vehicles,Manual_entry,0.89759,49.49978,True,2016-01-06,13,15,13:15,Afternoon,False,Winter,2.0,0.0,90.0,Departmental_road,Bidirectional,Unknown,Flat,Curve_left,Normal,Unknown,On_road,Unknown,B02,Opposite_direction,Motorcycle,Cyclist,Front,Straight_ahead,0,1964.0,Male,Driver,Killed,Driver_seat,Home-work,Not_pedestrian,Unknown,Not_pedestrian,Helmet,Used,Not a holiday,0
992,201600000611,2016,1,6,Daylight,Out_of_agglomeration,Out_of_intersection,Normal,Frontal_two_vehicles,Manual_entry,0.89759,49.49978,True,2016-01-06,13,15,13:15,Afternoon,False,Winter,2.0,0.0,90.0,Departmental_road,Bidirectional,Unknown,Flat,Curve_left,Normal,Unknown,On_road,Unknown,A01,Other/Unknown,Car(Quad/Passenger),Cyclist,Front,other,0,1996.0,Female,Driver,Uninjured,Driver_seat,Leisure,Not_pedestrian,Unknown,Not_pedestrian,Seat_belt,Used,Not a holiday,0
993,201600000612,2016,2,29,Twilight_or_dawn,Built_up_area,Out_of_intersection,Normal,Side_two_vehicles,Manual_entry,0.87873,49.48204,True,2016-02-29,18,30,18:30,Evening,False,Winter,2.0,0.0,0.0,Departmental_road,Bidirectional,Unknown,Flat,Straight,Normal,Unknown,On_road,Unknown,B02,Opposite_direction,Motorcycle,Cyclist,Front,Straight_ahead,0,1996.0,Male,Driver,Injured_Hospitalized,Driver_seat,Leisure,Not_pedestrian,Unknown,Not_pedestrian,Helmet,Used,Not a holiday,0
994,201600000612,2016,2,29,Twilight_or_dawn,Built_up_area,Out_of_intersection,Normal,Side_two_vehicles,Manual_entry,0.87873,49.48204,True,2016-02-29,18,30,18:30,Evening,False,Winter,2.0,0.0,0.0,Departmental_road,Bidirectional,Unknown,Flat,Straight,Normal,Unknown,On_road,Unknown,A01,Opposite_direction,Utility(Truck/Agri),Cyclist,Right_side,Park/Start/Stop,0,1981.0,Male,Driver,Uninjured,Driver_seat,Home-work,Not_pedestrian,Unknown,Not_pedestrian,Seat_belt,Used,Not a holiday,0
995,201600000613,2016,5,15,Daylight,Built_up_area,Out_of_intersection,Normal,Side_two_vehicles,Manual_entry,0.81357,49.51079,True,2016-05-15,19,0,19:00,Evening,True,Spring,2.0,0.0,0.0,Communal_way,Bidirectional,Unknown,Flat,Straight,Normal,Unknown,On_road,Unknown,B02,Same_direction,Car(Quad/Passenger),Cyclist,Rear_left,Turning,0,1997.0,Male,Driver,Uninjured,Driver_seat,Leisure,Not_pedestrian,Unknown,Not_pedestrian,Seat_belt,Used,Not a holiday,0
996,201600000613,2016,5,15,Daylight,Built_up_area,Out_of_intersection,Normal,Side_two_vehicles,Manual_entry,0.81357,49.51079,True,2016-05-15,19,0,19:00,Evening,True,Spring,2.0,0.0,0.0,Communal_way,Bidirectional,Unknown,Flat,Straight,Normal,Unknown,On_road,Unknown,A01,Same_direction,Motorcycle,Cyclist,Front,Straight_ahead,0,1985.0,Male,Driver,Killed,Driver_seat,Leisure,Not_pedestrian,Unknown,Not_pedestrian,Helmet,Not_used,Not a holiday,0
997,201600000614,2016,5,27,Night_without_public_lighting,Out_of_agglomeration,Intersection_X,Normal,Other_collision,Manual_entry,0.72715,49.57352,True,2016-05-27,4,0,04:00,Night,False,Spring,2.0,20.0,70.0,Departmental_road,Bidirectional,Unknown,Flat,Straight,Normal,Roundabout,On_road,Not_near_school,A01,Opposite_direction,Car(Quad/Passenger),None,Rear_left,None,0,1987.0,Male,Driver,Killed,Driver_seat,Leisure,Not_pedestrian,Unknown,Not_pedestrian,Seat_belt,Used,Not a holiday,0
998,201600000615,2016,5,20,Daylight,Built_up_area,Out_of_intersection,Normal,Rear_end_two_vehicles,Manual_entry,0.73349,49.52458,True,2016-05-20,19,30,19:30,Evening,False,Spring,2.0,0.0,0.0,Departmental_road,Bidirectional,Unknown,Flat,Straight,Normal,Unknown,On_road,Unknown,B02,Other/Unknown,Car(Quad/Passenger),None,Rear_right,Roundabout,0,1945.0,Female,Driver,Uninjured,Driver_seat,Leisure,Not_pedestrian,Unknown,Not_pedestrian,Seat_belt,Used,Not a holiday,0
999,201600000615,2016,5,20,Daylight,Built_up_area,Out_of_intersection,Normal,Rear_end_two_vehicles,Manual_entry,0.73349,49.52458,True,2016-05-20,19,30,19:30,Evening,False,Spring,2.0,0.0,0.0,Departmental_road,Bidirectional,Unknown,Flat,Straight,Normal,Unknown,On_road,Unknown,A01,Other/Unknown,Motorcycle,Cyclist,Front,Turning,0,2000.0,Female,Driver,Injured_Hospitalized,Driver_seat,Leisure,Not_pedestrian,Unknown,Not_pedestrian,Helmet,Used,Not a holiday,0
1000,201600000616,2016,6,7,Daylight,Out_of_agglomeration,Out_of_intersection,Normal,Rear_end_two_vehicles,Manual_entry,0.85844,49.43218,True,2016-06-07,12,0,12:00,Afternoon,False,Summer,2.0,0.0,70.0,Departmental_road,Bidirectional,Unknown,Flat,Straight,Normal,Unknown,Unknown,Unknown,A01,Other/Unknown,Cycle,Cyclist,Front,Turning,0,1988.0,Female,Driver,Injured_Slight,Driver_seat,Leisure,Not_pedestrian,Unknown,Not_pedestrian,Helmet,Used,Not a holiday,0
1001,201600000616,2016,6,7,Daylight,Out_of_agglomeration,Out_of_intersection,Normal,Rear_end_two_vehicles,Manual_entry,0.85844,49.43218,True,2016-06-07,12,0,12:00,Afternoon,False,Summer,2.0,0.0,70.0,Departmental_road,Bidirectional,Unknown,Flat,Straight,Normal,Unknown,Unknown,Unknown,B02,Other/Unknown,Cycle,Cyclist,Rear_right,Turning,0,1984.0,Male,Driver,Uninjured,Driver_seat,Leisure,Not_pedestrian,Unknown,Not_pedestrian,Helmet,Used,Not a holiday,0
1002,201600000617,2016,6,23,Daylight,Out_of_agglomeration,Out_of_intersection,Normal,Side_two_vehicles,Manual_entry,0.75319,49.52731,True,2016-06-23,14,15,14:15,Afternoon,False,Summer,0.0,0.0,70.0,Departmental_road,Bidirectional,Unknown,Flat,Curve_left,Normal,Unknown,On_road,Unknown,A01,Other/Unknown,Car(Quad/Passenger),Cyclist,Right_side,Straight_ahead,0,1964.0,Female,Driver,Uninjured,Driver_seat,other,Not_pedestrian,Unknown,Not_pedestrian,Seat_belt,Used,Not a holiday,0
1003,201600000617,2016,6,23,Daylight,Out_of_agglomeration,Out_of_intersection,Normal,Side_two_vehicles,Manual_entry,0.75319,49.52731,True,2016-06-23,14,15,14:15,Afternoon,False,Summer,0.0,0.0,70.0,Departmental_road,Bidirectional,Unknown,Flat,Curve_left,Normal,Unknown,On_road,Unknown,B02,Opposite_direction,Car(Quad/Passenger),Cyclist,Right_side,Straight_ahead,0,1955.0,Male,Driver,Injured_Hospitalized,Driver_seat,Leisure,Not_pedestrian,Unknown,Not_pedestrian,Seat_belt,Used,Not a holiday,0
1004,201600000618,2016,7,24,Daylight,Out_of_agglomeration,Out_of_intersection,Normal,Side_two_vehicles,Manual_entry,0.61911,49.56951,True,2016-07-24,16,30,16:30,Afternoon,True,Summer,2.0,0.0,43.0,Departmental_road,Bidirectional,Unknown,Flat,Straight,Normal,Unknown,On_road,Unknown,B02,Other/Unknown,Car(Quad/Passenger),Cyclist,Left_side,other,0,,,,,,,,,,,,Not a holiday,0
1005,201600000618,2016,7,24,Daylight,Out_of_agglomeration,Out_of_intersection,Normal,Side_two_vehicles,Manual_entry,0.61911,49.56951,True,2016-07-24,16,30,16:30,Afternoon,True,Summer,2.0,0.0,43.0,Departmental_road,Bidirectional,Unknown,Flat,Straight,Normal,Unknown,On_road,Unknown,A01,Other/Unknown,Cycle,Cyclist,Front_left,Straight_ahead,0,2002.0,Male,Driver,Injured_Hospitalized,Driver_seat,Leisure,Not_pedestrian,Unknown,Not_pedestrian,Helmet,Not_used,Not a holiday,0
1006,201600000619,2016,9,24,Daylight,Out_of_agglomeration,Out_of_intersection,Normal,Multiple_three_plus,Manual_entry,0.88778,49.48819,True,2016-09-24,15,15,15:15,Afternoon,True,Autumn,2.0,0.0,0.0,Departmental_road,Bidirectional,Unknown,Slope,S-bend,Normal,Unknown,On_road,Unknown,B02,Same_direction,Car(Quad/Passenger),None,Right_side,None,0,1977.0,Female,Driver,Injured_Slight,Driver_seat,Unknown,Not_pedestrian,Unknown,Not_pedestrian,Seat_belt,Used,Not a holiday,0
1007,201600000619,2016,9,24,Daylight,Out_of_agglomeration,Out_of_intersection,Normal,Multiple_three_plus,Manual_entry,0.88778,49.48819,True,2016-09-24,15,15,15:15,Afternoon,True,Autumn,2.0,0.0,0.0,Departmental_road,Bidirectional,Unknown,Slope,S-bend,Normal,Unknown,On_road,Unknown,C03,Same_direction,Car(Quad/Passenger),None,Front_left,None,0,1985.0,Female,Driver,Injured_Slight,Driver_seat,Unknown,Not_pedestrian,Unknown,Not_pedestrian,Seat_belt,Used,Not a holiday,0
1008,201600000619,2016,9,24,Daylight,Out_of_agglomeration,Out_of_intersection,Normal,Multiple_three_plus,Manual_entry,0.88778,49.48819,True,2016-09-24,15,15,15:15,Afternoon,True,Autumn,2.0,0.0,0.0,Departmental_road,Bidirectional,Unknown,Slope,S-bend,Normal,Unknown,On_road,Unknown,A01,Same_direction,Motorcycle,None,Right_side,Avoiding_obstacle,0,1996.0,Male,Driver,Injured_Hospitalized,Driver_seat,Unknown,Not_pedestrian,Unknown,Not_pedestrian,Helmet,Used,Not a holiday,0
1009,201600000620,2016,4,10,Daylight,Out_of_agglomeration,Out_of_intersection,Normal,Side_two_vehicles,Manual_entry,0.78414,49.50653,True,2016-04-10,15,45,15:45,Afternoon,True,Spring,2.0,0.0,8.0,Departmental_road,Bidirectional,Unknown,Flat,Straight,Normal,Unknown,On_road,Not_near_school,A01,Same_direction,Car(Quad/Passenger),None,Front_left,Park/Start/Stop,0,1967.0,Male,Driver,Uninjured,Driver_seat,Leisure,Not_pedestrian,Unknown,Not_pedestrian,Seat_belt,Used,Not a holiday,0
1010,201600000620,2016,4,10,Daylight,Out_of_agglomeration,Out_of_intersection,Normal,Side_two_vehicles,Manual_entry,0.78414,49.50653,True,2016-04-10,15,45,15:45,Afternoon,True,Spring,2.0,0.0,8.0,Departmental_road,Bidirectional,Unknown,Flat,Straight,Normal,Unknown,On_road,Not_near_school,B02,Same_direction,Motorcycle,Cyclist,Front,Straight_ahead,0,1982.0,Male,Driver,Injured_Hospitalized,Driver_seat,Leisure,Not_pedestrian,Unknown,Not_pedestrian,Helmet,Used,Not a holiday,0
1011,201600000621,2016,7,2,Twilight_or_dawn,Out_of_agglomeration,Out_of_intersection,Normal,Other_collision,Manual_entry,0.90123,49.48657,True,2016-07-02,6,0,06:00,Morning,True,Summer,0.0,0.0,6.0,Departmental_road,Bidirectional,Unknown,Flat,Straight,Wet,Unknown,On_road,Not_near_school,A01,Same_direction,Car(Quad/Passenger),None,Front,Interaction,0,1997.0,Male,Driver,Injured_Slight,Driver_seat,Home-work,Not_pedestrian,Unknown,Not_pedestrian,Seat_belt,Undetermined,Not a holiday,0