,accident_id,year,month,day,lighting_label,urban_label,intersection_label,weather_label,collision_label,gps_label,longitude_num,latitude_num,valid_geo,date,hour,minute,time_hhmm,time_of_day,is_weekend,season,num_lanes,pedestrian_crossing_width,road_width,road_category_label,traffic_regime_label,reserved_lane_label,road_profile_label,road_layout_label,surface_condition_label,infrastructure_label,situation_label,school_zone_label,vehicle_id,traffic_direction_label,vehicle_category_label,mobile_obstacle_label,impact_point_label,manoeuvre_label,occupants_group,birth_year,sex_label,user_category_label,injury_severity_label,seat_position_label,journey_purpose_label,pedestrian_location_label,pedestrian_action_label,pedestrian_state_label,safety_equipment_type,safety_equipment_usage,holiday_name,is_holiday
1012,201600000622,2016,7,15,Night_with_public_lighting_on,Built_up_area,Out_of_intersection,Normal,Other_collision,Manual_entry,0.85717,49.46878,True,2016-07-15,22,15,22:15,Night,False,Summer,2.0,0.0,6.0,Departmental_road,Bidirectional,Unknown,Flat,Straight,Normal,Unknown,On_road,Not_near_school,A01,Same_direction,Car(Quad/Passenger),None,Front,Park/Start/Stop,0,1980.0,Male,Driver,Injured_Hospitalized,Driver_seat,other,Not_pedestrian,Unknown,Not_pedestrian,Seat_belt,Undetermined,Not a holiday,0
1013,201600000623,2016,8,16,Night_without_public_lighting,Built_up_area,Out_of_intersection,Normal,No_collision,Manual_entry,0.89127,49.46174,True,2016-08-16,3,30,03:30,Night,False,Summer,2.0,0.0,48.0,Communal_way,Bidirectional,Unknown,Flat,Curve_right,Normal,Unknown,On_verge,Not_near_school,A01,Same_direction,Motorcycle,None,Front,Straight_ahead,0,1976.0,Male,Driver,Injured_Hospitalized,Driver_seat,Leisure,Not_pedestrian,Unknown,Not_pedestrian,Helmet,Used,Not a holiday,0
1014,201600000624,2016,8,16,Daylight,Out_of_agglomeration,Out_of_intersection,Normal,No_collision,Manual_entry,0.86106,49.51592,True,2016-08-16,15,30,15:30,Afternoon,False,Summer,2.0,0.0,58.0,Departmental_road,Bidirectional,Unknown,Slope,Straight,Normal,Unknown,On_road,Not_near_school,A01,Same_direction,Motorcycle,None,Left_side,other,0,1961.0,Male,Driver,Injured_Hospitalized,Driver_seat,Leisure,Not_pedestrian,Unknown,Not_pedestrian,Helmet,Used,Not a holiday,0
1015,201600000625,2016,8,16,Daylight,Out_of_agglomeration,Out_of_intersection,Normal,Other_collision,Manual_entry,0.88628,49.46478,True,2016-08-16,20,45,20:45,Evening,False,Summer,2.0,34.0,68.0,Departmental_road,Bidirectional,Unknown,Flat,Straight,Normal,Unknown,On_road,Not_near_school,A01,Opposite_direction,Motorcycle,None,Front,Straight_ahead,0,1995.0,Male,Driver,Killed,Driver_seat,Leisure,Not_pedestrian,Unknown,Not_pedestrian,Helmet,Used,Not a holiday,0
1016,201600000626,2016,4,15,Night_without_public_lighting,Out_of_agglomeration,Out_of_intersection,Light_rain,Frontal_two_vehicles,Manual_entry,0.35993,49.66824,True,2016-04-15,5,45,05:45,Morning,False,Spring,2.0,0.0,60.0,Departmental_road,Bidirectional,Unknown,Flat,Straight,Wet,Unknown,On_road,Unknown,B02,Opposite_direction,Personal mobility,Cyclist,Right_side,Straight_ahead,0,1962.0,Male,Driver,Uninjured,Driver_seat,Professional use,Not_pedestrian,Unknown,Not_pedestrian,Seat_belt,Used,Not a holiday,0
1017,201600000626,2016,4,15,Night_without_public_lighting,Out_of_agglomeration,Out_of_intersection,Light_rain,Frontal_two_vehicles,Manual_entry,0.35993,49.66824,True,2016-04-15,5,45,05:45,Morning,False,Spring,2.0,0.0,60.0,Departmental_road,Bidirectional,Unknown,Flat,Straight,Wet,Unknown,On_road,Unknown,A01,Other/Unknown,Car(Quad/Passenger),Cyclist,Right_side,Straight_ahead,0,1996.0,Male,Driver,Injured_Hospitalized,Driver_seat,Home-work,Not_pedestrian,Unknown,Not_pedestrian,Seat_belt,Used,Not a holiday,0
1018,201600000627,2016,5,8,Daylight,Out_of_agglomeration,Out_of_intersection,Normal,Other_collision,Manual_entry,0.25441,49.71785,True,2016-05-08,8,45,08:45,Morning,True,Spring,2.0,0.0,0.0,Departmental_road,Bidirectional,Unknown,Unknown,Curve_right,Normal,Unknown,On_road,Not_near_school,A01,Opposite_direction,Car(Quad/Passenger),Pedestrian,Front,Straight_ahead,0,1994.0,Male,Driver,Uninjured,Driver_seat,Leisure,Not_pedestrian,Unknown,Not_pedestrian,Seat_belt,Used,Victory in Europe Day,1
1019,201600000628,2016,7,18,Daylight,Out_of_agglomeration,Out_of_intersection,Normal,Multiple_three_plus,Manual_entry,0.29764,49.61748,True,2016-07-18,15,15,15:15,Afternoon,False,Summer,2.0,7.0,0.0,Departmental_road,Bidirectional,Unknown,Slope,Straight,Normal,Unknown,On_road,Unknown,C03,Opposite_direction,Car(Quad/Passenger),Cyclist,Right_side,Straight_ahead,0,1980.0,Female,Driver,Injured_Hospitalized,Driver_seat,Professional use,Not_pedestrian,Unknown,Not_pedestrian,Seat_belt,Used,Not a holiday,0
1020,201600000628,2016,7,18,Daylight,Out_of_agglomeration,Out_of_intersection,Normal,Multiple_three_plus,Manual_entry,0.29764,49.61748,True,2016-07-18,15,15,15:15,Afternoon,False,Summer,2.0,7.0,0.0,Departmental_road,Bidirectional,Unknown,Slope,Straight,Normal,Unknown,On_road,Unknown,B02,Opposite_direction,Car(Quad/Passenger),Cyclist,Right_side,Straight_ahead,0,1976.0,Female,Driver,Injured_Hospitalized,Driver_seat,Leisure,Not_pedestrian,Unknown,Not_pedestrian,Seat_belt,Used,Not a holiday,0
1021,201600000628,2016,7,18,Daylight,Out_of_agglomeration,Out_of_intersection,Normal,Multiple_three_plus,Manual_entry,0.29764,49.61748,True,2016-07-18,15,15,15:15,Afternoon,False,Summer,2.0,7.0,0.0,Departmental_road,Bidirectional,Unknown,Slope,Straight,Normal,Unknown,On_road,Unknown,A01,Other/Unknown,Car(Quad/Passenger),Cyclist,Right_side,Avoiding_obstacle,0,1987.0,Male,Driver,Injured_Hospitalized,Driver_seat,Leisure,Not_pedestrian,Unknown,Not_pedestrian,Seat_belt,Used,Not a holiday,0
1022,201600000629,2016,7,26,Daylight,Out_of_agglomeration,Out_of_intersection,Normal,Side_two_vehicles,Manual_entry,0.21991,49.69651,True,2016-07-26,19,45,19:45,Evening,False,Summer,2.0,0.0,52.0,Departmental_road,Bidirectional,Unknown,Flat,Straight,Normal,Unknown,On_road,Not_near_school,B02,Opposite_direction,Motorcycle,Cyclist,Front_left,other,0,1970.0,Male,Driver,Injured_Hospitalized,Driver_seat,Leisure,Not_pedestrian,Unknown,Not_pedestrian,Helmet,Used,Not a holiday,0
1023,201600000629,2016,7,26,Daylight,Out_of_agglomeration,Out_of_intersection,Normal,Side_two_vehicles,Manual_entry,0.21991,49.69651,True,2016-07-26,19,45,19:45,Evening,False,Summer,2.0,0.0,52.0,Departmental_road,Bidirectional,Unknown,Flat,Straight,Normal,Unknown,On_road,Not_near_school,A01,Other/Unknown,Car(Quad/Passenger),Cyclist,Right_side,Roundabout,0,1992.0,Female,Driver,Injured_Slight,Driver_seat,Leisure,Not_pedestrian,Unknown,Not_pedestrian,Seat_belt,Used,Not a holiday,0
1024,201600000630,2016,7,30,Daylight,Out_of_agglomeration,Out_of_intersection,Normal,Other_collision,Manual_entry,0.20345,49.59716,True,2016-07-30,10,30,10:30,Morning,True,Summer,2.0,0.0,54.0,Departmental_road,Bidirectional,Unknown,Slope,Curve_right,Normal,Unknown,On_verge,Unknown,A01,Opposite_direction,Car(Quad/Passenger),None,Right_side,Straight_ahead,0,1992.0,Male,Driver,Killed,Driver_seat,Leisure,Not_pedestrian,Unknown,Not_pedestrian,Seat_belt,Used,Not a holiday,0
1025,201600000631,2016,9,24,Daylight,Out_of_agglomeration,Out_of_intersection,Normal,Frontal_two_vehicles,Manual_entry,0.35075,49.61639,True,2016-09-24,17,45,17:45,Evening,True,Autumn,2.0,0.0,0.0,Departmental_road,Bidirectional,Unknown,Flat,Straight,Normal,Unknown,On_road,Not_near_school,A01,Other/Unknown,Car(Quad/Passenger),None,Right_side,Avoiding_obstacle,0,1968.0,Male,Driver,Injured_Hospitalized,Driver_seat,Unknown,Not_pedestrian,Unknown,Not_pedestrian,Seat_belt,Used,Not a holiday,0
1026,201600000631,2016,9,24,Daylight,Out_of_agglomeration,Out_of_intersection,Normal,Frontal_two_vehicles,Manual_entry,0.35075,49.61639,True,2016-09-24,17,45,17:45,Evening,True,Autumn,2.0,0.0,0.0,Departmental_road,Bidirectional,Unknown,Flat,Straight,Normal,Unknown,On_road,Not_near_school,B02,Opposite_direction,Car(Quad/Passenger),Cyclist,Right_side,Straight_ahead,0,1971.0,Female,Driver,Injured_Slight,Driver_seat,Unknown,Not_pedestrian,Unknown,Not_pedestrian,Seat_belt,Used,Not a holiday,0
1027,201600000632,2016,5,26,Daylight,Built_up_area,Out_of_intersection,Normal,Frontal_two_vehicles,Manual_entry,0.59595,49.65459,True,2016-05-26,17,45,17:45,Evening,False,Spring,2.0,0.0,46.0,Communal_way,Bidirectional,Unknown,Flat,Curve_left,Normal,Unknown,On_road,Not_near_school,A01,Same_direction,Car(Quad/Passenger),Cyclist,Front,Roundabout,0,,,,,,,,,,,,Not a holiday,0
1028,201600000632,2016,5,26,Daylight,Built_up_area,Out_of_intersection,Normal,Frontal_two_vehicles,Manual_entry,0.59595,49.65459,True,2016-05-26,17,45,17:45,Evening,False,Spring,2.0,0.0,46.0,Communal_way,Bidirectional,Unknown,Flat,Curve_left,Normal,Unknown,On_road,Not_near_school,B02,Same_direction,Cycle,Cyclist,Front,Straight_ahead,0,2005.0,Male,Driver,Injured_Hospitalized,Driver_seat,Leisure,Not_pedestrian,Unknown,Not_pedestrian,Helmet,Not_used,Not a holiday,0
1029,201600000633,2016,8,8,Daylight,Out_of_agglomeration,Out_of_intersection,Normal,Side_two_vehicles,Manual_entry,0.51524,49.62464,True,2016-08-08,17,0,17:00,Evening,False,Summer,2.0,0.0,58.0,Departmental_road,Unknown,Unknown,Flat,Straight,Normal,Unknown,On_road,Unknown,A01,Other/Unknown,Motorcycle,Cyclist,Rear,Roundabout,0,2000.0,Male,Driver,Injured_Slight,Driver_seat,Professional use,Not_pedestrian,Unknown,Not_pedestrian,other,Used,Not a holiday,0
1030,201600000633,2016,8,8,Daylight,Out_of_agglomeration,Out_of_intersection,Normal,Side_two_vehicles,Manual_entry,0.51524,49.62464,True,2016-08-08,17,0,17:00,Evening,False,Summer,2.0,0.0,58.0,Departmental_road,Unknown,Unknown,Flat,Straight,Normal,Unknown,On_road,Unknown,B02,Opposite_direction,Motorcycle,Cyclist,Front,Straight_ahead,0,1994.0,Male,Driver,Injured_Hospitalized,Driver_seat,Leisure,Not_pedestrian,Unknown,Not_pedestrian,Helmet,Used,Not a holiday,0
1031,201600000634,2016,9,2,Daylight,Out_of_agglomeration,Intersection_X,Normal,Side_two_vehicles,Manual_entry,0.56057,49.60569,True,2016-09-02,19,45,19:45,Evening,False,Autumn,2.0,0.0,0.0,Departmental_road,Bidirectional,Unknown,Flat,Straight,Normal,Unknown,On_road,Unknown,B02,Opposite_direction,Car(Quad/Passenger),None,Front_left,Straight_ahead,0,1972.0,Female,Driver,Injured_Hospitalized,Driver_seat,Unknown,Not_pedestrian,Unknown,Not_pedestrian,Seat_belt,Used,Not a holiday,0
1032,201600000634,2016,9,2,Daylight,Out_of_agglomeration,Intersection_X,Normal,Side_two_vehicles,Manual_entry,0.56057,49.60569,True,2016-09-02,19,45,19:45,Evening,False,Autumn,2.0,0.0,0.0,Departmental_road,Bidirectional,Unknown,Flat,Straight,Normal,Unknown,On_road,Unknown,A01,Other/Unknown,Car(Quad/Passenger),Cyclist,Front,Loss_of_control,0,1986.0,Male,Driver,Uninjured,Driver_seat,Leisure,Not_pedestrian,Unknown,Not_pedestrian,Seat_belt,Used,Not a holiday,0
1033,201600000635,2016,10,1,Daylight,Out_of_agglomeration,Intersection_X,Normal,Side_two_vehicles,Manual_entry,0.63766,49.64474,True,2016-10-01,15,30,15:30,Afternoon,True,Autumn,2.0,0.0,70.0,Departmental_road,Bidirectional,Unknown,Flat,Straight,Normal,Unknown,On_road,Not_near_school,A01,Opposite_direction,Motorcycle,Cyclist,Front,Park/Start/Stop,0,1989.0,Male,Driver,Injured_Hospitalized,Driver_seat,Leisure,Not_pedestrian,Unknown,Not_pedestrian,Helmet,Used,Not a holiday,0
1034,201600000635,2016,10,1,Daylight,Out_of_agglomeration,Intersection_X,Normal,Side_two_vehicles,Manual_entry,0.63766,49.64474,True,2016-10-01,15,30,15:30,Afternoon,True,Autumn,2.0,0.0,70.0,Departmental_road,Bidirectional,Unknown,Flat,Straight,Normal,Unknown,On_road,Not_near_school,B02,Opposite_direction,Personal mobility,Cyclist,Right_side,Loss_of_control,0,1974.0,Female,Driver,Uninjured,Driver_seat,Professional use,Not_pedestrian,Unknown,Not_pedestrian,Seat_belt,Used,Not a holiday,0
1035,201600000636,2016,3,12,Night_without_public_lighting,Out_of_agglomeration,Out_of_intersection,Fog_or_smoke,No_collision,Manual_entry,0.42054,49.50178,True,2016-03-12,5,30,05:30,Morning,True,Spring,2.0,0.0,0.0,Departmental_road,Bidirectional,Unknown,Slope,S-bend,Unknown,Unknown,On_road,Unknown,A01,Same_direction,Utility(Truck/Agri),None,Front_right,Avoiding_obstacle,0,1986.0,Male,Driver,Killed,Driver_seat,Leisure,Not_pedestrian,Unknown,Not_pedestrian,Seat_belt,Used,Not a holiday,0
1036,201600000637,2016,6,23,Daylight,Out_of_agglomeration,Out_of_intersection,Normal,Other_collision,Manual_entry,0.38191,49.53538,True,2016-06-23,21,0,21:00,Night,False,Summer,2.0,0.0,44.0,Departmental_road,Bidirectional,Unknown,Unknown,Straight,Normal,Unknown,On_road,Unknown,A01,Same_direction,Motorcycle,None,Front,Straight_ahead,0,2001.0,Male,Driver,Killed,Driver_seat,Leisure,Not_pedestrian,Unknown,Not_pedestrian,Helmet,Used,Not a holiday,0
1037,201600000638,2016,7,12,Daylight,Out_of_agglomeration,Intersection_X,Normal,Side_two_vehicles,Manual_entry,0.3575,49.4843,True,2016-07-12,7,30,07:30,Morning,False,Summer,1.0,0.0,58.0,Highway,One_way,Unknown,Flat,Straight,Normal,Interchange,On_road,Unknown,A01,Opposite_direction,other,None,Front_left,Straight_ahead,0,1947.0,Male,Driver,Injured_Hospitalized,Driver_seat,Professional use,Not_pedestrian,Unknown,Not_pedestrian,Seat_belt,Used,Not a holiday,0
1038,201600000638,2016,7,12,Daylight,Out_of_agglomeration,Intersection_X,Normal,Side_two_vehicles,Manual_entry,0.3575,49.4843,True,2016-07-12,7,30,07:30,Morning,False,Summer,1.0,0.0,58.0,Highway,One_way,Unknown,Flat,Straight,Normal,Interchange,On_road,Unknown,B02,Same_direction,other,None,Front,Loss_of_control,0,1976.0,Male,Driver,Injured_Slight,Driver_seat,Professional use,Not_pedestrian,Unknown,Not_pedestrian,Seat_belt,Used,Not a holiday,0
1039,201600000639,2016,7,16,Daylight,Built_up_area,Place,Normal,Other_collision,Manual_entry,0.35878,49.52868,True,2016-07-16,15,45,15:45,Afternoon,True,Summer,0.0,0.0,0.0,Parking_lot,Unknown,Unknown,Flat,Straight,Unknown,Unknown,Unknown,Unknown,A01,Same_direction,Car(Quad/Passenger),Pedestrian,Front_right,Roundabout,0,1934.0,Female,Driver,Injured_Slight,Driver_seat,Unknown,Not_pedestrian,Unknown,Not_pedestrian,Seat_belt,Used,Not a holiday,0
1040,201600000640,2016,8,14,Daylight,Out_of_agglomeration,Intersection_T,Normal,Side_two_vehicles,Manual_entry,0.34958,49.56592,True,2016-08-14,18,0,18:00,Evening,True,Summer,2.0,0.0,56.0,Departmental_road,Bidirectional,Unknown,Flat,Straight,Normal,Unknown,On_road,Unknown,B02,Other/Unknown,Motorcycle,Cyclist,Front,Straight_ahead,0,1994.0,Male,Driver,Injured_Slight,Driver_seat,Leisure,Not_pedestrian,Unknown,Not_pedestrian,Helmet,Used,Not a holiday,0
1041,201600000640,2016,8,14,Daylight,Out_of_agglomeration,Intersection_T,Normal,Side_two_vehicles,Manual_entry,0.34958,49.56592,True,2016-08-14,18,0,18:00,Evening,True,Summer,2.0,0.0,56.0,Departmental_road,Bidirectional,Unknown,Flat,Straight,Normal,Unknown,On_road,Unknown,A01,Same_direction,Car(Quad/Passenger),Cyclist,Right_side,Roundabout,0,1972.0,Male,Driver,Uninjured,Driver_seat,Leisure,Not_pedestrian,Unknown,Not_pedestrian,Seat_belt,Used,Not a holiday,0
1042,201600000641,2016,8,20,Daylight,Out_of_agglomeration,Out_of_intersection,Normal,No_collision,Manual_entry,0.29689,49.50291,True,2016-08-20,15,0,15:00,Afternoon,True,Summer,2.0,0.0,74.0,Communal_way,Bidirectional,Bike_path,Slope,Straight,Normal,Unknown,On_road,Unknown,A01,Same_direction,Motorcycle,None,Front,Straight_ahead,0,1995.0,Male,Driver,Injured_Hospitalized,Driver_seat,Leisure,Not_pedestrian,Unknown,Not_pedestrian,Helmet,Used,Not a holiday,0
1043,201600000642,2016,9,10,Twilight_or_dawn,Out_of_agglomeration,Roundabout,Normal,Other_collision,Manual_entry,0.26192,49.47906,True,2016-09-10,7,30,07:30,Morning,True,Autumn,4.0,0.0,0.0,Off_public_network,Separated_carriageways,Unknown,Flat,Straight,Normal,Unknown,On_road,Unknown,A01,Same_direction,Motorcycle,None,Front,Straight_ahead,0,1979.0,Male,Driver,Injured_Hospitalized,Driver_seat,Home-work,Not_pedestrian,Unknown,Not_pedestrian,Helmet,Used,Not a holiday,0
1044,201600000643,2016,9,15,Twilight_or_dawn,Built_up_area,Out_of_intersection,Light_rain,Frontal_two_vehicles,Manual_entry,0.29384,49.55414,True,2016-09-15,6,30,06:30,Morning,False,Autumn,0.0,0.0,0.0,Departmental_road,Bidirectional,Unknown,Flat,Straight,Wet,Unknown,On_road,Not_near_school,A01,Opposite_direction,Car(Quad/Passenger),Cyclist,Front,other,0,1989.0,Female,Driver,Uninjured,Driver_seat,Home-work,Not_pedestrian,Unknown,Not_pedestrian,Seat_belt,Used,Not a holiday,0
1045,201600000643,2016,9,15,Twilight_or_dawn,Built_up_area,Out_of_intersection,Light_rain,Frontal_two_vehicles,Manual_entry,0.29384,49.55414,True,2016-09-15,6,30,06:30,Morning,False,Autumn,0.0,0.0,0.0,Departmental_road,Bidirectional,Unknown,Flat,Straight,Wet,Unknown,On_road,Not_near_school,B02,Other/Unknown,Car(Quad/Passenger),Cyclist,Front,Straight_ahead,0,1991.0,Female,Driver,Injured_Hospitalized,Driver_seat,Home-work,Not_pedestrian,Unknown,Not_pedestrian,Seat_belt,Used,Not a holiday,0
1046,201600000644,2016,10,5,Daylight,Out_of_agglomeration,Out_of_intersection,Normal,Side_two_vehicles,Manual_entry,0.42099,49.52822,True,2016-10-05,17,45,17:45,Evening,False,Autumn,2.0,0.0,74.0,Departmental_road,Bidirectional,Unknown,Slope,Straight,Normal,Unknown,On_verge,Unknown,A01,Opposite_direction,Car(Quad/Passenger),Cyclist,No_impact,other,0,1994.0,Female,Driver,Killed,Driver_seat,Unknown,Not_pedestrian,Unknown,Not_pedestrian,Seat_belt,Undetermined,Not a holiday,0
1047,201600000644,2016,10,5,Daylight,Out_of_agglomeration,Out_of_intersection,Normal,Side_two_vehicles,Manual_entry,0.42099,49.52822,True,2016-10-05,17,45,17:45,Evening,False,Autumn,2.0,0.0,74.0,Departmental_road,Bidirectional,Unknown,Slope,Straight,Normal,Unknown,On_verge,Unknown,B02,Opposite_direction,Car(Quad/Passenger),Cyclist,No_impact,Straight_ahead,0,1963.0,Female,Driver,Injured_Hospitalized,Driver_seat,Home-work,Not_pedestrian,Unknown,Not_pedestrian,Seat_belt,Used,Not a holiday,0
1048,201600000645,2016,10,13,Daylight,Out_of_agglomeration,Out_of_intersection,Normal,Frontal_two_vehicles,Manual_entry,0.26809,49.49701,True,2016-10-13,16,25,16:25,Afternoon,False,Autumn,2.0,0.0,70.0,Departmental_road,Bidirectional,Unknown,Flat,Curve_right,Normal,Unknown,On_road,Unknown,B02,Opposite_direction,Cycle,Cyclist,Front,Straight_ahead,0,1941.0,Male,Driver,Killed,Driver_seat,Leisure,Not_pedestrian,Unknown,Not_pedestrian,Helmet,Used,Not a holiday,0
1049,201600000645,2016,10,13,Daylight,Out_of_agglomeration,Out_of_intersection,Normal,Frontal_two_vehicles,Manual_entry,0.26809,49.49701,True,2016-10-13,16,25,16:25,Afternoon,False,Autumn,2.0,0.0,70.0,Departmental_road,Bidirectional,Unknown,Flat,Curve_right,Normal,Unknown,On_road,Unknown,A01,Other/Unknown,Car(Quad/Passenger),other,Front,Avoiding_obstacle,0,1990.0,Female,Driver,Uninjured,Driver_seat,Home-work,Not_pedestrian,Unknown,Not_pedestrian,Seat_belt,Undetermined,Not a holiday,0
1050,201600000646,2016,1,8,Night_without_public_lighting,Out_of_agglomeration,Out_of_intersection,Normal,Side_two_vehicles,Manual_entry,1.43345,49.70888,True,2016-01-08,17,15,17:15,Evening,False,Winter,2.0,0.0,60.0,Departmental_road,Bidirectional,Unknown,Flat,Curve_right,Normal,Unknown,On_road,Not_near_school,A01,Opposite_direction,Car(Quad/Passenger),Cyclist,Left_side,Avoiding_obstacle,0,1991.0,Female,Driver,Injured_Hospitalized,Driver_seat,Home-work,Not_pedestrian,Unknown,Not_pedestrian,Seat_belt,Used,Not a holiday,0
1051,201600000646,2016,1,8,Night_without_public_lighting,Out_of_agglomeration,Out_of_intersection,Normal,Side_two_vehicles,Manual_entry,1.43345,49.70888,True,2016-01-08,17,15,17:15,Evening,False,Winter,2.0,0.0,60.0,Departmental_road,Bidirectional,Unknown,Flat,Curve_right,Normal,Unknown,On_road,Not_near_school,B02,Other/Unknown,Car(Quad/Passenger),Cyclist,Front,Straight_ahead,0,1979.0,Female,Driver,Uninjured,Driver_seat,Home-school,Not_pedestrian,Unknown,Not_pedestrian,Seat_belt,Used,Not a holiday,0
1052,201600000647,2016,4,20,Night_without_public_lighting,Out_of_agglomeration,Intersection_X,Normal,Side_two_vehicles,Manual_entry,1.46597,49.78017,True,2016-04-20,21,45,21:45,Night,False,Spring,2.0,0.0,40.0,Communal_way,Bidirectional,Unknown,Flat,Straight,Normal,Unknown,On_road,Unknown,B02,Same_direction,Car(Quad/Passenger),Cyclist,Front,None,0,1987.0,Male,Driver,Uninjured,Driver_seat,Home-work,Not_pedestrian,Unknown,Not_pedestrian,Seat_belt,Used,Not a holiday,0
1053,201600000647,2016,4,20,Night_without_public_lighting,Out_of_agglomeration,Intersection_X,Normal,Side_two_vehicles,Manual_entry,1.46597,49.78017,True,2016-04-20,21,45,21:45,Night,False,Spring,2.0,0.0,40.0,Communal_way,Bidirectional,Unknown,Flat,Straight,Normal,Unknown,On_road,Unknown,A01,Same_direction,Car(Quad/Passenger),None,Left_side,Straight_ahead,0,1992.0,Female,Driver,Uninjured,Driver_seat,Leisure,Not_pedestrian,Unknown,Not_pedestrian,Seat_belt,Used,Not a holiday,0
1054,201600000648,2016,8,16,Daylight,Built_up_area,Intersection_X,Normal,Frontal_two_vehicles,Manual_entry,1.43735,49.73169,True,2016-08-16,16,30,16:30,Afternoon,False,Summer,2.0,0.0,60.0,Departmental_road,Bidirectional,Unknown,Flat,Straight,Normal,Unknown,On_road,Not_near_school,A01,Opposite_direction,Motorcycle,Cyclist,Front_right,Straight_ahead,0,1961.0,Male,Driver,Injured_Hospitalized,Driver_seat,Leisure,Not_pedestrian,Unknown,Not_pedestrian,Helmet,Used,Not a holiday,0
1055,201600000648,2016,8,16,Daylight,Built_up_area,Intersection_X,Normal,Frontal_two_vehicles,Manual_entry,1.43735,49.73169,True,2016-08-16,16,30,16:30,Afternoon,False,Summer,2.0,0.0,60.0,Departmental_road,Bidirectional,Unknown,Flat,Straight,Normal,Unknown,On_road,Not_near_school,B02,Same_direction,Car(Quad/Passenger),Cyclist,Right_side,Loss_of_control,0,1990.0,Female,Driver,Injured_Slight,Driver_seat,Home-work,Not_pedestrian,Unknown,Not_pedestrian,Seat_belt,Used,Not a holiday,0
1056,201600000649,2016,10,15,Night_without_public_lighting,Out_of_agglomeration,Out_of_intersection,Normal,Other_collision,Manual_entry,1.4002,49.67773,True,2016-10-15,0,15,00:15,Night,True,Autumn,2.0,0.0,50.0,Departmental_road,Bidirectional,Unknown,Slope,Curve_left,Normal,Unknown,On_verge,Unknown,A01,Opposite_direction,Car(Quad/Passenger),None,Front_right,Straight_ahead,0,1998.0,Male,Driver,Injured_Hospitalized,Driver_seat,Leisure,Not_pedestrian,Unknown,Not_pedestrian,Seat_belt,Used,Not a holiday,0
1057,201600000650,2016,11,28,Daylight,Built_up_area,Out_of_intersection,Dazzling,Other_collision,Manual_entry,1.44148,49.7317,True,2016-11-28,15,30,15:30,Afternoon,False,Autumn,2.0,0.0,59.0,Departmental_road,Bidirectional,Unknown,Slope,Straight,Normal,Unknown,On_road,Unknown,A01,Other/Unknown,Car(Quad/Passenger),Pedestrian,Front_right,Straight_ahead,0,1997.0,Male,Driver,Uninjured,Driver_seat,Leisure,Not_pedestrian,Unknown,Not_pedestrian,Seat_belt,Used,Not a holiday,0
1058,201600000651,2016,1,1,Night_without_public_lighting,Out_of_agglomeration,Out_of_intersection,Normal,Other_collision,Manual_entry,1.7693,49.77617,True,2016-01-01,21,30,21:30,Night,False,Winter,2.0,0.0,44.0,Departmental_road,Bidirectional,Unknown,Slope,Straight,Wet,Unknown,On_road,Unknown,A01,Same_direction,Car(Quad/Passenger),None,Right_side,None,0,1993.0,Male,Driver,Injured_Hospitalized,Driver_seat,Leisure,Not_pedestrian,Unknown,Not_pedestrian,Seat_belt,Used,New year,1
1059,201600000652,2016,1,13,Daylight,Out_of_agglomeration,Intersection_T,Normal,Side_two_vehicles,Manual_entry,1.66207,49.90947,True,2016-01-13,14,0,14:00,Afternoon,False,Winter,2.0,0.0,55.0,Departmental_road,Bidirectional,Unknown,Hilltop,Curve_right,Normal,Unknown,On_road,Not_near_school,A01,Opposite_direction,Motorcycle,Cyclist,No_impact,other,0,1978.0,Male,Driver,Injured_Hospitalized,Driver_seat,Leisure,Not_pedestrian,Unknown,Not_pedestrian,Helmet,Used,Not a holiday,0
1060,201600000652,2016,1,13,Daylight,Out_of_agglomeration,Intersection_T,Normal,Side_two_vehicles,Manual_entry,1.66207,49.90947,True,2016-01-13,14,0,14:00,Afternoon,False,Winter,2.0,0.0,55.0,Departmental_road,Bidirectional,Unknown,Hilltop,Curve_right,Normal,Unknown,On_road,Not_near_school,B02,Same_direction,Motorcycle,None,No_impact,Loss_of_control,0,2001.0,Male,Driver,Uninjured,Driver_seat,Home-school,Not_pedestrian,Unknown,Not_pedestrian,Helmet,Used,Not a holiday,0
1061,201600000653,2016,8,26,Daylight,Built_up_area,Intersection_T,Dazzling,Side_two_vehicles,Manual_entry,1.56743,49.84874,True,2016-08-26,12,0,12:00,Afternoon,False,Summer,2.0,,,Departmental_road,Bidirectional,Unknown,Hilltop,Straight,Normal,Unknown,Unknown,Not_near_school,A01,Other/Unknown,Bus/Coach,Cyclist,Right_side,Roundabout,0,1970.0,Female,Driver,Uninjured,Driver_seat,Leisure,Not_pedestrian,Unknown,Not_pedestrian,Seat_belt,Used,Not a holiday,0