,accident_id,year,month,day,lighting_label,urban_label,intersection_label,weather_label,collision_label,gps_label,longitude_num,latitude_num,valid_geo,date,hour,minute,time_hhmm,time_of_day,is_weekend,season,num_lanes,pedestrian_crossing_width,road_width,road_category_label,traffic_regime_label,reserved_lane_label,road_profile_label,road_layout_label,surface_condition_label,infrastructure_label,situation_label,school_zone_label,vehicle_id,traffic_direction_label,vehicle_category_label,mobile_obstacle_label,impact_point_label,manoeuvre_label,occupants_group,birth_year,sex_label,user_category_label,injury_severity_label,seat_position_label,journey_purpose_label,pedestrian_location_label,pedestrian_action_label,pedestrian_state_label,safety_equipment_type,safety_equipment_usage,holiday_name,is_holiday
1112,201600000680,2016,5,23,Daylight,Built_up_area,Out_of_intersection,Normal,Frontal_two_vehicles,Manual_entry,0.70871,49.80514,True,2016-05-23,17,30,17:30,Evening,False,Spring,2.0,0.0,0.0,Departmental_road,Bidirectional,Unknown,Flat,Straight,Unknown,Unknown,On_road,Not_near_school,B02,Other/Unknown,Cycle,None,Front,Straight_ahead,0,1998.0,Male,Driver,Killed,Driver_seat,Home-work,Not_pedestrian,Unknown,Not_pedestrian,Helmet,Used,Not a holiday,0
1113,201600000681,2016,1,31,Daylight,Out_of_agglomeration,Out_of_intersection,Light_rain,Other_collision,Manual_entry,0.53182,49.77924,True,2016-01-31,8,45,08:45,Morning,True,Winter,2.0,0.0,74.0,Departmental_road,Bidirectional,Unknown,Flat,Straight,Wet,Unknown,On_verge,Unknown,A01,Other/Unknown,Car(Quad/Passenger),None,Front,Turning,0,1995.0,Male,Driver,Uninjured,Driver_seat,Leisure,Not_pedestrian,Unknown,Not_pedestrian,Seat_belt,Used,Not a holiday,0
1114,201600000682,2016,2,12,Night_without_public_lighting,Out_of_agglomeration,Out_of_intersection,Light_rain,Other_collision,Manual_entry,0.51465,49.73208,True,2016-02-12,7,30,07:30,Morning,False,Winter,2.0,0.0,0.0,Departmental_road,Bidirectional,Unknown,Hilltop,Straight,Wet,Unknown,On_road,Unknown,A01,Opposite_direction,Car(Quad/Passenger),Other vehicle,Front,Straight_ahead,0,1980.0,Male,Driver,Injured_Hospitalized,Driver_seat,Home-work,Not_pedestrian,Unknown,Not_pedestrian,Seat_belt,Used,Not a holiday,0
1115,201600000683,2016,3,23,Daylight,Out_of_agglomeration,Intersection_X,Normal,Side_two_vehicles,Manual_entry,0.51625,49.75725,True,2016-03-23,17,0,17:00,Evening,False,Spring,2.0,0.0,57.0,Departmental_road,Bidirectional,Unknown,Flat,Straight,Normal,Unknown,On_road,Unknown,B02,Other/Unknown,Car(Quad/Passenger),Cyclist,Front,Straight_ahead,0,1968.0,Male,Driver,Injured_Hospitalized,Driver_seat,Home-work,Not_pedestrian,Unknown,Not_pedestrian,Seat_belt,Used,Not a holiday,0
1116,201600000683,2016,3,23,Daylight,Out_of_agglomeration,Intersection_X,Normal,Side_two_vehicles,Manual_entry,0.51625,49.75725,True,2016-03-23,17,0,17:00,Evening,False,Spring,2.0,0.0,57.0,Departmental_road,Bidirectional,Unknown,Flat,Straight,Normal,Unknown,On_road,Unknown,A01,Opposite_direction,Utility(Truck/Agri),Cyclist,Front_left,Roundabout,0,1953.0,Female,Driver,Injured_Hospitalized,Driver_seat,other,Not_pedestrian,Unknown,Not_pedestrian,Seat_belt,Used,Not a holiday,0
1117,201600000684,2016,5,21,Daylight,Out_of_agglomeration,Intersection_X,Normal,Side_two_vehicles,Manual_entry,0.40732,49.6996,True,2016-05-21,13,45,13:45,Afternoon,True,Spring,2.0,0.0,55.0,Departmental_road,Bidirectional,Unknown,Flat,Straight,Normal,Unknown,On_road,Not_near_school,B02,Other/Unknown,Car(Quad/Passenger),Cyclist,Front,Straight_ahead,0,1983.0,Female,Driver,Uninjured,Driver_seat,Leisure,Not_pedestrian,Unknown,Not_pedestrian,Seat_belt,Used,Not a holiday,0
1118,201600000684,2016,5,21,Daylight,Out_of_agglomeration,Intersection_X,Normal,Side_two_vehicles,Manual_entry,0.40732,49.6996,True,2016-05-21,13,45,13:45,Afternoon,True,Spring,2.0,0.0,55.0,Departmental_road,Bidirectional,Unknown,Flat,Straight,Normal,Unknown,On_road,Not_near_school,A01,Same_direction,Car(Quad/Passenger),Cyclist,Rear,Straight_ahead,0,1951.0,Male,Driver,Uninjured,Driver_seat,Leisure,Not_pedestrian,Unknown,Not_pedestrian,Seat_belt,Used,Not a holiday,0
1119,201600000685,2016,9,24,Daylight,Out_of_agglomeration,Out_of_intersection,Normal,No_collision,Manual_entry,0.56512,49.78091,True,2016-09-24,11,15,11:15,Morning,True,Autumn,2.0,0.0,73.0,Departmental_road,Bidirectional,Unknown,Flat,Straight,Normal,Unknown,On_road,Unknown,A01,Opposite_direction,Motorcycle,None,Multiple impacts,Straight_ahead,0,1992.0,Male,Driver,Injured_Hospitalized,Driver_seat,Leisure,Not_pedestrian,Unknown,Not_pedestrian,Helmet,Used,Not a holiday,0
1120,201600000686,2016,9,20,Night_without_public_lighting,Out_of_agglomeration,Out_of_intersection,Normal,Frontal_two_vehicles,Manual_entry,0.60423,49.71466,True,2016-09-20,6,45,06:45,Morning,False,Autumn,2.0,0.0,0.0,Departmental_road,Bidirectional,Unknown,Unknown,Straight,Normal,Unknown,On_road,Unknown,B02,Other/Unknown,Bus/Coach,Cyclist,Right_side,Straight_ahead,0,1951.0,Male,Driver,Injured_Slight,Driver_seat,Professional use,Not_pedestrian,Unknown,Not_pedestrian,Seat_belt,Used,Not a holiday,0
1121,201600000686,2016,9,20,Night_without_public_lighting,Out_of_agglomeration,Out_of_intersection,Normal,Frontal_two_vehicles,Manual_entry,0.60423,49.71466,True,2016-09-20,6,45,06:45,Morning,False,Autumn,2.0,0.0,0.0,Departmental_road,Bidirectional,Unknown,Unknown,Straight,Normal,Unknown,On_road,Unknown,A01,Opposite_direction,Car(Quad/Passenger),Cyclist,Right_side,Avoiding_obstacle,0,1976.0,Male,Driver,Injured_Hospitalized,Driver_seat,Home-work,Not_pedestrian,Unknown,Not_pedestrian,Seat_belt,Used,Not a holiday,0
1122,201600000687,2016,5,2,Daylight,Built_up_area,Out_of_intersection,Normal,Rear_end_two_vehicles,Manual_entry,1.28885,49.08885,True,2016-05-02,7,45,07:45,Morning,False,Spring,2.0,0.0,55.0,Departmental_road,Bidirectional,Unknown,Flat,Unknown,Normal,Unknown,On_road,Not_near_school,B02,Other/Unknown,Personal mobility,None,Rear_right,other,2,1981.0,Male,Driver,Uninjured,Driver_seat,Professional use,Not_pedestrian,Unknown,Not_pedestrian,Seat_belt,Used,Not a holiday,0
1123,201600000687,2016,5,2,Daylight,Built_up_area,Out_of_intersection,Normal,Rear_end_two_vehicles,Manual_entry,1.28885,49.08885,True,2016-05-02,7,45,07:45,Morning,False,Spring,2.0,0.0,55.0,Departmental_road,Bidirectional,Unknown,Flat,Unknown,Normal,Unknown,On_road,Not_near_school,A01,Other/Unknown,Personal mobility,None,Front,Turning,10+,1983.0,Male,Driver,Injured_Slight,Driver_seat,Professional use,Not_pedestrian,Unknown,Not_pedestrian,Seat_belt,Used,Not a holiday,0
1124,201600000688,2016,11,18,Daylight,Out_of_agglomeration,Out_of_intersection,Normal,Other_collision,Manual_entry,1.17226,48.90115,True,2016-11-18,13,45,13:45,Afternoon,False,Autumn,2.0,21.0,105.0,National_road,One_way,Unknown,Flat,Curve_right,Normal,Unknown,On_road,Unknown,A01,Opposite_direction,other,None,Front_right,Interaction,0,1971.0,Male,Driver,Injured_Slight,Driver_seat,Professional use,Not_pedestrian,Unknown,Not_pedestrian,Seat_belt,Undetermined,Not a holiday,0
1125,201600000689,2016,1,13,Night_without_public_lighting,Built_up_area,Intersection_X,Light_rain,No_collision,Manual_entry,0.95125,48.95261,True,2016-01-13,7,30,07:30,Morning,False,Winter,2.0,0.0,0.0,Departmental_road,Bidirectional,Unknown,Flat,Curve_right,Wet,Roundabout,On_verge,Unknown,A01,Same_direction,Car(Quad/Passenger),None,Front,Roundabout,0,1955.0,Female,Driver,Injured_Slight,Driver_seat,Home-work,Not_pedestrian,Unknown,Not_pedestrian,Seat_belt,Used,Not a holiday,0
1126,201600000690,2016,1,13,Night_without_public_lighting,Built_up_area,Out_of_intersection,Normal,Frontal_two_vehicles,Manual_entry,1.10799,48.99949,True,2016-01-13,17,45,17:45,Evening,False,Winter,2.0,0.0,0.0,Departmental_road,Bidirectional,Unknown,Hill_bottom,S-bend,Normal,Unknown,On_road,Unknown,A01,Same_direction,Car(Quad/Passenger),Cyclist,Right_side,Straight_ahead,0,1934.0,Male,Driver,Injured_Hospitalized,Driver_seat,Shopping,Not_pedestrian,Unknown,Not_pedestrian,Seat_belt,Used,Not a holiday,0
1127,201600000690,2016,1,13,Night_without_public_lighting,Built_up_area,Out_of_intersection,Normal,Frontal_two_vehicles,Manual_entry,1.10799,48.99949,True,2016-01-13,17,45,17:45,Evening,False,Winter,2.0,0.0,0.0,Departmental_road,Bidirectional,Unknown,Hill_bottom,S-bend,Normal,Unknown,On_road,Unknown,B02,Same_direction,Car(Quad/Passenger),Cyclist,Right_side,None,0,1956.0,Male,Driver,Uninjured,Driver_seat,Home-work,Not_pedestrian,Unknown,Not_pedestrian,Seat_belt,Used,Not a holiday,0
1128,201600000691,2016,4,1,Daylight,Built_up_area,Out_of_intersection,Normal,Frontal_two_vehicles,Manual_entry,1.07753,48.99446,True,2016-04-01,15,0,15:00,Afternoon,False,Spring,0.0,43.0,0.0,Communal_way,Unknown,Unknown,Flat,Straight,Normal,Unknown,On_road,Unknown,B02,Same_direction,Motorcycle,Cyclist,Front_left,Straight_ahead,0,1937.0,Male,Driver,Injured_Hospitalized,Driver_seat,Leisure,Not_pedestrian,Unknown,Not_pedestrian,Helmet,Used,Not a holiday,0
1129,201600000691,2016,4,1,Daylight,Built_up_area,Out_of_intersection,Normal,Frontal_two_vehicles,Manual_entry,1.07753,48.99446,True,2016-04-01,15,0,15:00,Afternoon,False,Spring,0.0,43.0,0.0,Communal_way,Unknown,Unknown,Flat,Straight,Normal,Unknown,On_road,Unknown,A01,Same_direction,Personal mobility,Cyclist,Front_left,other,1,1957.0,Male,Driver,Uninjured,Driver_seat,Professional use,Not_pedestrian,Unknown,Not_pedestrian,Seat_belt,Used,Not a holiday,0
1130,201600000692,2016,6,11,Daylight,Built_up_area,Intersection_X,Normal,Rear_end_two_vehicles,Manual_entry,0.95262,48.97287,True,2016-06-11,18,30,18:30,Evening,True,Summer,,,,Communal_way,Unknown,Unknown,Unknown,Unknown,Unknown,Unknown,Unknown,Unknown,A01,Same_direction,Car(Quad/Passenger),Cyclist,Rear_left,Straight_ahead,0,1971.0,Female,Driver,Uninjured,Driver_seat,Leisure,Not_pedestrian,Unknown,Not_pedestrian,Seat_belt,Used,Not a holiday,0
1131,201600000692,2016,6,11,Daylight,Built_up_area,Intersection_X,Normal,Rear_end_two_vehicles,Manual_entry,0.95262,48.97287,True,2016-06-11,18,30,18:30,Evening,True,Summer,,,,Communal_way,Unknown,Unknown,Unknown,Unknown,Unknown,Unknown,Unknown,Unknown,B02,Same_direction,Motorcycle,Cyclist,No_impact,Interaction,0,1967.0,Male,Driver,Injured_Hospitalized,Driver_seat,Unknown,Not_pedestrian,Unknown,Not_pedestrian,Helmet,Used,Not a holiday,0
1132,201600000693,2016,6,13,Daylight,Out_of_agglomeration,Out_of_intersection,Normal,Frontal_two_vehicles,Manual_entry,0.92666,48.95986,True,2016-06-13,17,45,17:45,Evening,False,Summer,0.0,0.0,0.0,Departmental_road,Bidirectional,Unknown,Flat,Straight,Normal,Roundabout,On_road,Not_near_school,A01,Opposite_direction,Car(Quad/Passenger),Cyclist,Front,Straight_ahead,0,1964.0,Male,Driver,Injured_Slight,Driver_seat,Unknown,Not_pedestrian,Unknown,Not_pedestrian,Seat_belt,Used,Not a holiday,0
1133,201600000693,2016,6,13,Daylight,Out_of_agglomeration,Out_of_intersection,Normal,Frontal_two_vehicles,Manual_entry,0.92666,48.95986,True,2016-06-13,17,45,17:45,Evening,False,Summer,0.0,0.0,0.0,Departmental_road,Bidirectional,Unknown,Flat,Straight,Normal,Roundabout,On_road,Not_near_school,B02,Other/Unknown,Car(Quad/Passenger),Cyclist,Front_right,Roundabout,0,1991.0,Female,Driver,Injured_Slight,Driver_seat,Unknown,Not_pedestrian,Unknown,Not_pedestrian,Seat_belt,Used,Not a holiday,0
1134,201600000694,2016,7,15,Daylight,Out_of_agglomeration,Out_of_intersection,Normal,Other_collision,Manual_entry,0.90699,48.96412,True,2016-07-15,21,0,21:00,Night,False,Summer,2.0,0.0,60.0,Departmental_road,Bidirectional,Unknown,Unknown,Curve_left,Normal,Unknown,On_verge,Not_near_school,A01,Same_direction,Car(Quad/Passenger),None,Front_right,Straight_ahead,0,1961.0,Female,Driver,Injured_Hospitalized,Driver_seat,Leisure,Not_pedestrian,Unknown,Not_pedestrian,Seat_belt,Not_used,Not a holiday,0
1135,201600000695,2016,8,22,Daylight,Built_up_area,Out_of_intersection,Normal,Rear_end_two_vehicles,Manual_entry,1.094,49.00917,True,2016-08-22,12,45,12:45,Afternoon,False,Summer,2.0,0.0,56.0,Departmental_road,Unknown,Unknown,Unknown,Straight,Normal,Unknown,On_road,Not_near_school,B02,Same_direction,Car(Quad/Passenger),Cyclist,Front,Turning,0,1939.0,Female,Driver,Injured_Hospitalized,Driver_seat,Unknown,Not_pedestrian,Unknown,Not_pedestrian,Seat_belt,Used,Not a holiday,0
1136,201600000695,2016,8,22,Daylight,Built_up_area,Out_of_intersection,Normal,Rear_end_two_vehicles,Manual_entry,1.094,49.00917,True,2016-08-22,12,45,12:45,Afternoon,False,Summer,2.0,0.0,56.0,Departmental_road,Unknown,Unknown,Unknown,Straight,Normal,Unknown,On_road,Not_near_school,A01,Same_direction,Car(Quad/Passenger),Cyclist,Rear_right,Turning,0,1963.0,Female,Driver,Uninjured,Driver_seat,Unknown,Not_pedestrian,Unknown,Not_pedestrian,Seat_belt,Used,Not a holiday,0
1137,201600000696,2016,9,1,Daylight,Out_of_agglomeration,Out_of_intersection,Normal,No_collision,Manual_entry,1.02447,49.0558,True,2016-09-01,8,15,08:15,Morning,False,Autumn,0.0,0.0,0.0,Departmental_road,Unknown,Unknown,Unknown,Unknown,Unknown,Unknown,Unknown,Unknown,A01,Same_direction,Motorcycle,None,No_impact,None,0,1979.0,Male,Driver,Injured_Hospitalized,Driver_seat,Home-work,Not_pedestrian,Unknown,Not_pedestrian,Helmet,Used,Not a holiday,0
1138,201600000697,2016,9,10,Daylight,Out_of_agglomeration,Out_of_intersection,Normal,Frontal_two_vehicles,Manual_entry,1.05816,48.98797,True,2016-09-10,13,0,13:00,Afternoon,True,Autumn,2.0,0.0,55.0,Departmental_road,Bidirectional,Unknown,Unknown,Straight,Normal,Unknown,On_road,Not_near_school,B02,Opposite_direction,Car(Quad/Passenger),Cyclist,Front,Straight_ahead,0,1960.0,Male,Driver,Injured_Slight,Driver_seat,Leisure,Not_pedestrian,Unknown,Not_pedestrian,Seat_belt,Used,Not a holiday,0
1139,201600000697,2016,9,10,Daylight,Out_of_agglomeration,Out_of_intersection,Normal,Frontal_two_vehicles,Manual_entry,1.05816,48.98797,True,2016-09-10,13,0,13:00,Afternoon,True,Autumn,2.0,0.0,55.0,Departmental_road,Bidirectional,Unknown,Unknown,Straight,Normal,Unknown,On_road,Not_near_school,A01,Other/Unknown,Car(Quad/Passenger),Cyclist,Front,Avoiding_obstacle,0,1991.0,Male,Driver,Injured_Slight,Driver_seat,Home-work,Not_pedestrian,Unknown,Not_pedestrian,Seat_belt,Used,Not a holiday,0
1140,201600000698,2016,12,5,Twilight_or_dawn,Out_of_agglomeration,Out_of_intersection,Cloudy,Side_two_vehicles,Manual_entry,0.8582,48.96476,True,2016-12-05,12,30,12:30,Afternoon,False,Winter,0.0,0.0,60.0,Departmental_road,Bidirectional,Unknown,Hilltop,Straight,Normal,Unknown,On_road,Unknown,B02,Other/Unknown,Car(Quad/Passenger),Cyclist,Front_left,Straight_ahead,0,1956.0,Female,Driver,Injured_Hospitalized,Driver_seat,Home-work,Not_pedestrian,Unknown,Not_pedestrian,Seat_belt,Used,Not a holiday,0
1141,201600000698,2016,12,5,Twilight_or_dawn,Out_of_agglomeration,Out_of_intersection,Cloudy,Side_two_vehicles,Manual_entry,0.8582,48.96476,True,2016-12-05,12,30,12:30,Afternoon,False,Winter,0.0,0.0,60.0,Departmental_road,Bidirectional,Unknown,Hilltop,Straight,Normal,Unknown,On_road,Unknown,A01,Opposite_direction,Car(Quad/Passenger),Cyclist,Front,Straight_ahead,0,1983.0,Female,Driver,Injured_Hospitalized,Driver_seat,Home-work,Not_pedestrian,Unknown,Not_pedestrian,Seat_belt,Used,Not a holiday,0
1142,201600000699,2016,3,12,Daylight,Out_of_agglomeration,Out_of_intersection,Normal,Side_two_vehicles,Manual_entry,1.15602,48.99283,True,2016-03-12,16,15,16:15,Afternoon,True,Spring,2.0,0.0,11.0,Departmental_road,Bidirectional,Unknown,Unknown,Straight,Normal,Roundabout,On_road,Not_near_school,B02,Opposite_direction,Motorcycle,Cyclist,Front,Straight_ahead,0,1990.0,Male,Driver,Injured_Hospitalized,Driver_seat,Leisure,Not_pedestrian,Unknown,Not_pedestrian,Helmet,Used,Not a holiday,0
1143,201600000699,2016,3,12,Daylight,Out_of_agglomeration,Out_of_intersection,Normal,Side_two_vehicles,Manual_entry,1.15602,48.99283,True,2016-03-12,16,15,16:15,Afternoon,True,Spring,2.0,0.0,11.0,Departmental_road,Bidirectional,Unknown,Unknown,Straight,Normal,Roundabout,On_road,Not_near_school,A01,Opposite_direction,Car(Quad/Passenger),None,Right_side,Park/Start/Stop,0,1954.0,Male,Driver,Uninjured,Driver_seat,Leisure,Not_pedestrian,Unknown,Not_pedestrian,Seat_belt,Used,Not a holiday,0
1144,201600000700,2016,3,13,Daylight,Out_of_agglomeration,Out_of_intersection,Normal,No_collision,Manual_entry,1.15854,48.97703,True,2016-03-13,18,15,18:15,Evening,True,Spring,2.0,0.0,7.0,Departmental_road,Bidirectional,Unknown,Flat,Straight,Normal,Unknown,On_road,Not_near_school,A01,Opposite_direction,Car(Quad/Passenger),None,Front,Straight_ahead,0,1997.0,Male,Driver,Injured_Hospitalized,Driver_seat,Leisure,Not_pedestrian,Unknown,Not_pedestrian,Seat_belt,Not_used,Not a holiday,0
1145,201600000701,2016,4,10,Night_without_public_lighting,Out_of_agglomeration,Out_of_intersection,Normal,Other_collision,Manual_entry,1.37832,48.9069,True,2016-04-10,5,15,05:15,Morning,True,Spring,2.0,0.0,8.0,Departmental_road,Bidirectional,Unknown,Flat,Straight,Normal,Unknown,On_road,Not_near_school,A01,Other/Unknown,Car(Quad/Passenger),None,Left_side,Straight_ahead,0,1974.0,Male,Driver,Killed,Driver_seat,Leisure,Not_pedestrian,Unknown,Not_pedestrian,Seat_belt,Not_used,Not a holiday,0
1146,201600000702,2016,5,5,Night_with_public_lighting_on,Built_up_area,Out_of_intersection,Normal,Side_two_vehicles,Manual_entry,1.39307,48.89922,True,2016-05-05,21,45,21:45,Night,False,Spring,0.0,0.0,0.0,Communal_way,Bidirectional,Unknown,Flat,Unknown,Normal,Unknown,Unknown,Not_near_school,A01,Same_direction,Car(Quad/Passenger),Cyclist,Rear_left,Straight_ahead,0,1987.0,Female,Driver,Injured_Slight,Driver_seat,Leisure,Not_pedestrian,Unknown,Not_pedestrian,Seat_belt,Used,Ascension Thursday,1
1147,201600000702,2016,5,5,Night_with_public_lighting_on,Built_up_area,Out_of_intersection,Normal,Side_two_vehicles,Manual_entry,1.39307,48.89922,True,2016-05-05,21,45,21:45,Night,False,Spring,0.0,0.0,0.0,Communal_way,Bidirectional,Unknown,Flat,Unknown,Normal,Unknown,Unknown,Not_near_school,B02,Same_direction,Car(Quad/Passenger),Cyclist,Front,other,0,,,,,,,,,,,,Ascension Thursday,1
1148,201600000703,2016,6,26,Daylight,Out_of_agglomeration,Out_of_intersection,Normal,No_collision,Manual_entry,1.30543,48.91072,True,2016-06-26,15,30,15:30,Afternoon,True,Summer,2.0,0.0,8.0,Departmental_road,Bidirectional,Unknown,Flat,Straight,Normal,Unknown,On_road,Not_near_school,A01,Other/Unknown,Motorcycle,None,Front_left,Interaction,0,1984.0,Male,Driver,Uninjured,Driver_seat,Leisure,Not_pedestrian,Unknown,Not_pedestrian,Helmet,Used,Not a holiday,0
1149,201600000704,2016,7,13,Daylight,Out_of_agglomeration,Intersection_T,Normal,Side_two_vehicles,Manual_entry,1.18533,48.99177,True,2016-07-13,18,30,18:30,Evening,False,Summer,2.0,0.0,0.0,Communal_way,Bidirectional,Unknown,Flat,Straight,Normal,Unknown,On_road,Not_near_school,A01,Same_direction,Motorcycle,Cyclist,Front,Straight_ahead,0,1963.0,Male,Driver,Injured_Hospitalized,Driver_seat,Home-work,Not_pedestrian,Unknown,Not_pedestrian,Helmet,Used,Not a holiday,0
1150,201600000704,2016,7,13,Daylight,Out_of_agglomeration,Intersection_T,Normal,Side_two_vehicles,Manual_entry,1.18533,48.99177,True,2016-07-13,18,30,18:30,Evening,False,Summer,2.0,0.0,0.0,Communal_way,Bidirectional,Unknown,Flat,Straight,Normal,Unknown,On_road,Not_near_school,B02,Other/Unknown,Motorcycle,None,Right_side,Roundabout,0,1984.0,Male,Driver,Injured_Slight,Driver_seat,Shopping,Not_pedestrian,Unknown,Not_pedestrian,Seat_belt,Undetermined,Not a holiday,0
1151,201600000705,2016,7,15,Daylight,Out_of_agglomeration,Out_of_intersection,Normal,Side_two_vehicles,Manual_entry,1.16505,48.93516,True,2016-07-15,14,30,14:30,Afternoon,False,Summer,2.0,6.0,0.0,Departmental_road,Bidirectional,Unknown,Flat,Straight,Normal,Unknown,On_road,Not_near_school,B02,Opposite_direction,Car(Quad/Passenger),Cyclist,Right_side,Straight_ahead,0,1948.0,Male,Driver,Injured_Hospitalized,Driver_seat,Unknown,Not_pedestrian,Unknown,Not_pedestrian,Seat_belt,Used,Not a holiday,0
1152,201600000705,2016,7,15,Daylight,Out_of_agglomeration,Out_of_intersection,Normal,Side_two_vehicles,Manual_entry,1.16505,48.93516,True,2016-07-15,14,30,14:30,Afternoon,False,Summer,2.0,6.0,0.0,Departmental_road,Bidirectional,Unknown,Flat,Straight,Normal,Unknown,On_road,Not_near_school,A01,Same_direction,Car(Quad/Passenger),Cyclist,Right_side,other,0,1993.0,Male,Driver,Injured_Hospitalized,Driver_seat,Unknown,Not_pedestrian,Unknown,Not_pedestrian,Seat_belt,Used,Not a holiday,0
1153,201600000706,2016,10,4,Daylight,Out_of_agglomeration,Out_of_intersection,Normal,Side_two_vehicles,Manual_entry,1.4042,48.91801,True,2016-10-04,9,0,09:00,Morning,False,Autumn,2.0,0.0,465.0,Departmental_road,Bidirectional,Unknown,Flat,Straight,Normal,Unknown,On_road,Not_near_school,A01,Opposite_direction,Car(Quad/Passenger),Cyclist,Right_side,Straight_ahead,0,1986.0,Female,Driver,Injured_Slight,Driver_seat,Unknown,Not_pedestrian,Unknown,Not_pedestrian,Seat_belt,Used,Not a holiday,0
1154,201600000706,2016,10,4,Daylight,Out_of_agglomeration,Out_of_intersection,Normal,Side_two_vehicles,Manual_entry,1.4042,48.91801,True,2016-10-04,9,0,09:00,Morning,False,Autumn,2.0,0.0,465.0,Departmental_road,Bidirectional,Unknown,Flat,Straight,Normal,Unknown,On_road,Not_near_school,B02,Same_direction,Car(Quad/Passenger),Cyclist,Front_right,Straight_ahead,0,1977.0,Male,Driver,Injured_Slight,Driver_seat,Unknown,Not_pedestrian,Unknown,Not_pedestrian,Seat_belt,Used,Not a holiday,0
1155,201600000707,2016,10,8,Night_with_public_lighting_on,Built_up_area,Intersection_Y,Normal,Other_collision,Manual_entry,1.40325,48.8906,True,2016-10-08,4,30,04:30,Night,True,Autumn,2.0,0.0,0.0,Departmental_road,Bidirectional,Unknown,Flat,Straight,Normal,Roundabout,On_road,Not_near_school,A01,Same_direction,Car(Quad/Passenger),None,Front,Straight_ahead,0,1987.0,Male,Driver,Injured_Hospitalized,Driver_seat,Leisure,Not_pedestrian,Unknown,Not_pedestrian,Seat_belt,Used,Not a holiday,0
1156,201600000708,2016,9,27,Daylight,Built_up_area,Out_of_intersection,Normal,Other_collision,Manual_entry,1.40638,48.89721,True,2016-09-27,8,30,08:30,Morning,False,Autumn,2.0,0.0,0.0,Departmental_road,Bidirectional,Unknown,Flat,Straight,Normal,Unknown,On_road,Not_near_school,A01,Other/Unknown,Car(Quad/Passenger),Pedestrian,Front,Straight_ahead,0,1992.0,Female,Driver,Uninjured,Driver_seat,Professional use,Not_pedestrian,Unknown,Not_pedestrian,Seat_belt,Used,Not a holiday,0
1157,201600000709,2016,10,13,Night_without_public_lighting,Out_of_agglomeration,Out_of_intersection,Normal,Other_collision,Manual_entry,1.37901,48.90677,True,2016-10-13,5,15,05:15,Morning,False,Autumn,0.0,0.0,7.0,Departmental_road,Bidirectional,Unknown,Flat,Straight,Normal,Unknown,On_verge,Not_near_school,A01,Other/Unknown,Car(Quad/Passenger),None,Right_side,Straight_ahead,0,1971.0,Male,Driver,Injured_Hospitalized,Driver_seat,Professional use,Not_pedestrian,Unknown,Not_pedestrian,Seat_belt,Used,Not a holiday,0
1158,201600000710,2016,12,22,Night_without_public_lighting,Out_of_agglomeration,Out_of_intersection,Fog_or_smoke,Other_collision,Manual_entry,1.2569,48.87239,True,2016-12-22,22,45,22:45,Night,False,Winter,2.0,0.0,6.0,Departmental_road,Bidirectional,Unknown,Flat,Curve_left,Wet,Unknown,On_verge,Not_near_school,A01,Other/Unknown,Car(Quad/Passenger),None,Rear,Straight_ahead,0,1998.0,Male,Driver,Injured_Slight,Driver_seat,Leisure,Not_pedestrian,Unknown,Not_pedestrian,Seat_belt,Used,Not a holiday,0
1159,201600000711,2016,7,18,Daylight,Out_of_agglomeration,Intersection_X,Normal,Side_two_vehicles,Manual_entry,0.98403,48.82818,True,2016-07-18,17,45,17:45,Evening,False,Summer,2.0,0.0,55.0,Departmental_road,Bidirectional,Unknown,Flat,Straight,Normal,Unknown,On_road,Not_near_school,A01,Other/Unknown,Car(Quad/Passenger),None,Front,Straight_ahead,0,1963.0,Female,Driver,Injured_Hospitalized,Driver_seat,Leisure,Not_pedestrian,Unknown,Not_pedestrian,Seat_belt,Used,Not a holiday,0
1160,201600000711,2016,7,18,Daylight,Out_of_agglomeration,Intersection_X,Normal,Side_two_vehicles,Manual_entry,0.98403,48.82818,True,2016-07-18,17,45,17:45,Evening,False,Summer,2.0,0.0,55.0,Departmental_road,Bidirectional,Unknown,Flat,Straight,Normal,Unknown,On_road,Not_near_school,B02,Same_direction,Car(Quad/Passenger),None,Front_left,Loss_of_control,0,1969.0,Female,Driver,Injured_Hospitalized,Driver_seat,Leisure,Not_pedestrian,Unknown,Not_pedestrian,Seat_belt,Used,Not a holiday,0
1161,201600000712,2016,8,12,Daylight,Out_of_agglomeration,Intersection_X,Normal,Side_two_vehicles,Manual_entry,1.10551,48.77464,True,2016-08-12,7,15,07:15,Morning,False,Summer,4.0,0.0,105.0,National_road,Separated_carriageways,Unknown,Flat,Straight,Normal,Roundabout,On_road,Not_near_school,B02,Other/Unknown,Utility(Truck/Agri),Cyclist,Front,Straight_ahead,0,1956.0,Male,Driver,Uninjured,Driver_seat,Unknown,Not_pedestrian,Unknown,Not_pedestrian,Seat_belt,Used,Not a holiday,0