,accident_id,year,month,day,lighting_label,urban_label,intersection_label,weather_label,collision_label,gps_label,longitude_num,latitude_num,valid_geo,date,hour,minute,time_hhmm,time_of_day,is_weekend,season,num_lanes,pedestrian_crossing_width,road_width,road_category_label,traffic_regime_label,reserved_lane_label,road_profile_label,road_layout_label,surface_condition_label,infrastructure_label,situation_label,school_zone_label,vehicle_id,traffic_direction_label,vehicle_category_label,mobile_obstacle_label,impact_point_label,manoeuvre_label,occupants_group,birth_year,sex_label,user_category_label,injury_severity_label,seat_position_label,journey_purpose_label,pedestrian_location_label,pedestrian_action_label,pedestrian_state_label,safety_equipment_type,safety_equipment_usage,holiday_name,is_holiday
1162,201600000712,2016,8,12,Daylight,Out_of_agglomeration,Intersection_X,Normal,Side_two_vehicles,Manual_entry,1.10551,48.77464,True,2016-08-12,7,15,07:15,Morning,False,Summer,4.0,0.0,105.0,National_road,Separated_carriageways,Unknown,Flat,Straight,Normal,Roundabout,On_road,Not_near_school,A01,Opposite_direction,Car(Quad/Passenger),Cyclist,Right_side,Roundabout,0,1976.0,Male,Driver,Injured_Hospitalized,Driver_seat,other,Not_pedestrian,Unknown,Not_pedestrian,Seat_belt,Used,Not a holiday,0
1163,201600000713,2016,8,30,Daylight,Out_of_agglomeration,Out_of_intersection,Normal,Side_two_vehicles,Manual_entry,1.12946,48.81734,True,2016-08-30,17,45,17:45,Evening,False,Summer,2.0,0.0,55.0,Departmental_road,Bidirectional,Unknown,Flat,Straight,Normal,Unknown,On_road,Unknown,B02,Other/Unknown,Motorcycle,Cyclist,Front,other,0,2001.0,Male,Driver,Injured_Hospitalized,Driver_seat,Shopping,Not_pedestrian,Unknown,Not_pedestrian,Helmet,Used,Not a holiday,0
1164,201600000713,2016,8,30,Daylight,Out_of_agglomeration,Out_of_intersection,Normal,Side_two_vehicles,Manual_entry,1.12946,48.81734,True,2016-08-30,17,45,17:45,Evening,False,Summer,2.0,0.0,55.0,Departmental_road,Bidirectional,Unknown,Flat,Straight,Normal,Unknown,On_road,Unknown,A01,Other/Unknown,Motorcycle,None,Right_side,Roundabout,0,1996.0,Male,Driver,Uninjured,Driver_seat,Professional use,Not_pedestrian,Unknown,Not_pedestrian,Seat_belt,Used,Not a holiday,0
1165,201600000714,2016,9,13,Daylight,Out_of_agglomeration,Out_of_intersection,Dazzling,Frontal_two_vehicles,Manual_entry,1.01848,48.8299,True,2016-09-13,18,0,18:00,Evening,False,Autumn,2.0,0.0,67.0,Departmental_road,Bidirectional,Unknown,Flat,Curve_right,Normal,Unknown,On_road,Unknown,A01,Opposite_direction,Utility(Truck/Agri),Cyclist,Right_side,other,0,1989.0,Male,Driver,Uninjured,Driver_seat,Professional use,Not_pedestrian,Unknown,Not_pedestrian,Seat_belt,Used,Not a holiday,0
1166,201600000714,2016,9,13,Daylight,Out_of_agglomeration,Out_of_intersection,Dazzling,Frontal_two_vehicles,Manual_entry,1.01848,48.8299,True,2016-09-13,18,0,18:00,Evening,False,Autumn,2.0,0.0,67.0,Departmental_road,Bidirectional,Unknown,Flat,Curve_right,Normal,Unknown,On_road,Unknown,B02,Other/Unknown,Cycle,Cyclist,Front,Straight_ahead,0,1963.0,Male,Driver,Killed,Driver_seat,Leisure,Not_pedestrian,Unknown,Not_pedestrian,Helmet,Used,Not a holiday,0
1167,201600000715,2016,12,2,Daylight,Out_of_agglomeration,Out_of_intersection,Normal,Other_collision,Manual_entry,1.35294,48.78313,True,2016-12-02,9,0,09:00,Morning,False,Winter,2.0,0.0,51.0,Departmental_road,Bidirectional,Unknown,Flat,Straight,Other,Unknown,On_verge,Unknown,A01,Same_direction,Car(Quad/Passenger),None,Front_left,Straight_ahead,0,1959.0,Female,Driver,Killed,Driver_seat,Home-work,Not_pedestrian,Unknown,Not_pedestrian,Seat_belt,Not_used,Not a holiday,0
1168,201600000716,2016,4,24,Daylight,Out_of_agglomeration,Intersection_X,Normal,Side_two_vehicles,Manual_entry,1.31348,49.01195,True,2016-04-24,7,30,07:30,Morning,True,Spring,2.0,0.0,0.0,National_road,Bidirectional,Unknown,Unknown,Straight,Normal,Roundabout,On_road,Not_near_school,B02,Same_direction,Car(Quad/Passenger),Cyclist,Front,None,0,1993.0,Male,Driver,Injured_Slight,Driver_seat,Home-work,Not_pedestrian,Unknown,Not_pedestrian,Seat_belt,Used,Not a holiday,0
1169,201600000716,2016,4,24,Daylight,Out_of_agglomeration,Intersection_X,Normal,Side_two_vehicles,Manual_entry,1.31348,49.01195,True,2016-04-24,7,30,07:30,Morning,True,Spring,2.0,0.0,0.0,National_road,Bidirectional,Unknown,Unknown,Straight,Normal,Roundabout,On_road,Not_near_school,A01,Same_direction,Car(Quad/Passenger),Cyclist,Front_right,None,0,1996.0,Male,Driver,Injured_Hospitalized,Driver_seat,Leisure,Not_pedestrian,Unknown,Not_pedestrian,Seat_belt,Used,Not a holiday,0
1170,201600000717,2016,5,30,Daylight,Out_of_agglomeration,Intersection_T,Normal,Side_two_vehicles,Manual_entry,1.4153,49.00919,True,2016-05-30,16,15,16:15,Afternoon,False,Spring,2.0,0.0,0.0,National_road,Bidirectional,Unknown,Flat,Straight,Wet,Roundabout,On_road,Not_near_school,A01,Other/Unknown,Car(Quad/Passenger),Cyclist,Rear_left,Loss_of_control,0,1973.0,Male,Driver,Uninjured,Driver_seat,other,Not_pedestrian,Unknown,Not_pedestrian,Seat_belt,Used,Not a holiday,0
1171,201600000717,2016,5,30,Daylight,Out_of_agglomeration,Intersection_T,Normal,Side_two_vehicles,Manual_entry,1.4153,49.00919,True,2016-05-30,16,15,16:15,Afternoon,False,Spring,2.0,0.0,0.0,National_road,Bidirectional,Unknown,Flat,Straight,Wet,Roundabout,On_road,Not_near_school,B01,Other/Unknown,Car(Quad/Passenger),Cyclist,Front,Straight_ahead,0,1995.0,Female,Driver,Injured_Slight,Driver_seat,Home-work,Not_pedestrian,Unknown,Not_pedestrian,Seat_belt,Used,Not a holiday,0
1172,201600000718,2016,6,14,Daylight,Out_of_agglomeration,Out_of_intersection,Light_rain,Frontal_two_vehicles,Manual_entry,1.30131,49.01232,True,2016-06-14,14,45,14:45,Afternoon,False,Summer,3.0,0.0,0.0,National_road,Bidirectional,Unknown,Unknown,Straight,Normal,Unknown,On_road,Not_near_school,B02,Other/Unknown,Car(Quad/Passenger),Cyclist,Front,None,0,1985.0,Male,Driver,Injured_Hospitalized,Driver_seat,Home-work,Not_pedestrian,Unknown,Not_pedestrian,Seat_belt,Used,Not a holiday,0
1173,201600000718,2016,6,14,Daylight,Out_of_agglomeration,Out_of_intersection,Light_rain,Frontal_two_vehicles,Manual_entry,1.30131,49.01232,True,2016-06-14,14,45,14:45,Afternoon,False,Summer,3.0,0.0,0.0,National_road,Bidirectional,Unknown,Unknown,Straight,Normal,Unknown,On_road,Not_near_school,A01,Opposite_direction,Car(Quad/Passenger),Cyclist,Front,Avoiding_obstacle,0,1968.0,Male,Driver,Uninjured,Driver_seat,Home-work,Not_pedestrian,Unknown,Not_pedestrian,Seat_belt,Used,Not a holiday,0
1174,201600000719,2016,6,30,Daylight,Out_of_agglomeration,Out_of_intersection,Normal,Frontal_two_vehicles,Manual_entry,1.45556,48.93578,True,2016-06-30,18,30,18:30,Evening,False,Summer,2.0,0.0,0.0,Departmental_road,Bidirectional,Unknown,Unknown,Straight,Normal,Unknown,On_road,Not_near_school,A01,Other/Unknown,Car(Quad/Passenger),Cyclist,Front,other,0,1996.0,Female,Driver,Injured_Slight,Driver_seat,Home-work,Not_pedestrian,Unknown,Not_pedestrian,Seat_belt,Used,Not a holiday,0
1175,201600000719,2016,6,30,Daylight,Out_of_agglomeration,Out_of_intersection,Normal,Frontal_two_vehicles,Manual_entry,1.45556,48.93578,True,2016-06-30,18,30,18:30,Evening,False,Summer,2.0,0.0,0.0,Departmental_road,Bidirectional,Unknown,Unknown,Straight,Normal,Unknown,On_road,Not_near_school,B02,Opposite_direction,Car(Quad/Passenger),Cyclist,Front,Straight_ahead,0,1991.0,Male,Driver,Injured_Slight,Driver_seat,Home-work,Not_pedestrian,Unknown,Not_pedestrian,Seat_belt,Used,Not a holiday,0
1176,201600000720,2016,7,13,Daylight,Out_of_agglomeration,Out_of_intersection,Normal,Frontal_two_vehicles,Manual_entry,1.31082,49.0005,True,2016-07-13,8,0,08:00,Morning,False,Summer,0.0,0.0,0.0,Departmental_road,Bidirectional,Unknown,Unknown,Curve_left,Normal,Unknown,On_road,Not_near_school,B02,Opposite_direction,Car(Quad/Passenger),Cyclist,Right_side,Straight_ahead,0,1987.0,Male,Driver,Uninjured,Driver_seat,Home-work,Not_pedestrian,Unknown,Not_pedestrian,Seat_belt,Used,Not a holiday,0
1177,201600000720,2016,7,13,Daylight,Out_of_agglomeration,Out_of_intersection,Normal,Frontal_two_vehicles,Manual_entry,1.31082,49.0005,True,2016-07-13,8,0,08:00,Morning,False,Summer,0.0,0.0,0.0,Departmental_road,Bidirectional,Unknown,Unknown,Curve_left,Normal,Unknown,On_road,Not_near_school,A01,Other/Unknown,Cycle,Cyclist,Front,Reversing,0,1998.0,Male,Driver,Injured_Hospitalized,Driver_seat,Home-work,Not_pedestrian,Unknown,Not_pedestrian,Helmet,Used,Not a holiday,0
1178,201600000721,2016,8,9,Twilight_or_dawn,Out_of_agglomeration,Intersection_X,Normal,Side_two_vehicles,Manual_entry,1.27074,49.01323,True,2016-08-09,21,30,21:30,Night,False,Summer,3.0,0.0,15.0,National_road,Bidirectional,Unknown,Flat,Straight,Normal,Unknown,On_road,Not_near_school,B02,Opposite_direction,Car(Quad/Passenger),Cyclist,Front,Straight_ahead,0,1997.0,Male,Driver,Uninjured,Driver_seat,other,Not_pedestrian,Unknown,Not_pedestrian,Seat_belt,Used,Not a holiday,0
1179,201600000721,2016,8,9,Twilight_or_dawn,Out_of_agglomeration,Intersection_X,Normal,Side_two_vehicles,Manual_entry,1.27074,49.01323,True,2016-08-09,21,30,21:30,Night,False,Summer,3.0,0.0,15.0,National_road,Bidirectional,Unknown,Flat,Straight,Normal,Unknown,On_road,Not_near_school,A01,Opposite_direction,Car(Quad/Passenger),None,Left_side,Loss_of_control,0,1996.0,Male,Driver,Injured_Slight,Driver_seat,Leisure,Not_pedestrian,Unknown,Not_pedestrian,Seat_belt,Used,Not a holiday,0
1180,201600000722,2016,10,21,Daylight,Built_up_area,Out_of_intersection,Light_rain,Frontal_two_vehicles,Manual_entry,1.36719,49.03043,True,2016-10-21,17,30,17:30,Evening,False,Autumn,0.0,0.0,0.0,Communal_way,Bidirectional,Unknown,Unknown,Straight,Normal,Unknown,On_road,Not_near_school,A01,Same_direction,Motorcycle,Cyclist,Front,Loss_of_control,0,2000.0,Male,Driver,Injured_Slight,Driver_seat,other,Not_pedestrian,Unknown,Not_pedestrian,Helmet,Used,Not a holiday,0
1181,201600000722,2016,10,21,Daylight,Built_up_area,Out_of_intersection,Light_rain,Frontal_two_vehicles,Manual_entry,1.36719,49.03043,True,2016-10-21,17,30,17:30,Evening,False,Autumn,0.0,0.0,0.0,Communal_way,Bidirectional,Unknown,Unknown,Straight,Normal,Unknown,On_road,Not_near_school,B02,Same_direction,Car(Quad/Passenger),Cyclist,Right_side,Straight_ahead,0,1973.0,Male,Driver,Uninjured,Driver_seat,Home-work,Not_pedestrian,Unknown,Not_pedestrian,other,Used,Not a holiday,0
1182,201600000723,2016,11,6,Daylight,Built_up_area,Out_of_intersection,Normal,Other_collision,Manual_entry,1.33495,48.96527,True,2016-11-06,14,45,14:45,Afternoon,True,Autumn,0.0,0.0,0.0,Communal_way,Bidirectional,Unknown,Unknown,Straight,Normal,Unknown,On_road,Not_near_school,A01,Opposite_direction,Car(Quad/Passenger),Pedestrian,Front,Straight_ahead,0,1971.0,Male,Driver,Uninjured,Driver_seat,Home-work,Not_pedestrian,Unknown,Not_pedestrian,Seat_belt,Used,Not a holiday,0
1183,201600000724,2016,12,21,Daylight,Built_up_area,Level_crossing,Normal,Side_two_vehicles,Manual_entry,1.41752,48.95992,True,2016-12-21,16,0,16:00,Afternoon,False,Winter,2.0,0.0,0.0,Departmental_road,Bidirectional,Unknown,Unknown,Straight,Normal,Railway,On_road,Not_near_school,B02,Opposite_direction,Personal mobility,Cyclist,Front,Straight_ahead,1,1976.0,Male,Driver,Uninjured,Driver_seat,Professional use,Not_pedestrian,Unknown,Not_pedestrian,other,Undetermined,Not a holiday,0
1184,201600000724,2016,12,21,Daylight,Built_up_area,Level_crossing,Normal,Side_two_vehicles,Manual_entry,1.41752,48.95992,True,2016-12-21,16,0,16:00,Afternoon,False,Winter,2.0,0.0,0.0,Departmental_road,Bidirectional,Unknown,Unknown,Straight,Normal,Railway,On_road,Not_near_school,A01,Opposite_direction,Cycle,Animal (moving),No_impact,None,0,1956.0,Male,Driver,Killed,Driver_seat,Leisure,Not_pedestrian,Unknown,Not_pedestrian,Helmet,Used,Not a holiday,0
1185,201600000725,2016,12,23,Night_with_public_lighting_on,Built_up_area,Intersection_X,Normal,Side_two_vehicles,Manual_entry,1.39238,49.01996,True,2016-12-23,18,0,18:00,Evening,False,Winter,,,,Communal_way,Unknown,Unknown,Unknown,Unknown,Unknown,Unknown,Unknown,Unknown,A01,Same_direction,Car(Quad/Passenger),Cyclist,Front_right,Loss_of_control,0,1999.0,Male,Driver,Injured_Slight,Driver_seat,Leisure,Not_pedestrian,Unknown,Not_pedestrian,Seat_belt,Used,Not a holiday,0
1186,201600000725,2016,12,23,Night_with_public_lighting_on,Built_up_area,Intersection_X,Normal,Side_two_vehicles,Manual_entry,1.39238,49.01996,True,2016-12-23,18,0,18:00,Evening,False,Winter,,,,Communal_way,Unknown,Unknown,Unknown,Unknown,Unknown,Unknown,Unknown,Unknown,B02,Same_direction,Car(Quad/Passenger),Cyclist,Right_side,Straight_ahead,0,1958.0,Male,Driver,Injured_Slight,Driver_seat,Leisure,Not_pedestrian,Unknown,Not_pedestrian,Seat_belt,Used,Not a holiday,0
1187,201600000726,2016,6,3,Night_with_public_lighting_on,Out_of_agglomeration,Out_of_intersection,Normal,Side_two_vehicles,Manual_entry,1.156,48.99284,True,2016-06-03,23,0,23:00,Night,False,Summer,2.0,0.0,11.0,Departmental_road,Bidirectional,Unknown,Flat,Straight,Normal,Roundabout,On_road,Not_near_school,B02,Other/Unknown,Car(Quad/Passenger),Cyclist,Right_side,Park/Start/Stop,0,1989.0,Male,Driver,Uninjured,Driver_seat,Leisure,Not_pedestrian,Unknown,Not_pedestrian,Seat_belt,Used,Not a holiday,0
1188,201600000726,2016,6,3,Night_with_public_lighting_on,Out_of_agglomeration,Out_of_intersection,Normal,Side_two_vehicles,Manual_entry,1.156,48.99284,True,2016-06-03,23,0,23:00,Night,False,Summer,2.0,0.0,11.0,Departmental_road,Bidirectional,Unknown,Flat,Straight,Normal,Roundabout,On_road,Not_near_school,A01,Other/Unknown,Utility(Truck/Agri),Cyclist,Front_right,other,0,1985.0,Male,Driver,Injured_Slight,Driver_seat,Professional use,Not_pedestrian,Unknown,Not_pedestrian,Seat_belt,Used,Not a holiday,0
1189,201600000727,2016,6,20,Twilight_or_dawn,Out_of_agglomeration,Out_of_intersection,Light_rain,Other_collision,Manual_entry,1.30543,48.91072,True,2016-06-20,7,15,07:15,Morning,False,Summer,2.0,0.0,7.0,Departmental_road,Bidirectional,Unknown,Unknown,Straight,Wet,Unknown,On_road,Not_near_school,A01,Opposite_direction,Car(Quad/Passenger),None,Front,Straight_ahead,0,1997.0,Male,Driver,Injured_Hospitalized,Driver_seat,Home-school,Not_pedestrian,Unknown,Not_pedestrian,Seat_belt,Used,Not a holiday,0
1190,201600000728,2016,4,9,Daylight,Out_of_agglomeration,Intersection_T,Light_rain,No_collision,Manual_entry,0.67328,48.87848,True,2016-04-09,15,15,15:15,Afternoon,True,Spring,2.0,0.0,6.0,Departmental_road,Bidirectional,Unknown,Flat,Straight,Wet,Unknown,On_verge,Not_near_school,A01,Opposite_direction,Car(Quad/Passenger),None,Front_left,Straight_ahead,0,1952.0,Female,Driver,Killed,Driver_seat,Leisure,Not_pedestrian,Unknown,Not_pedestrian,Seat_belt,Used,Not a holiday,0
1191,201600000729,2016,6,24,Daylight,Out_of_agglomeration,Intersection_T,Normal,Side_two_vehicles,Manual_entry,0.94283,48.81513,True,2016-06-24,9,15,09:15,Morning,False,Summer,,,,Communal_way,Unknown,Unknown,Unknown,Unknown,Unknown,Unknown,Unknown,Unknown,A01,Same_direction,Car(Quad/Passenger),Cyclist,Front_right,Straight_ahead,0,1968.0,Male,Driver,Uninjured,Driver_seat,Home-work,Not_pedestrian,Unknown,Not_pedestrian,Seat_belt,Used,Not a holiday,0
1192,201600000729,2016,6,24,Daylight,Out_of_agglomeration,Intersection_T,Normal,Side_two_vehicles,Manual_entry,0.94283,48.81513,True,2016-06-24,9,15,09:15,Morning,False,Summer,,,,Communal_way,Unknown,Unknown,Unknown,Unknown,Unknown,Unknown,Unknown,Unknown,B02,Same_direction,Car(Quad/Passenger),Cyclist,Front_left,Straight_ahead,0,1984.0,Female,Driver,Uninjured,Driver_seat,Home-school,Not_pedestrian,Unknown,Not_pedestrian,Seat_belt,Used,Not a holiday,0
1193,201600000730,2016,7,8,Daylight,Out_of_agglomeration,Intersection_X,Normal,Side_two_vehicles,Manual_entry,0.913,48.7626,True,2016-07-08,8,45,08:45,Morning,False,Summer,2.0,0.0,400.0,Communal_way,Bidirectional,Unknown,Flat,Straight,Normal,Unknown,On_road,Not_near_school,B02,Same_direction,Car(Quad/Passenger),None,Front_left,Straight_ahead,0,1960.0,Female,Driver,Injured_Hospitalized,Driver_seat,Home-work,Not_pedestrian,Unknown,Not_pedestrian,Seat_belt,Used,Not a holiday,0
1194,201600000730,2016,7,8,Daylight,Out_of_agglomeration,Intersection_X,Normal,Side_two_vehicles,Manual_entry,0.913,48.7626,True,2016-07-08,8,45,08:45,Morning,False,Summer,2.0,0.0,400.0,Communal_way,Bidirectional,Unknown,Flat,Straight,Normal,Unknown,On_road,Not_near_school,A01,Same_direction,Car(Quad/Passenger),Cyclist,Front,Straight_ahead,0,1985.0,Female,Driver,Uninjured,Driver_seat,other,Not_pedestrian,Unknown,Not_pedestrian,Seat_belt,Used,Not a holiday,0
1195,201600000731,2016,8,30,Daylight,Out_of_agglomeration,Out_of_intersection,Normal,No_collision,Manual_entry,0.85153,48.89912,True,2016-08-30,15,0,15:00,Afternoon,False,Summer,0.0,0.0,6.0,Departmental_road,Bidirectional,Unknown,Flat,Straight,Normal,Unknown,On_road,Not_near_school,A01,Same_direction,Car(Quad/Passenger),None,Front,Straight_ahead,0,1940.0,Female,Driver,Injured_Hospitalized,Driver_seat,other,Not_pedestrian,Unknown,Not_pedestrian,Seat_belt,Used,Not a holiday,0
1196,201600000732,2016,12,2,Twilight_or_dawn,Out_of_agglomeration,Out_of_intersection,Fog_or_smoke,No_collision,Manual_entry,0.85037,48.88609,True,2016-12-02,7,15,07:15,Morning,False,Winter,2.0,0.0,4.0,Departmental_road,Bidirectional,Unknown,Slope,Curve_left,Icy,Unknown,On_verge,Not_near_school,A01,Other/Unknown,Car(Quad/Passenger),None,Right_side,Straight_ahead,0,1996.0,Female,Driver,Injured_Hospitalized,Driver_seat,Home-school,Not_pedestrian,Unknown,Not_pedestrian,Seat_belt,Used,Not a holiday,0
1197,201600000733,2016,12,17,Daylight,Out_of_agglomeration,Out_of_intersection,Normal,Other_collision,Manual_entry,0.85295,48.89555,True,2016-12-17,16,15,16:15,Afternoon,True,Winter,0.0,0.0,0.0,Communal_way,Bidirectional,Unknown,Flat,Straight,Normal,Unknown,On_road,Not_near_school,A01,Same_direction,Car(Quad/Passenger),Pedestrian,Left_side,Straight_ahead,0,1952.0,Male,Driver,Uninjured,Driver_seat,other,Not_pedestrian,Unknown,Not_pedestrian,Seat_belt,Used,Not a holiday,0
1198,201600000734,2016,12,25,Night_with_public_lighting_on,Built_up_area,Intersection_Y,Light_rain,Side_two_vehicles,Manual_entry,,,False,2016-12-25,18,0,18:00,Evening,True,Winter,2.0,0.0,7.0,Departmental_road,Bidirectional,Unknown,Flat,Curve_right,Wet,Unknown,On_road,Not_near_school,A01,Opposite_direction,Car(Quad/Passenger),Cyclist,Front_right,Loss_of_control,0,1989.0,Male,Driver,Uninjured,Driver_seat,Leisure,Not_pedestrian,Unknown,Not_pedestrian,Seat_belt,Used,Christmas Day,1
1199,201600000734,2016,12,25,Night_with_public_lighting_on,Built_up_area,Intersection_Y,Light_rain,Side_two_vehicles,Manual_entry,,,False,2016-12-25,18,0,18:00,Evening,True,Winter,2.0,0.0,7.0,Departmental_road,Bidirectional,Unknown,Flat,Curve_right,Wet,Unknown,On_road,Not_near_school,B02,Other/Unknown,Car(Quad/Passenger),Cyclist,Right_side,Straight_ahead,0,1989.0,Male,Driver,Injured_Slight,Driver_seat,Leisure,Not_pedestrian,Unknown,Not_pedestrian,Seat_belt,Used,Christmas Day,1
1200,201600000735,2016,1,7,Night_without_public_lighting,Out_of_agglomeration,Out_of_intersection,Cloudy,Side_two_vehicles,Manual_entry,1.39104,49.17522,True,2016-01-07,19,0,19:00,Evening,False,Winter,0.0,0.0,0.0,Departmental_road,Bidirectional,Unknown,Unknown,Straight,Unknown,Unknown,On_road,Not_near_school,A01,Other/Unknown,Car(Quad/Passenger),Cyclist,Left_side,Reversing,0,1968.0,Male,Driver,Injured_Slight,Driver_seat,Shopping,Not_pedestrian,Unknown,Not_pedestrian,Seat_belt,Used,Not a holiday,0
1201,201600000735,2016,1,7,Night_without_public_lighting,Out_of_agglomeration,Out_of_intersection,Cloudy,Side_two_vehicles,Manual_entry,1.39104,49.17522,True,2016-01-07,19,0,19:00,Evening,False,Winter,0.0,0.0,0.0,Departmental_road,Bidirectional,Unknown,Unknown,Straight,Unknown,Unknown,On_road,Not_near_school,B02,Opposite_direction,Car(Quad/Passenger),Cyclist,Left_side,Reversing,0,1992.0,Male,Driver,Injured_Slight,Driver_seat,Home-work,Not_pedestrian,Unknown,Not_pedestrian,Seat_belt,Used,Not a holiday,0
1202,201600000736,2016,4,24,Daylight,Out_of_agglomeration,Intersection_X,Normal,Side_two_vehicles,Manual_entry,1.17735,49.05326,True,2016-04-24,7,15,07:15,Morning,True,Spring,0.0,0.0,7.0,Departmental_road,Bidirectional,Unknown,Flat,Curve_right,Unknown,Unknown,On_road,Not_near_school,A01,Opposite_direction,Car(Quad/Passenger),Cyclist,Front,Loss_of_control,0,2000.0,Female,Driver,Uninjured,Driver_seat,Leisure,Not_pedestrian,Unknown,Not_pedestrian,Seat_belt,Used,Not a holiday,0
1203,201600000736,2016,4,24,Daylight,Out_of_agglomeration,Intersection_X,Normal,Side_two_vehicles,Manual_entry,1.17735,49.05326,True,2016-04-24,7,15,07:15,Morning,True,Spring,0.0,0.0,7.0,Departmental_road,Bidirectional,Unknown,Flat,Curve_right,Unknown,Unknown,On_road,Not_near_school,B02,Other/Unknown,Car(Quad/Passenger),Cyclist,Right_side,Loss_of_control,0,1995.0,Female,Driver,Injured_Hospitalized,Driver_seat,Leisure,Not_pedestrian,Unknown,Not_pedestrian,Seat_belt,Used,Not a holiday,0
1204,201600000737,2016,5,28,Night_without_public_lighting,Out_of_agglomeration,Intersection_X,Normal,Side_two_vehicles,Manual_entry,1.34834,49.22688,True,2016-05-28,22,45,22:45,Night,True,Spring,2.0,0.0,710.0,Departmental_road,Bidirectional,Unknown,Flat,Curve_right,Normal,Unknown,On_road,Not_near_school,A01,Other/Unknown,Motorcycle,Cyclist,Front,Straight_ahead,0,1990.0,Male,Driver,Killed,Driver_seat,Leisure,Not_pedestrian,Unknown,Not_pedestrian,Helmet,Used,Not a holiday,0
1205,201600000737,2016,5,28,Night_without_public_lighting,Out_of_agglomeration,Intersection_X,Normal,Side_two_vehicles,Manual_entry,1.34834,49.22688,True,2016-05-28,22,45,22:45,Night,True,Spring,2.0,0.0,710.0,Departmental_road,Bidirectional,Unknown,Flat,Curve_right,Normal,Unknown,On_road,Not_near_school,B02,Same_direction,Car(Quad/Passenger),Cyclist,Front_right,Loss_of_control,0,1991.0,Female,Driver,Uninjured,Driver_seat,Leisure,Not_pedestrian,Unknown,Not_pedestrian,Seat_belt,Used,Not a holiday,0
1206,201600000738,2016,6,25,Daylight,Out_of_agglomeration,Out_of_intersection,Normal,No_collision,Manual_entry,1.45447,49.25505,True,2016-06-25,17,45,17:45,Evening,True,Summer,2.0,0.0,6.0,Departmental_road,Bidirectional,Unknown,Hilltop,Curve_left,Normal,Unknown,On_road,Not_near_school,A01,Opposite_direction,Motorcycle,None,Front,Loss_of_control,0,1993.0,Male,Driver,Injured_Hospitalized,Driver_seat,Leisure,Not_pedestrian,Unknown,Not_pedestrian,Helmet,Used,Not a holiday,0
1207,201600000739,2016,7,9,Daylight,Out_of_agglomeration,Other,Normal,Other_collision,Manual_entry,1.40482,49.24333,True,2016-07-09,17,15,17:15,Evening,True,Summer,0.0,0.0,0.0,Off_public_network,Bidirectional,Unknown,Flat,Straight,Normal,Unknown,On_road,Not_near_school,A01,Same_direction,Car(Quad/Passenger),Pedestrian,Front_right,Straight_ahead,0,1954.0,Female,Driver,Uninjured,Driver_seat,Leisure,Not_pedestrian,Unknown,Not_pedestrian,Seat_belt,Used,Not a holiday,0
1208,201600000740,2016,8,22,Night_without_public_lighting,Out_of_agglomeration,Out_of_intersection,Normal,No_collision,Manual_entry,1.12946,48.81734,True,2016-08-22,23,30,23:30,Night,False,Summer,0.0,0.0,75.0,Off_public_network,Bidirectional,Unknown,Flat,Curve_left,Normal,Unknown,On_road,Not_near_school,A01,Other/Unknown,Car(Quad/Passenger),None,Multiple impacts,Straight_ahead,0,1972.0,Male,Driver,Uninjured,Driver_seat,Leisure,Not_pedestrian,Unknown,Not_pedestrian,Seat_belt,Used,Not a holiday,0
1209,201600000741,2016,8,29,Daylight,Built_up_area,Other,Normal,Other_collision,Manual_entry,1.40917,49.24481,True,2016-08-29,18,0,18:00,Evening,False,Summer,0.0,0.0,0.0,Off_public_network,Unknown,Unknown,Flat,Unknown,Normal,Unknown,On_sidewalk,Not_near_school,A01,Same_direction,Car(Quad/Passenger),Pedestrian,Rear_right,Turning,0,1935.0,Male,Driver,Uninjured,Driver_seat,Leisure,Not_pedestrian,Unknown,Not_pedestrian,Seat_belt,Used,Not a holiday,0
1210,201600000742,2016,9,7,Daylight,Built_up_area,Out_of_intersection,Normal,Side_two_vehicles,Manual_entry,1.40393,49.24367,True,2016-09-07,18,15,18:15,Evening,False,Autumn,2.0,0.0,650.0,Departmental_road,Bidirectional,Unknown,Flat,Straight,Normal,Unknown,On_road,Not_near_school,B02,Other/Unknown,Motorcycle,Cyclist,Front,Straight_ahead,0,1995.0,Male,Driver,Injured_Hospitalized,Driver_seat,Unknown,Not_pedestrian,Unknown,Not_pedestrian,Helmet,Used,Not a holiday,0
1211,201600000742,2016,9,7,Daylight,Built_up_area,Out_of_intersection,Normal,Side_two_vehicles,Manual_entry,1.40393,49.24367,True,2016-09-07,18,15,18:15,Evening,False,Autumn,2.0,0.0,650.0,Departmental_road,Bidirectional,Unknown,Flat,Straight,Normal,Unknown,On_road,Not_near_school,A01,Opposite_direction,Car(Quad/Passenger),Cyclist,Left_side,Roundabout,0,1936.0,Male,Driver,Uninjured,Driver_seat,Shopping,Not_pedestrian,Unknown,Not_pedestrian,Seat_belt,Used,Not a holiday,0