,accident_id,year,month,day,lighting_label,urban_label,intersection_label,weather_label,collision_label,gps_label,longitude_num,latitude_num,valid_geo,date,hour,minute,time_hhmm,time_of_day,is_weekend,season,num_lanes,pedestrian_crossing_width,road_width,road_category_label,traffic_regime_label,reserved_lane_label,road_profile_label,road_layout_label,surface_condition_label,infrastructure_label,situation_label,school_zone_label,vehicle_id,traffic_direction_label,vehicle_category_label,mobile_obstacle_label,impact_point_label,manoeuvre_label,occupants_group,birth_year,sex_label,user_category_label,injury_severity_label,seat_position_label,journey_purpose_label,pedestrian_location_label,pedestrian_action_label,pedestrian_state_label,safety_equipment_type,safety_equipment_usage,holiday_name,is_holiday
1212,201600000743,2016,10,3,Daylight,Built_up_area,Out_of_intersection,Normal,Chain_three_plus,Manual_entry,1.42398,49.24713,True,2016-10-03,18,30,18:30,Evening,False,Autumn,0.0,0.0,7.0,Departmental_road,Bidirectional,Unknown,Flat,Straight,Normal,Unknown,On_road,Not_near_school,C03,Opposite_direction,Car(Quad/Passenger),Cyclist,Front,Straight_ahead,0,1996.0,Female,Driver,Uninjured,Driver_seat,Leisure,Not_pedestrian,Unknown,Not_pedestrian,Seat_belt,Used,Not a holiday,0
1213,201600000743,2016,10,3,Daylight,Built_up_area,Out_of_intersection,Normal,Chain_three_plus,Manual_entry,1.42398,49.24713,True,2016-10-03,18,30,18:30,Evening,False,Autumn,0.0,0.0,7.0,Departmental_road,Bidirectional,Unknown,Flat,Straight,Normal,Unknown,On_road,Not_near_school,B02,Opposite_direction,Motorcycle,Cyclist,Multiple impacts,Straight_ahead,0,1961.0,Female,Driver,Injured_Hospitalized,Driver_seat,Leisure,Not_pedestrian,Unknown,Not_pedestrian,Helmet,Used,Not a holiday,0
1214,201600000743,2016,10,3,Daylight,Built_up_area,Out_of_intersection,Normal,Chain_three_plus,Manual_entry,1.42398,49.24713,True,2016-10-03,18,30,18:30,Evening,False,Autumn,0.0,0.0,7.0,Departmental_road,Bidirectional,Unknown,Flat,Straight,Normal,Unknown,On_road,Not_near_school,A01,Opposite_direction,Car(Quad/Passenger),Cyclist,Rear_right,Straight_ahead,0,1993.0,Male,Driver,Uninjured,Driver_seat,Leisure,Not_pedestrian,Unknown,Not_pedestrian,Seat_belt,Used,Not a holiday,0
1215,201600000744,2016,11,15,Twilight_or_dawn,Built_up_area,Out_of_intersection,Light_rain,Frontal_two_vehicles,Manual_entry,1.42701,49.24839,True,2016-11-15,7,45,07:45,Morning,False,Autumn,0.0,0.0,0.0,Departmental_road,Bidirectional,Unknown,Flat,Straight,Normal,Unknown,On_road,Not_near_school,A01,Opposite_direction,Car(Quad/Passenger),Cyclist,Front,Avoiding_obstacle,0,1970.0,Female,Driver,Uninjured,Driver_seat,Leisure,Not_pedestrian,Unknown,Not_pedestrian,Seat_belt,Used,Not a holiday,0
1216,201600000744,2016,11,15,Twilight_or_dawn,Built_up_area,Out_of_intersection,Light_rain,Frontal_two_vehicles,Manual_entry,1.42701,49.24839,True,2016-11-15,7,45,07:45,Morning,False,Autumn,0.0,0.0,0.0,Departmental_road,Bidirectional,Unknown,Flat,Straight,Normal,Unknown,On_road,Not_near_school,B02,Other/Unknown,Car(Quad/Passenger),Cyclist,Front,Straight_ahead,0,1999.0,Male,Driver,Injured_Slight,Driver_seat,Home-school,Not_pedestrian,Unknown,Not_pedestrian,Seat_belt,Used,Not a holiday,0
1217,201600000745,2016,12,31,Night_with_public_lighting_on,Out_of_agglomeration,Out_of_intersection,Normal,Frontal_two_vehicles,Manual_entry,1.45984,49.24877,True,2016-12-31,17,30,17:30,Evening,True,Winter,2.0,7.0,0.0,Departmental_road,Bidirectional,Unknown,Flat,Straight,Normal,Unknown,On_road,Not_near_school,A01,Opposite_direction,Car(Quad/Passenger),Cyclist,Right_side,Straight_ahead,0,1956.0,Male,Driver,Uninjured,Driver_seat,Leisure,Not_pedestrian,Unknown,Not_pedestrian,Seat_belt,Used,Not a holiday,0
1218,201600000745,2016,12,31,Night_with_public_lighting_on,Out_of_agglomeration,Out_of_intersection,Normal,Frontal_two_vehicles,Manual_entry,1.45984,49.24877,True,2016-12-31,17,30,17:30,Evening,True,Winter,2.0,7.0,0.0,Departmental_road,Bidirectional,Unknown,Flat,Straight,Normal,Unknown,On_road,Not_near_school,B02,Other/Unknown,Motorcycle,Cyclist,Front,other,0,1959.0,Male,Driver,Killed,Driver_seat,Leisure,Not_pedestrian,Unknown,Not_pedestrian,Helmet,Used,Not a holiday,0
1219,201600000746,2016,1,31,Night_without_public_lighting,Out_of_agglomeration,Out_of_intersection,Heavy_rain,Side_two_vehicles,Manual_entry,1.53238,49.15227,True,2016-01-31,18,15,18:15,Evening,True,Winter,2.0,0.0,7.0,Departmental_road,Bidirectional,Unknown,Flat,Straight,Puddles,Unknown,On_road,Not_near_school,A01,Opposite_direction,Car(Quad/Passenger),Cyclist,Right_side,Straight_ahead,0,1984.0,Male,Driver,Uninjured,Driver_seat,Leisure,Not_pedestrian,Unknown,Not_pedestrian,Seat_belt,Used,Not a holiday,0
1220,201600000746,2016,1,31,Night_without_public_lighting,Out_of_agglomeration,Out_of_intersection,Heavy_rain,Side_two_vehicles,Manual_entry,1.53238,49.15227,True,2016-01-31,18,15,18:15,Evening,True,Winter,2.0,0.0,7.0,Departmental_road,Bidirectional,Unknown,Flat,Straight,Puddles,Unknown,On_road,Not_near_school,B02,Other/Unknown,Car(Quad/Passenger),Cyclist,Front_left,Straight_ahead,0,1972.0,Female,Driver,Injured_Slight,Driver_seat,Leisure,Not_pedestrian,Unknown,Not_pedestrian,Seat_belt,Used,Not a holiday,0
1221,201600000747,2016,2,26,Daylight,Out_of_agglomeration,Out_of_intersection,Normal,Other_collision,Manual_entry,1.59213,49.08497,True,2016-02-26,16,30,16:30,Afternoon,False,Winter,1.0,8.0,72.0,Departmental_road,Bidirectional,Unknown,Flat,Curve_right,Normal,Unknown,On_verge,Unknown,A01,Other/Unknown,Motorcycle,None,Front,Straight_ahead,0,1990.0,Male,Driver,Injured_Hospitalized,Driver_seat,Leisure,Not_pedestrian,Unknown,Not_pedestrian,Helmet,Used,Not a holiday,0
1222,201600000748,2016,6,17,Daylight,Out_of_agglomeration,Out_of_intersection,Normal,Rear_end_two_vehicles,Manual_entry,1.56845,49.10365,True,2016-06-17,18,30,18:30,Evening,False,Summer,0.0,0.0,4.0,Communal_way,Bidirectional,Unknown,Flat,Straight,Normal,Unknown,On_road,Not_near_school,B02,Same_direction,Motorcycle,Cyclist,Right_side,Straight_ahead,0,2002.0,Male,Driver,Injured_Hospitalized,Driver_seat,Unknown,Not_pedestrian,Unknown,Not_pedestrian,Helmet,Used,Not a holiday,0
1223,201600000748,2016,6,17,Daylight,Out_of_agglomeration,Out_of_intersection,Normal,Rear_end_two_vehicles,Manual_entry,1.56845,49.10365,True,2016-06-17,18,30,18:30,Evening,False,Summer,0.0,0.0,4.0,Communal_way,Bidirectional,Unknown,Flat,Straight,Normal,Unknown,On_road,Not_near_school,A01,Same_direction,Motorcycle,Cyclist,Rear_right,Turning,0,1967.0,Male,Driver,Uninjured,Driver_seat,Professional use,Not_pedestrian,Unknown,Not_pedestrian,Seat_belt,Used,Not a holiday,0
1224,201600000749,2016,6,27,Daylight,Out_of_agglomeration,Out_of_intersection,Normal,Other_collision,Manual_entry,1.57097,49.15649,True,2016-06-27,8,0,08:00,Morning,False,Summer,0.0,0.0,5.0,Departmental_road,Bidirectional,Unknown,Flat,Curve_right,Normal,Unknown,On_verge,Not_near_school,A01,Opposite_direction,Motorcycle,None,Left_side,Straight_ahead,0,1995.0,Male,Driver,Injured_Hospitalized,Driver_seat,Leisure,Not_pedestrian,Unknown,Not_pedestrian,Seat_belt,Used,Not a holiday,0
1225,201600000750,2016,2,1,Night_with_public_lighting_on,Built_up_area,Other,Normal,Other_collision,Manual_entry,1.30714,49.38648,True,2016-02-01,1,30,01:30,Night,False,Winter,1.0,0.0,35.0,other,Bidirectional,Unknown,Flat,Straight,Wet,Unknown,On_road,Unknown,A01,Opposite_direction,Car(Quad/Passenger),None,Front,None,0,1979.0,Male,Driver,Injured_Hospitalized,Driver_seat,Leisure,Not_pedestrian,Unknown,Not_pedestrian,Seat_belt,Used,Not a holiday,0
1226,201600000751,2016,2,23,Twilight_or_dawn,Out_of_agglomeration,Out_of_intersection,Normal,Other_collision,Manual_entry,1.24945,49.32757,True,2016-02-23,7,30,07:30,Morning,False,Winter,0.0,0.0,0.0,Communal_way,Bidirectional,Unknown,Flat,Straight,Normal,Unknown,On_road,Unknown,A01,Same_direction,Car(Quad/Passenger),Pedestrian,Front_right,Loss_of_control,0,1967.0,Female,Driver,Uninjured,Driver_seat,Home-work,Not_pedestrian,Unknown,Not_pedestrian,Seat_belt,Used,Not a holiday,0
1227,201600000752,2016,3,23,Daylight,Out_of_agglomeration,Out_of_intersection,Normal,Other_collision,Manual_entry,1.38678,49.46055,True,2016-03-23,13,30,13:30,Afternoon,False,Spring,2.0,0.0,60.0,Departmental_road,Bidirectional,Unknown,Flat,Curve_right,Normal,Unknown,On_sidewalk,Not_near_school,A01,Other/Unknown,Car(Quad/Passenger),None,Front,Straight_ahead,0,1992.0,Male,Driver,Injured_Hospitalized,Driver_seat,Leisure,Not_pedestrian,Unknown,Not_pedestrian,Seat_belt,Used,Not a holiday,0
1228,201600000753,2016,3,30,Daylight,Out_of_agglomeration,Out_of_intersection,Light_rain,Frontal_two_vehicles,Manual_entry,1.37363,49.43057,True,2016-03-30,16,15,16:15,Afternoon,False,Spring,0.0,0.0,68.0,Departmental_road,Bidirectional,Unknown,Flat,Curve_right,Wet,Unknown,On_road,Unknown,A01,Other/Unknown,Car(Quad/Passenger),Cyclist,Front,Straight_ahead,0,1938.0,Male,Driver,Injured_Hospitalized,Driver_seat,Leisure,Not_pedestrian,Unknown,Not_pedestrian,Seat_belt,Used,Not a holiday,0
1229,201600000753,2016,3,30,Daylight,Out_of_agglomeration,Out_of_intersection,Light_rain,Frontal_two_vehicles,Manual_entry,1.37363,49.43057,True,2016-03-30,16,15,16:15,Afternoon,False,Spring,0.0,0.0,68.0,Departmental_road,Bidirectional,Unknown,Flat,Curve_right,Wet,Unknown,On_road,Unknown,B02,Opposite_direction,Car(Quad/Passenger),Cyclist,Front,Straight_ahead,0,1940.0,Female,Driver,Uninjured,Driver_seat,Leisure,Not_pedestrian,Unknown,Not_pedestrian,Seat_belt,Used,Not a holiday,0
1230,201600000754,2016,4,27,Daylight,Out_of_agglomeration,Out_of_intersection,Heavy_rain,Frontal_two_vehicles,Manual_entry,1.39369,49.33802,True,2016-04-27,11,15,11:15,Morning,False,Spring,1.0,0.0,30.0,Communal_way,Bidirectional,Unknown,Flat,Curve_left,Wet,Unknown,On_road,Not_near_school,B02,Same_direction,Utility(Truck/Agri),Cyclist,Right_side,Straight_ahead,0,1989.0,Female,Driver,Uninjured,Driver_seat,Shopping,Not_pedestrian,Unknown,Not_pedestrian,Seat_belt,Used,Not a holiday,0
1231,201600000754,2016,4,27,Daylight,Out_of_agglomeration,Out_of_intersection,Heavy_rain,Frontal_two_vehicles,Manual_entry,1.39369,49.33802,True,2016-04-27,11,15,11:15,Morning,False,Spring,1.0,0.0,30.0,Communal_way,Bidirectional,Unknown,Flat,Curve_left,Wet,Unknown,On_road,Not_near_school,A01,Same_direction,Car(Quad/Passenger),Cyclist,Right_side,Straight_ahead,0,1962.0,Male,Driver,Injured_Hospitalized,Driver_seat,Shopping,Not_pedestrian,Unknown,Not_pedestrian,Seat_belt,Used,Not a holiday,0
1232,201600000755,2016,5,19,Daylight,Out_of_agglomeration,Other,Normal,Other_collision,Manual_entry,1.37167,49.38127,True,2016-05-19,17,0,17:00,Evening,False,Spring,0.0,0.0,43.0,Communal_way,Bidirectional,Unknown,Unknown,Curve_right,Normal,Unknown,On_verge,Not_near_school,A01,Same_direction,Motorcycle,None,Front,None,0,1994.0,Male,Driver,Injured_Hospitalized,Driver_seat,Home-work,Not_pedestrian,Unknown,Not_pedestrian,Helmet,Used,Not a holiday,0
1233,201600000756,2016,6,26,Daylight,Out_of_agglomeration,Out_of_intersection,Normal,Other_collision,Manual_entry,1.35756,49.35425,True,2016-06-26,17,45,17:45,Evening,True,Summer,2.0,0.0,830.0,Departmental_road,Bidirectional,Unknown,Slope,Straight,Normal,Unknown,On_road,Not_near_school,A01,Opposite_direction,Car(Quad/Passenger),None,Front,Straight_ahead,0,1988.0,Male,Driver,Injured_Hospitalized,Driver_seat,Leisure,Not_pedestrian,Unknown,Not_pedestrian,Seat_belt,Used,Not a holiday,0
1234,201600000757,2016,7,7,Daylight,Built_up_area,Out_of_intersection,Normal,Side_two_vehicles,Manual_entry,1.30665,49.38659,True,2016-07-07,13,0,13:00,Afternoon,False,Summer,2.0,0.0,81.0,Departmental_road,Bidirectional,Unknown,Flat,Straight,Normal,Unknown,On_road,Unknown,A01,Opposite_direction,Car(Quad/Passenger),None,Left_side,Roundabout,0,1971.0,Male,Driver,Uninjured,Driver_seat,Leisure,Not_pedestrian,Unknown,Not_pedestrian,Seat_belt,Used,Not a holiday,0
1235,201600000757,2016,7,7,Daylight,Built_up_area,Out_of_intersection,Normal,Side_two_vehicles,Manual_entry,1.30665,49.38659,True,2016-07-07,13,0,13:00,Afternoon,False,Summer,2.0,0.0,81.0,Departmental_road,Bidirectional,Unknown,Flat,Straight,Normal,Unknown,On_road,Unknown,B02,Other/Unknown,Motorcycle,None,Front,Straight_ahead,0,1963.0,Male,Driver,Injured_Hospitalized,Driver_seat,Leisure,Not_pedestrian,Unknown,Not_pedestrian,Helmet,Used,Not a holiday,0
1236,201600000758,2016,7,6,Daylight,Out_of_agglomeration,Out_of_intersection,Normal,Other_collision,Manual_entry,1.37603,49.38651,True,2016-07-06,21,0,21:00,Night,False,Summer,2.0,0.0,106.0,Departmental_road,Bidirectional,Unknown,Flat,Curve_left,Normal,Unknown,On_sidewalk,Not_near_school,A01,Other/Unknown,Motorcycle,None,Front,None,0,1992.0,Male,Driver,Injured_Hospitalized,Driver_seat,Home-work,Not_pedestrian,Unknown,Not_pedestrian,Helmet,Used,Not a holiday,0
1237,201600000759,2016,7,30,Night_with_public_lighting_on,Built_up_area,Out_of_intersection,Normal,Other_collision,Manual_entry,1.30507,49.38709,True,2016-07-30,0,30,00:30,Night,True,Summer,2.0,60.0,0.0,Departmental_road,Bidirectional,Unknown,Flat,Curve_right,Normal,Unknown,On_verge,Near_school,A01,Other/Unknown,Car(Quad/Passenger),None,Multiple impacts,Straight_ahead,0,1996.0,Male,Driver,Injured_Hospitalized,Driver_seat,Leisure,Not_pedestrian,Unknown,Not_pedestrian,Seat_belt,Undetermined,Not a holiday,0
1238,201600000760,2016,8,7,Daylight,Out_of_agglomeration,Out_of_intersection,Normal,Rear_end_two_vehicles,Manual_entry,1.51867,49.38263,True,2016-08-07,16,15,16:15,Afternoon,True,Summer,2.0,0.0,71.0,Departmental_road,Bidirectional,Unknown,Slope,Curve_left,Normal,Unknown,On_road,Not_near_school,B02,Other/Unknown,Motorcycle,None,Rear_left,Turning,0,1994.0,Male,Driver,Uninjured,Driver_seat,Leisure,Not_pedestrian,Unknown,Not_pedestrian,Helmet,Used,Not a holiday,0
1239,201600000760,2016,8,7,Daylight,Out_of_agglomeration,Out_of_intersection,Normal,Rear_end_two_vehicles,Manual_entry,1.51867,49.38263,True,2016-08-07,16,15,16:15,Afternoon,True,Summer,2.0,0.0,71.0,Departmental_road,Bidirectional,Unknown,Slope,Curve_left,Normal,Unknown,On_road,Not_near_school,A01,Other/Unknown,Motorcycle,Cyclist,Front_right,Turning,0,1960.0,Male,Driver,Injured_Hospitalized,Driver_seat,Leisure,Not_pedestrian,Unknown,Not_pedestrian,Helmet,Used,Not a holiday,0
1240,201600000761,2016,9,9,Daylight,Out_of_agglomeration,Out_of_intersection,Dazzling,Rear_end_two_vehicles,Manual_entry,1.26005,49.33915,True,2016-09-09,16,45,16:45,Afternoon,False,Autumn,0.0,0.0,65.0,Departmental_road,Bidirectional,Unknown,Slope,Curve_right,Normal,Unknown,On_road,Unknown,B02,Opposite_direction,Cycle,Cyclist,Rear_right,Turning,0,1962.0,Male,Driver,Killed,Driver_seat,Leisure,Not_pedestrian,Unknown,Not_pedestrian,Helmet,Undetermined,Not a holiday,0
1241,201600000761,2016,9,9,Daylight,Out_of_agglomeration,Out_of_intersection,Dazzling,Rear_end_two_vehicles,Manual_entry,1.26005,49.33915,True,2016-09-09,16,45,16:45,Afternoon,False,Autumn,0.0,0.0,65.0,Departmental_road,Bidirectional,Unknown,Slope,Curve_right,Normal,Unknown,On_road,Unknown,A01,Opposite_direction,Car(Quad/Passenger),Cyclist,Front_right,Turning,0,1984.0,Male,Driver,Uninjured,Driver_seat,Home-work,Not_pedestrian,Unknown,Not_pedestrian,Seat_belt,Used,Not a holiday,0
1242,201600000762,2016,9,21,Daylight,Out_of_agglomeration,Out_of_intersection,Normal,Other_collision,Manual_entry,1.49794,49.43778,True,2016-09-21,10,45,10:45,Morning,False,Autumn,0.0,0.0,27.0,Communal_way,Bidirectional,Unknown,Flat,Straight,Normal,Unknown,On_verge,Unknown,A01,Same_direction,Car(Quad/Passenger),None,Right_side,Straight_ahead,0,1934.0,Male,Driver,Killed,Driver_seat,Leisure,Not_pedestrian,Unknown,Not_pedestrian,Seat_belt,Undetermined,Not a holiday,0
1243,201600000763,2016,9,25,Night_without_public_lighting,Out_of_agglomeration,Out_of_intersection,Normal,No_collision,Manual_entry,1.32106,49.3803,True,2016-09-25,1,30,01:30,Night,True,Autumn,2.0,0.0,0.0,Departmental_road,Bidirectional,Unknown,Flat,Straight,Normal,Unknown,On_verge,Unknown,A01,Same_direction,Car(Quad/Passenger),None,Front,None,0,1982.0,Male,Driver,Injured_Hospitalized,Driver_seat,Leisure,Not_pedestrian,Unknown,Not_pedestrian,Seat_belt,Undetermined,Not a holiday,0
1244,201600000764,2016,10,17,Twilight_or_dawn,Out_of_agglomeration,Out_of_intersection,Light_rain,Side_two_vehicles,Manual_entry,1.45874,49.30876,True,2016-10-17,8,30,08:30,Morning,False,Autumn,2.0,0.0,0.0,Departmental_road,Bidirectional,Unknown,Flat,Straight,Wet,Roundabout,On_road,Unknown,B02,Same_direction,Car(Quad/Passenger),Cyclist,Front,None,0,1971.0,Male,Driver,Injured_Hospitalized,Driver_seat,Home-work,Not_pedestrian,Unknown,Not_pedestrian,Seat_belt,Used,Not a holiday,0
1245,201600000764,2016,10,17,Twilight_or_dawn,Out_of_agglomeration,Out_of_intersection,Light_rain,Side_two_vehicles,Manual_entry,1.45874,49.30876,True,2016-10-17,8,30,08:30,Morning,False,Autumn,2.0,0.0,0.0,Departmental_road,Bidirectional,Unknown,Flat,Straight,Wet,Roundabout,On_road,Unknown,A01,Same_direction,Utility(Truck/Agri),Cyclist,Front,None,0,1984.0,Male,Driver,Uninjured,Driver_seat,Professional use,Not_pedestrian,Unknown,Not_pedestrian,Seat_belt,Used,Not a holiday,0
1246,201600000765,2016,11,11,Night_with_public_lighting_on,Built_up_area,Out_of_intersection,Normal,Other_collision,Manual_entry,1.37033,49.3987,True,2016-11-11,7,0,07:00,Morning,False,Autumn,0.0,0.0,57.0,Departmental_road,Bidirectional,Unknown,Flat,Curve_left,Wet,Unknown,On_verge,Unknown,A01,Opposite_direction,Car(Quad/Passenger),None,Right_side,Straight_ahead,0,1997.0,Male,Driver,Killed,Driver_seat,Leisure,Not_pedestrian,Unknown,Not_pedestrian,Seat_belt,Not_used,Armistice Day,1
1247,201600000766,2016,11,23,Night_without_public_lighting,Out_of_agglomeration,Out_of_intersection,Light_rain,Side_two_vehicles,Manual_entry,1.2918,49.32658,True,2016-11-23,4,30,04:30,Night,False,Autumn,0.0,0.0,67.0,Departmental_road,Bidirectional,Unknown,Hilltop,Curve_left,Wet,Unknown,On_road,Unknown,A01,Other/Unknown,Car(Quad/Passenger),Cyclist,Right_side,Straight_ahead,0,1979.0,Female,Driver,Injured_Hospitalized,Driver_seat,Home-work,Not_pedestrian,Unknown,Not_pedestrian,Seat_belt,Used,Not a holiday,0
1248,201600000766,2016,11,23,Night_without_public_lighting,Out_of_agglomeration,Out_of_intersection,Light_rain,Side_two_vehicles,Manual_entry,1.2918,49.32658,True,2016-11-23,4,30,04:30,Night,False,Autumn,0.0,0.0,67.0,Departmental_road,Bidirectional,Unknown,Hilltop,Curve_left,Wet,Unknown,On_road,Unknown,B02,Opposite_direction,other,None,No_impact,None,0,1988.0,Male,Driver,Uninjured,Driver_seat,Unknown,Not_pedestrian,Unknown,Not_pedestrian,Seat_belt,Used,Not a holiday,0
1249,201600000767,2016,12,14,Daylight,Built_up_area,Out_of_intersection,Normal,Frontal_two_vehicles,Manual_entry,1.27639,49.33322,True,2016-12-14,8,30,08:30,Morning,False,Winter,1.0,60.0,70.0,Departmental_road,Bidirectional,Unknown,Flat,Straight,Normal,Unknown,On_road,Unknown,A01,Same_direction,Motorcycle,Cyclist,Rear,None,0,1991.0,Male,Driver,Injured_Hospitalized,Driver_seat,Home-work,Not_pedestrian,Unknown,Not_pedestrian,Helmet,Used,Not a holiday,0
1250,201600000767,2016,12,14,Daylight,Built_up_area,Out_of_intersection,Normal,Frontal_two_vehicles,Manual_entry,1.27639,49.33322,True,2016-12-14,8,30,08:30,Morning,False,Winter,1.0,60.0,70.0,Departmental_road,Bidirectional,Unknown,Flat,Straight,Normal,Unknown,On_road,Unknown,B02,Same_direction,Car(Quad/Passenger),Cyclist,Right_side,Roundabout,0,1965.0,Female,Driver,Uninjured,Driver_seat,Shopping,Not_pedestrian,Unknown,Not_pedestrian,Seat_belt,Used,Not a holiday,0
1251,201600000768,2016,12,16,Night_without_public_lighting,Out_of_agglomeration,Out_of_intersection,Fog_or_smoke,Frontal_two_vehicles,Manual_entry,1.36312,49.43416,True,2016-12-16,20,45,20:45,Evening,False,Winter,0.0,0.0,45.0,Communal_way,One_way,Unknown,Flat,Straight,Wet,Unknown,On_road,Unknown,A01,Same_direction,Car(Quad/Passenger),Cyclist,Front,Straight_ahead,0,1993.0,Male,Driver,Injured_Slight,Driver_seat,Leisure,Not_pedestrian,Unknown,Not_pedestrian,Seat_belt,Used,Not a holiday,0
1252,201600000768,2016,12,16,Night_without_public_lighting,Out_of_agglomeration,Out_of_intersection,Fog_or_smoke,Frontal_two_vehicles,Manual_entry,1.36312,49.43416,True,2016-12-16,20,45,20:45,Evening,False,Winter,0.0,0.0,45.0,Communal_way,One_way,Unknown,Flat,Straight,Wet,Unknown,On_road,Unknown,B02,Same_direction,Car(Quad/Passenger),Cyclist,Front,Straight_ahead,0,1993.0,Female,Driver,Injured_Hospitalized,Driver_seat,Leisure,Not_pedestrian,Unknown,Not_pedestrian,Seat_belt,Used,Not a holiday,0
1253,201600000769,2016,2,2,Night_without_public_lighting,Out_of_agglomeration,Out_of_intersection,Cloudy,Other_collision,Manual_entry,1.74798,49.28102,True,2016-02-02,1,15,01:15,Night,False,Winter,1.0,0.0,0.0,Departmental_road,Bidirectional,Reserved_channel,Flat,Straight,Wet,Unknown,On_road,Not_near_school,A01,Other/Unknown,Car(Quad/Passenger),Train,Front,Straight_ahead,0,1970.0,Male,Driver,Injured_Hospitalized,Driver_seat,Home-work,Not_pedestrian,Unknown,Not_pedestrian,Seat_belt,Used,Not a holiday,0
1254,201600000770,2016,5,16,Daylight,Built_up_area,Out_of_intersection,Normal,No_collision,Manual_entry,1.68802,49.22454,True,2016-05-16,20,0,20:00,Evening,False,Spring,0.0,0.0,0.0,Departmental_road,Bidirectional,Reserved_channel,Flat,Curve_right,Normal,Unknown,On_road,Not_near_school,A01,Opposite_direction,Car(Quad/Passenger),None,Front,Straight_ahead,0,1988.0,Male,Driver,Injured_Hospitalized,Driver_seat,Leisure,Not_pedestrian,Unknown,Not_pedestrian,Seat_belt,Used,Whit Monday,1
1255,201600000771,2016,8,5,Daylight,Built_up_area,Other,Normal,Side_two_vehicles,Manual_entry,1.5085,49.31374,True,2016-08-05,12,45,12:45,Afternoon,False,Summer,0.0,0.0,6.0,Departmental_road,Bidirectional,Unknown,Flat,Straight,Normal,Unknown,On_road,Not_near_school,A01,Same_direction,Car(Quad/Passenger),Cyclist,Front_left,Park/Start/Stop,0,1980.0,Female,Driver,Injured_Slight,Driver_seat,Leisure,Not_pedestrian,Unknown,Not_pedestrian,Seat_belt,Used,Not a holiday,0
1256,201600000771,2016,8,5,Daylight,Built_up_area,Other,Normal,Side_two_vehicles,Manual_entry,1.5085,49.31374,True,2016-08-05,12,45,12:45,Afternoon,False,Summer,0.0,0.0,6.0,Departmental_road,Bidirectional,Unknown,Flat,Straight,Normal,Unknown,On_road,Not_near_school,B02,Opposite_direction,Motorcycle,Cyclist,Front,Straight_ahead,0,1974.0,Male,Driver,Injured_Hospitalized,Driver_seat,Leisure,Not_pedestrian,Unknown,Not_pedestrian,Helmet,Used,Not a holiday,0
1257,201600000772,2016,8,27,Daylight,Built_up_area,Out_of_intersection,Normal,Other_collision,Manual_entry,1.59203,49.32654,True,2016-08-27,15,15,15:15,Afternoon,True,Summer,0.0,0.0,0.0,Departmental_road,Bidirectional,Unknown,Flat,Curve_left,Normal,Unknown,On_road,Not_near_school,A01,Opposite_direction,Motorcycle,None,Front,Straight_ahead,0,1972.0,Male,Driver,Injured_Hospitalized,Driver_seat,Leisure,Not_pedestrian,Unknown,Not_pedestrian,Helmet,Used,Not a holiday,0
1258,201600000773,2016,10,29,Night_with_public_lighting_on,Built_up_area,Out_of_intersection,Normal,Other_collision,Manual_entry,1.78259,49.28446,True,2016-10-29,22,45,22:45,Night,True,Autumn,0.0,0.0,0.0,Departmental_road,Bidirectional,Unknown,Flat,Straight,Normal,Unknown,On_road,Not_near_school,A01,Same_direction,Car(Quad/Passenger),None,Front,Straight_ahead,0,1992.0,Male,Driver,Injured_Slight,Driver_seat,Leisure,Not_pedestrian,Unknown,Not_pedestrian,Seat_belt,Used,Not a holiday,0
1259,201600000774,2016,12,8,Night_without_public_lighting,Out_of_agglomeration,Out_of_intersection,Normal,Other_collision,Manual_entry,1.58111,49.27542,True,2016-12-08,23,50,23:50,Night,False,Winter,2.0,0.0,50.0,Departmental_road,Bidirectional,Unknown,Flat,Curve_right,Normal,Unknown,On_verge,Unknown,A01,Opposite_direction,Car(Quad/Passenger),None,Left_side,Straight_ahead,0,1997.0,Male,Driver,Injured_Hospitalized,Driver_seat,Leisure,Not_pedestrian,Unknown,Not_pedestrian,Seat_belt,Used,Not a holiday,0
1260,201600000775,2016,1,13,Daylight,Out_of_agglomeration,Intersection_X,Normal,Side_two_vehicles,Manual_entry,0.59523,49.04709,True,2016-01-13,14,0,14:00,Afternoon,False,Winter,2.0,0.0,0.0,Departmental_road,Bidirectional,Unknown,Flat,Straight,Normal,Unknown,On_verge,Not_near_school,B02,Other/Unknown,Car(Quad/Passenger),Cyclist,Left_side,Straight_ahead,0,1980.0,Female,Driver,Injured_Slight,Driver_seat,Home-school,Not_pedestrian,Unknown,Not_pedestrian,Seat_belt,Used,Not a holiday,0
1261,201600000775,2016,1,13,Daylight,Out_of_agglomeration,Intersection_X,Normal,Side_two_vehicles,Manual_entry,0.59523,49.04709,True,2016-01-13,14,0,14:00,Afternoon,False,Winter,2.0,0.0,0.0,Departmental_road,Bidirectional,Unknown,Flat,Straight,Normal,Unknown,On_verge,Not_near_school,A01,Opposite_direction,Car(Quad/Passenger),Cyclist,Front,Straight_ahead,0,1991.0,Male,Driver,Injured_Slight,Driver_seat,Home-work,Not_pedestrian,Unknown,Not_pedestrian,Seat_belt,Undetermined,Not a holiday,0