,accident_id,year,month,day,lighting_label,urban_label,intersection_label,weather_label,collision_label,gps_label,longitude_num,latitude_num,valid_geo,date,hour,minute,time_hhmm,time_of_day,is_weekend,season,num_lanes,pedestrian_crossing_width,road_width,road_category_label,traffic_regime_label,reserved_lane_label,road_profile_label,road_layout_label,surface_condition_label,infrastructure_label,situation_label,school_zone_label,vehicle_id,traffic_direction_label,vehicle_category_label,mobile_obstacle_label,impact_point_label,manoeuvre_label,occupants_group,birth_year,sex_label,user_category_label,injury_severity_label,seat_position_label,journey_purpose_label,pedestrian_location_label,pedestrian_action_label,pedestrian_state_label,safety_equipment_type,safety_equipment_usage,holiday_name,is_holiday
1262,201600000776,2016,11,18,Daylight,Built_up_area,Out_of_intersection,Snow_or_hail,No_collision,Manual_entry,0.62374,49.09995,True,2016-11-18,18,0,18:00,Evening,False,Autumn,2.0,0.0,6.0,Communal_way,Bidirectional,Unknown,Slope,Curve_right,Wet,Unknown,On_road,Not_near_school,A01,Same_direction,Motorcycle,None,Left_side,Straight_ahead,0,1951.0,Female,Driver,Injured_Hospitalized,Driver_seat,Leisure,Not_pedestrian,Unknown,Not_pedestrian,Helmet,Used,Not a holiday,0
1263,201600000777,2016,11,30,Night_without_public_lighting,Out_of_agglomeration,Out_of_intersection,Normal,No_collision,Manual_entry,0.56993,48.9923,True,2016-11-30,6,45,06:45,Morning,False,Autumn,2.0,0.0,0.0,Departmental_road,Bidirectional,Unknown,Flat,Straight,Normal,Unknown,On_road,Not_near_school,A01,Other/Unknown,Car(Quad/Passenger),None,Right_side,Straight_ahead,0,1997.0,Male,Driver,Injured_Hospitalized,Driver_seat,Professional use,Not_pedestrian,Unknown,Not_pedestrian,Seat_belt,Used,Not a holiday,0
1264,201600000778,2016,2,27,Night_without_public_lighting,Out_of_agglomeration,Out_of_intersection,Normal,Other_collision,Manual_entry,0.66873,49.5485,True,2016-02-27,2,45,02:45,Night,True,Winter,0.0,0.0,0.0,Departmental_road,Bidirectional,Unknown,Flat,Straight,Normal,Unknown,On_road,Not_near_school,A01,Opposite_direction,Car(Quad/Passenger),None,Front_right,Straight_ahead,0,1957.0,Male,Driver,Injured_Hospitalized,Driver_seat,Leisure,Not_pedestrian,Unknown,Not_pedestrian,Seat_belt,Used,Not a holiday,0
1265,201600000779,2016,3,26,Night_with_public_lighting_on,Built_up_area,Out_of_intersection,Normal,Other_collision,Manual_entry,0.84609,49.1313,True,2016-03-26,0,1,00:01,Night,True,Spring,2.0,0.0,41.0,Departmental_road,Bidirectional,Unknown,Flat,Curve_right,Normal,Unknown,On_road,Not_near_school,A01,Opposite_direction,Car(Quad/Passenger),None,Front_right,Straight_ahead,0,1988.0,Male,Driver,Injured_Hospitalized,Driver_seat,Leisure,Not_pedestrian,Unknown,Not_pedestrian,Seat_belt,Used,Not a holiday,0
1266,201600000780,2016,12,14,Daylight,Out_of_agglomeration,Out_of_intersection,Normal,Other_collision,Manual_entry,0.7253,49.16358,True,2016-12-14,14,30,14:30,Afternoon,False,Winter,0.0,0.0,535.0,Departmental_road,Bidirectional,Unknown,Flat,Straight,Normal,Unknown,On_verge,Not_near_school,A01,Other/Unknown,Utility(Truck/Agri),Pedestrian,Left_side,Straight_ahead,0,1967.0,Female,Driver,Uninjured,Driver_seat,Leisure,Not_pedestrian,Unknown,Not_pedestrian,Seat_belt,Used,Not a holiday,0
1267,201600000781,2016,1,14,Night_with_public_lighting_on,Built_up_area,Intersection_X,Heavy_rain,Frontal_two_vehicles,Manual_entry,,,False,2016-01-14,8,0,08:00,Morning,False,Winter,,,,Departmental_road,Unknown,Unknown,Unknown,Unknown,Unknown,Roundabout,Unknown,Unknown,A01,Opposite_direction,Car(Quad/Passenger),Cyclist,Rear_left,Roundabout,0,1967.0,Male,Driver,Uninjured,Driver_seat,Home-work,Not_pedestrian,Unknown,Not_pedestrian,Seat_belt,Used,Not a holiday,0
1268,201600000781,2016,1,14,Night_with_public_lighting_on,Built_up_area,Intersection_X,Heavy_rain,Frontal_two_vehicles,Manual_entry,,,False,2016-01-14,8,0,08:00,Morning,False,Winter,,,,Departmental_road,Unknown,Unknown,Unknown,Unknown,Unknown,Roundabout,Unknown,Unknown,B02,Other/Unknown,Car(Quad/Passenger),Cyclist,Right_side,Straight_ahead,0,1956.0,Female,Driver,Injured_Slight,Driver_seat,Home-work,Not_pedestrian,Unknown,Not_pedestrian,Seat_belt,Used,Not a holiday,0
1269,201600000782,2016,1,22,Night_without_public_lighting,Out_of_agglomeration,Intersection_X,Normal,Side_two_vehicles,Manual_entry,1.20286,49.27285,True,2016-01-22,19,30,19:30,Evening,False,Winter,2.0,0.0,650.0,Communal_way,Bidirectional,Unknown,Flat,Straight,Normal,Unknown,On_road,Not_near_school,A01,Same_direction,Car(Quad/Passenger),Cyclist,Right_side,Park/Start/Stop,0,1986.0,Male,Driver,Uninjured,Driver_seat,Home-work,Not_pedestrian,Unknown,Not_pedestrian,Seat_belt,Used,Not a holiday,0
1270,201600000782,2016,1,22,Night_without_public_lighting,Out_of_agglomeration,Intersection_X,Normal,Side_two_vehicles,Manual_entry,1.20286,49.27285,True,2016-01-22,19,30,19:30,Evening,False,Winter,2.0,0.0,650.0,Communal_way,Bidirectional,Unknown,Flat,Straight,Normal,Unknown,On_road,Not_near_school,B02,Same_direction,Car(Quad/Passenger),Cyclist,Front_right,Straight_ahead,0,1975.0,Female,Driver,Injured_Slight,Driver_seat,Leisure,Not_pedestrian,Unknown,Not_pedestrian,Seat_belt,Used,Not a holiday,0
1271,201600000783,2016,2,13,Twilight_or_dawn,Out_of_agglomeration,Out_of_intersection,Heavy_rain,No_collision,Manual_entry,1.1664,49.07588,True,2016-02-13,18,0,18:00,Evening,True,Winter,2.0,0.0,555.0,Departmental_road,Bidirectional,Unknown,Flat,Straight,Puddles,Unknown,On_verge,Not_near_school,A01,Other/Unknown,Car(Quad/Passenger),None,Multiple impacts,other,0,1995.0,Male,Driver,Uninjured,Driver_seat,Leisure,Not_pedestrian,Unknown,Not_pedestrian,Seat_belt,Used,Not a holiday,0
1272,201600000784,2016,2,14,Daylight,Out_of_agglomeration,Intersection_X,Normal,Side_two_vehicles,Manual_entry,1.08212,49.12089,True,2016-02-14,17,15,17:15,Evening,True,Winter,2.0,0.0,520.0,Departmental_road,Bidirectional,Unknown,Hilltop,Straight,Normal,Unknown,On_road,Not_near_school,A01,Other/Unknown,Car(Quad/Passenger),Cyclist,Front,Straight_ahead,0,1935.0,Male,Driver,Uninjured,Driver_seat,Leisure,Not_pedestrian,Unknown,Not_pedestrian,Seat_belt,Used,Not a holiday,0
1273,201600000784,2016,2,14,Daylight,Out_of_agglomeration,Intersection_X,Normal,Side_two_vehicles,Manual_entry,1.08212,49.12089,True,2016-02-14,17,15,17:15,Evening,True,Winter,2.0,0.0,520.0,Departmental_road,Bidirectional,Unknown,Hilltop,Straight,Normal,Unknown,On_road,Not_near_school,B02,Same_direction,Car(Quad/Passenger),Cyclist,Front_right,Straight_ahead,0,1993.0,Male,Driver,Uninjured,Driver_seat,Leisure,Not_pedestrian,Unknown,Not_pedestrian,Seat_belt,Used,Not a holiday,0
1274,201600000785,2016,4,21,Daylight,Built_up_area,Out_of_intersection,Dazzling,Side_two_vehicles,Manual_entry,1.11226,49.20956,True,2016-04-21,7,45,07:45,Morning,False,Spring,2.0,0.0,640.0,Departmental_road,Bidirectional,Unknown,Flat,Curve_left,Normal,Unknown,On_road,Not_near_school,B02,Opposite_direction,Motorcycle,Cyclist,Front,Straight_ahead,0,1998.0,Male,Driver,Injured_Slight,Driver_seat,Home-school,Not_pedestrian,Unknown,Not_pedestrian,Helmet,Used,Not a holiday,0
1275,201600000785,2016,4,21,Daylight,Built_up_area,Out_of_intersection,Dazzling,Side_two_vehicles,Manual_entry,1.11226,49.20956,True,2016-04-21,7,45,07:45,Morning,False,Spring,2.0,0.0,640.0,Departmental_road,Bidirectional,Unknown,Flat,Curve_left,Normal,Unknown,On_road,Not_near_school,A01,Opposite_direction,Utility(Truck/Agri),Cyclist,Rear_left,Roundabout,0,1977.0,Male,Driver,Uninjured,Driver_seat,Professional use,Not_pedestrian,Unknown,Not_pedestrian,Seat_belt,Used,Not a holiday,0
1276,201600000786,2016,6,3,Daylight,Built_up_area,Other,Normal,Other_collision,Manual_entry,1.16686,49.05964,True,2016-06-03,15,45,15:45,Afternoon,False,Summer,2.0,0.0,4.0,other,Variable_assignment,Unknown,Flat,Straight,Normal,Unknown,On_road,Not_near_school,A01,Same_direction,Car(Quad/Passenger),Pedestrian,Front_right,Straight_ahead,0,1969.0,Male,Driver,Uninjured,Driver_seat,Shopping,Not_pedestrian,Unknown,Not_pedestrian,Seat_belt,Used,Not a holiday,0
1277,201600000787,2016,8,13,Daylight,Out_of_agglomeration,Out_of_intersection,Normal,Side_two_vehicles,Manual_entry,1.21576,49.2188,True,2016-08-13,11,0,11:00,Morning,True,Summer,2.0,0.0,7.0,Departmental_road,Bidirectional,Unknown,Flat,Straight,Normal,Unknown,On_road,Not_near_school,B02,Other/Unknown,Car(Quad/Passenger),Cyclist,Left_side,Roundabout,0,1967.0,Male,Driver,Uninjured,Driver_seat,Leisure,Not_pedestrian,Unknown,Not_pedestrian,Seat_belt,Used,Not a holiday,0
1278,201600000787,2016,8,13,Daylight,Out_of_agglomeration,Out_of_intersection,Normal,Side_two_vehicles,Manual_entry,1.21576,49.2188,True,2016-08-13,11,0,11:00,Morning,True,Summer,2.0,0.0,7.0,Departmental_road,Bidirectional,Unknown,Flat,Straight,Normal,Unknown,On_road,Not_near_school,A01,Opposite_direction,Motorcycle,Cyclist,Front,Straight_ahead,0,1967.0,Male,Driver,Killed,Driver_seat,Home-work,Not_pedestrian,Unknown,Not_pedestrian,Helmet,Used,Not a holiday,0
1279,201600000788,2016,8,15,Daylight,Built_up_area,Intersection_T,Normal,Side_two_vehicles,Manual_entry,1.15391,49.14929,True,2016-08-15,17,0,17:00,Evening,False,Summer,1.0,0.0,7.0,Departmental_road,Bidirectional,Unknown,Flat,Straight,Normal,Unknown,On_road,Not_near_school,A01,Other/Unknown,Motorcycle,Cyclist,Front,Interaction,0,1999.0,Male,Driver,Injured_Hospitalized,Driver_seat,Leisure,Not_pedestrian,Unknown,Not_pedestrian,Helmet,Used,Assumption of Mary to Heaven,1
1280,201600000788,2016,8,15,Daylight,Built_up_area,Intersection_T,Normal,Side_two_vehicles,Manual_entry,1.15391,49.14929,True,2016-08-15,17,0,17:00,Evening,False,Summer,1.0,0.0,7.0,Departmental_road,Bidirectional,Unknown,Flat,Straight,Normal,Unknown,On_road,Not_near_school,B02,Other/Unknown,Car(Quad/Passenger),Cyclist,Front_left,Roundabout,0,1950.0,Female,Driver,Uninjured,Driver_seat,Leisure,Not_pedestrian,Unknown,Not_pedestrian,Seat_belt,Used,Assumption of Mary to Heaven,1
1281,201600000789,2016,9,8,Daylight,Out_of_agglomeration,Out_of_intersection,Normal,Multiple_three_plus,Manual_entry,1.09866,49.19058,True,2016-09-08,17,0,17:00,Evening,False,Autumn,2.0,0.0,8.0,Departmental_road,Bidirectional,Unknown,Flat,Straight,Normal,Unknown,On_road,Not_near_school,A01,Opposite_direction,Car(Quad/Passenger),Cyclist,Right_side,Avoiding_obstacle,0,1945.0,Male,Driver,Uninjured,Driver_seat,Leisure,Not_pedestrian,Unknown,Not_pedestrian,Seat_belt,Used,Not a holiday,0
1282,201600000789,2016,9,8,Daylight,Out_of_agglomeration,Out_of_intersection,Normal,Multiple_three_plus,Manual_entry,1.09866,49.19058,True,2016-09-08,17,0,17:00,Evening,False,Autumn,2.0,0.0,8.0,Departmental_road,Bidirectional,Unknown,Flat,Straight,Normal,Unknown,On_road,Not_near_school,B02,Other/Unknown,Car(Quad/Passenger),Cyclist,Front_left,Straight_ahead,0,1945.0,Male,Driver,Uninjured,Driver_seat,Leisure,Not_pedestrian,Unknown,Not_pedestrian,Seat_belt,Used,Not a holiday,0
1283,201600000789,2016,9,8,Daylight,Out_of_agglomeration,Out_of_intersection,Normal,Multiple_three_plus,Manual_entry,1.09866,49.19058,True,2016-09-08,17,0,17:00,Evening,False,Autumn,2.0,0.0,8.0,Departmental_road,Bidirectional,Unknown,Flat,Straight,Normal,Unknown,On_road,Not_near_school,C03,Other/Unknown,Motorcycle,Cyclist,Front,Interaction,0,1974.0,Male,Driver,Injured_Hospitalized,Driver_seat,Home-work,Not_pedestrian,Unknown,Not_pedestrian,Helmet,Used,Not a holiday,0
1284,201600000790,2016,10,13,Daylight,Out_of_agglomeration,Intersection_X,Normal,Side_two_vehicles,Manual_entry,,,False,2016-10-13,10,45,10:45,Morning,False,Autumn,2.0,0.0,540.0,Departmental_road,Bidirectional,Unknown,Flat,Straight,Normal,Unknown,On_road,Not_near_school,B02,Other/Unknown,Car(Quad/Passenger),Cyclist,Right_side,Straight_ahead,0,1980.0,Female,Driver,Injured_Hospitalized,Driver_seat,Professional use,Not_pedestrian,Unknown,Not_pedestrian,Seat_belt,Used,Not a holiday,0
1285,201600000790,2016,10,13,Daylight,Out_of_agglomeration,Intersection_X,Normal,Side_two_vehicles,Manual_entry,,,False,2016-10-13,10,45,10:45,Morning,False,Autumn,2.0,0.0,540.0,Departmental_road,Bidirectional,Unknown,Flat,Straight,Normal,Unknown,On_road,Not_near_school,A01,Same_direction,Car(Quad/Passenger),Cyclist,Front_right,Straight_ahead,0,1981.0,Male,Driver,Uninjured,Driver_seat,Leisure,Not_pedestrian,Unknown,Not_pedestrian,Seat_belt,Used,Not a holiday,0
1286,201600000791,2016,11,14,Daylight,Out_of_agglomeration,Out_of_intersection,Normal,Other_collision,Manual_entry,1.20007,49.17306,True,2016-11-14,17,30,17:30,Evening,False,Autumn,2.0,0.0,0.0,Departmental_road,Bidirectional,Unknown,Slope,Curve_left,Wet,Unknown,Unknown,Not_near_school,A01,Other/Unknown,Car(Quad/Passenger),Train,Front,Straight_ahead,0,1969.0,Male,Driver,Injured_Hospitalized,Driver_seat,Home-work,Not_pedestrian,Unknown,Not_pedestrian,Seat_belt,Used,Not a holiday,0
1287,201600000792,2016,10,3,Daylight,Out_of_agglomeration,Out_of_intersection,Normal,Other_collision,Manual_entry,1.38943,48.86673,True,2016-10-03,14,0,14:00,Afternoon,False,Autumn,2.0,0.0,52.0,Departmental_road,Bidirectional,Unknown,Flat,Curve_left,Unknown,Unknown,On_verge,Unknown,A01,Other/Unknown,Car(Quad/Passenger),None,Front,Straight_ahead,0,1986.0,Female,Driver,Injured_Hospitalized,Driver_seat,Shopping,Not_pedestrian,Unknown,Not_pedestrian,Seat_belt,Used,Not a holiday,0
1288,201600000793,2016,1,10,Night_without_public_lighting,Out_of_agglomeration,Intersection_X,Normal,Side_two_vehicles,Manual_entry,1.25751,49.1826,True,2016-01-10,1,45,01:45,Night,True,Winter,2.0,0.0,5.0,Departmental_road,Bidirectional,Reserved_channel,Unknown,Straight,Unknown,Roundabout,On_road,Not_near_school,B02,Other/Unknown,Car(Quad/Passenger),Cyclist,Front_left,Straight_ahead,0,1989.0,Female,Driver,Injured_Slight,Driver_seat,Leisure,Not_pedestrian,Unknown,Not_pedestrian,Seat_belt,Used,Not a holiday,0
1289,201600000793,2016,1,10,Night_without_public_lighting,Out_of_agglomeration,Intersection_X,Normal,Side_two_vehicles,Manual_entry,1.25751,49.1826,True,2016-01-10,1,45,01:45,Night,True,Winter,2.0,0.0,5.0,Departmental_road,Bidirectional,Reserved_channel,Unknown,Straight,Unknown,Roundabout,On_road,Not_near_school,A01,Opposite_direction,Car(Quad/Passenger),Cyclist,Front,Roundabout,0,1997.0,Male,Driver,Injured_Slight,Driver_seat,Leisure,Not_pedestrian,Unknown,Not_pedestrian,Seat_belt,Used,Not a holiday,0
1290,201600000794,2016,1,14,Daylight,Out_of_agglomeration,Out_of_intersection,Cloudy,Frontal_two_vehicles,Manual_entry,1.29509,49.1083,True,2016-01-14,12,15,12:15,Afternoon,False,Winter,0.0,707.0,657.0,Departmental_road,Bidirectional,Unknown,Flat,Curve_left,Wet,Unknown,On_road,Not_near_school,A01,Other/Unknown,Utility(Truck/Agri),Cyclist,Right_side,Avoiding_obstacle,0,1995.0,Male,Driver,Injured_Slight,Driver_seat,Professional use,Not_pedestrian,Unknown,Not_pedestrian,Seat_belt,Used,Not a holiday,0
1291,201600000794,2016,1,14,Daylight,Out_of_agglomeration,Out_of_intersection,Cloudy,Frontal_two_vehicles,Manual_entry,1.29509,49.1083,True,2016-01-14,12,15,12:15,Afternoon,False,Winter,0.0,707.0,657.0,Departmental_road,Bidirectional,Unknown,Flat,Curve_left,Wet,Unknown,On_road,Not_near_school,B02,Opposite_direction,Car(Quad/Passenger),Cyclist,Right_side,Straight_ahead,0,1983.0,Male,Driver,Injured_Slight,Driver_seat,other,Not_pedestrian,Unknown,Not_pedestrian,Seat_belt,Used,Not a holiday,0
1292,201600000795,2016,4,11,Daylight,Out_of_agglomeration,Intersection_X,Normal,Side_two_vehicles,Manual_entry,1.22184,49.07176,True,2016-04-11,10,45,10:45,Morning,False,Spring,0.0,0.0,0.0,Departmental_road,Bidirectional,Reserved_channel,Unknown,Straight,Unknown,Unknown,On_road,Not_near_school,B02,Opposite_direction,Car(Quad/Passenger),Cyclist,Front,Straight_ahead,0,1993.0,Male,Driver,Injured_Hospitalized,Driver_seat,Leisure,Not_pedestrian,Unknown,Not_pedestrian,Seat_belt,Used,Not a holiday,0
1293,201600000795,2016,4,11,Daylight,Out_of_agglomeration,Intersection_X,Normal,Side_two_vehicles,Manual_entry,1.22184,49.07176,True,2016-04-11,10,45,10:45,Morning,False,Spring,0.0,0.0,0.0,Departmental_road,Bidirectional,Reserved_channel,Unknown,Straight,Unknown,Unknown,On_road,Not_near_school,A01,Opposite_direction,Motorcycle,Cyclist,Front,Straight_ahead,0,1959.0,Male,Driver,Uninjured,Driver_seat,Professional use,Not_pedestrian,Unknown,Not_pedestrian,Seat_belt,Used,Not a holiday,0
1294,201600000796,2016,5,3,Daylight,Built_up_area,Intersection_T,Normal,Side_two_vehicles,Manual_entry,1.28885,49.08885,True,2016-05-03,17,15,17:15,Evening,False,Spring,2.0,0.0,5.0,Departmental_road,Bidirectional,Unknown,Unknown,Straight,Normal,Unknown,On_road,Not_near_school,A01,Same_direction,Motorcycle,Cyclist,Front,Straight_ahead,0,1986.0,Male,Driver,Injured_Slight,Driver_seat,Home-work,Not_pedestrian,Unknown,Not_pedestrian,Helmet,Used,Not a holiday,0
1295,201600000796,2016,5,3,Daylight,Built_up_area,Intersection_T,Normal,Side_two_vehicles,Manual_entry,1.28885,49.08885,True,2016-05-03,17,15,17:15,Evening,False,Spring,2.0,0.0,5.0,Departmental_road,Bidirectional,Unknown,Unknown,Straight,Normal,Unknown,On_road,Not_near_school,B01,Same_direction,Car(Quad/Passenger),Cyclist,Rear,Park/Start/Stop,0,1979.0,Male,Driver,Uninjured,Driver_seat,Home-work,Not_pedestrian,Unknown,Not_pedestrian,Seat_belt,Used,Not a holiday,0
1296,201600000797,2016,5,5,Night_without_public_lighting,Out_of_agglomeration,Intersection_Y,Normal,Frontal_two_vehicles,Manual_entry,1.31004,49.12021,True,2016-05-05,22,15,22:15,Night,False,Spring,2.0,0.0,7.0,Departmental_road,Bidirectional,Unknown,Flat,Curve_left,Normal,Unknown,On_road,Not_near_school,A01,Same_direction,Car(Quad/Passenger),Cyclist,Front_right,Roundabout,0,1974.0,Male,Driver,Uninjured,Driver_seat,Leisure,Not_pedestrian,Unknown,Not_pedestrian,Seat_belt,Used,Ascension Thursday,1
1297,201600000797,2016,5,5,Night_without_public_lighting,Out_of_agglomeration,Intersection_Y,Normal,Frontal_two_vehicles,Manual_entry,1.31004,49.12021,True,2016-05-05,22,15,22:15,Night,False,Spring,2.0,0.0,7.0,Departmental_road,Bidirectional,Unknown,Flat,Curve_left,Normal,Unknown,On_road,Not_near_school,B01,Other/Unknown,Motorcycle,Cyclist,Front,Straight_ahead,0,1973.0,Male,Driver,Injured_Hospitalized,Driver_seat,Leisure,Not_pedestrian,Unknown,Not_pedestrian,Helmet,Used,Ascension Thursday,1
1298,201600000798,2016,6,4,Twilight_or_dawn,Out_of_agglomeration,Intersection_X,Normal,Side_two_vehicles,Manual_entry,1.36358,49.15404,True,2016-06-04,4,30,04:30,Night,True,Summer,3.0,0.0,0.0,Departmental_road,Bidirectional,Reserved_channel,Hill_bottom,Straight,Normal,Roundabout,On_road,Unknown,A01,Same_direction,Car(Quad/Passenger),Cyclist,Front,Straight_ahead,0,1975.0,Male,Driver,Uninjured,Driver_seat,Home-work,Not_pedestrian,Unknown,Not_pedestrian,Seat_belt,Used,Not a holiday,0
1299,201600000798,2016,6,4,Twilight_or_dawn,Out_of_agglomeration,Intersection_X,Normal,Side_two_vehicles,Manual_entry,1.36358,49.15404,True,2016-06-04,4,30,04:30,Night,True,Summer,3.0,0.0,0.0,Departmental_road,Bidirectional,Reserved_channel,Hill_bottom,Straight,Normal,Roundabout,On_road,Unknown,B02,Same_direction,Motorcycle,Cyclist,Right_side,Roundabout,0,1991.0,Male,Driver,Injured_Hospitalized,Driver_seat,other,Not_pedestrian,Unknown,Not_pedestrian,Seat_belt,Used,Not a holiday,0
1300,201600000799,2016,7,25,Daylight,Out_of_agglomeration,Out_of_intersection,Cloudy,No_collision,Manual_entry,1.34934,49.14119,True,2016-07-25,14,30,14:30,Afternoon,False,Summer,0.0,0.0,0.0,Departmental_road,Bidirectional,Unknown,Slope,Curve_right,Normal,Unknown,On_road,Unknown,A01,Other/Unknown,Car(Quad/Passenger),None,Front_left,Avoiding_obstacle,0,1948.0,Female,Driver,Uninjured,Driver_seat,other,Not_pedestrian,Unknown,Not_pedestrian,Seat_belt,Used,Not a holiday,0
1301,201600000800,2016,10,8,Daylight,Out_of_agglomeration,Other,Normal,Frontal_two_vehicles,Manual_entry,1.31135,49.12855,True,2016-10-08,11,30,11:30,Morning,True,Autumn,1.0,0.0,7.0,Departmental_road,Bidirectional,Unknown,Flat,S-bend,Normal,Unknown,On_road,Not_near_school,A01,Same_direction,Motorcycle,Cyclist,Front,Avoiding_obstacle,0,1966.0,Male,Driver,Injured_Hospitalized,Driver_seat,Leisure,Not_pedestrian,Unknown,Not_pedestrian,Helmet,Used,Not a holiday,0
1302,201600000800,2016,10,8,Daylight,Out_of_agglomeration,Other,Normal,Frontal_two_vehicles,Manual_entry,1.31135,49.12855,True,2016-10-08,11,30,11:30,Morning,True,Autumn,1.0,0.0,7.0,Departmental_road,Bidirectional,Unknown,Flat,S-bend,Normal,Unknown,On_road,Not_near_school,B02,Same_direction,Car(Quad/Passenger),Cyclist,Front,Straight_ahead,0,1965.0,Male,Driver,Injured_Slight,Driver_seat,Leisure,Not_pedestrian,Unknown,Not_pedestrian,Seat_belt,Used,Not a holiday,0
1303,201600000801,2016,11,15,Night_without_public_lighting,Out_of_agglomeration,Out_of_intersection,Normal,Frontal_two_vehicles,Manual_entry,1.26467,49.08606,True,2016-11-15,20,30,20:30,Evening,False,Autumn,0.0,0.0,0.0,Departmental_road,Bidirectional,Unknown,Flat,Curve_left,Wet,Unknown,On_road,Not_near_school,B02,Other/Unknown,Car(Quad/Passenger),Cyclist,Front,Straight_ahead,0,1971.0,Male,Driver,Uninjured,Driver_seat,Home-work,Not_pedestrian,Unknown,Not_pedestrian,Seat_belt,Used,Not a holiday,0
1304,201600000801,2016,11,15,Night_without_public_lighting,Out_of_agglomeration,Out_of_intersection,Normal,Frontal_two_vehicles,Manual_entry,1.26467,49.08606,True,2016-11-15,20,30,20:30,Evening,False,Autumn,0.0,0.0,0.0,Departmental_road,Bidirectional,Unknown,Flat,Curve_left,Wet,Unknown,On_road,Not_near_school,A01,Opposite_direction,Car(Quad/Passenger),Cyclist,Front,Avoiding_obstacle,0,1959.0,Male,Driver,Injured_Hospitalized,Driver_seat,Leisure,Not_pedestrian,Unknown,Not_pedestrian,Seat_belt,Used,Not a holiday,0
1305,201600000802,2016,12,10,Daylight,Out_of_agglomeration,Intersection_T,Normal,Side_two_vehicles,Manual_entry,1.34687,49.15773,True,2016-12-10,8,15,08:15,Morning,True,Winter,2.0,0.0,0.0,Departmental_road,Bidirectional,Unknown,Flat,Straight,Normal,Roundabout,On_road,Not_near_school,B02,Same_direction,Car(Quad/Passenger),Cyclist,Right_side,Loss_of_control,0,1932.0,Male,Driver,Uninjured,Driver_seat,Shopping,Not_pedestrian,Unknown,Not_pedestrian,Seat_belt,Used,Not a holiday,0
1306,201600000802,2016,12,10,Daylight,Out_of_agglomeration,Intersection_T,Normal,Side_two_vehicles,Manual_entry,1.34687,49.15773,True,2016-12-10,8,15,08:15,Morning,True,Winter,2.0,0.0,0.0,Departmental_road,Bidirectional,Unknown,Flat,Straight,Normal,Roundabout,On_road,Not_near_school,A01,Opposite_direction,Motorcycle,Cyclist,Front,Straight_ahead,0,2000.0,Male,Driver,Injured_Hospitalized,Driver_seat,other,Not_pedestrian,Unknown,Not_pedestrian,Helmet,Used,Not a holiday,0
1307,201600000803,2016,1,11,Night_with_public_lighting_on,Out_of_agglomeration,Out_of_intersection,Light_rain,Side_two_vehicles,Manual_entry,1.0806,49.29974,True,2016-01-11,20,0,20:00,Evening,False,Winter,0.0,0.0,700.0,Departmental_road,Bidirectional,Unknown,Unknown,Straight,Wet,Unknown,On_road,Not_near_school,A01,Other/Unknown,Car(Quad/Passenger),Cyclist,Left_side,Avoiding_obstacle,0,1989.0,Female,Driver,Injured_Hospitalized,Driver_seat,Leisure,Not_pedestrian,Unknown,Not_pedestrian,Seat_belt,Used,Not a holiday,0
1308,201600000803,2016,1,11,Night_with_public_lighting_on,Out_of_agglomeration,Out_of_intersection,Light_rain,Side_two_vehicles,Manual_entry,1.0806,49.29974,True,2016-01-11,20,0,20:00,Evening,False,Winter,0.0,0.0,700.0,Departmental_road,Bidirectional,Unknown,Unknown,Straight,Wet,Unknown,On_road,Not_near_school,B02,Opposite_direction,Car(Quad/Passenger),Cyclist,Front,Straight_ahead,0,1979.0,Male,Driver,Injured_Hospitalized,Driver_seat,Home-work,Not_pedestrian,Unknown,Not_pedestrian,Seat_belt,Used,Not a holiday,0
1309,201600000804,2016,2,26,Night_without_public_lighting,Out_of_agglomeration,Out_of_intersection,Normal,Frontal_two_vehicles,Manual_entry,1.20033,49.29407,True,2016-02-26,18,45,18:45,Evening,False,Winter,2.0,0.0,6.0,Departmental_road,Bidirectional,Unknown,Flat,Curve_right,Normal,Unknown,On_road,Not_near_school,A01,Opposite_direction,Motorcycle,Cyclist,Right_side,Avoiding_obstacle,0,1996.0,Female,Driver,Injured_Hospitalized,Driver_seat,Leisure,Not_pedestrian,Unknown,Not_pedestrian,Helmet,Used,Not a holiday,0
1310,201600000804,2016,2,26,Night_without_public_lighting,Out_of_agglomeration,Out_of_intersection,Normal,Frontal_two_vehicles,Manual_entry,1.20033,49.29407,True,2016-02-26,18,45,18:45,Evening,False,Winter,2.0,0.0,6.0,Departmental_road,Bidirectional,Unknown,Flat,Curve_right,Normal,Unknown,On_road,Not_near_school,B02,Other/Unknown,Car(Quad/Passenger),Cyclist,Right_side,Straight_ahead,0,1996.0,Female,Driver,Uninjured,Driver_seat,Leisure,Not_pedestrian,Unknown,Not_pedestrian,Seat_belt,Used,Not a holiday,0