,accident_id,year,month,day,lighting_label,urban_label,intersection_label,weather_label,collision_label,gps_label,longitude_num,latitude_num,valid_geo,date,hour,minute,time_hhmm,time_of_day,is_weekend,season,num_lanes,pedestrian_crossing_width,road_width,road_category_label,traffic_regime_label,reserved_lane_label,road_profile_label,road_layout_label,surface_condition_label,infrastructure_label,situation_label,school_zone_label,vehicle_id,traffic_direction_label,vehicle_category_label,mobile_obstacle_label,impact_point_label,manoeuvre_label,occupants_group,birth_year,sex_label,user_category_label,injury_severity_label,seat_position_label,journey_purpose_label,pedestrian_location_label,pedestrian_action_label,pedestrian_state_label,safety_equipment_type,safety_equipment_usage,holiday_name,is_holiday
1311,201600000805,2016,4,3,Daylight,Out_of_agglomeration,Out_of_intersection,Normal,Other_collision,Manual_entry,1.20833,49.29793,True,2016-04-03,16,30,16:30,Afternoon,True,Spring,2.0,0.0,60.0,Departmental_road,Bidirectional,Unknown,Flat,Straight,Normal,Unknown,On_road,Not_near_school,B02,Opposite_direction,Cycle,Cyclist,Left_side,Loss_of_control,0,2003.0,Female,Driver,Injured_Hospitalized,Driver_seat,Leisure,Not_pedestrian,Unknown,Not_pedestrian,Helmet,Used,Not a holiday,0
1312,201600000805,2016,4,3,Daylight,Out_of_agglomeration,Out_of_intersection,Normal,Other_collision,Manual_entry,1.20833,49.29793,True,2016-04-03,16,30,16:30,Afternoon,True,Spring,2.0,0.0,60.0,Departmental_road,Bidirectional,Unknown,Flat,Straight,Normal,Unknown,On_road,Not_near_school,A01,Opposite_direction,Car(Quad/Passenger),Cyclist,Front,Straight_ahead,0,1997.0,Male,Driver,Uninjured,Driver_seat,Leisure,Not_pedestrian,Unknown,Not_pedestrian,Seat_belt,Used,Not a holiday,0
1313,201600000806,2016,5,6,Daylight,Out_of_agglomeration,Intersection_X,Normal,Frontal_two_vehicles,Manual_entry,1.0786,49.29904,True,2016-05-06,17,15,17:15,Evening,False,Spring,2.0,0.0,670.0,Departmental_road,Bidirectional,Unknown,Flat,Straight,Normal,Unknown,On_road,Not_near_school,A01,Other/Unknown,Car(Quad/Passenger),Cyclist,Front,Roundabout,0,1996.0,Male,Driver,Uninjured,Driver_seat,Leisure,Not_pedestrian,Unknown,Not_pedestrian,Seat_belt,Used,Not a holiday,0
1314,201600000806,2016,5,6,Daylight,Out_of_agglomeration,Intersection_X,Normal,Frontal_two_vehicles,Manual_entry,1.0786,49.29904,True,2016-05-06,17,15,17:15,Evening,False,Spring,2.0,0.0,670.0,Departmental_road,Bidirectional,Unknown,Flat,Straight,Normal,Unknown,On_road,Not_near_school,B01,Opposite_direction,Motorcycle,Cyclist,Front,Straight_ahead,0,1983.0,Male,Driver,Injured_Hospitalized,Driver_seat,Leisure,Not_pedestrian,Unknown,Not_pedestrian,Helmet,Used,Not a holiday,0
1315,201600000807,2016,7,27,Daylight,Out_of_agglomeration,Out_of_intersection,Normal,No_collision,Manual_entry,1.10357,49.25158,True,2016-07-27,7,30,07:30,Morning,False,Summer,2.0,0.0,7.0,Departmental_road,Bidirectional,Unknown,Flat,Unknown,Other,Unknown,On_road,Not_near_school,A01,Other/Unknown,Car(Quad/Passenger),None,Front_right,Straight_ahead,0,1991.0,Female,Driver,Injured_Hospitalized,Driver_seat,Home-work,Not_pedestrian,Unknown,Not_pedestrian,Seat_belt,Used,Not a holiday,0
1316,201600000808,2016,8,16,Daylight,Out_of_agglomeration,Intersection_Y,Normal,Side_two_vehicles,Manual_entry,1.11898,49.23869,True,2016-08-16,18,30,18:30,Evening,False,Summer,2.0,0.0,0.0,Departmental_road,Bidirectional,Unknown,Flat,Straight,Normal,Unknown,On_road,Not_near_school,B02,Opposite_direction,Motorcycle,Cyclist,Rear_left,Roundabout,0,1996.0,Female,Driver,Injured_Hospitalized,Driver_seat,Home-work,Not_pedestrian,Unknown,Not_pedestrian,Helmet,Used,Not a holiday,0
1317,201600000808,2016,8,16,Daylight,Out_of_agglomeration,Intersection_Y,Normal,Side_two_vehicles,Manual_entry,1.11898,49.23869,True,2016-08-16,18,30,18:30,Evening,False,Summer,2.0,0.0,0.0,Departmental_road,Bidirectional,Unknown,Flat,Straight,Normal,Unknown,On_road,Not_near_school,A01,Opposite_direction,Car(Quad/Passenger),Cyclist,Front_right,other,0,1986.0,Female,Driver,Uninjured,Driver_seat,Home-work,Not_pedestrian,Unknown,Not_pedestrian,Seat_belt,Used,Not a holiday,0
1318,201600000809,2016,10,11,Daylight,Built_up_area,Out_of_intersection,Normal,Other_collision,Manual_entry,1.15943,49.30388,True,2016-10-11,18,45,18:45,Evening,False,Autumn,2.0,0.0,0.0,Departmental_road,Bidirectional,Unknown,Flat,Unknown,Normal,Unknown,On_road,Not_near_school,A01,Other/Unknown,Car(Quad/Passenger),Pedestrian,Front,Straight_ahead,0,1995.0,Female,Driver,Uninjured,Driver_seat,Home-work,Not_pedestrian,Unknown,Not_pedestrian,Seat_belt,Used,Not a holiday,0
1319,201600000810,2016,11,9,Night_without_public_lighting,Out_of_agglomeration,Out_of_intersection,Light_rain,Other_collision,Manual_entry,1.04924,49.2423,True,2016-11-09,1,45,01:45,Night,False,Autumn,0.0,0.0,0.0,Departmental_road,Bidirectional,Unknown,Flat,Straight,Wet,Unknown,On_road,Not_near_school,A01,Opposite_direction,Car(Quad/Passenger),Cyclist,Front,Straight_ahead,0,1997.0,Male,Driver,Uninjured,Driver_seat,Leisure,Not_pedestrian,Unknown,Not_pedestrian,Seat_belt,Used,Not a holiday,0
1320,201600000811,2016,11,23,Twilight_or_dawn,Out_of_agglomeration,Out_of_intersection,Cloudy,Other_collision,Manual_entry,1.2001,49.28943,True,2016-11-23,16,45,16:45,Afternoon,False,Autumn,2.0,0.0,745.0,Departmental_road,Bidirectional,Unknown,Flat,Curve_left,Normal,Unknown,On_verge,Not_near_school,A01,Other/Unknown,Car(Quad/Passenger),None,Front_right,Straight_ahead,0,1982.0,Female,Driver,Injured_Slight,Driver_seat,Leisure,Not_pedestrian,Unknown,Not_pedestrian,Seat_belt,Used,Not a holiday,0
1321,201600000812,2016,12,16,Twilight_or_dawn,Built_up_area,Intersection_T,Normal,Other_collision,Manual_entry,1.20074,49.31073,True,2016-12-16,9,30,09:30,Morning,False,Winter,0.0,0.0,0.0,Departmental_road,Bidirectional,Unknown,Flat,Straight,Normal,Unknown,On_road,Not_near_school,A01,Other/Unknown,Cycle,Cyclist,Front_right,Straight_ahead,0,1971.0,Female,Driver,Injured_Slight,Driver_seat,Home-work,Not_pedestrian,Unknown,Not_pedestrian,Helmet,Not_used,Not a holiday,0
1322,201600000812,2016,12,16,Twilight_or_dawn,Built_up_area,Intersection_T,Normal,Other_collision,Manual_entry,1.20074,49.31073,True,2016-12-16,9,30,09:30,Morning,False,Winter,0.0,0.0,0.0,Departmental_road,Bidirectional,Unknown,Flat,Straight,Normal,Unknown,On_road,Not_near_school,B02,Opposite_direction,Motorcycle,other,Left_side,Roundabout,0,1970.0,Female,Driver,Uninjured,Driver_seat,Home-work,Not_pedestrian,Unknown,Not_pedestrian,Seat_belt,Used,Not a holiday,0
1323,201600000813,2016,1,14,Night_without_public_lighting,Out_of_agglomeration,Out_of_intersection,Heavy_rain,Frontal_two_vehicles,Manual_entry,1.08042,49.04176,True,2016-01-14,7,15,07:15,Morning,False,Winter,3.0,0.0,10.0,Departmental_road,Bidirectional,Unknown,Flat,Straight,Wet,Unknown,On_road,Not_near_school,B02,Other/Unknown,Car(Quad/Passenger),Cyclist,Front,Straight_ahead,0,1956.0,Male,Driver,Uninjured,Driver_seat,Home-work,Not_pedestrian,Unknown,Not_pedestrian,Seat_belt,Used,Not a holiday,0
1324,201600000813,2016,1,14,Night_without_public_lighting,Out_of_agglomeration,Out_of_intersection,Heavy_rain,Frontal_two_vehicles,Manual_entry,1.08042,49.04176,True,2016-01-14,7,15,07:15,Morning,False,Winter,3.0,0.0,10.0,Departmental_road,Bidirectional,Unknown,Flat,Straight,Wet,Unknown,On_road,Not_near_school,A01,Opposite_direction,Car(Quad/Passenger),Cyclist,Front,Avoiding_obstacle,0,1995.0,Female,Driver,Injured_Hospitalized,Driver_seat,Home-work,Not_pedestrian,Unknown,Not_pedestrian,Seat_belt,Used,Not a holiday,0
1325,201600000814,2016,1,31,Daylight,Out_of_agglomeration,Other,Light_rain,Other_collision,Manual_entry,1.04904,49.24222,True,2016-01-31,12,45,12:45,Afternoon,True,Winter,2.0,0.0,0.0,Departmental_road,Bidirectional,Unknown,Unknown,Curve_left,Wet,Unknown,On_verge,Not_near_school,A01,Same_direction,Car(Quad/Passenger),None,Front_left,Straight_ahead,0,1987.0,Female,Driver,Injured_Hospitalized,Driver_seat,Home-work,Not_pedestrian,Unknown,Not_pedestrian,Seat_belt,Used,Not a holiday,0
1326,201600000815,2016,2,7,Daylight,Built_up_area,Intersection_X,Normal,Side_two_vehicles,Manual_entry,1.03623,49.21903,True,2016-02-07,15,0,15:00,Afternoon,True,Winter,2.0,0.0,0.0,Departmental_road,Bidirectional,Reserved_channel,Slope,Straight,Normal,Roundabout,On_road,Not_near_school,B02,Opposite_direction,Cycle,None,Front,Straight_ahead,0,1961.0,Male,Driver,Injured_Hospitalized,Driver_seat,Leisure,Not_pedestrian,Unknown,Not_pedestrian,Helmet,Used,Not a holiday,0
1327,201600000815,2016,2,7,Daylight,Built_up_area,Intersection_X,Normal,Side_two_vehicles,Manual_entry,1.03623,49.21903,True,2016-02-07,15,0,15:00,Afternoon,True,Winter,2.0,0.0,0.0,Departmental_road,Bidirectional,Reserved_channel,Slope,Straight,Normal,Roundabout,On_road,Not_near_school,A01,Opposite_direction,Car(Quad/Passenger),None,Front,Roundabout,0,1956.0,Female,Driver,Uninjured,Driver_seat,Leisure,Not_pedestrian,Unknown,Not_pedestrian,Seat_belt,Used,Not a holiday,0
1328,201600000816,2016,3,30,Daylight,Built_up_area,Roundabout,Normal,Other_collision,Manual_entry,0.94345,49.2187,True,2016-03-30,11,15,11:15,Morning,False,Spring,4.0,0.0,0.0,Departmental_road,Bidirectional,Unknown,Flat,Straight,Normal,Unknown,On_road,Not_near_school,B02,Same_direction,Cycle,None,Rear_right,Straight_ahead,0,1949.0,Male,Driver,Injured_Hospitalized,Driver_seat,Leisure,Not_pedestrian,Unknown,Not_pedestrian,Helmet,Used,Not a holiday,0
1329,201600000816,2016,3,30,Daylight,Built_up_area,Roundabout,Normal,Other_collision,Manual_entry,0.94345,49.2187,True,2016-03-30,11,15,11:15,Morning,False,Spring,4.0,0.0,0.0,Departmental_road,Bidirectional,Unknown,Flat,Straight,Normal,Unknown,On_road,Not_near_school,A01,Same_direction,Car(Quad/Passenger),Cyclist,Front,Straight_ahead,0,1936.0,Male,Driver,Uninjured,Driver_seat,Leisure,Not_pedestrian,Unknown,Not_pedestrian,Seat_belt,Used,Not a holiday,0
1330,201600000817,2016,6,15,Daylight,Out_of_agglomeration,Out_of_intersection,Cloudy,Frontal_two_vehicles,Manual_entry,0.89244,49.21363,True,2016-06-15,18,0,18:00,Evening,False,Summer,0.0,0.0,0.0,Communal_way,Bidirectional,Reserved_channel,Unknown,Curve_left,Unknown,Unknown,On_road,Not_near_school,A01,Opposite_direction,Car(Quad/Passenger),Cyclist,Front,Straight_ahead,0,1971.0,Male,Driver,Injured_Hospitalized,Driver_seat,Shopping,Not_pedestrian,Unknown,Not_pedestrian,Seat_belt,Used,Not a holiday,0
1331,201600000817,2016,6,15,Daylight,Out_of_agglomeration,Out_of_intersection,Cloudy,Frontal_two_vehicles,Manual_entry,0.89244,49.21363,True,2016-06-15,18,0,18:00,Evening,False,Summer,0.0,0.0,0.0,Communal_way,Bidirectional,Reserved_channel,Unknown,Curve_left,Unknown,Unknown,On_road,Not_near_school,B02,Opposite_direction,Car(Quad/Passenger),Cyclist,Front,Straight_ahead,0,1993.0,Female,Driver,Injured_Slight,Driver_seat,Shopping,Not_pedestrian,Unknown,Not_pedestrian,Seat_belt,Used,Not a holiday,0
1332,201600000818,2016,7,5,Daylight,Out_of_agglomeration,Intersection_X,Normal,Other_collision,Manual_entry,1.04166,49.11269,True,2016-07-05,8,15,08:15,Morning,False,Summer,2.0,0.0,5.0,Departmental_road,Bidirectional,Unknown,Flat,Straight,Normal,Unknown,On_road,Not_near_school,A01,Opposite_direction,Car(Quad/Passenger),Cyclist,Front,Straight_ahead,0,1992.0,Male,Driver,Uninjured,Driver_seat,Professional use,Not_pedestrian,Unknown,Not_pedestrian,Seat_belt,Used,Not a holiday,0
1333,201600000818,2016,7,5,Daylight,Out_of_agglomeration,Intersection_X,Normal,Other_collision,Manual_entry,1.04166,49.11269,True,2016-07-05,8,15,08:15,Morning,False,Summer,2.0,0.0,5.0,Departmental_road,Bidirectional,Unknown,Flat,Straight,Normal,Unknown,On_road,Not_near_school,B02,Other/Unknown,Car(Quad/Passenger),Cyclist,Front_left,Straight_ahead,0,1960.0,Male,Driver,Injured_Hospitalized,Driver_seat,Shopping,Not_pedestrian,Unknown,Not_pedestrian,Seat_belt,Used,Not a holiday,0
1334,201600000819,2016,7,16,Night_without_public_lighting,Out_of_agglomeration,Out_of_intersection,Normal,Multiple_three_plus,Manual_entry,0.9828,49.26665,True,2016-07-16,0,15,00:15,Night,True,Summer,0.0,0.0,0.0,Departmental_road,Bidirectional,Unknown,Unknown,Straight,Unknown,Unknown,On_road,Not_near_school,A01,Opposite_direction,Car(Quad/Passenger),Cyclist,Front,Straight_ahead,0,,,,,,,,,,,,Not a holiday,0
1335,201600000819,2016,7,16,Night_without_public_lighting,Out_of_agglomeration,Out_of_intersection,Normal,Multiple_three_plus,Manual_entry,0.9828,49.26665,True,2016-07-16,0,15,00:15,Night,True,Summer,0.0,0.0,0.0,Departmental_road,Bidirectional,Unknown,Unknown,Straight,Unknown,Unknown,On_road,Not_near_school,B02,Opposite_direction,Cycle,Cyclist,Rear_right,Straight_ahead,0,1989.0,Female,Driver,Injured_Hospitalized,Driver_seat,Leisure,Not_pedestrian,Unknown,Not_pedestrian,Reflective_equipment,Used,Not a holiday,0
1336,201600000819,2016,7,16,Night_without_public_lighting,Out_of_agglomeration,Out_of_intersection,Normal,Multiple_three_plus,Manual_entry,0.9828,49.26665,True,2016-07-16,0,15,00:15,Night,True,Summer,0.0,0.0,0.0,Departmental_road,Bidirectional,Unknown,Unknown,Straight,Unknown,Unknown,On_road,Not_near_school,C03,Opposite_direction,Cycle,Cyclist,Rear_right,Straight_ahead,0,1984.0,Female,Driver,Injured_Hospitalized,Driver_seat,Leisure,Not_pedestrian,Unknown,Not_pedestrian,Reflective_equipment,Used,Not a holiday,0
1337,201600000820,2016,8,8,Daylight,Built_up_area,Out_of_intersection,Normal,Frontal_two_vehicles,Manual_entry,0.9553,49.23714,True,2016-08-08,19,0,19:00,Evening,False,Summer,2.0,0.0,7.0,Departmental_road,Bidirectional,Unknown,Slope,S-bend,Unknown,Unknown,On_road,Not_near_school,B02,Other/Unknown,Car(Quad/Passenger),Cyclist,Front,Straight_ahead,0,1970.0,Female,Driver,Injured_Hospitalized,Driver_seat,Home-work,Not_pedestrian,Unknown,Not_pedestrian,Seat_belt,Used,Not a holiday,0
1338,201600000820,2016,8,8,Daylight,Built_up_area,Out_of_intersection,Normal,Frontal_two_vehicles,Manual_entry,0.9553,49.23714,True,2016-08-08,19,0,19:00,Evening,False,Summer,2.0,0.0,7.0,Departmental_road,Bidirectional,Unknown,Slope,S-bend,Unknown,Unknown,On_road,Not_near_school,A01,Opposite_direction,Car(Quad/Passenger),Cyclist,Front,Avoiding_obstacle,0,1997.0,Male,Driver,Injured_Hospitalized,Driver_seat,Home-work,Not_pedestrian,Unknown,Not_pedestrian,Seat_belt,Used,Not a holiday,0
1339,201600000821,2016,8,18,Daylight,Out_of_agglomeration,Out_of_intersection,Normal,No_collision,Manual_entry,0.93575,49.13563,True,2016-08-18,20,30,20:30,Evening,False,Summer,0.0,0.0,0.0,Departmental_road,Bidirectional,Unknown,Unknown,Straight,Unknown,Unknown,On_road,Not_near_school,A01,Opposite_direction,Car(Quad/Passenger),Cyclist,No_impact,Straight_ahead,0,1988.0,Female,Driver,Injured_Hospitalized,Driver_seat,Shopping,Not_pedestrian,Unknown,Not_pedestrian,Seat_belt,Used,Not a holiday,0
1340,201600000822,2016,9,15,Daylight,Out_of_agglomeration,Out_of_intersection,Normal,Frontal_two_vehicles,Manual_entry,0.82694,49.24475,True,2016-09-15,8,30,08:30,Morning,False,Autumn,0.0,0.0,0.0,Departmental_road,Bidirectional,Reserved_channel,Flat,Curve_right,Normal,Unknown,On_road,Not_near_school,A01,Opposite_direction,Car(Quad/Passenger),Cyclist,Front,other,0,1998.0,Male,Driver,Injured_Hospitalized,Driver_seat,Professional use,Not_pedestrian,Unknown,Not_pedestrian,Seat_belt,Used,Not a holiday,0
1341,201600000822,2016,9,15,Daylight,Out_of_agglomeration,Out_of_intersection,Normal,Frontal_two_vehicles,Manual_entry,0.82694,49.24475,True,2016-09-15,8,30,08:30,Morning,False,Autumn,0.0,0.0,0.0,Departmental_road,Bidirectional,Reserved_channel,Flat,Curve_right,Normal,Unknown,On_road,Not_near_school,B02,Other/Unknown,Utility(Truck/Agri),Cyclist,Front,Straight_ahead,0,1987.0,Male,Driver,Injured_Slight,Driver_seat,Professional use,Not_pedestrian,Unknown,Not_pedestrian,Seat_belt,Used,Not a holiday,0
1342,201600000823,2016,11,1,Night_without_public_lighting,Built_up_area,Other,Fog_or_smoke,Other_collision,Manual_entry,0.96762,49.14833,True,2016-11-01,4,0,04:00,Night,False,Autumn,2.0,0.0,0.0,Departmental_road,Bidirectional,Unknown,Flat,Straight,Normal,Bridge,On_road,Not_near_school,A01,Other/Unknown,Car(Quad/Passenger),None,Front_right,Straight_ahead,0,1992.0,Male,Driver,Injured_Hospitalized,Driver_seat,Leisure,Not_pedestrian,Unknown,Not_pedestrian,Seat_belt,Used,All Saints Day,1
1343,201600000824,2016,11,19,Night_without_public_lighting,Out_of_agglomeration,Out_of_intersection,Strong_wind_or_storm,Other_collision,Manual_entry,0.90956,49.10896,True,2016-11-19,21,45,21:45,Night,True,Autumn,3.0,0.0,10.0,Departmental_road,Bidirectional,Unknown,Flat,Straight,Wet,Unknown,On_verge,Not_near_school,A01,Other/Unknown,Car(Quad/Passenger),Pedestrian,Front,Straight_ahead,0,1993.0,Female,Driver,Uninjured,Driver_seat,Leisure,Not_pedestrian,Unknown,Not_pedestrian,Seat_belt,Used,Not a holiday,0
1344,201600000825,2016,2,1,Daylight,Out_of_agglomeration,Out_of_intersection,Normal,Other_collision,Manual_entry,0.42059,49.40475,True,2016-02-01,11,45,11:45,Morning,False,Winter,0.0,0.0,550.0,Communal_way,Bidirectional,Unknown,Unknown,Curve_left,Normal,Unknown,On_road,Not_near_school,A01,Opposite_direction,Car(Quad/Passenger),Cyclist,Right_side,Reversing,0,1974.0,Female,Driver,Injured_Hospitalized,Driver_seat,Shopping,Not_pedestrian,Unknown,Not_pedestrian,Seat_belt,Used,Not a holiday,0
1345,201600000825,2016,2,1,Daylight,Out_of_agglomeration,Out_of_intersection,Normal,Other_collision,Manual_entry,0.42059,49.40475,True,2016-02-01,11,45,11:45,Morning,False,Winter,0.0,0.0,550.0,Communal_way,Bidirectional,Unknown,Unknown,Curve_left,Normal,Unknown,On_road,Not_near_school,B02,Other/Unknown,Car(Quad/Passenger),Cyclist,Front_right,Straight_ahead,0,1983.0,Female,Driver,Injured_Slight,Driver_seat,Shopping,Not_pedestrian,Unknown,Not_pedestrian,Seat_belt,Used,Not a holiday,0
1346,201600000826,2016,2,12,Night_without_public_lighting,Out_of_agglomeration,Out_of_intersection,Normal,Other_collision,Manual_entry,0.34582,49.31695,True,2016-02-12,23,45,23:45,Night,False,Winter,2.0,0.0,0.0,Departmental_road,Bidirectional,Unknown,Unknown,Curve_right,Normal,Unknown,On_verge,Not_near_school,A01,Opposite_direction,Utility(Truck/Agri),None,Right_side,Straight_ahead,0,1979.0,Female,Driver,Injured_Hospitalized,Driver_seat,Unknown,Not_pedestrian,Unknown,Not_pedestrian,Seat_belt,Used,Not a holiday,0
1347,201600000827,2016,4,15,Daylight,Built_up_area,Out_of_intersection,Normal,Other_collision,Manual_entry,0.52289,49.34763,True,2016-04-15,10,0,10:00,Morning,False,Spring,0.0,0.0,0.0,Off_public_network,Unknown,Unknown,Unknown,Straight,Normal,Unknown,On_road,Not_near_school,A01,Same_direction,Car(Quad/Passenger),Pedestrian,Rear_right,Turning,0,1984.0,Male,Driver,Uninjured,Driver_seat,Leisure,Not_pedestrian,Unknown,Not_pedestrian,Seat_belt,Used,Not a holiday,0
1348,201600000828,2016,5,10,Daylight,Out_of_agglomeration,Out_of_intersection,Normal,Frontal_two_vehicles,Manual_entry,0.53037,49.3291,True,2016-05-10,9,45,09:45,Morning,False,Spring,0.0,0.0,6.0,Departmental_road,Bidirectional,Unknown,Slope,S-bend,Normal,Unknown,On_road,Not_near_school,A01,Same_direction,Car(Quad/Passenger),Cyclist,Front,Park/Start/Stop,0,1986.0,Female,Driver,Injured_Hospitalized,Driver_seat,Unknown,Not_pedestrian,Unknown,Not_pedestrian,Seat_belt,Undetermined,Not a holiday,0
1349,201600000828,2016,5,10,Daylight,Out_of_agglomeration,Out_of_intersection,Normal,Frontal_two_vehicles,Manual_entry,0.53037,49.3291,True,2016-05-10,9,45,09:45,Morning,False,Spring,0.0,0.0,6.0,Departmental_road,Bidirectional,Unknown,Slope,S-bend,Normal,Unknown,On_road,Not_near_school,B02,Same_direction,Utility(Truck/Agri),Cyclist,Front,Straight_ahead,0,1952.0,Female,Driver,Injured_Slight,Driver_seat,Unknown,Not_pedestrian,Unknown,Not_pedestrian,Seat_belt,Used,Not a holiday,0
1350,201600000829,2016,5,25,Daylight,Built_up_area,Intersection_X,Normal,Side_two_vehicles,Manual_entry,0.53026,49.35035,True,2016-05-25,16,45,16:45,Afternoon,False,Spring,,,,Communal_way,Unknown,Unknown,Unknown,Unknown,Unknown,Unknown,Unknown,Unknown,B01,Same_direction,Motorcycle,Cyclist,Front_left,Straight_ahead,0,1994.0,Female,Driver,Injured_Hospitalized,Driver_seat,Home-work,Not_pedestrian,Unknown,Not_pedestrian,Helmet,Used,Not a holiday,0
1351,201600000829,2016,5,25,Daylight,Built_up_area,Intersection_X,Normal,Side_two_vehicles,Manual_entry,0.53026,49.35035,True,2016-05-25,16,45,16:45,Afternoon,False,Spring,,,,Communal_way,Unknown,Unknown,Unknown,Unknown,Unknown,Unknown,Unknown,Unknown,A01,Same_direction,Car(Quad/Passenger),Cyclist,Front,Loss_of_control,0,1997.0,Female,Driver,Uninjured,Driver_seat,Unknown,Not_pedestrian,Unknown,Not_pedestrian,Seat_belt,Used,Not a holiday,0
1352,201600000830,2016,7,7,Daylight,Out_of_agglomeration,Out_of_intersection,Normal,Other_collision,Manual_entry,0.34466,49.32634,True,2016-07-07,13,0,13:00,Afternoon,False,Summer,0.0,0.0,5.0,Departmental_road,Bidirectional,Unknown,Flat,Straight,Other,Unknown,On_road,Not_near_school,A01,Other/Unknown,Car(Quad/Passenger),None,Front,Straight_ahead,0,1974.0,Female,Driver,Injured_Hospitalized,Driver_seat,Home-school,Not_pedestrian,Unknown,Not_pedestrian,Seat_belt,Used,Not a holiday,0
1353,201600000831,2016,7,17,Twilight_or_dawn,Built_up_area,Intersection_T,Normal,Other_collision,Manual_entry,0.47784,49.35917,True,2016-07-17,22,0,22:00,Night,True,Summer,2.0,0.0,6.0,Departmental_road,Bidirectional,Unknown,Flat,Straight,Normal,Unknown,On_road,Not_near_school,A01,Other/Unknown,Motorcycle,Cyclist,Left_side,Straight_ahead,0,1988.0,Male,Driver,Injured_Slight,Driver_seat,Leisure,Not_pedestrian,Unknown,Not_pedestrian,Helmet,Used,Not a holiday,0
1354,201600000831,2016,7,17,Twilight_or_dawn,Built_up_area,Intersection_T,Normal,Other_collision,Manual_entry,0.47784,49.35917,True,2016-07-17,22,0,22:00,Night,True,Summer,2.0,0.0,6.0,Departmental_road,Bidirectional,Unknown,Flat,Straight,Normal,Unknown,On_road,Not_near_school,B02,Same_direction,Car(Quad/Passenger),Cyclist,Front,Roundabout,0,1946.0,Male,Driver,Uninjured,Driver_seat,Leisure,Not_pedestrian,Unknown,Not_pedestrian,Seat_belt,Used,Not a holiday,0
1355,201600000832,2016,7,27,Night_without_public_lighting,Out_of_agglomeration,Out_of_intersection,Light_rain,No_collision,Manual_entry,0.52713,49.33471,True,2016-07-27,23,0,23:00,Night,False,Summer,2.0,0.0,650.0,Departmental_road,Bidirectional,Unknown,Hilltop,Curve_right,Normal,Unknown,On_verge,Not_near_school,A01,Opposite_direction,Motorcycle,None,Front,Straight_ahead,0,1999.0,Male,Driver,Injured_Slight,Driver_seat,Leisure,Not_pedestrian,Unknown,Not_pedestrian,Helmet,Used,Not a holiday,0
1356,201600000833,2016,9,17,Daylight,Out_of_agglomeration,Out_of_intersection,Light_rain,Other_collision,Manual_entry,0.60327,49.33332,True,2016-09-17,16,0,16:00,Afternoon,True,Autumn,1.0,0.0,0.0,Departmental_road,Bidirectional,Unknown,Flat,Straight,Wet,Unknown,On_road,Not_near_school,A01,Opposite_direction,Car(Quad/Passenger),Pedestrian,Front_right,other,0,1995.0,Female,Driver,Uninjured,Driver_seat,Leisure,Not_pedestrian,Unknown,Not_pedestrian,Seat_belt,Used,Not a holiday,0
1357,201600000834,2016,11,7,Daylight,Built_up_area,Out_of_intersection,Light_rain,Multiple_three_plus,Manual_entry,0.47933,49.35854,True,2016-11-07,8,0,08:00,Morning,False,Autumn,2.0,0.0,6.0,Departmental_road,Bidirectional,Unknown,Flat,Straight,Wet,Unknown,On_road,Not_near_school,C03,Other/Unknown,Car(Quad/Passenger),Cyclist,Right_side,Straight_ahead,0,1969.0,Female,Driver,Injured_Slight,Driver_seat,Home-work,Not_pedestrian,Unknown,Not_pedestrian,Seat_belt,Used,Not a holiday,0
1358,201600000834,2016,11,7,Daylight,Built_up_area,Out_of_intersection,Light_rain,Multiple_three_plus,Manual_entry,0.47933,49.35854,True,2016-11-07,8,0,08:00,Morning,False,Autumn,2.0,0.0,6.0,Departmental_road,Bidirectional,Unknown,Flat,Straight,Wet,Unknown,On_road,Not_near_school,A01,Opposite_direction,Car(Quad/Passenger),Cyclist,Right_side,Park/Start/Stop,0,1974.0,Female,Driver,Injured_Hospitalized,Driver_seat,Home-work,Not_pedestrian,Unknown,Not_pedestrian,Seat_belt,Used,Not a holiday,0
1359,201600000834,2016,11,7,Daylight,Built_up_area,Out_of_intersection,Light_rain,Multiple_three_plus,Manual_entry,0.47933,49.35854,True,2016-11-07,8,0,08:00,Morning,False,Autumn,2.0,0.0,6.0,Departmental_road,Bidirectional,Unknown,Flat,Straight,Wet,Unknown,On_road,Not_near_school,B02,Other/Unknown,Car(Quad/Passenger),Cyclist,Right_side,Straight_ahead,0,1986.0,Female,Driver,Injured_Slight,Driver_seat,Home-work,Not_pedestrian,Unknown,Not_pedestrian,Seat_belt,Used,Not a holiday,0
1360,201600000835,2016,11,20,Daylight,Built_up_area,Intersection_X,Normal,Side_two_vehicles,Manual_entry,0.52103,49.34902,True,2016-11-20,10,45,10:45,Morning,True,Autumn,2.0,650.0,650.0,Departmental_road,Bidirectional,Unknown,Flat,Straight,Normal,Unknown,On_road,Not_near_school,A01,Same_direction,Motorcycle,Cyclist,Front_left,Straight_ahead,0,1994.0,Female,Driver,Injured_Hospitalized,Driver_seat,Leisure,Not_pedestrian,Unknown,Not_pedestrian,Helmet,Used,Not a holiday,0