,accident_id,year,month,day,lighting_label,urban_label,intersection_label,weather_label,collision_label,gps_label,longitude_num,latitude_num,valid_geo,date,hour,minute,time_hhmm,time_of_day,is_weekend,season,num_lanes,pedestrian_crossing_width,road_width,road_category_label,traffic_regime_label,reserved_lane_label,road_profile_label,road_layout_label,surface_condition_label,infrastructure_label,situation_label,school_zone_label,vehicle_id,traffic_direction_label,vehicle_category_label,mobile_obstacle_label,impact_point_label,manoeuvre_label,occupants_group,birth_year,sex_label,user_category_label,injury_severity_label,seat_position_label,journey_purpose_label,pedestrian_location_label,pedestrian_action_label,pedestrian_state_label,safety_equipment_type,safety_equipment_usage,holiday_name,is_holiday
1361,201600000835,2016,11,20,Daylight,Built_up_area,Intersection_X,Normal,Side_two_vehicles,Manual_entry,0.52103,49.34902,True,2016-11-20,10,45,10:45,Morning,True,Autumn,2.0,650.0,650.0,Departmental_road,Bidirectional,Unknown,Flat,Straight,Normal,Unknown,On_road,Not_near_school,B02,Opposite_direction,Car(Quad/Passenger),Cyclist,Right_side,Roundabout,0,1972.0,Female,Driver,Uninjured,Driver_seat,Leisure,Not_pedestrian,Unknown,Not_pedestrian,Seat_belt,Used,Not a holiday,0
1362,201600000836,2016,11,22,Twilight_or_dawn,Built_up_area,Intersection_X,Normal,Other_collision,Manual_entry,0.52148,49.34751,True,2016-11-22,17,15,17:15,Evening,False,Autumn,2.0,0.0,100.0,Departmental_road,Bidirectional,Unknown,Flat,Straight,Normal,Unknown,On_road,Not_near_school,A01,Opposite_direction,Car(Quad/Passenger),Pedestrian,Front,Straight_ahead,0,1983.0,Female,Driver,Uninjured,Driver_seat,Shopping,Not_pedestrian,Unknown,Not_pedestrian,Seat_belt,Used,Not a holiday,0
1363,201600000837,2016,11,26,Daylight,Out_of_agglomeration,Out_of_intersection,Normal,Side_two_vehicles,Manual_entry,0.51149,49.33854,True,2016-11-26,11,30,11:30,Morning,True,Autumn,2.0,0.0,560.0,Departmental_road,Bidirectional,Unknown,Flat,Straight,Normal,Unknown,On_road,Not_near_school,B02,Opposite_direction,Car(Quad/Passenger),Cyclist,Front_right,Straight_ahead,0,1935.0,Female,Driver,Uninjured,Driver_seat,Leisure,Not_pedestrian,Unknown,Not_pedestrian,Seat_belt,Used,Not a holiday,0
1364,201600000837,2016,11,26,Daylight,Out_of_agglomeration,Out_of_intersection,Normal,Side_two_vehicles,Manual_entry,0.51149,49.33854,True,2016-11-26,11,30,11:30,Morning,True,Autumn,2.0,0.0,560.0,Departmental_road,Bidirectional,Unknown,Flat,Straight,Normal,Unknown,On_road,Not_near_school,A01,Opposite_direction,Cycle,Cyclist,Front,Park/Start/Stop,0,1939.0,Male,Driver,Killed,Driver_seat,Leisure,Not_pedestrian,Unknown,Not_pedestrian,Helmet,Used,Not a holiday,0
1365,201600000838,2016,2,13,Daylight,Out_of_agglomeration,Out_of_intersection,Heavy_rain,Rear_end_two_vehicles,Manual_entry,1.19897,49.23993,True,2016-02-13,12,30,12:30,Afternoon,True,Winter,2.0,0.0,65.0,Departmental_road,Bidirectional,Unknown,Flat,Straight,Wet,Unknown,On_road,Not_near_school,B02,Other/Unknown,Car(Quad/Passenger),None,Rear_right,other,0,1975.0,Female,Driver,Uninjured,Driver_seat,Leisure,Not_pedestrian,Unknown,Not_pedestrian,Seat_belt,Used,Not a holiday,0
1366,201600000838,2016,2,13,Daylight,Out_of_agglomeration,Out_of_intersection,Heavy_rain,Rear_end_two_vehicles,Manual_entry,1.19897,49.23993,True,2016-02-13,12,30,12:30,Afternoon,True,Winter,2.0,0.0,65.0,Departmental_road,Bidirectional,Unknown,Flat,Straight,Wet,Unknown,On_road,Not_near_school,A01,Other/Unknown,Car(Quad/Passenger),Cyclist,Front,Turning,0,1991.0,Female,Driver,Uninjured,Driver_seat,Leisure,Not_pedestrian,Unknown,Not_pedestrian,Seat_belt,Used,Not a holiday,0
1367,201600000839,2016,6,12,Night_without_public_lighting,Out_of_agglomeration,Out_of_intersection,Light_rain,Other_collision,Manual_entry,0.74989,49.32424,True,2016-06-12,2,0,02:00,Night,True,Summer,2.0,0.0,55.0,Departmental_road,Bidirectional,Unknown,Unknown,Curve_right,Wet,Unknown,On_road,Not_near_school,A01,Opposite_direction,Car(Quad/Passenger),None,Front,Straight_ahead,0,1986.0,Male,Driver,Injured_Hospitalized,Driver_seat,Leisure,Not_pedestrian,Unknown,Not_pedestrian,Seat_belt,Used,Not a holiday,0
1368,201600000840,2016,7,31,Daylight,Built_up_area,Out_of_intersection,Normal,Frontal_two_vehicles,Manual_entry,0.76539,49.35623,True,2016-07-31,12,0,12:00,Afternoon,True,Summer,2.0,0.0,0.0,Communal_way,Bidirectional,Unknown,Flat,Unknown,Normal,Roundabout,On_road,Not_near_school,B02,Same_direction,Car(Quad/Passenger),Cyclist,Front_right,Turning,0,1930.0,Male,Driver,Uninjured,Driver_seat,Leisure,Not_pedestrian,Unknown,Not_pedestrian,Seat_belt,Used,Not a holiday,0
1369,201600000840,2016,7,31,Daylight,Built_up_area,Out_of_intersection,Normal,Frontal_two_vehicles,Manual_entry,0.76539,49.35623,True,2016-07-31,12,0,12:00,Afternoon,True,Summer,2.0,0.0,0.0,Communal_way,Bidirectional,Unknown,Flat,Unknown,Normal,Roundabout,On_road,Not_near_school,A01,Same_direction,Car(Quad/Passenger),Cyclist,Left_side,Loss_of_control,0,1934.0,Male,Driver,Uninjured,Driver_seat,Leisure,Not_pedestrian,Unknown,Not_pedestrian,Seat_belt,Used,Not a holiday,0
1370,201600000841,2016,9,27,Daylight,Built_up_area,Out_of_intersection,Normal,Other_collision,Manual_entry,0.66492,49.38254,True,2016-09-27,17,30,17:30,Evening,False,Autumn,2.0,0.0,54.0,Departmental_road,Bidirectional,Unknown,Flat,S-bend,Normal,Unknown,On_verge,Unknown,A01,Same_direction,Motorcycle,None,Front,Straight_ahead,0,1988.0,Male,Driver,Injured_Hospitalized,Driver_seat,Home-work,Not_pedestrian,Unknown,Not_pedestrian,Helmet,Used,Not a holiday,0
1371,201600000842,2016,10,1,Daylight,Built_up_area,Out_of_intersection,Normal,Other_collision,Manual_entry,0.91589,49.37118,True,2016-10-01,15,15,15:15,Afternoon,True,Autumn,0.0,0.0,62.0,Departmental_road,Bidirectional,Unknown,Flat,Curve_left,Normal,Unknown,On_road,Not_near_school,A01,Other/Unknown,Motorcycle,Cyclist,Front,Turning,0,1994.0,Male,Driver,Injured_Hospitalized,Driver_seat,Leisure,Not_pedestrian,Unknown,Not_pedestrian,Helmet,Used,Not a holiday,0
1372,201600000843,2016,7,14,Night_without_public_lighting,Out_of_agglomeration,Out_of_intersection,Normal,Other_collision,Manual_entry,0.49743,49.24346,True,2016-07-14,23,15,23:15,Night,False,Summer,2.0,0.0,32.0,Communal_way,Bidirectional,Unknown,Hilltop,Straight,Normal,Unknown,On_road,Unknown,A01,Same_direction,Car(Quad/Passenger),None,Front,Turning,0,1960.0,Male,Driver,Killed,Driver_seat,Leisure,Not_pedestrian,Unknown,Not_pedestrian,Seat_belt,Not_used,Bastille Day,1
1373,201600000844,2016,12,27,Daylight,Out_of_agglomeration,Intersection_X,Normal,Side_two_vehicles,Manual_entry,0.56583,49.26903,True,2016-12-27,14,45,14:45,Afternoon,False,Winter,2.0,0.0,84.0,Departmental_road,Bidirectional,Unknown,Flat,Straight,Normal,Roundabout,On_road,Not_near_school,A01,Same_direction,Car(Quad/Passenger),Cyclist,Right_side,Straight_ahead,0,1994.0,Female,Driver,Uninjured,Driver_seat,Leisure,Not_pedestrian,Unknown,Not_pedestrian,Seat_belt,Used,Not a holiday,0
1374,201600000844,2016,12,27,Daylight,Out_of_agglomeration,Intersection_X,Normal,Side_two_vehicles,Manual_entry,0.56583,49.26903,True,2016-12-27,14,45,14:45,Afternoon,False,Winter,2.0,0.0,84.0,Departmental_road,Bidirectional,Unknown,Flat,Straight,Normal,Roundabout,On_road,Not_near_school,B02,Same_direction,Car(Quad/Passenger),Cyclist,Front_left,Loss_of_control,0,1942.0,Male,Driver,Injured_Hospitalized,Driver_seat,Leisure,Not_pedestrian,Unknown,Not_pedestrian,Seat_belt,Used,Not a holiday,0
1375,201600000845,2016,1,20,Night_without_public_lighting,Out_of_agglomeration,Out_of_intersection,Normal,Other_collision,Manual_entry,-1.74096,48.0014,True,2016-01-20,19,0,19:00,Evening,False,Winter,0.0,0.0,0.0,Departmental_road,Bidirectional,Unknown,Slope,Straight,Normal,Unknown,On_road,Not_near_school,A01,Opposite_direction,Car(Quad/Passenger),Other vehicle,Front,Loss_of_control,0,1966.0,Female,Driver,Injured_Hospitalized,Driver_seat,Home-work,Not_pedestrian,Unknown,Not_pedestrian,Seat_belt,Used,Not a holiday,0
1376,201600000846,2016,4,23,Daylight,Out_of_agglomeration,Out_of_intersection,Cloudy,Multiple_three_plus,Manual_entry,,,False,2016-04-23,16,45,16:45,Afternoon,True,Spring,1.0,0.0,70.0,Departmental_road,Bidirectional,Unknown,Flat,Straight,Normal,Unknown,On_road,Unknown,D04,Other/Unknown,Car(Quad/Passenger),Cyclist,Right_side,Straight_ahead,0,1988.0,Male,Driver,Injured_Slight,Driver_seat,other,Not_pedestrian,Unknown,Not_pedestrian,Seat_belt,Used,Not a holiday,0
1377,201600000846,2016,4,23,Daylight,Out_of_agglomeration,Out_of_intersection,Cloudy,Multiple_three_plus,Manual_entry,,,False,2016-04-23,16,45,16:45,Afternoon,True,Spring,1.0,0.0,70.0,Departmental_road,Bidirectional,Unknown,Flat,Straight,Normal,Unknown,On_road,Unknown,A01,Other/Unknown,Car(Quad/Passenger),Cyclist,Right_side,Avoiding_obstacle,0,1996.0,Female,Driver,Injured_Hospitalized,Driver_seat,other,Not_pedestrian,Unknown,Not_pedestrian,Seat_belt,Used,Not a holiday,0
1378,201600000846,2016,4,23,Daylight,Out_of_agglomeration,Out_of_intersection,Cloudy,Multiple_three_plus,Manual_entry,,,False,2016-04-23,16,45,16:45,Afternoon,True,Spring,1.0,0.0,70.0,Departmental_road,Bidirectional,Unknown,Flat,Straight,Normal,Unknown,On_road,Unknown,C03,Other/Unknown,Motorcycle,Cyclist,Front,Straight_ahead,0,1961.0,Male,Driver,Killed,Driver_seat,other,Not_pedestrian,Unknown,Not_pedestrian,Helmet,Used,Not a holiday,0
1379,201600000846,2016,4,23,Daylight,Out_of_agglomeration,Out_of_intersection,Cloudy,Multiple_three_plus,Manual_entry,,,False,2016-04-23,16,45,16:45,Afternoon,True,Spring,1.0,0.0,70.0,Departmental_road,Bidirectional,Unknown,Flat,Straight,Normal,Unknown,On_road,Unknown,B02,Other/Unknown,Car(Quad/Passenger),Cyclist,Right_side,Straight_ahead,0,1939.0,Female,Driver,Uninjured,Driver_seat,other,Not_pedestrian,Unknown,Not_pedestrian,Seat_belt,Used,Not a holiday,0
1380,201600000847,2016,6,7,Night_without_public_lighting,Out_of_agglomeration,Out_of_intersection,Normal,Other_collision,Manual_entry,-1.74551,48.01262,True,2016-06-07,23,15,23:15,Night,False,Summer,2.0,0.0,0.0,Departmental_road,Bidirectional,Unknown,Flat,Straight,Normal,Unknown,On_road,Unknown,A01,Other/Unknown,Car(Quad/Passenger),None,Front,None,0,1994.0,Male,Driver,Injured_Hospitalized,Driver_seat,Leisure,Not_pedestrian,Unknown,Not_pedestrian,Seat_belt,Used,Not a holiday,0
1381,201600000848,2016,9,14,Daylight,Out_of_agglomeration,Out_of_intersection,Normal,Other_collision,Manual_entry,-1.74841,48.04975,True,2016-09-14,11,30,11:30,Morning,False,Autumn,4.0,10.0,148.0,Departmental_road,Separated_carriageways,Unknown,Flat,Straight,Normal,Unknown,On_verge,Unknown,A01,Other/Unknown,Bus/Coach,None,Front_right,Turning,0,1967.0,Male,Driver,Killed,Driver_seat,Professional use,Not_pedestrian,Unknown,Not_pedestrian,Seat_belt,Not_used,Not a holiday,0
1382,201600000849,2016,10,6,Daylight,Built_up_area,Out_of_intersection,Normal,Multiple_three_plus,Manual_entry,-1.73048,48.02714,True,2016-10-06,19,10,19:10,Evening,False,Autumn,2.0,77.0,0.0,Departmental_road,Bidirectional,Unknown,Flat,Straight,Normal,Roundabout,On_road,Unknown,B02,Opposite_direction,Car(Quad/Passenger),Cyclist,Front,Straight_ahead,0,1959.0,Female,Driver,Injured_Hospitalized,Driver_seat,Home-work,Not_pedestrian,Unknown,Not_pedestrian,Seat_belt,Used,Not a holiday,0
1383,201600000849,2016,10,6,Daylight,Built_up_area,Out_of_intersection,Normal,Multiple_three_plus,Manual_entry,-1.73048,48.02714,True,2016-10-06,19,10,19:10,Evening,False,Autumn,2.0,77.0,0.0,Departmental_road,Bidirectional,Unknown,Flat,Straight,Normal,Roundabout,On_road,Unknown,A01,Other/Unknown,Car(Quad/Passenger),Cyclist,Front,Avoiding_obstacle,0,1965.0,Male,Driver,Injured_Hospitalized,Driver_seat,Unknown,Not_pedestrian,Unknown,Not_pedestrian,Seat_belt,Used,Not a holiday,0
1384,201600000849,2016,10,6,Daylight,Built_up_area,Out_of_intersection,Normal,Multiple_three_plus,Manual_entry,-1.73048,48.02714,True,2016-10-06,19,10,19:10,Evening,False,Autumn,2.0,77.0,0.0,Departmental_road,Bidirectional,Unknown,Flat,Straight,Normal,Roundabout,On_road,Unknown,C03,Opposite_direction,Car(Quad/Passenger),Cyclist,Front,Straight_ahead,0,1996.0,Male,Driver,Uninjured,Driver_seat,Unknown,Not_pedestrian,Unknown,Not_pedestrian,Seat_belt,Used,Not a holiday,0
1385,201600000850,2016,3,18,Daylight,Out_of_agglomeration,Intersection_T,Normal,Side_two_vehicles,Manual_entry,-1.74809,48.21855,True,2016-03-18,9,30,09:30,Morning,False,Spring,0.0,0.0,83.0,Departmental_road,Bidirectional,Unknown,Flat,Curve_right,Normal,Unknown,On_road,Not_near_school,B02,Other/Unknown,Car(Quad/Passenger),Cyclist,Front_left,Roundabout,0,1968.0,Male,Driver,Injured_Hospitalized,Driver_seat,Home-work,Not_pedestrian,Unknown,Not_pedestrian,Seat_belt,Used,Not a holiday,0
1386,201600000850,2016,3,18,Daylight,Out_of_agglomeration,Intersection_T,Normal,Side_two_vehicles,Manual_entry,-1.74809,48.21855,True,2016-03-18,9,30,09:30,Morning,False,Spring,0.0,0.0,83.0,Departmental_road,Bidirectional,Unknown,Flat,Curve_right,Normal,Unknown,On_road,Not_near_school,A01,Other/Unknown,Motorcycle,Cyclist,Front,Straight_ahead,0,1974.0,Male,Driver,Injured_Hospitalized,Driver_seat,Leisure,Not_pedestrian,Unknown,Not_pedestrian,Helmet,Used,Not a holiday,0
1387,201600000851,2016,4,22,Night_with_public_lighting_on,Built_up_area,Out_of_intersection,Normal,Frontal_two_vehicles,Manual_entry,-1.81851,48.35792,True,2016-04-22,21,45,21:45,Night,False,Spring,2.0,0.0,57.0,Departmental_road,Bidirectional,Unknown,Slope,Curve_left,Normal,Unknown,On_road,Unknown,B02,Other/Unknown,Car(Quad/Passenger),Cyclist,Front,Straight_ahead,0,1996.0,Male,Driver,Injured_Hospitalized,Driver_seat,Leisure,Not_pedestrian,Unknown,Not_pedestrian,Seat_belt,Used,Not a holiday,0
1388,201600000851,2016,4,22,Night_with_public_lighting_on,Built_up_area,Out_of_intersection,Normal,Frontal_two_vehicles,Manual_entry,-1.81851,48.35792,True,2016-04-22,21,45,21:45,Night,False,Spring,2.0,0.0,57.0,Departmental_road,Bidirectional,Unknown,Slope,Curve_left,Normal,Unknown,On_road,Unknown,A01,Opposite_direction,Car(Quad/Passenger),Cyclist,Front,Avoiding_obstacle,0,1995.0,Male,Driver,Injured_Hospitalized,Driver_seat,Leisure,Not_pedestrian,Unknown,Not_pedestrian,Seat_belt,Used,Not a holiday,0
1389,201600000852,2016,4,30,Daylight,Built_up_area,Intersection_T,Normal,Side_two_vehicles,Manual_entry,-1.63009,48.20962,True,2016-04-30,20,0,20:00,Evening,True,Spring,2.0,0.0,55.0,Departmental_road,Bidirectional,Unknown,Flat,Unknown,Normal,Roundabout,On_road,Not_near_school,A01,Same_direction,Utility(Truck/Agri),Cyclist,Right_side,Straight_ahead,0,1962.0,Male,Driver,Injured_Slight,Driver_seat,Unknown,Not_pedestrian,Unknown,Not_pedestrian,Seat_belt,Used,Not a holiday,0
1390,201600000852,2016,4,30,Daylight,Built_up_area,Intersection_T,Normal,Side_two_vehicles,Manual_entry,-1.63009,48.20962,True,2016-04-30,20,0,20:00,Evening,True,Spring,2.0,0.0,55.0,Departmental_road,Bidirectional,Unknown,Flat,Unknown,Normal,Roundabout,On_road,Not_near_school,B02,Same_direction,Cycle,Cyclist,Front,Roundabout,0,2000.0,Male,Driver,Injured_Hospitalized,Driver_seat,Unknown,Not_pedestrian,Unknown,Not_pedestrian,Helmet,Used,Not a holiday,0
1391,201600000853,2016,5,11,Daylight,Built_up_area,Out_of_intersection,Normal,No_collision,Manual_entry,-1.65075,48.26775,True,2016-05-11,16,0,16:00,Afternoon,False,Spring,2.0,0.0,53.0,Communal_way,Bidirectional,Unknown,Flat,Straight,Normal,Unknown,On_road,Unknown,A01,Same_direction,Cycle,None,Front_right,Straight_ahead,0,1935.0,Male,Driver,Killed,Driver_seat,Leisure,Not_pedestrian,Unknown,Not_pedestrian,Helmet,Not_used,Not a holiday,0
1392,201600000854,2016,8,18,Daylight,Built_up_area,Out_of_intersection,Normal,Side_two_vehicles,Manual_entry,-1.51566,48.2585,True,2016-08-18,17,30,17:30,Evening,False,Summer,0.0,25.0,92.0,Departmental_road,Bidirectional,Unknown,Flat,Straight,Normal,Unknown,On_road,Unknown,A01,Opposite_direction,Car(Quad/Passenger),Cyclist,Front_left,Park/Start/Stop,0,1948.0,Female,Driver,Uninjured,Driver_seat,Unknown,Not_pedestrian,Unknown,Not_pedestrian,Seat_belt,Used,Not a holiday,0
1393,201600000854,2016,8,18,Daylight,Built_up_area,Out_of_intersection,Normal,Side_two_vehicles,Manual_entry,-1.51566,48.2585,True,2016-08-18,17,30,17:30,Evening,False,Summer,0.0,25.0,92.0,Departmental_road,Bidirectional,Unknown,Flat,Straight,Normal,Unknown,On_road,Unknown,B02,Other/Unknown,Motorcycle,Cyclist,Front_left,None,0,1995.0,Male,Driver,Killed,Driver_seat,Leisure,Not_pedestrian,Unknown,Not_pedestrian,Helmet,Used,Not a holiday,0
1394,201600000855,2016,9,3,Daylight,Built_up_area,Out_of_intersection,Normal,Side_two_vehicles,Manual_entry,-1.58114,48.2188,True,2016-09-03,20,0,20:00,Evening,True,Autumn,2.0,0.0,54.0,Departmental_road,Unknown,Unknown,Flat,Straight,Normal,Unknown,On_road,Unknown,B02,Same_direction,Cycle,Cyclist,Front_left,Avoiding_obstacle,0,2002.0,Male,Driver,Uninjured,Driver_seat,Leisure,Not_pedestrian,Unknown,Not_pedestrian,Helmet,Used,Not a holiday,0
1395,201600000855,2016,9,3,Daylight,Built_up_area,Out_of_intersection,Normal,Side_two_vehicles,Manual_entry,-1.58114,48.2188,True,2016-09-03,20,0,20:00,Evening,True,Autumn,2.0,0.0,54.0,Departmental_road,Unknown,Unknown,Flat,Straight,Normal,Unknown,On_road,Unknown,A01,Same_direction,Cycle,Cyclist,Front,Straight_ahead,0,2001.0,Male,Driver,Uninjured,Driver_seat,Unknown,Not_pedestrian,Unknown,Not_pedestrian,Helmet,Used,Not a holiday,0
1396,201600000856,2016,9,26,Night_without_public_lighting,Out_of_agglomeration,Out_of_intersection,Normal,No_collision,Manual_entry,-1.39203,48.2161,True,2016-09-26,21,30,21:30,Night,False,Autumn,2.0,0.0,0.0,Departmental_road,Bidirectional,Unknown,Flat,Straight,Normal,Unknown,On_road,Unknown,A01,Other/Unknown,Car(Quad/Passenger),None,Right_side,Straight_ahead,0,1988.0,Male,Driver,Killed,Driver_seat,Leisure,Not_pedestrian,Unknown,Not_pedestrian,Seat_belt,Used,Not a holiday,0
1397,201600000857,2016,9,26,Daylight,Built_up_area,Out_of_intersection,Normal,Frontal_two_vehicles,Manual_entry,-1.53266,48.1337,True,2016-09-26,17,30,17:30,Evening,False,Autumn,1.0,0.0,0.0,Departmental_road,Bidirectional,Unknown,Flat,Straight,Normal,Unknown,On_road,Unknown,A01,Same_direction,Car(Quad/Passenger),None,Front,Straight_ahead,0,1946.0,Female,Driver,Uninjured,Driver_seat,Leisure,Not_pedestrian,Unknown,Not_pedestrian,Seat_belt,Used,Not a holiday,0
1398,201600000857,2016,9,26,Daylight,Built_up_area,Out_of_intersection,Normal,Frontal_two_vehicles,Manual_entry,-1.53266,48.1337,True,2016-09-26,17,30,17:30,Evening,False,Autumn,1.0,0.0,0.0,Departmental_road,Bidirectional,Unknown,Flat,Straight,Normal,Unknown,On_road,Unknown,B02,Same_direction,Motorcycle,None,Front,Straight_ahead,0,1977.0,Male,Driver,Injured_Hospitalized,Driver_seat,Shopping,Not_pedestrian,Unknown,Not_pedestrian,Helmet,Used,Not a holiday,0
1399,201600000858,2016,11,1,Daylight,Out_of_agglomeration,Out_of_intersection,Normal,Frontal_two_vehicles,Manual_entry,-1.39339,48.22479,True,2016-11-01,14,0,14:00,Afternoon,False,Autumn,2.0,0.0,50.0,Departmental_road,Bidirectional,Unknown,Flat,Curve_right,Normal,Unknown,On_road,Unknown,B02,Opposite_direction,Car(Quad/Passenger),Cyclist,Right_side,Straight_ahead,0,1969.0,Female,Driver,Injured_Slight,Driver_seat,Leisure,Not_pedestrian,Unknown,Not_pedestrian,Seat_belt,Used,All Saints Day,1
1400,201600000858,2016,11,1,Daylight,Out_of_agglomeration,Out_of_intersection,Normal,Frontal_two_vehicles,Manual_entry,-1.39339,48.22479,True,2016-11-01,14,0,14:00,Afternoon,False,Autumn,2.0,0.0,50.0,Departmental_road,Bidirectional,Unknown,Flat,Curve_right,Normal,Unknown,On_road,Unknown,A01,Opposite_direction,Car(Quad/Passenger),Cyclist,Right_side,Avoiding_obstacle,0,1974.0,Female,Driver,Uninjured,Driver_seat,Leisure,Not_pedestrian,Unknown,Not_pedestrian,Seat_belt,Used,All Saints Day,1
1401,201600000859,2016,2,28,Daylight,Out_of_agglomeration,Out_of_intersection,Normal,Other_collision,Manual_entry,-2.11254,48.22326,True,2016-02-28,8,0,08:00,Morning,True,Winter,0.0,35.0,0.0,National_road,Bidirectional,Unknown,Slope,Straight,Normal,Unknown,On_verge,Not_near_school,A01,Opposite_direction,Car(Quad/Passenger),None,Front,Turning,0,1993.0,Female,Driver,Injured_Hospitalized,Driver_seat,Leisure,Not_pedestrian,Unknown,Not_pedestrian,Seat_belt,Used,Not a holiday,0
1402,201600000860,2016,5,29,Daylight,Built_up_area,Out_of_intersection,Normal,Other_collision,Manual_entry,-2.12558,48.11094,True,2016-05-29,19,0,19:00,Evening,True,Spring,2.0,30.0,30.0,Departmental_road,Bidirectional,Unknown,Flat,Straight,Normal,Unknown,Unknown,Unknown,A01,Same_direction,Car(Quad/Passenger),Pedestrian,Front,Straight_ahead,0,1968.0,Male,Driver,Uninjured,Driver_seat,Leisure,Not_pedestrian,Unknown,Not_pedestrian,Seat_belt,Used,Not a holiday,0
1403,201600000861,2016,7,12,Daylight,Built_up_area,Place,Normal,Other_collision,Manual_entry,-2.1918,48.18926,True,2016-07-12,11,45,11:45,Morning,False,Summer,0.0,0.0,0.0,Parking_lot,Unknown,Unknown,Flat,Straight,Normal,Unknown,Unknown,Unknown,A01,Same_direction,Car(Quad/Passenger),Pedestrian,Right_side,Loss_of_control,0,1986.0,Male,Driver,Uninjured,Driver_seat,Leisure,Not_pedestrian,Unknown,Not_pedestrian,Seat_belt,Used,Not a holiday,0
1404,201600000862,2016,8,3,Daylight,Out_of_agglomeration,Out_of_intersection,Normal,Rear_end_two_vehicles,Manual_entry,-2.15752,48.1815,True,2016-08-03,19,15,19:15,Evening,False,Summer,2.0,60.0,0.0,Departmental_road,Bidirectional,Unknown,Flat,Straight,Normal,Unknown,On_road,Unknown,A01,Same_direction,Utility(Truck/Agri),None,Rear_left,Roundabout,0,1954.0,Male,Driver,Injured_Hospitalized,Driver_seat,Unknown,Not_pedestrian,Unknown,Not_pedestrian,Seat_belt,Used,Not a holiday,0
1405,201600000862,2016,8,3,Daylight,Out_of_agglomeration,Out_of_intersection,Normal,Rear_end_two_vehicles,Manual_entry,-2.15752,48.1815,True,2016-08-03,19,15,19:15,Evening,False,Summer,2.0,60.0,0.0,Departmental_road,Bidirectional,Unknown,Flat,Straight,Normal,Unknown,On_road,Unknown,B02,Same_direction,Car(Quad/Passenger),Cyclist,Front,Turning,0,1984.0,Male,Driver,Injured_Hospitalized,Driver_seat,Unknown,Not_pedestrian,Unknown,Not_pedestrian,Seat_belt,Used,Not a holiday,0
1406,201600000863,2016,8,14,Daylight,Out_of_agglomeration,Out_of_intersection,Normal,Other_collision,Manual_entry,-2.02346,48.22605,True,2016-08-14,17,30,17:30,Evening,True,Summer,0.0,0.0,71.0,Departmental_road,Bidirectional,Unknown,Unknown,Curve_left,Normal,Unknown,On_verge,Unknown,A01,Opposite_direction,Car(Quad/Passenger),None,Front_right,Straight_ahead,0,1970.0,Male,Driver,Injured_Hospitalized,Driver_seat,Leisure,Not_pedestrian,Unknown,Not_pedestrian,Seat_belt,Not_used,Not a holiday,0
1407,201600000864,2016,8,24,Daylight,Built_up_area,Out_of_intersection,Normal,Side_two_vehicles,Manual_entry,-2.20539,48.18894,True,2016-08-24,13,45,13:45,Afternoon,False,Summer,2.0,0.0,72.0,Departmental_road,Bidirectional,Unknown,Slope,Straight,Normal,Unknown,On_road,Unknown,A01,Same_direction,Motorcycle,Cyclist,Front,other,0,1999.0,Male,Driver,Injured_Hospitalized,Driver_seat,Leisure,Not_pedestrian,Unknown,Not_pedestrian,Helmet,Used,Not a holiday,0
1408,201600000864,2016,8,24,Daylight,Built_up_area,Out_of_intersection,Normal,Side_two_vehicles,Manual_entry,-2.20539,48.18894,True,2016-08-24,13,45,13:45,Afternoon,False,Summer,2.0,0.0,72.0,Departmental_road,Bidirectional,Unknown,Slope,Straight,Normal,Unknown,On_road,Unknown,B02,Same_direction,Car(Quad/Passenger),Cyclist,Rear_left,Roundabout,0,1958.0,Female,Driver,Uninjured,Driver_seat,Unknown,Not_pedestrian,Unknown,Not_pedestrian,Seat_belt,Used,Not a holiday,0
1409,201600000865,2016,9,16,Daylight,Out_of_agglomeration,Out_of_intersection,Normal,Rear_end_two_vehicles,Manual_entry,-2.0388,48.20617,True,2016-09-16,18,0,18:00,Evening,False,Autumn,0.0,86.0,82.0,National_road,Separated_carriageways,Unknown,Flat,Straight,Normal,Unknown,On_emergency_stop_band,Unknown,B02,Other/Unknown,Utility(Truck/Agri),Cyclist,Rear_left,other,0,1994.0,Female,Driver,Injured_Slight,Driver_seat,Home-work,Not_pedestrian,Unknown,Not_pedestrian,Seat_belt,Used,Not a holiday,0
1410,201600000865,2016,9,16,Daylight,Out_of_agglomeration,Out_of_intersection,Normal,Rear_end_two_vehicles,Manual_entry,-2.0388,48.20617,True,2016-09-16,18,0,18:00,Evening,False,Autumn,0.0,86.0,82.0,National_road,Separated_carriageways,Unknown,Flat,Straight,Normal,Unknown,On_emergency_stop_band,Unknown,A01,Other/Unknown,Car(Quad/Passenger),None,Front_right,Turning,0,1998.0,Male,Driver,Injured_Slight,Driver_seat,Home-school,Not_pedestrian,Unknown,Not_pedestrian,Seat_belt,Used,Not a holiday,0
1411,201600000866,2016,9,30,Daylight,Out_of_agglomeration,Intersection_X,Normal,Multiple_three_plus,Manual_entry,-2.05409,48.16803,True,2016-09-30,7,45,07:45,Morning,False,Autumn,2.0,,,Departmental_road,Bidirectional,Unknown,Flat,Straight,Normal,Roundabout,On_road,Unknown,C03,Same_direction,Car(Quad/Passenger),Cyclist,Front,other,0,1974.0,Male,Driver,Uninjured,Driver_seat,other,Not_pedestrian,Unknown,Not_pedestrian,Seat_belt,Undetermined,Not a holiday,0