,accident_id,year,month,day,lighting_label,urban_label,intersection_label,weather_label,collision_label,gps_label,longitude_num,latitude_num,valid_geo,date,hour,minute,time_hhmm,time_of_day,is_weekend,season,num_lanes,pedestrian_crossing_width,road_width,road_category_label,traffic_regime_label,reserved_lane_label,road_profile_label,road_layout_label,surface_condition_label,infrastructure_label,situation_label,school_zone_label,vehicle_id,traffic_direction_label,vehicle_category_label,mobile_obstacle_label,impact_point_label,manoeuvre_label,occupants_group,birth_year,sex_label,user_category_label,injury_severity_label,seat_position_label,journey_purpose_label,pedestrian_location_label,pedestrian_action_label,pedestrian_state_label,safety_equipment_type,safety_equipment_usage,holiday_name,is_holiday
1412,201600000866,2016,9,30,Daylight,Out_of_agglomeration,Intersection_X,Normal,Multiple_three_plus,Manual_entry,-2.05409,48.16803,True,2016-09-30,7,45,07:45,Morning,False,Autumn,2.0,,,Departmental_road,Bidirectional,Unknown,Flat,Straight,Normal,Roundabout,On_road,Unknown,B02,Same_direction,Car(Quad/Passenger),Cyclist,Front,Straight_ahead,0,1988.0,Female,Driver,Injured_Hospitalized,Driver_seat,Leisure,Not_pedestrian,Unknown,Not_pedestrian,Seat_belt,Undetermined,Not a holiday,0
1413,201600000866,2016,9,30,Daylight,Out_of_agglomeration,Intersection_X,Normal,Multiple_three_plus,Manual_entry,-2.05409,48.16803,True,2016-09-30,7,45,07:45,Morning,False,Autumn,2.0,,,Departmental_road,Bidirectional,Unknown,Flat,Straight,Normal,Roundabout,On_road,Unknown,A01,Same_direction,Car(Quad/Passenger),Cyclist,Front,Roundabout,0,1996.0,Male,Driver,Injured_Slight,Driver_seat,Leisure,Not_pedestrian,Unknown,Not_pedestrian,Seat_belt,Undetermined,Not a holiday,0
1414,201600000867,2016,2,27,Twilight_or_dawn,Out_of_agglomeration,Out_of_intersection,Normal,Frontal_two_vehicles,Manual_entry,-1.97424,48.0516,True,2016-02-27,18,15,18:15,Evening,True,Winter,2.0,0.0,50.0,Communal_way,Bidirectional,Unknown,Flat,Curve_right,Normal,Unknown,On_road,Not_near_school,A01,Same_direction,Motorcycle,Cyclist,Front,Interaction,0,1991.0,Male,Driver,Injured_Hospitalized,Driver_seat,Leisure,Not_pedestrian,Unknown,Not_pedestrian,Helmet,Used,Not a holiday,0
1415,201600000867,2016,2,27,Twilight_or_dawn,Out_of_agglomeration,Out_of_intersection,Normal,Frontal_two_vehicles,Manual_entry,-1.97424,48.0516,True,2016-02-27,18,15,18:15,Evening,True,Winter,2.0,0.0,50.0,Communal_way,Bidirectional,Unknown,Flat,Curve_right,Normal,Unknown,On_road,Not_near_school,B02,Same_direction,Car(Quad/Passenger),Cyclist,Front_right,Straight_ahead,0,1949.0,Male,Driver,Uninjured,Driver_seat,Leisure,Not_pedestrian,Unknown,Not_pedestrian,Seat_belt,Used,Not a holiday,0
1416,201600000868,2016,3,4,Daylight,Built_up_area,Out_of_intersection,Normal,Side_two_vehicles,Manual_entry,-1.96853,48.14547,True,2016-03-04,13,0,13:00,Afternoon,False,Spring,0.0,0.0,0.0,Departmental_road,Bidirectional,Unknown,Flat,Unknown,Unknown,Unknown,Unknown,Near_school,B02,Same_direction,Motorcycle,Cyclist,Front,Straight_ahead,0,1960.0,Male,Driver,Injured_Hospitalized,Driver_seat,Home-work,Not_pedestrian,Unknown,Not_pedestrian,Helmet,Used,Not a holiday,0
1417,201600000868,2016,3,4,Daylight,Built_up_area,Out_of_intersection,Normal,Side_two_vehicles,Manual_entry,-1.96853,48.14547,True,2016-03-04,13,0,13:00,Afternoon,False,Spring,0.0,0.0,0.0,Departmental_road,Bidirectional,Unknown,Flat,Unknown,Unknown,Unknown,Unknown,Near_school,A01,Same_direction,Car(Quad/Passenger),Cyclist,Right_side,Roundabout,0,1998.0,Female,Driver,Uninjured,Driver_seat,Home-school,Not_pedestrian,Unknown,Not_pedestrian,Seat_belt,Used,Not a holiday,0
1418,201600000869,2016,3,11,Daylight,Out_of_agglomeration,Out_of_intersection,Dazzling,Frontal_two_vehicles,Manual_entry,-2.01547,48.15479,True,2016-03-11,15,15,15:15,Afternoon,False,Spring,2.0,0.0,34.0,Departmental_road,Bidirectional,Unknown,Unknown,Straight,Normal,Unknown,On_road,Not_near_school,A01,Opposite_direction,Motorcycle,Cyclist,Front,Straight_ahead,0,1996.0,Male,Driver,Injured_Hospitalized,Driver_seat,Home-school,Not_pedestrian,Unknown,Not_pedestrian,Helmet,Used,Not a holiday,0
1419,201600000869,2016,3,11,Daylight,Out_of_agglomeration,Out_of_intersection,Dazzling,Frontal_two_vehicles,Manual_entry,-2.01547,48.15479,True,2016-03-11,15,15,15:15,Afternoon,False,Spring,2.0,0.0,34.0,Departmental_road,Bidirectional,Unknown,Unknown,Straight,Normal,Unknown,On_road,Not_near_school,B02,Other/Unknown,Car(Quad/Passenger),Cyclist,Left_side,Roundabout,0,1991.0,Female,Driver,Injured_Slight,Driver_seat,Home-work,Not_pedestrian,Unknown,Not_pedestrian,Seat_belt,Used,Not a holiday,0
1420,201600000870,2016,3,16,Daylight,Out_of_agglomeration,Out_of_intersection,Strong_wind_or_storm,Rear_end_two_vehicles,Manual_entry,-2.07911,47.99596,True,2016-03-16,16,45,16:45,Afternoon,False,Spring,2.0,0.0,57.0,Departmental_road,Bidirectional,Unknown,Flat,Straight,Normal,Unknown,On_road,Not_near_school,A01,Opposite_direction,Car(Quad/Passenger),Cyclist,Front_right,other,0,1960.0,Male,Driver,Uninjured,Driver_seat,Leisure,Not_pedestrian,Unknown,Not_pedestrian,Seat_belt,Used,Not a holiday,0
1421,201600000870,2016,3,16,Daylight,Out_of_agglomeration,Out_of_intersection,Strong_wind_or_storm,Rear_end_two_vehicles,Manual_entry,-2.07911,47.99596,True,2016-03-16,16,45,16:45,Afternoon,False,Spring,2.0,0.0,57.0,Departmental_road,Bidirectional,Unknown,Flat,Straight,Normal,Unknown,On_road,Not_near_school,B02,Opposite_direction,Cycle,Cyclist,Rear_left,Avoiding_obstacle,0,1937.0,Female,Driver,Killed,Driver_seat,Leisure,Not_pedestrian,Unknown,Not_pedestrian,Helmet,Used,Not a holiday,0
1422,201600000871,2016,4,19,Daylight,Built_up_area,Intersection_X,Normal,Frontal_two_vehicles,Manual_entry,-2.0362,48.13245,True,2016-04-19,14,0,14:00,Afternoon,False,Spring,0.0,0.0,0.0,Departmental_road,Bidirectional,Unknown,Flat,Unknown,Normal,Roundabout,On_road,Unknown,A01,Same_direction,Car(Quad/Passenger),None,Front_right,Park/Start/Stop,0,1981.0,Male,Driver,Uninjured,Driver_seat,Home-school,Not_pedestrian,Unknown,Not_pedestrian,Seat_belt,Used,Not a holiday,0
1423,201600000871,2016,4,19,Daylight,Built_up_area,Intersection_X,Normal,Frontal_two_vehicles,Manual_entry,-2.0362,48.13245,True,2016-04-19,14,0,14:00,Afternoon,False,Spring,0.0,0.0,0.0,Departmental_road,Bidirectional,Unknown,Flat,Unknown,Normal,Roundabout,On_road,Unknown,B02,Same_direction,Cycle,Cyclist,Front,Straight_ahead,0,1998.0,Male,Driver,Injured_Hospitalized,Driver_seat,Leisure,Not_pedestrian,Unknown,Not_pedestrian,Helmet,Used,Not a holiday,0
1424,201600000872,2016,5,6,Night_without_public_lighting,Out_of_agglomeration,Out_of_intersection,Normal,Other_collision,Manual_entry,-1.92325,48.17716,True,2016-05-06,1,0,01:00,Night,False,Spring,2.0,0.0,0.0,Departmental_road,Bidirectional,Unknown,Flat,Straight,Normal,Tunnel,On_road,Unknown,A01,Same_direction,Utility(Truck/Agri),None,Right_side,Straight_ahead,0,1992.0,Male,Driver,Injured_Hospitalized,Driver_seat,Leisure,Not_pedestrian,Unknown,Not_pedestrian,Seat_belt,Used,Not a holiday,0
1425,201600000873,2016,5,31,Daylight,Built_up_area,Roundabout,Normal,Frontal_two_vehicles,Manual_entry,-1.96389,48.14161,True,2016-05-31,18,0,18:00,Evening,False,Spring,1.0,0.0,35.0,Departmental_road,Bidirectional,Unknown,Flat,Straight,Normal,Unknown,On_road,Not_near_school,A01,Opposite_direction,Motorcycle,Cyclist,Front,None,0,1998.0,Male,Driver,Injured_Slight,Driver_seat,Home-school,Not_pedestrian,Unknown,Not_pedestrian,Helmet,Used,Not a holiday,0
1426,201600000873,2016,5,31,Daylight,Built_up_area,Roundabout,Normal,Frontal_two_vehicles,Manual_entry,-1.96389,48.14161,True,2016-05-31,18,0,18:00,Evening,False,Spring,1.0,0.0,35.0,Departmental_road,Bidirectional,Unknown,Flat,Straight,Normal,Unknown,On_road,Not_near_school,B02,Same_direction,Car(Quad/Passenger),None,Rear,None,0,1979.0,Female,Driver,Uninjured,Driver_seat,other,Not_pedestrian,Unknown,Not_pedestrian,Seat_belt,Used,Not a holiday,0
1427,201600000874,2016,7,20,Daylight,Out_of_agglomeration,Out_of_intersection,Normal,Frontal_two_vehicles,Manual_entry,-1.93068,48.11248,True,2016-07-20,16,15,16:15,Afternoon,False,Summer,2.0,0.0,73.0,Departmental_road,Bidirectional,Unknown,Flat,Curve_left,Normal,Unknown,On_road,Not_near_school,A01,Opposite_direction,Car(Quad/Passenger),Cyclist,Right_side,Straight_ahead,0,1984.0,Male,Driver,Injured_Hospitalized,Driver_seat,Leisure,Not_pedestrian,Unknown,Not_pedestrian,Seat_belt,Not_used,Not a holiday,0
1428,201600000874,2016,7,20,Daylight,Out_of_agglomeration,Out_of_intersection,Normal,Frontal_two_vehicles,Manual_entry,-1.93068,48.11248,True,2016-07-20,16,15,16:15,Afternoon,False,Summer,2.0,0.0,73.0,Departmental_road,Bidirectional,Unknown,Flat,Curve_left,Normal,Unknown,On_road,Not_near_school,B02,Other/Unknown,Car(Quad/Passenger),Cyclist,Front,Straight_ahead,0,1997.0,Female,Driver,Injured_Hospitalized,Driver_seat,Leisure,Not_pedestrian,Unknown,Not_pedestrian,Seat_belt,Used,Not a holiday,0
1429,201600000875,2016,9,16,Twilight_or_dawn,Out_of_agglomeration,Out_of_intersection,Light_rain,Side_two_vehicles,Manual_entry,-1.92317,48.17682,True,2016-09-16,7,45,07:45,Morning,False,Autumn,4.0,0.0,150.0,National_road,Separated_carriageways,Unknown,Flat,Straight,Wet,Unknown,On_road,Not_near_school,A01,Other/Unknown,Car(Quad/Passenger),Cyclist,Front_right,Avoiding_obstacle,0,1982.0,Female,Driver,Uninjured,Driver_seat,Home-work,Not_pedestrian,Unknown,Not_pedestrian,Seat_belt,Used,Not a holiday,0
1430,201600000875,2016,9,16,Twilight_or_dawn,Out_of_agglomeration,Out_of_intersection,Light_rain,Side_two_vehicles,Manual_entry,-1.92317,48.17682,True,2016-09-16,7,45,07:45,Morning,False,Autumn,4.0,0.0,150.0,National_road,Separated_carriageways,Unknown,Flat,Straight,Wet,Unknown,On_road,Not_near_school,B02,Other/Unknown,Motorcycle,Cyclist,Right_side,Turning,0,1967.0,Male,Driver,Killed,Driver_seat,Home-work,Not_pedestrian,Unknown,Not_pedestrian,Helmet,Used,Not a holiday,0
1431,201600000876,2016,1,15,Night_without_public_lighting,Out_of_agglomeration,Out_of_intersection,Other,Other_collision,Manual_entry,-1.84009,48.10161,True,2016-01-15,7,15,07:15,Morning,False,Winter,2.0,0.0,0.0,Departmental_road,Bidirectional,Unknown,Unknown,Straight,Icy,Unknown,On_road,Unknown,A01,Same_direction,Car(Quad/Passenger),None,Front,Straight_ahead,0,1970.0,Male,Driver,Injured_Hospitalized,Driver_seat,Home-work,Not_pedestrian,Unknown,Not_pedestrian,Seat_belt,Used,Not a holiday,0
1432,201600000877,2016,1,19,Night_without_public_lighting,Out_of_agglomeration,Out_of_intersection,Normal,Rear_end_two_vehicles,Manual_entry,-1.75978,48.09624,True,2016-01-19,17,45,17:45,Evening,False,Winter,2.0,0.0,0.0,National_road,Separated_carriageways,Unknown,Flat,Straight,Normal,Roundabout,On_road,Unknown,B02,Other/Unknown,Car(Quad/Passenger),None,Right_side,Straight_ahead,0,1989.0,Female,Driver,Injured_Slight,Driver_seat,Leisure,Not_pedestrian,Unknown,Not_pedestrian,Seat_belt,Used,Not a holiday,0
1433,201600000877,2016,1,19,Night_without_public_lighting,Out_of_agglomeration,Out_of_intersection,Normal,Rear_end_two_vehicles,Manual_entry,-1.75978,48.09624,True,2016-01-19,17,45,17:45,Evening,False,Winter,2.0,0.0,0.0,National_road,Separated_carriageways,Unknown,Flat,Straight,Normal,Roundabout,On_road,Unknown,A01,Other/Unknown,Car(Quad/Passenger),Cyclist,Rear,Straight_ahead,0,1965.0,Male,Driver,Uninjured,Driver_seat,Leisure,Not_pedestrian,Unknown,Not_pedestrian,Seat_belt,Used,Not a holiday,0
1434,201600000878,2016,3,11,Night_with_public_lighting_not_functioning,Out_of_agglomeration,Roundabout,Normal,No_collision,Manual_entry,-1.77571,48.06034,True,2016-03-11,23,0,23:00,Night,False,Spring,2.0,0.0,0.0,Departmental_road,Bidirectional,Unknown,Flat,Curve_left,Normal,Unknown,On_verge,Unknown,A01,Opposite_direction,Car(Quad/Passenger),None,Front,Straight_ahead,0,1977.0,Male,Driver,Injured_Hospitalized,Driver_seat,Leisure,Not_pedestrian,Unknown,Not_pedestrian,Seat_belt,Undetermined,Not a holiday,0
1435,201600000879,2016,4,20,Daylight,Built_up_area,Out_of_intersection,Normal,Side_two_vehicles,Manual_entry,-1.84118,48.08003,True,2016-04-20,15,45,15:45,Afternoon,False,Spring,2.0,0.0,0.0,Communal_way,Bidirectional,Unknown,Flat,Straight,Normal,Unknown,Unknown,Unknown,A01,Same_direction,Motorcycle,Cyclist,Front,Straight_ahead,0,1980.0,Male,Driver,Injured_Hospitalized,Driver_seat,Leisure,Not_pedestrian,Unknown,Not_pedestrian,Helmet,Not_used,Not a holiday,0
1436,201600000879,2016,4,20,Daylight,Built_up_area,Out_of_intersection,Normal,Side_two_vehicles,Manual_entry,-1.84118,48.08003,True,2016-04-20,15,45,15:45,Afternoon,False,Spring,2.0,0.0,0.0,Communal_way,Bidirectional,Unknown,Flat,Straight,Normal,Unknown,Unknown,Unknown,B02,Same_direction,Car(Quad/Passenger),Cyclist,Front_left,Straight_ahead,0,1955.0,Female,Driver,Uninjured,Driver_seat,Home-work,Not_pedestrian,Unknown,Not_pedestrian,Seat_belt,Used,Not a holiday,0
1437,201600000880,2016,5,4,Daylight,Out_of_agglomeration,Intersection_X,Normal,Frontal_two_vehicles,Manual_entry,-1.85337,48.05135,True,2016-05-04,15,15,15:15,Afternoon,False,Spring,2.0,,,Communal_way,Bidirectional,Unknown,Flat,Straight,Unknown,Unknown,On_road,Unknown,B02,Same_direction,Car(Quad/Passenger),Cyclist,Front,Roundabout,0,1937.0,Male,Driver,Uninjured,Driver_seat,Leisure,Not_pedestrian,Unknown,Not_pedestrian,Seat_belt,Used,Not a holiday,0
1438,201600000880,2016,5,4,Daylight,Out_of_agglomeration,Intersection_X,Normal,Frontal_two_vehicles,Manual_entry,-1.85337,48.05135,True,2016-05-04,15,15,15:15,Afternoon,False,Spring,2.0,,,Communal_way,Bidirectional,Unknown,Flat,Straight,Unknown,Unknown,On_road,Unknown,A01,Same_direction,Motorcycle,Cyclist,Front_right,Straight_ahead,0,1998.0,Male,Driver,Injured_Hospitalized,Driver_seat,Leisure,Not_pedestrian,Unknown,Not_pedestrian,Helmet,Undetermined,Not a holiday,0
1439,201600000881,2016,8,17,Daylight,Built_up_area,Roundabout,Dazzling,Side_two_vehicles,Manual_entry,-1.78044,48.09248,True,2016-08-17,8,30,08:30,Morning,False,Summer,0.0,0.0,0.0,Departmental_road,Variable_assignment,Unknown,Flat,Curve_left,Normal,Roundabout,On_road,Unknown,A01,Same_direction,Car(Quad/Passenger),None,Front_left,Park/Start/Stop,0,1966.0,Male,Driver,Uninjured,Driver_seat,Unknown,Not_pedestrian,Unknown,Not_pedestrian,Seat_belt,Used,Not a holiday,0
1440,201600000881,2016,8,17,Daylight,Built_up_area,Roundabout,Dazzling,Side_two_vehicles,Manual_entry,-1.78044,48.09248,True,2016-08-17,8,30,08:30,Morning,False,Summer,0.0,0.0,0.0,Departmental_road,Variable_assignment,Unknown,Flat,Curve_left,Normal,Roundabout,On_road,Unknown,B02,Same_direction,Cycle,None,Left_side,Straight_ahead,0,1973.0,Female,Driver,Injured_Hospitalized,Driver_seat,Unknown,Not_pedestrian,Unknown,Not_pedestrian,Helmet,Used,Not a holiday,0
1441,201600000882,2016,10,7,Daylight,Out_of_agglomeration,Out_of_intersection,Normal,No_collision,Manual_entry,-1.76174,48.09512,True,2016-10-07,15,15,15:15,Afternoon,False,Autumn,4.0,10.0,125.0,National_road,Separated_carriageways,Unknown,Flat,Curve_right,Normal,Unknown,On_road,Unknown,A01,Opposite_direction,Motorcycle,None,Front_left,Straight_ahead,0,1961.0,Male,Driver,Injured_Hospitalized,Driver_seat,Leisure,Not_pedestrian,Unknown,Not_pedestrian,Helmet,Used,Not a holiday,0
1442,201600000883,2016,10,18,Daylight,Out_of_agglomeration,Out_of_intersection,Fog_or_smoke,Side_two_vehicles,Manual_entry,-1.76551,48.07129,True,2016-10-18,7,45,07:45,Morning,False,Autumn,2.0,0.0,100.0,Departmental_road,Bidirectional,Unknown,Flat,Straight,Normal,Unknown,On_road,Unknown,A01,Other/Unknown,Utility(Truck/Agri),Cyclist,Right_side,Straight_ahead,0,1993.0,Male,Driver,Uninjured,Driver_seat,Home-work,Not_pedestrian,Unknown,Not_pedestrian,Seat_belt,Undetermined,Not a holiday,0
1443,201600000883,2016,10,18,Daylight,Out_of_agglomeration,Out_of_intersection,Fog_or_smoke,Side_two_vehicles,Manual_entry,-1.76551,48.07129,True,2016-10-18,7,45,07:45,Morning,False,Autumn,2.0,0.0,100.0,Departmental_road,Bidirectional,Unknown,Flat,Straight,Normal,Unknown,On_road,Unknown,B02,Opposite_direction,Car(Quad/Passenger),Cyclist,Right_side,Straight_ahead,0,1976.0,Female,Driver,Injured_Hospitalized,Driver_seat,Home-work,Not_pedestrian,Unknown,Not_pedestrian,Seat_belt,Undetermined,Not a holiday,0
1444,201600000884,2016,11,23,Night_without_public_lighting,Out_of_agglomeration,Out_of_intersection,Cloudy,Rear_end_two_vehicles,Manual_entry,-1.79032,48.08169,True,2016-11-23,22,30,22:30,Night,False,Autumn,4.0,15.0,120.0,National_road,Bidirectional,Unknown,Flat,Straight,Wet,Unknown,On_road,Unknown,B01,Opposite_direction,Bus/Coach,Cyclist,Rear_right,Turning,0,1960.0,Male,Driver,Uninjured,Driver_seat,Professional use,Not_pedestrian,Unknown,Not_pedestrian,Seat_belt,Used,Not a holiday,0
1445,201600000884,2016,11,23,Night_without_public_lighting,Out_of_agglomeration,Out_of_intersection,Cloudy,Rear_end_two_vehicles,Manual_entry,-1.79032,48.08169,True,2016-11-23,22,30,22:30,Night,False,Autumn,4.0,15.0,120.0,National_road,Bidirectional,Unknown,Flat,Straight,Wet,Unknown,On_road,Unknown,A01,Opposite_direction,Car(Quad/Passenger),Cyclist,Front,Turning,0,1978.0,Male,Driver,Injured_Hospitalized,Driver_seat,other,Not_pedestrian,Unknown,Not_pedestrian,Seat_belt,Undetermined,Not a holiday,0
1446,201600000885,2016,12,6,Twilight_or_dawn,Built_up_area,Intersection_T,Other,No_collision,Manual_entry,-1.85217,48.07095,True,2016-12-06,17,10,17:10,Evening,False,Winter,2.0,0.0,25.0,Departmental_road,Separated_carriageways,Cycle_bank,Flat,Curve_right,Normal,Roundabout,On_road,Unknown,A01,Other/Unknown,Cycle,None,Front_left,Roundabout,0,1986.0,Male,Driver,Injured_Hospitalized,Driver_seat,Leisure,Not_pedestrian,Unknown,Not_pedestrian,Helmet,Used,Not a holiday,0
1447,201600000886,2016,4,13,Daylight,Built_up_area,Other,Heavy_rain,Other_collision,Manual_entry,-1.15209,48.417,True,2016-04-13,18,0,18:00,Evening,False,Spring,0.0,0.0,0.0,Parking_lot,Unknown,Unknown,Flat,Straight,Wet,Unknown,On_road,Unknown,A01,Same_direction,Car(Quad/Passenger),Pedestrian,Rear,Turning,0,1936.0,Male,Driver,Uninjured,Driver_seat,Leisure,Not_pedestrian,Unknown,Not_pedestrian,Seat_belt,Used,Not a holiday,0
1448,201600000887,2016,7,18,Daylight,Out_of_agglomeration,Out_of_intersection,Normal,Frontal_two_vehicles,Manual_entry,-1.10444,48.43754,True,2016-07-18,9,45,09:45,Morning,False,Summer,0.0,0.0,0.0,Departmental_road,Bidirectional,Unknown,Slope,Unknown,Normal,Unknown,On_road,Unknown,A01,Opposite_direction,Bus/Coach,Cyclist,Right_side,Straight_ahead,0,1963.0,Male,Driver,Uninjured,Driver_seat,Professional use,Not_pedestrian,Unknown,Not_pedestrian,Seat_belt,Used,Not a holiday,0
1449,201600000887,2016,7,18,Daylight,Out_of_agglomeration,Out_of_intersection,Normal,Frontal_two_vehicles,Manual_entry,-1.10444,48.43754,True,2016-07-18,9,45,09:45,Morning,False,Summer,0.0,0.0,0.0,Departmental_road,Bidirectional,Unknown,Slope,Unknown,Normal,Unknown,On_road,Unknown,B02,Opposite_direction,Car(Quad/Passenger),None,Right_side,Loss_of_control,0,1929.0,Female,Driver,Injured_Hospitalized,Driver_seat,Leisure,Not_pedestrian,Unknown,Not_pedestrian,Seat_belt,Used,Not a holiday,0
1450,201600000888,2016,8,12,Daylight,Out_of_agglomeration,Intersection_T,Dazzling,Frontal_two_vehicles,Manual_entry,-1.1501,48.37867,True,2016-08-12,11,0,11:00,Morning,False,Summer,0.0,0.0,60.0,Communal_way,Bidirectional,Unknown,Flat,Straight,Normal,Unknown,On_road,Not_near_school,B02,Same_direction,Car(Quad/Passenger),Cyclist,Right_side,Roundabout,0,1992.0,Male,Driver,Injured_Slight,Driver_seat,Professional use,Not_pedestrian,Unknown,Not_pedestrian,Seat_belt,Used,Not a holiday,0
1451,201600000888,2016,8,12,Daylight,Out_of_agglomeration,Intersection_T,Dazzling,Frontal_two_vehicles,Manual_entry,-1.1501,48.37867,True,2016-08-12,11,0,11:00,Morning,False,Summer,0.0,0.0,60.0,Communal_way,Bidirectional,Unknown,Flat,Straight,Normal,Unknown,On_road,Not_near_school,A01,Same_direction,Motorcycle,Cyclist,Front,Straight_ahead,0,1959.0,Male,Driver,Injured_Hospitalized,Driver_seat,Leisure,Not_pedestrian,Unknown,Not_pedestrian,Helmet,Used,Not a holiday,0
1452,201600000889,2016,1,18,Daylight,Out_of_agglomeration,Out_of_intersection,Light_rain,Other_collision,Manual_entry,-1.52106,48.34163,True,2016-01-18,12,45,12:45,Afternoon,False,Winter,2.0,0.0,66.0,Departmental_road,Bidirectional,Unknown,Slope,Straight,Wet,Unknown,On_verge,Unknown,A01,Opposite_direction,other,None,Front,Straight_ahead,0,1977.0,Male,Driver,Killed,Driver_seat,Professional use,Not_pedestrian,Unknown,Not_pedestrian,Seat_belt,Used,Not a holiday,0
1453,201600000890,2016,5,25,Daylight,Out_of_agglomeration,Out_of_intersection,Normal,Rear_end_two_vehicles,Manual_entry,-1.53034,48.33158,True,2016-05-25,19,45,19:45,Evening,False,Spring,2.0,0.0,63.0,Departmental_road,Bidirectional,Unknown,Unknown,Unknown,Normal,Unknown,On_road,Not_near_school,A01,Other/Unknown,Car(Quad/Passenger),Cyclist,Right_side,Roundabout,0,1987.0,Male,Driver,Injured_Slight,Driver_seat,other,Not_pedestrian,Unknown,Not_pedestrian,Seat_belt,Used,Not a holiday,0
1454,201600000890,2016,5,25,Daylight,Out_of_agglomeration,Out_of_intersection,Normal,Rear_end_two_vehicles,Manual_entry,-1.53034,48.33158,True,2016-05-25,19,45,19:45,Evening,False,Spring,2.0,0.0,63.0,Departmental_road,Bidirectional,Unknown,Unknown,Unknown,Normal,Unknown,On_road,Not_near_school,B02,Other/Unknown,Motorcycle,Cyclist,Front,Straight_ahead,0,1996.0,Male,Driver,Injured_Slight,Driver_seat,Unknown,Not_pedestrian,Unknown,Not_pedestrian,Helmet,Used,Not a holiday,0
1455,201600000891,2016,6,18,Daylight,Out_of_agglomeration,Out_of_intersection,Normal,No_collision,Manual_entry,-1.49409,48.34615,True,2016-06-18,11,0,11:00,Morning,True,Summer,0.0,0.0,60.0,Departmental_road,Bidirectional,Unknown,Hill_bottom,Curve_left,Normal,Unknown,On_verge,Unknown,A01,Opposite_direction,Motorcycle,None,Rear_left,Straight_ahead,0,1948.0,Male,Driver,Injured_Hospitalized,Driver_seat,Leisure,Not_pedestrian,Unknown,Not_pedestrian,Helmet,Used,Not a holiday,0
1456,201600000892,2016,6,27,Daylight,Out_of_agglomeration,Out_of_intersection,Light_rain,Multiple_three_plus,Manual_entry,-1.35503,48.27779,True,2016-06-27,9,15,09:15,Morning,False,Summer,2.0,0.0,58.0,Departmental_road,Bidirectional,Unknown,Flat,Straight,Wet,Unknown,On_road,Not_near_school,B02,Other/Unknown,Cycle,Cyclist,Front,Straight_ahead,0,1970.0,Male,Driver,Injured_Hospitalized,Driver_seat,Leisure,Not_pedestrian,Unknown,Not_pedestrian,Helmet,Used,Not a holiday,0
1457,201600000892,2016,6,27,Daylight,Out_of_agglomeration,Out_of_intersection,Light_rain,Multiple_three_plus,Manual_entry,-1.35503,48.27779,True,2016-06-27,9,15,09:15,Morning,False,Summer,2.0,0.0,58.0,Departmental_road,Bidirectional,Unknown,Flat,Straight,Wet,Unknown,On_road,Not_near_school,A01,Opposite_direction,Car(Quad/Passenger),Cyclist,Front,Straight_ahead,0,1988.0,Male,Driver,Uninjured,Driver_seat,Home-work,Not_pedestrian,Unknown,Not_pedestrian,Seat_belt,Used,Not a holiday,0
1458,201600000892,2016,6,27,Daylight,Out_of_agglomeration,Out_of_intersection,Light_rain,Multiple_three_plus,Manual_entry,-1.35503,48.27779,True,2016-06-27,9,15,09:15,Morning,False,Summer,2.0,0.0,58.0,Departmental_road,Bidirectional,Unknown,Flat,Straight,Wet,Unknown,On_road,Not_near_school,C03,Other/Unknown,Cycle,Cyclist,Front,Straight_ahead,0,1977.0,Male,Driver,Injured_Hospitalized,Driver_seat,Leisure,Not_pedestrian,Unknown,Not_pedestrian,Helmet,Used,Not a holiday,0
1459,201600000893,2016,8,13,Daylight,Out_of_agglomeration,Out_of_intersection,Dazzling,Rear_end_two_vehicles,Manual_entry,-1.43407,48.28696,True,2016-08-13,18,15,18:15,Evening,True,Summer,2.0,0.0,55.0,Departmental_road,Bidirectional,Unknown,Flat,Curve_right,Normal,Unknown,On_road,Unknown,A01,Opposite_direction,Car(Quad/Passenger),Cyclist,Right_side,Turning,0,1998.0,Male,Driver,Injured_Slight,Driver_seat,Leisure,Not_pedestrian,Unknown,Not_pedestrian,Seat_belt,Used,Not a holiday,0
1460,201600000893,2016,8,13,Daylight,Out_of_agglomeration,Out_of_intersection,Dazzling,Rear_end_two_vehicles,Manual_entry,-1.43407,48.28696,True,2016-08-13,18,15,18:15,Evening,True,Summer,2.0,0.0,55.0,Departmental_road,Bidirectional,Unknown,Flat,Curve_right,Normal,Unknown,On_road,Unknown,B02,Opposite_direction,Cycle,Cyclist,Rear_right,Roundabout,0,2003.0,Male,Driver,Injured_Hospitalized,Driver_seat,Leisure,Not_pedestrian,Unknown,Not_pedestrian,Helmet,Used,Not a holiday,0