,accident_id,year,month,day,lighting_label,urban_label,intersection_label,weather_label,collision_label,gps_label,longitude_num,latitude_num,valid_geo,date,hour,minute,time_hhmm,time_of_day,is_weekend,season,num_lanes,pedestrian_crossing_width,road_width,road_category_label,traffic_regime_label,reserved_lane_label,road_profile_label,road_layout_label,surface_condition_label,infrastructure_label,situation_label,school_zone_label,vehicle_id,traffic_direction_label,vehicle_category_label,mobile_obstacle_label,impact_point_label,manoeuvre_label,occupants_group,birth_year,sex_label,user_category_label,injury_severity_label,seat_position_label,journey_purpose_label,pedestrian_location_label,pedestrian_action_label,pedestrian_state_label,safety_equipment_type,safety_equipment_usage,holiday_name,is_holiday
1461,201600000894,2016,1,16,Night_without_public_lighting,Out_of_agglomeration,Out_of_intersection,Snow_or_hail,No_collision,Manual_entry,-1.397,48.45463,True,2016-01-16,1,15,01:15,Night,True,Winter,2.0,0.0,60.0,Departmental_road,Bidirectional,Unknown,Unknown,Curve_right,Icy,Unknown,Unknown,Unknown,A01,Other/Unknown,Car(Quad/Passenger),None,Multiple impacts,Straight_ahead,0,1990.0,Male,Driver,Uninjured,Driver_seat,Leisure,Not_pedestrian,Unknown,Not_pedestrian,Seat_belt,Used,Not a holiday,0
1462,201600000895,2016,4,24,Night_without_public_lighting,Out_of_agglomeration,Out_of_intersection,Normal,No_collision,Manual_entry,-1.41252,48.42168,True,2016-04-24,1,30,01:30,Night,True,Spring,2.0,0.0,75.0,Departmental_road,Bidirectional,Unknown,Unknown,Curve_left,Normal,Unknown,On_road,Unknown,A01,Other/Unknown,Car(Quad/Passenger),None,Front,Straight_ahead,0,1997.0,Female,Driver,Injured_Slight,Driver_seat,Leisure,Not_pedestrian,Unknown,Not_pedestrian,Seat_belt,Used,Not a holiday,0
1463,201600000896,2016,5,28,Daylight,Built_up_area,Intersection_X,Cloudy,Other_collision,Manual_entry,-1.36649,48.41086,True,2016-05-28,7,30,07:30,Morning,True,Spring,2.0,0.0,0.0,Departmental_road,Bidirectional,Unknown,Flat,Straight,Normal,Unknown,On_road,Not_near_school,A01,Same_direction,Car(Quad/Passenger),Pedestrian,Front,Straight_ahead,0,1988.0,Female,Driver,Uninjured,Driver_seat,Home-work,Not_pedestrian,Unknown,Not_pedestrian,Seat_belt,Used,Not a holiday,0
1464,201600000897,2016,6,9,Daylight,Out_of_agglomeration,Out_of_intersection,Normal,No_collision,Manual_entry,,,False,2016-06-09,9,0,09:00,Morning,False,Summer,2.0,0.0,72.0,Departmental_road,Bidirectional,Unknown,Flat,Unknown,Normal,Unknown,On_verge,Not_near_school,A01,Other/Unknown,Car(Quad/Passenger),None,Left_side,Straight_ahead,0,1989.0,Male,Driver,Injured_Slight,Driver_seat,Home-work,Not_pedestrian,Unknown,Not_pedestrian,Seat_belt,Used,Not a holiday,0
1465,201600000898,2016,7,25,Daylight,Out_of_agglomeration,Out_of_intersection,Cloudy,Other_collision,Manual_entry,-1.44364,48.46894,True,2016-07-25,7,15,07:15,Morning,False,Summer,2.0,0.0,60.0,Departmental_road,Bidirectional,Unknown,Slope,Straight,Normal,Unknown,On_verge,Unknown,A01,Other/Unknown,Car(Quad/Passenger),None,Front_right,Turning,0,1997.0,Male,Driver,Injured_Hospitalized,Driver_seat,Home-work,Not_pedestrian,Unknown,Not_pedestrian,Seat_belt,Used,Not a holiday,0
1466,201600000899,2016,9,9,Daylight,Out_of_agglomeration,Roundabout,Dazzling,Side_two_vehicles,Manual_entry,-1.37221,48.39884,True,2016-09-09,9,15,09:15,Morning,False,Autumn,0.0,0.0,0.0,Departmental_road,Bidirectional,Unknown,Flat,Curve_left,Normal,Roundabout,On_road,Unknown,A01,Opposite_direction,Car(Quad/Passenger),Cyclist,Front,Park/Start/Stop,0,1954.0,Female,Driver,Uninjured,Driver_seat,Leisure,Not_pedestrian,Unknown,Not_pedestrian,Seat_belt,Used,Not a holiday,0
1467,201600000899,2016,9,9,Daylight,Out_of_agglomeration,Roundabout,Dazzling,Side_two_vehicles,Manual_entry,-1.37221,48.39884,True,2016-09-09,9,15,09:15,Morning,False,Autumn,0.0,0.0,0.0,Departmental_road,Bidirectional,Unknown,Flat,Curve_left,Normal,Roundabout,On_road,Unknown,B02,Same_direction,Cycle,None,Left_side,Straight_ahead,0,1946.0,Male,Driver,Injured_Hospitalized,Driver_seat,Unknown,Not_pedestrian,Unknown,Not_pedestrian,Helmet,Used,Not a holiday,0
1468,201600000900,2016,1,24,Night_without_public_lighting,Out_of_agglomeration,Out_of_intersection,Normal,Frontal_two_vehicles,Manual_entry,-2.091,47.66763,True,2016-01-24,20,15,20:15,Evening,True,Winter,0.0,0.0,635.0,Departmental_road,Bidirectional,Unknown,Flat,Straight,Wet,Unknown,On_road,Not_near_school,A01,Opposite_direction,Car(Quad/Passenger),Cyclist,Front,Avoiding_obstacle,0,1997.0,Male,Driver,Uninjured,Driver_seat,Leisure,Not_pedestrian,Unknown,Not_pedestrian,Seat_belt,Used,Not a holiday,0
1469,201600000900,2016,1,24,Night_without_public_lighting,Out_of_agglomeration,Out_of_intersection,Normal,Frontal_two_vehicles,Manual_entry,-2.091,47.66763,True,2016-01-24,20,15,20:15,Evening,True,Winter,0.0,0.0,635.0,Departmental_road,Bidirectional,Unknown,Flat,Straight,Wet,Unknown,On_road,Not_near_school,B02,Other/Unknown,Car(Quad/Passenger),None,Front,Straight_ahead,0,1944.0,Male,Driver,Injured_Hospitalized,Driver_seat,Leisure,Not_pedestrian,Unknown,Not_pedestrian,Seat_belt,Used,Not a holiday,0
1470,201600000901,2016,1,23,Night_with_public_lighting_on,Built_up_area,Out_of_intersection,Light_rain,Other_collision,Manual_entry,-2.08139,47.6518,True,2016-01-23,22,30,22:30,Night,True,Winter,1.0,0.0,50.0,Communal_way,One_way,Unknown,Slope,Curve_left,Wet,Unknown,On_road,Not_near_school,A01,Same_direction,Car(Quad/Passenger),None,Left_side,Roundabout,0,1997.0,Male,Driver,Uninjured,Driver_seat,Leisure,Not_pedestrian,Unknown,Not_pedestrian,Seat_belt,Used,Not a holiday,0
1471,201600000902,2016,2,8,Daylight,Built_up_area,Roundabout,Normal,Side_two_vehicles,Manual_entry,-2.08435,47.65749,True,2016-02-08,16,0,16:00,Afternoon,False,Winter,2.0,,,Departmental_road,Bidirectional,Cycle_bank,Unknown,Unknown,Unknown,Roundabout,On_road,Unknown,B02,Other/Unknown,Motorcycle,Cyclist,Left_side,Straight_ahead,0,1963.0,Male,Driver,Injured_Hospitalized,Driver_seat,Leisure,Not_pedestrian,Unknown,Not_pedestrian,Helmet,Used,Not a holiday,0
1472,201600000902,2016,2,8,Daylight,Built_up_area,Roundabout,Normal,Side_two_vehicles,Manual_entry,-2.08435,47.65749,True,2016-02-08,16,0,16:00,Afternoon,False,Winter,2.0,,,Departmental_road,Bidirectional,Cycle_bank,Unknown,Unknown,Unknown,Roundabout,On_road,Unknown,A01,Opposite_direction,Car(Quad/Passenger),Cyclist,Right_side,Park/Start/Stop,0,1948.0,Female,Driver,Uninjured,Driver_seat,Leisure,Not_pedestrian,Unknown,Not_pedestrian,Seat_belt,Used,Not a holiday,0
1473,201600000903,2016,4,12,Daylight,Built_up_area,Intersection_T,Dazzling,Side_two_vehicles,Manual_entry,-2.07084,47.7048,True,2016-04-12,10,15,10:15,Morning,False,Spring,2.0,0.0,0.0,Departmental_road,Bidirectional,Unknown,Flat,Straight,Normal,Unknown,On_road,Not_near_school,A01,Opposite_direction,Car(Quad/Passenger),Cyclist,Right_side,Park/Start/Stop,0,1981.0,Male,Driver,Uninjured,Driver_seat,Professional use,Not_pedestrian,Unknown,Not_pedestrian,Seat_belt,Used,Not a holiday,0
1474,201600000903,2016,4,12,Daylight,Built_up_area,Intersection_T,Dazzling,Side_two_vehicles,Manual_entry,-2.07084,47.7048,True,2016-04-12,10,15,10:15,Morning,False,Spring,2.0,0.0,0.0,Departmental_road,Bidirectional,Unknown,Flat,Straight,Normal,Unknown,On_road,Not_near_school,B02,Same_direction,Cycle,Cyclist,Left_side,Straight_ahead,0,1931.0,Female,Driver,Injured_Hospitalized,Driver_seat,Shopping,Not_pedestrian,Unknown,Not_pedestrian,Reflective_equipment,Used,Not a holiday,0
1475,201600000904,2016,6,27,Daylight,Built_up_area,Intersection_X,Normal,Side_two_vehicles,Manual_entry,-2.06348,47.66771,True,2016-06-27,16,0,16:00,Afternoon,False,Summer,0.0,0.0,60.0,Communal_way,Bidirectional,Unknown,Flat,Straight,Normal,Roundabout,On_road,Not_near_school,A01,Same_direction,Car(Quad/Passenger),Cyclist,Right_side,Straight_ahead,0,1983.0,Female,Driver,Injured_Slight,Driver_seat,Home-work,Not_pedestrian,Unknown,Not_pedestrian,Seat_belt,Used,Not a holiday,0
1476,201600000904,2016,6,27,Daylight,Built_up_area,Intersection_X,Normal,Side_two_vehicles,Manual_entry,-2.06348,47.66771,True,2016-06-27,16,0,16:00,Afternoon,False,Summer,0.0,0.0,60.0,Communal_way,Bidirectional,Unknown,Flat,Straight,Normal,Roundabout,On_road,Not_near_school,B02,Same_direction,Motorcycle,Cyclist,Front_right,Roundabout,0,2000.0,Female,Driver,Injured_Hospitalized,Driver_seat,Leisure,Not_pedestrian,Unknown,Not_pedestrian,Helmet,Used,Not a holiday,0
1477,201600000905,2016,8,13,Daylight,Out_of_agglomeration,Intersection_X,Normal,Side_two_vehicles,Manual_entry,-2.05423,47.70657,True,2016-08-13,15,15,15:15,Afternoon,True,Summer,2.0,0.0,54.0,Departmental_road,Bidirectional,Unknown,Flat,Straight,Normal,Unknown,On_road,Unknown,A01,Same_direction,Car(Quad/Passenger),None,Front,Straight_ahead,0,1952.0,Male,Driver,Injured_Hospitalized,Driver_seat,other,Not_pedestrian,Unknown,Not_pedestrian,Seat_belt,Used,Not a holiday,0
1478,201600000905,2016,8,13,Daylight,Out_of_agglomeration,Intersection_X,Normal,Side_two_vehicles,Manual_entry,-2.05423,47.70657,True,2016-08-13,15,15,15:15,Afternoon,True,Summer,2.0,0.0,54.0,Departmental_road,Bidirectional,Unknown,Flat,Straight,Normal,Unknown,On_road,Unknown,B02,Same_direction,Car(Quad/Passenger),None,Front_right,Loss_of_control,0,1983.0,Male,Driver,Injured_Hospitalized,Driver_seat,Unknown,Not_pedestrian,Unknown,Not_pedestrian,Seat_belt,Used,Not a holiday,0
1479,201600000906,2016,9,8,Daylight,Out_of_agglomeration,Out_of_intersection,Normal,Frontal_two_vehicles,Manual_entry,-2.08854,47.70939,True,2016-09-08,11,45,11:45,Morning,False,Autumn,2.0,0.0,0.0,Departmental_road,Bidirectional,Unknown,Flat,Straight,Normal,Unknown,On_road,Unknown,B02,Other/Unknown,Car(Quad/Passenger),Cyclist,Front_right,other,0,1988.0,Male,Driver,Injured_Slight,Driver_seat,Unknown,Not_pedestrian,Unknown,Not_pedestrian,Seat_belt,Used,Not a holiday,0
1480,201600000906,2016,9,8,Daylight,Out_of_agglomeration,Out_of_intersection,Normal,Frontal_two_vehicles,Manual_entry,-2.08854,47.70939,True,2016-09-08,11,45,11:45,Morning,False,Autumn,2.0,0.0,0.0,Departmental_road,Bidirectional,Unknown,Flat,Straight,Normal,Unknown,On_road,Unknown,A01,Opposite_direction,Car(Quad/Passenger),Cyclist,Right_side,Roundabout,0,1984.0,Female,Driver,Injured_Hospitalized,Driver_seat,Leisure,Not_pedestrian,Unknown,Not_pedestrian,Seat_belt,Used,Not a holiday,0
1481,201600000907,2016,10,27,Daylight,Built_up_area,Out_of_intersection,Normal,Other_collision,Manual_entry,-2.08609,47.65064,True,2016-10-27,17,15,17:15,Evening,False,Autumn,2.0,6.0,10.0,Departmental_road,Bidirectional,Unknown,Flat,Straight,Normal,Unknown,On_road,Unknown,A01,Opposite_direction,Car(Quad/Passenger),Pedestrian,Front_left,Roundabout,0,1995.0,Male,Driver,Uninjured,Driver_seat,Leisure,Not_pedestrian,Unknown,Not_pedestrian,Seat_belt,Undetermined,Not a holiday,0
1482,201600000908,2016,11,11,Night_without_public_lighting,Out_of_agglomeration,Out_of_intersection,Normal,Other_collision,Manual_entry,-2.08648,47.68355,True,2016-11-11,21,50,21:50,Night,False,Autumn,2.0,0.0,50.0,Departmental_road,Bidirectional,Unknown,Flat,Straight,Normal,Unknown,On_road,Unknown,A01,Same_direction,Car(Quad/Passenger),Pedestrian,Front,Straight_ahead,0,1986.0,Male,Driver,Uninjured,Driver_seat,Leisure,Not_pedestrian,Unknown,Not_pedestrian,Seat_belt,Used,Armistice Day,1
1483,201600000909,2016,12,8,Night_without_public_lighting,Out_of_agglomeration,Out_of_intersection,Normal,Other_collision,Manual_entry,-1.92349,47.70241,True,2016-12-08,23,30,23:30,Night,False,Winter,2.0,0.0,55.0,Departmental_road,Bidirectional,Unknown,Flat,Curve_right,Normal,Unknown,On_verge,Unknown,A01,Opposite_direction,Car(Quad/Passenger),None,Front_right,other,0,1987.0,Male,Driver,Injured_Hospitalized,Driver_seat,Home-work,Not_pedestrian,Unknown,Not_pedestrian,Seat_belt,Used,Not a holiday,0
1484,201600000910,2016,12,26,Night_without_public_lighting,Built_up_area,Out_of_intersection,Normal,Other_collision,Manual_entry,-2.09372,47.63815,True,2016-12-26,20,58,20:58,Evening,False,Winter,2.0,0.0,0.0,Communal_way,Bidirectional,Unknown,Flat,Curve_right,Normal,Unknown,On_verge,Unknown,A01,Same_direction,Car(Quad/Passenger),None,Front,None,0,1993.0,Male,Driver,Killed,Driver_seat,Leisure,Not_pedestrian,Unknown,Not_pedestrian,Seat_belt,Used,Not a holiday,0
1485,201600000911,2016,2,27,Daylight,Out_of_agglomeration,Intersection_X,Normal,Side_two_vehicles,Manual_entry,-1.70181,47.89819,True,2016-02-27,11,15,11:15,Morning,True,Winter,0.0,0.0,60.0,Departmental_road,Bidirectional,Unknown,Flat,Curve_left,Normal,Unknown,On_road,Unknown,B02,Same_direction,Car(Quad/Passenger),Cyclist,Front,Straight_ahead,0,1992.0,Male,Driver,Uninjured,Driver_seat,Leisure,Not_pedestrian,Unknown,Not_pedestrian,Seat_belt,Used,Not a holiday,0
1486,201600000911,2016,2,27,Daylight,Out_of_agglomeration,Intersection_X,Normal,Side_two_vehicles,Manual_entry,-1.70181,47.89819,True,2016-02-27,11,15,11:15,Morning,True,Winter,0.0,0.0,60.0,Departmental_road,Bidirectional,Unknown,Flat,Curve_left,Normal,Unknown,On_road,Unknown,A01,Same_direction,Car(Quad/Passenger),None,Left_side,Loss_of_control,0,1981.0,Female,Driver,Uninjured,Driver_seat,Leisure,Not_pedestrian,Unknown,Not_pedestrian,Seat_belt,Used,Not a holiday,0
1487,201600000912,2016,4,25,Twilight_or_dawn,Built_up_area,Intersection_X,Normal,Side_two_vehicles,Manual_entry,-1.58885,47.91557,True,2016-04-25,20,30,20:30,Evening,False,Spring,2.0,,,Departmental_road,Bidirectional,Unknown,Flat,Curve_right,Normal,Roundabout,On_road,Unknown,B02,Opposite_direction,Utility(Truck/Agri),Cyclist,Right_side,Loss_of_control,0,1976.0,Male,Driver,Injured_Slight,Driver_seat,other,Not_pedestrian,Unknown,Not_pedestrian,Seat_belt,Used,Not a holiday,0
1488,201600000912,2016,4,25,Twilight_or_dawn,Built_up_area,Intersection_X,Normal,Side_two_vehicles,Manual_entry,-1.58885,47.91557,True,2016-04-25,20,30,20:30,Evening,False,Spring,2.0,,,Departmental_road,Bidirectional,Unknown,Flat,Curve_right,Normal,Roundabout,On_road,Unknown,A01,Other/Unknown,Car(Quad/Passenger),Cyclist,Front_right,Straight_ahead,0,1995.0,Male,Driver,Injured_Slight,Driver_seat,Unknown,Not_pedestrian,Unknown,Not_pedestrian,Seat_belt,Used,Not a holiday,0
1489,201600000913,2016,5,4,Daylight,Out_of_agglomeration,Out_of_intersection,Normal,No_collision,Manual_entry,-1.77752,47.87801,True,2016-05-04,13,30,13:30,Afternoon,False,Spring,2.0,73.0,0.0,Departmental_road,Bidirectional,Unknown,Slope,Curve_left,Other,Railway,Unknown,Unknown,A01,Opposite_direction,Car(Quad/Passenger),None,No_impact,Straight_ahead,0,1949.0,Female,Driver,Injured_Hospitalized,Driver_seat,Leisure,Not_pedestrian,Unknown,Not_pedestrian,Seat_belt,Used,Not a holiday,0
1490,201600000914,2016,5,11,Night_without_public_lighting,Out_of_agglomeration,Out_of_intersection,Normal,Other_collision,Manual_entry,-1.58927,47.84356,True,2016-05-11,0,45,00:45,Night,False,Spring,2.0,58.0,0.0,Departmental_road,Bidirectional,Unknown,Unknown,Curve_right,Normal,Unknown,On_road,Unknown,A01,Opposite_direction,Car(Quad/Passenger),None,Multiple impacts,Straight_ahead,0,1982.0,Male,Driver,Injured_Hospitalized,Driver_seat,Leisure,Not_pedestrian,Unknown,Not_pedestrian,Seat_belt,Used,Not a holiday,0
1491,201600000915,2016,6,8,Night_without_public_lighting,Out_of_agglomeration,Out_of_intersection,Normal,No_collision,Manual_entry,-1.67368,47.92726,True,2016-06-08,1,15,01:15,Night,False,Summer,2.0,0.0,66.0,Departmental_road,Bidirectional,Unknown,Hilltop,Curve_right,Normal,Unknown,On_verge,Unknown,A01,Other/Unknown,Car(Quad/Passenger),None,Front,Avoiding_obstacle,0,1983.0,Male,Driver,Injured_Hospitalized,Driver_seat,Leisure,Not_pedestrian,Unknown,Not_pedestrian,Seat_belt,Used,Not a holiday,0
1492,201600000916,2016,6,16,Daylight,Out_of_agglomeration,Out_of_intersection,Normal,Frontal_two_vehicles,Manual_entry,-1.65772,47.86812,True,2016-06-16,19,15,19:15,Evening,False,Summer,0.0,0.0,0.0,Departmental_road,Bidirectional,Unknown,Hilltop,Straight,Normal,Unknown,On_road,Unknown,B02,Same_direction,Car(Quad/Passenger),None,No_impact,other,0,1968.0,Female,Driver,Injured_Hospitalized,Driver_seat,other,Not_pedestrian,Unknown,Not_pedestrian,Seat_belt,Used,Not a holiday,0
1493,201600000916,2016,6,16,Daylight,Out_of_agglomeration,Out_of_intersection,Normal,Frontal_two_vehicles,Manual_entry,-1.65772,47.86812,True,2016-06-16,19,15,19:15,Evening,False,Summer,0.0,0.0,0.0,Departmental_road,Bidirectional,Unknown,Hilltop,Straight,Normal,Unknown,On_road,Unknown,A01,Same_direction,Utility(Truck/Agri),None,No_impact,Straight_ahead,0,1984.0,Male,Driver,Uninjured,Driver_seat,Home-work,Not_pedestrian,Unknown,Not_pedestrian,Seat_belt,Used,Not a holiday,0
1494,201600000917,2016,7,26,Daylight,Out_of_agglomeration,Out_of_intersection,Normal,Other_collision,Manual_entry,-1.89803,47.75044,True,2016-07-26,17,30,17:30,Evening,False,Summer,2.0,0.0,0.0,Departmental_road,Separated_carriageways,Unknown,Slope,Curve_left,Normal,Unknown,On_road,Unknown,A01,Other/Unknown,Car(Quad/Passenger),None,Multiple impacts,Turning,0,1992.0,Male,Driver,Killed,Driver_seat,Leisure,Not_pedestrian,Unknown,Not_pedestrian,Seat_belt,Used,Not a holiday,0
1495,201600000918,2016,2,3,Night_without_public_lighting,Out_of_agglomeration,Out_of_intersection,Normal,No_collision,Manual_entry,-1.8379,47.97721,True,2016-02-03,6,30,06:30,Morning,False,Winter,2.0,0.0,79.0,Departmental_road,Bidirectional,Unknown,Flat,Curve_left,Normal,Unknown,On_verge,Unknown,A01,Other/Unknown,Car(Quad/Passenger),None,Front,Straight_ahead,0,1984.0,Female,Driver,Injured_Hospitalized,Driver_seat,Home-work,Not_pedestrian,Unknown,Not_pedestrian,Seat_belt,Used,Not a holiday,0
1496,201600000919,2016,2,10,Daylight,Out_of_agglomeration,Out_of_intersection,Normal,Rear_end_two_vehicles,Manual_entry,-1.77967,47.95375,True,2016-02-10,16,30,16:30,Afternoon,False,Winter,0.0,0.0,75.0,Departmental_road,Bidirectional,Unknown,Slope,Straight,Normal,Unknown,On_road,Not_near_school,A01,Opposite_direction,Car(Quad/Passenger),other,Front_right,Straight_ahead,0,1989.0,Female,Driver,Injured_Slight,Driver_seat,Professional use,Not_pedestrian,Unknown,Not_pedestrian,Seat_belt,Used,Not a holiday,0
1497,201600000919,2016,2,10,Daylight,Out_of_agglomeration,Out_of_intersection,Normal,Rear_end_two_vehicles,Manual_entry,-1.77967,47.95375,True,2016-02-10,16,30,16:30,Afternoon,False,Winter,0.0,0.0,75.0,Departmental_road,Bidirectional,Unknown,Slope,Straight,Normal,Unknown,On_road,Not_near_school,B02,Opposite_direction,Cycle,None,Rear_right,Straight_ahead,0,1958.0,Male,Driver,Injured_Hospitalized,Driver_seat,Leisure,Not_pedestrian,Unknown,Not_pedestrian,Helmet,Used,Not a holiday,0
1498,201600000920,2016,4,8,Daylight,Out_of_agglomeration,Out_of_intersection,Normal,Chain_three_plus,Manual_entry,-1.77578,47.94964,True,2016-04-08,17,30,17:30,Evening,False,Spring,2.0,0.0,75.0,Departmental_road,Bidirectional,Unknown,Flat,Straight,Normal,Unknown,On_road,Not_near_school,A01,Other/Unknown,Car(Quad/Passenger),Cyclist,Front,Straight_ahead,0,1989.0,Female,Driver,Injured_Hospitalized,Driver_seat,Leisure,Not_pedestrian,Unknown,Not_pedestrian,Seat_belt,Used,Not a holiday,0
1499,201600000920,2016,4,8,Daylight,Out_of_agglomeration,Out_of_intersection,Normal,Chain_three_plus,Manual_entry,-1.77578,47.94964,True,2016-04-08,17,30,17:30,Evening,False,Spring,2.0,0.0,75.0,Departmental_road,Bidirectional,Unknown,Flat,Straight,Normal,Unknown,On_road,Not_near_school,B02,Other/Unknown,Car(Quad/Passenger),Cyclist,Rear_right,Straight_ahead,0,1985.0,Female,Driver,Uninjured,Driver_seat,Leisure,Not_pedestrian,Unknown,Not_pedestrian,Seat_belt,Used,Not a holiday,0
1500,201600000920,2016,4,8,Daylight,Out_of_agglomeration,Out_of_intersection,Normal,Chain_three_plus,Manual_entry,-1.77578,47.94964,True,2016-04-08,17,30,17:30,Evening,False,Spring,2.0,0.0,75.0,Departmental_road,Bidirectional,Unknown,Flat,Straight,Normal,Unknown,On_road,Not_near_school,C03,Other/Unknown,Utility(Truck/Agri),None,Rear_right,Straight_ahead,0,1963.0,Female,Driver,Uninjured,Driver_seat,Leisure,Not_pedestrian,Unknown,Not_pedestrian,Seat_belt,Used,Not a holiday,0
1501,201600000921,2016,4,16,Night_without_public_lighting,Out_of_agglomeration,Out_of_intersection,Normal,Multiple_three_plus,Manual_entry,-1.82228,47.98891,True,2016-04-16,22,0,22:00,Night,True,Spring,2.0,0.0,70.0,Departmental_road,Bidirectional,Unknown,Unknown,Curve_right,Normal,Unknown,On_road,Unknown,A01,Other/Unknown,Car(Quad/Passenger),Cyclist,Right_side,other,0,1979.0,Male,Driver,Killed,Driver_seat,Leisure,Not_pedestrian,Unknown,Not_pedestrian,Seat_belt,Used,Not a holiday,0
1502,201600000921,2016,4,16,Night_without_public_lighting,Out_of_agglomeration,Out_of_intersection,Normal,Multiple_three_plus,Manual_entry,-1.82228,47.98891,True,2016-04-16,22,0,22:00,Night,True,Spring,2.0,0.0,70.0,Departmental_road,Bidirectional,Unknown,Unknown,Curve_right,Normal,Unknown,On_road,Unknown,C03,Other/Unknown,Car(Quad/Passenger),Cyclist,Right_side,Straight_ahead,0,1944.0,Female,Driver,Injured_Slight,Driver_seat,Leisure,Not_pedestrian,Unknown,Not_pedestrian,Seat_belt,Used,Not a holiday,0
1503,201600000921,2016,4,16,Night_without_public_lighting,Out_of_agglomeration,Out_of_intersection,Normal,Multiple_three_plus,Manual_entry,-1.82228,47.98891,True,2016-04-16,22,0,22:00,Night,True,Spring,2.0,0.0,70.0,Departmental_road,Bidirectional,Unknown,Unknown,Curve_right,Normal,Unknown,On_road,Unknown,B02,Opposite_direction,Car(Quad/Passenger),Cyclist,Front,Straight_ahead,0,1995.0,Female,Driver,Injured_Hospitalized,Driver_seat,Leisure,Not_pedestrian,Unknown,Not_pedestrian,Seat_belt,Used,Not a holiday,0
1504,201600000922,2016,7,7,Daylight,Out_of_agglomeration,Intersection_T,Normal,Side_two_vehicles,Manual_entry,-1.70105,47.95562,True,2016-07-07,16,15,16:15,Afternoon,False,Summer,1.0,,,Communal_way,Bidirectional,Unknown,Flat,Curve_left,Normal,Unknown,On_road,Unknown,B02,Same_direction,Cycle,Cyclist,Front,Roundabout,0,1973.0,Male,Driver,Killed,Driver_seat,Leisure,Not_pedestrian,Unknown,Not_pedestrian,Helmet,Not_used,Not a holiday,0
1505,201600000922,2016,7,7,Daylight,Out_of_agglomeration,Intersection_T,Normal,Side_two_vehicles,Manual_entry,-1.70105,47.95562,True,2016-07-07,16,15,16:15,Afternoon,False,Summer,1.0,,,Communal_way,Bidirectional,Unknown,Flat,Curve_left,Normal,Unknown,On_road,Unknown,A01,Same_direction,Bus/Coach,Cyclist,Left_side,Straight_ahead,0,1960.0,Male,Driver,Uninjured,Driver_seat,Professional use,Not_pedestrian,Unknown,Not_pedestrian,Seat_belt,Used,Not a holiday,0
1506,201600000923,2016,11,27,Night_with_public_lighting_on,Out_of_agglomeration,Out_of_intersection,Normal,Other_collision,Manual_entry,-1.82544,48.01631,True,2016-11-27,2,35,02:35,Night,True,Autumn,2.0,0.0,58.0,Departmental_road,Bidirectional,Unknown,Flat,Straight,Normal,Unknown,On_road,Unknown,A01,Opposite_direction,Cycle,None,No_impact,Straight_ahead,0,1998.0,Female,Driver,Injured_Slight,Driver_seat,Leisure,Not_pedestrian,Unknown,Not_pedestrian,Helmet,Used,Not a holiday,0
1507,201600000924,2016,12,24,Daylight,Out_of_agglomeration,Roundabout,Normal,No_collision,Manual_entry,-1.82976,47.98416,True,2016-12-24,13,45,13:45,Afternoon,True,Winter,1.0,0.0,15.0,Departmental_road,One_way,Unknown,Flat,Curve_left,Normal,Roundabout,On_verge,Unknown,A01,Opposite_direction,Motorcycle,None,No_impact,Park/Start/Stop,0,1974.0,Male,Driver,Injured_Hospitalized,Driver_seat,Leisure,Not_pedestrian,Unknown,Not_pedestrian,Helmet,Used,Not a holiday,0
1508,201600000925,2016,8,6,Daylight,Built_up_area,Out_of_intersection,Normal,Other_collision,Manual_entry,-1.80021,47.82454,True,2016-08-06,16,45,16:45,Afternoon,True,Summer,2.0,0.0,44.0,Communal_way,Bidirectional,Unknown,Flat,Straight,Normal,Unknown,On_road,Unknown,A01,Same_direction,Car(Quad/Passenger),None,Front_right,other,0,1974.0,Male,Driver,Injured_Hospitalized,Driver_seat,Leisure,Not_pedestrian,Unknown,Not_pedestrian,Seat_belt,Undetermined,Not a holiday,0
1509,201600000926,2016,2,1,Night_without_public_lighting,Out_of_agglomeration,Out_of_intersection,Normal,Frontal_two_vehicles,Manual_entry,-1.94245,47.75699,True,2016-02-01,1,45,01:45,Night,False,Winter,2.0,72.0,0.0,Departmental_road,Bidirectional,Unknown,Slope,Straight,Wet,Unknown,On_road,Unknown,A01,Other/Unknown,Utility(Truck/Agri),Cyclist,Front,Avoiding_obstacle,0,1983.0,Male,Driver,Uninjured,Driver_seat,Leisure,Not_pedestrian,Unknown,Not_pedestrian,Seat_belt,Used,Not a holiday,0
1510,201600000926,2016,2,1,Night_without_public_lighting,Out_of_agglomeration,Out_of_intersection,Normal,Frontal_two_vehicles,Manual_entry,-1.94245,47.75699,True,2016-02-01,1,45,01:45,Night,False,Winter,2.0,72.0,0.0,Departmental_road,Bidirectional,Unknown,Slope,Straight,Wet,Unknown,On_road,Unknown,B02,Opposite_direction,Car(Quad/Passenger),Cyclist,Front,Straight_ahead,0,1973.0,Male,Driver,Injured_Hospitalized,Driver_seat,Leisure,Not_pedestrian,Unknown,Not_pedestrian,Seat_belt,Used,Not a holiday,0