,accident_id,year,month,day,lighting_label,urban_label,intersection_label,weather_label,collision_label,gps_label,longitude_num,latitude_num,valid_geo,date,hour,minute,time_hhmm,time_of_day,is_weekend,season,num_lanes,pedestrian_crossing_width,road_width,road_category_label,traffic_regime_label,reserved_lane_label,road_profile_label,road_layout_label,surface_condition_label,infrastructure_label,situation_label,school_zone_label,vehicle_id,traffic_direction_label,vehicle_category_label,mobile_obstacle_label,impact_point_label,manoeuvre_label,occupants_group,birth_year,sex_label,user_category_label,injury_severity_label,seat_position_label,journey_purpose_label,pedestrian_location_label,pedestrian_action_label,pedestrian_state_label,safety_equipment_type,safety_equipment_usage,holiday_name,is_holiday
1511,201600000927,2016,5,6,Daylight,Out_of_agglomeration,Other,Normal,Side_two_vehicles,Manual_entry,-1.78018,47.87868,True,2016-05-06,15,30,15:30,Afternoon,False,Spring,2.0,0.0,54.0,Communal_way,Bidirectional,Unknown,Flat,Curve_right,Normal,Unknown,On_road,Unknown,B02,Same_direction,Cycle,Cyclist,Front_left,Loss_of_control,0,2004.0,Female,Driver,Killed,Driver_seat,Leisure,Not_pedestrian,Unknown,Not_pedestrian,Helmet,Not_used,Not a holiday,0
1512,201600000927,2016,5,6,Daylight,Out_of_agglomeration,Other,Normal,Side_two_vehicles,Manual_entry,-1.78018,47.87868,True,2016-05-06,15,30,15:30,Afternoon,False,Spring,2.0,0.0,54.0,Communal_way,Bidirectional,Unknown,Flat,Curve_right,Normal,Unknown,On_road,Unknown,A01,Same_direction,Car(Quad/Passenger),Cyclist,Front,Straight_ahead,0,1963.0,Female,Driver,Uninjured,Driver_seat,Shopping,Not_pedestrian,Unknown,Not_pedestrian,Seat_belt,Undetermined,Not a holiday,0
1513,201600000928,2016,6,6,Daylight,Built_up_area,Out_of_intersection,Normal,Side_two_vehicles,Manual_entry,-1.97404,47.8952,True,2016-06-06,14,45,14:45,Afternoon,False,Summer,2.0,0.0,60.0,Communal_way,Bidirectional,Unknown,Flat,Straight,Normal,Unknown,On_road,Unknown,A01,Same_direction,Motorcycle,Cyclist,Front,Straight_ahead,0,2000.0,Male,Driver,Uninjured,Driver_seat,Leisure,Not_pedestrian,Unknown,Not_pedestrian,Helmet,Used,Not a holiday,0
1514,201600000928,2016,6,6,Daylight,Built_up_area,Out_of_intersection,Normal,Side_two_vehicles,Manual_entry,-1.97404,47.8952,True,2016-06-06,14,45,14:45,Afternoon,False,Summer,2.0,0.0,60.0,Communal_way,Bidirectional,Unknown,Flat,Straight,Normal,Unknown,On_road,Unknown,B02,Same_direction,Motorcycle,Cyclist,Front_left,Park/Start/Stop,0,1999.0,Male,Driver,Injured_Hospitalized,Driver_seat,Leisure,Not_pedestrian,Unknown,Not_pedestrian,Helmet,Used,Not a holiday,0
1515,201600000929,2016,9,8,Daylight,Out_of_agglomeration,Out_of_intersection,Normal,Frontal_two_vehicles,Manual_entry,-2.03702,47.92596,True,2016-09-08,19,45,19:45,Evening,False,Autumn,2.0,0.0,0.0,Departmental_road,Bidirectional,Unknown,Flat,Curve_right,Normal,Unknown,On_road,Unknown,B02,Other/Unknown,Car(Quad/Passenger),Cyclist,Front,Straight_ahead,0,1996.0,Male,Driver,Injured_Slight,Driver_seat,Leisure,Not_pedestrian,Unknown,Not_pedestrian,Seat_belt,Used,Not a holiday,0
1516,201600000929,2016,9,8,Daylight,Out_of_agglomeration,Out_of_intersection,Normal,Frontal_two_vehicles,Manual_entry,-2.03702,47.92596,True,2016-09-08,19,45,19:45,Evening,False,Autumn,2.0,0.0,0.0,Departmental_road,Bidirectional,Unknown,Flat,Curve_right,Normal,Unknown,On_road,Unknown,A01,Opposite_direction,Bus/Coach,Cyclist,Front,Straight_ahead,0,1958.0,Male,Driver,Uninjured,Driver_seat,Leisure,Not_pedestrian,Unknown,Not_pedestrian,Seat_belt,Used,Not a holiday,0
1517,201600000930,2016,5,5,Daylight,Out_of_agglomeration,Out_of_intersection,Normal,Frontal_two_vehicles,Manual_entry,-1.95337,48.56011,True,2016-05-05,19,0,19:00,Evening,False,Spring,1.0,0.0,60.0,Departmental_road,Bidirectional,Unknown,Unknown,Curve_right,Normal,Unknown,On_road,Not_near_school,A01,Other/Unknown,Car(Quad/Passenger),Cyclist,Front_right,Straight_ahead,0,1984.0,Female,Driver,Injured_Slight,Driver_seat,Leisure,Not_pedestrian,Unknown,Not_pedestrian,Seat_belt,Used,Ascension Thursday,1
1518,201600000930,2016,5,5,Daylight,Out_of_agglomeration,Out_of_intersection,Normal,Frontal_two_vehicles,Manual_entry,-1.95337,48.56011,True,2016-05-05,19,0,19:00,Evening,False,Spring,1.0,0.0,60.0,Departmental_road,Bidirectional,Unknown,Unknown,Curve_right,Normal,Unknown,On_road,Not_near_school,B02,Opposite_direction,Car(Quad/Passenger),Cyclist,Front,Straight_ahead,0,1948.0,Female,Driver,Injured_Slight,Driver_seat,Leisure,Not_pedestrian,Unknown,Not_pedestrian,Seat_belt,Used,Ascension Thursday,1
1519,201600000931,2016,6,18,Daylight,Out_of_agglomeration,Out_of_intersection,Normal,Side_two_vehicles,Manual_entry,-1.871,48.6564,True,2016-06-18,19,0,19:00,Evening,True,Summer,2.0,0.0,60.0,Departmental_road,Bidirectional,Unknown,Slope,Straight,Normal,Unknown,On_road,Not_near_school,A01,Opposite_direction,Car(Quad/Passenger),Cyclist,Left_side,other,0,1955.0,Male,Driver,Uninjured,Driver_seat,Leisure,Not_pedestrian,Unknown,Not_pedestrian,Seat_belt,Used,Not a holiday,0
1520,201600000931,2016,6,18,Daylight,Out_of_agglomeration,Out_of_intersection,Normal,Side_two_vehicles,Manual_entry,-1.871,48.6564,True,2016-06-18,19,0,19:00,Evening,True,Summer,2.0,0.0,60.0,Departmental_road,Bidirectional,Unknown,Slope,Straight,Normal,Unknown,On_road,Not_near_school,B02,Opposite_direction,Cycle,None,Front_left,Avoiding_obstacle,0,1990.0,Female,Driver,Injured_Slight,Driver_seat,Leisure,Not_pedestrian,Unknown,Not_pedestrian,Helmet,Used,Not a holiday,0
1521,201600000932,2016,8,3,Daylight,Out_of_agglomeration,Out_of_intersection,Normal,Other_collision,Manual_entry,-1.9229,48.54617,True,2016-08-03,20,0,20:00,Evening,False,Summer,0.0,10.0,70.0,Departmental_road,Separated_carriageways,Unknown,Unknown,Straight,Normal,Interchange,On_road,Unknown,A01,Opposite_direction,Motorcycle,None,Front_left,Park/Start/Stop,0,1978.0,Male,Driver,Injured_Hospitalized,Driver_seat,Home-work,Not_pedestrian,Unknown,Not_pedestrian,Helmet,Used,Not a holiday,0
1522,201600000933,2016,8,21,Daylight,Out_of_agglomeration,Out_of_intersection,Normal,Side_two_vehicles,Manual_entry,-1.88514,48.64461,True,2016-08-21,16,0,16:00,Afternoon,True,Summer,2.0,0.0,0.0,Departmental_road,Bidirectional,Unknown,Unknown,Unknown,Normal,Bridge,On_road,Not_near_school,B02,Other/Unknown,Car(Quad/Passenger),Cyclist,Left_side,Straight_ahead,0,1947.0,Male,Driver,Injured_Hospitalized,Driver_seat,Unknown,Not_pedestrian,Unknown,Not_pedestrian,Seat_belt,Used,Not a holiday,0
1523,201600000933,2016,8,21,Daylight,Out_of_agglomeration,Out_of_intersection,Normal,Side_two_vehicles,Manual_entry,-1.88514,48.64461,True,2016-08-21,16,0,16:00,Afternoon,True,Summer,2.0,0.0,0.0,Departmental_road,Bidirectional,Unknown,Unknown,Unknown,Normal,Bridge,On_road,Not_near_school,A01,Opposite_direction,Car(Quad/Passenger),Cyclist,Left_side,Avoiding_obstacle,0,1972.0,Male,Driver,Injured_Hospitalized,Driver_seat,Leisure,Not_pedestrian,Unknown,Not_pedestrian,Seat_belt,Used,Not a holiday,0
1524,201600000934,2016,3,20,Daylight,Out_of_agglomeration,Out_of_intersection,Normal,No_collision,Manual_entry,-2.04015,48.54748,True,2016-03-20,15,45,15:45,Afternoon,True,Spring,1.0,0.0,35.0,Communal_way,Bidirectional,Unknown,Flat,Straight,Normal,Unknown,On_road,Unknown,A01,Same_direction,Cycle,None,No_impact,Straight_ahead,0,1986.0,Female,Driver,Injured_Hospitalized,Driver_seat,Leisure,Not_pedestrian,Unknown,Not_pedestrian,Helmet,Used,Not a holiday,0
1525,201600000935,2016,3,29,Night_without_public_lighting,Built_up_area,Roundabout,Normal,Side_two_vehicles,Manual_entry,-2.0685,48.59343,True,2016-03-29,20,45,20:45,Evening,False,Spring,0.0,0.0,30.0,Departmental_road,Unknown,Unknown,Unknown,Curve_right,Normal,Unknown,On_road,Unknown,A01,Other/Unknown,Car(Quad/Passenger),Cyclist,Right_side,Park/Start/Stop,0,1993.0,Male,Driver,Injured_Slight,Driver_seat,Leisure,Not_pedestrian,Unknown,Not_pedestrian,Seat_belt,Used,Not a holiday,0
1526,201600000935,2016,3,29,Night_without_public_lighting,Built_up_area,Roundabout,Normal,Side_two_vehicles,Manual_entry,-2.0685,48.59343,True,2016-03-29,20,45,20:45,Evening,False,Spring,0.0,0.0,30.0,Departmental_road,Unknown,Unknown,Unknown,Curve_right,Normal,Unknown,On_road,Unknown,B02,Opposite_direction,Motorcycle,Cyclist,Left_side,Turning,0,1998.0,Female,Driver,Injured_Hospitalized,Driver_seat,Leisure,Not_pedestrian,Unknown,Not_pedestrian,Helmet,Used,Not a holiday,0
1527,201600000936,2016,4,21,Daylight,Out_of_agglomeration,Intersection_X,Light_rain,Side_two_vehicles,Manual_entry,-2.06842,48.60574,True,2016-04-21,17,30,17:30,Evening,False,Spring,1.0,0.0,38.0,Communal_way,Bidirectional,Unknown,Slope,Straight,Wet,Unknown,On_road,Unknown,A01,Same_direction,Car(Quad/Passenger),Cyclist,Right_side,Straight_ahead,0,1957.0,Male,Driver,Uninjured,Driver_seat,Leisure,Not_pedestrian,Unknown,Not_pedestrian,Seat_belt,Used,Not a holiday,0
1528,201600000936,2016,4,21,Daylight,Out_of_agglomeration,Intersection_X,Light_rain,Side_two_vehicles,Manual_entry,-2.06842,48.60574,True,2016-04-21,17,30,17:30,Evening,False,Spring,1.0,0.0,38.0,Communal_way,Bidirectional,Unknown,Slope,Straight,Wet,Unknown,On_road,Unknown,B02,Same_direction,Cycle,Cyclist,Left_side,Roundabout,0,1981.0,Male,Driver,Injured_Hospitalized,Driver_seat,Leisure,Not_pedestrian,Unknown,Not_pedestrian,Helmet,Not_used,Not a holiday,0
1529,201600000937,2016,5,24,Daylight,Out_of_agglomeration,Intersection_T,Normal,Side_two_vehicles,Manual_entry,-2.12309,48.61203,True,2016-05-24,10,30,10:30,Morning,False,Spring,2.0,0.0,68.0,Departmental_road,Bidirectional,Unknown,Flat,Straight,Normal,Unknown,On_road,Not_near_school,A01,Other/Unknown,Car(Quad/Passenger),Cyclist,Front_right,Straight_ahead,0,1970.0,Female,Driver,Injured_Hospitalized,Driver_seat,Leisure,Not_pedestrian,Unknown,Not_pedestrian,Seat_belt,Used,Not a holiday,0
1530,201600000937,2016,5,24,Daylight,Out_of_agglomeration,Intersection_T,Normal,Side_two_vehicles,Manual_entry,-2.12309,48.61203,True,2016-05-24,10,30,10:30,Morning,False,Spring,2.0,0.0,68.0,Departmental_road,Bidirectional,Unknown,Flat,Straight,Normal,Unknown,On_road,Not_near_school,B02,Same_direction,Car(Quad/Passenger),Cyclist,Front,Straight_ahead,0,1956.0,Female,Driver,Injured_Hospitalized,Driver_seat,Leisure,Not_pedestrian,Unknown,Not_pedestrian,Seat_belt,Used,Not a holiday,0
1531,201600000938,2016,8,6,Twilight_or_dawn,Out_of_agglomeration,Out_of_intersection,Normal,Frontal_two_vehicles,Manual_entry,-2.06893,48.60344,True,2016-08-06,5,45,05:45,Morning,True,Summer,2.0,0.0,80.0,Departmental_road,Bidirectional,Unknown,Flat,Straight,Normal,Unknown,On_road,Unknown,B02,Other/Unknown,Utility(Truck/Agri),None,Front_right,Straight_ahead,0,1968.0,Female,Driver,Injured_Slight,Driver_seat,Home-work,Not_pedestrian,Unknown,Not_pedestrian,Seat_belt,Used,Not a holiday,0
1532,201600000938,2016,8,6,Twilight_or_dawn,Out_of_agglomeration,Out_of_intersection,Normal,Frontal_two_vehicles,Manual_entry,-2.06893,48.60344,True,2016-08-06,5,45,05:45,Morning,True,Summer,2.0,0.0,80.0,Departmental_road,Bidirectional,Unknown,Flat,Straight,Normal,Unknown,On_road,Unknown,A01,Opposite_direction,Cycle,None,Front,Avoiding_obstacle,0,1998.0,Male,Driver,Killed,Driver_seat,Leisure,Not_pedestrian,Unknown,Not_pedestrian,Helmet,Used,Not a holiday,0
1533,201600000939,2016,9,14,Daylight,Built_up_area,Out_of_intersection,Normal,Frontal_two_vehicles,Manual_entry,-2.06356,48.57747,True,2016-09-14,17,0,17:00,Evening,False,Autumn,1.0,0.0,0.0,Communal_way,Bidirectional,Unknown,Flat,Straight,Normal,Unknown,On_road,Unknown,A01,Same_direction,Car(Quad/Passenger),Cyclist,Front,Straight_ahead,0,1973.0,Male,Driver,Uninjured,Driver_seat,Unknown,Not_pedestrian,Unknown,Not_pedestrian,Seat_belt,Used,Not a holiday,0
1534,201600000939,2016,9,14,Daylight,Built_up_area,Out_of_intersection,Normal,Frontal_two_vehicles,Manual_entry,-2.06356,48.57747,True,2016-09-14,17,0,17:00,Evening,False,Autumn,1.0,0.0,0.0,Communal_way,Bidirectional,Unknown,Flat,Straight,Normal,Unknown,On_road,Unknown,B02,Same_direction,Cycle,Cyclist,Front,Reversing,0,1996.0,Male,Driver,Injured_Slight,Driver_seat,Leisure,Not_pedestrian,Unknown,Not_pedestrian,Helmet,Used,Not a holiday,0
1535,201600000940,2016,9,22,Daylight,Out_of_agglomeration,Intersection_X,Normal,Side_two_vehicles,Manual_entry,-2.10613,48.61885,True,2016-09-22,17,0,17:00,Evening,False,Autumn,0.0,0.0,88.0,Departmental_road,Bidirectional,Unknown,Unknown,Straight,Normal,Roundabout,On_road,Unknown,B02,Opposite_direction,Motorcycle,Cyclist,Front,Straight_ahead,0,1992.0,Male,Driver,Killed,Driver_seat,Leisure,Not_pedestrian,Unknown,Not_pedestrian,Helmet,Used,Not a holiday,0
1536,201600000940,2016,9,22,Daylight,Out_of_agglomeration,Intersection_X,Normal,Side_two_vehicles,Manual_entry,-2.10613,48.61885,True,2016-09-22,17,0,17:00,Evening,False,Autumn,0.0,0.0,88.0,Departmental_road,Bidirectional,Unknown,Unknown,Straight,Normal,Roundabout,On_road,Unknown,A01,Other/Unknown,Utility(Truck/Agri),Cyclist,Front_left,Roundabout,0,1987.0,Male,Driver,Uninjured,Driver_seat,Professional use,Not_pedestrian,Unknown,Not_pedestrian,Seat_belt,Used,Not a holiday,0
1537,201600000941,2016,11,19,Night_without_public_lighting,Out_of_agglomeration,Out_of_intersection,Light_rain,Frontal_two_vehicles,Manual_entry,-2.06944,48.60223,True,2016-11-19,17,40,17:40,Evening,True,Autumn,2.0,0.0,80.0,Departmental_road,Bidirectional,Unknown,Flat,Straight,Wet,Unknown,On_road,Unknown,A01,Other/Unknown,Car(Quad/Passenger),Cyclist,Right_side,Straight_ahead,0,1952.0,Female,Driver,Injured_Slight,Driver_seat,Leisure,Not_pedestrian,Unknown,Not_pedestrian,Seat_belt,Used,Not a holiday,0
1538,201600000941,2016,11,19,Night_without_public_lighting,Out_of_agglomeration,Out_of_intersection,Light_rain,Frontal_two_vehicles,Manual_entry,-2.06944,48.60223,True,2016-11-19,17,40,17:40,Evening,True,Autumn,2.0,0.0,80.0,Departmental_road,Bidirectional,Unknown,Flat,Straight,Wet,Unknown,On_road,Unknown,B02,Opposite_direction,Car(Quad/Passenger),Cyclist,Right_side,other,0,1988.0,Female,Driver,Injured_Slight,Driver_seat,Leisure,Not_pedestrian,Unknown,Not_pedestrian,Seat_belt,Used,Not a holiday,0
1539,201600000942,2016,11,30,Daylight,Out_of_agglomeration,Out_of_intersection,Normal,Frontal_two_vehicles,Manual_entry,-2.05688,48.60323,True,2016-11-30,13,40,13:40,Afternoon,False,Autumn,2.0,69.0,0.0,Communal_way,Bidirectional,Unknown,Slope,Straight,Normal,Unknown,On_road,Unknown,A01,Same_direction,Utility(Truck/Agri),Cyclist,Front,Avoiding_obstacle,0,1975.0,Male,Driver,Uninjured,Driver_seat,Professional use,Not_pedestrian,Unknown,Not_pedestrian,Seat_belt,Used,Not a holiday,0
1540,201600000942,2016,11,30,Daylight,Out_of_agglomeration,Out_of_intersection,Normal,Frontal_two_vehicles,Manual_entry,-2.05688,48.60323,True,2016-11-30,13,40,13:40,Afternoon,False,Autumn,2.0,69.0,0.0,Communal_way,Bidirectional,Unknown,Slope,Straight,Normal,Unknown,On_road,Unknown,B01,Same_direction,Car(Quad/Passenger),Cyclist,Front,Straight_ahead,0,1949.0,Female,Driver,Injured_Slight,Driver_seat,Leisure,Not_pedestrian,Unknown,Not_pedestrian,Seat_belt,Used,Not a holiday,0
1541,201600000943,2016,1,22,Twilight_or_dawn,Built_up_area,Out_of_intersection,Heavy_rain,Other_collision,Manual_entry,-1.20564,48.11122,True,2016-01-22,8,15,08:15,Morning,False,Winter,2.0,0.0,120.0,Departmental_road,Bidirectional,Bike_path,Flat,Straight,Wet,Pedestrian_area,On_road,Unknown,A01,Other/Unknown,Car(Quad/Passenger),Pedestrian,Front_right,Straight_ahead,0,1970.0,Male,Driver,Uninjured,Driver_seat,Home-work,Not_pedestrian,Unknown,Not_pedestrian,Seat_belt,Used,Not a holiday,0
1542,201600000944,2016,5,13,Daylight,Built_up_area,Roundabout,Light_rain,Side_two_vehicles,Manual_entry,-1.21601,48.10943,True,2016-05-13,10,30,10:30,Morning,False,Spring,2.0,0.0,75.0,Departmental_road,Bidirectional,Unknown,Flat,Straight,Wet,Roundabout,On_road,Not_near_school,A01,Same_direction,Car(Quad/Passenger),Cyclist,Rear_left,Straight_ahead,0,1960.0,Female,Driver,Uninjured,Driver_seat,Home-work,Not_pedestrian,Unknown,Not_pedestrian,Seat_belt,Used,Not a holiday,0
1543,201600000944,2016,5,13,Daylight,Built_up_area,Roundabout,Light_rain,Side_two_vehicles,Manual_entry,-1.21601,48.10943,True,2016-05-13,10,30,10:30,Morning,False,Spring,2.0,0.0,75.0,Departmental_road,Bidirectional,Unknown,Flat,Straight,Wet,Roundabout,On_road,Not_near_school,B02,Same_direction,Motorcycle,Cyclist,Rear,None,0,1964.0,Female,Driver,Injured_Hospitalized,Driver_seat,Shopping,Not_pedestrian,Unknown,Not_pedestrian,Helmet,Used,Not a holiday,0
1544,201600000945,2016,5,19,Daylight,Built_up_area,Out_of_intersection,Normal,No_collision,Manual_entry,-1.19417,48.16779,True,2016-05-19,18,30,18:30,Evening,False,Spring,1.0,0.0,0.0,Communal_way,Bidirectional,Unknown,Slope,Curve_right,Other,Unknown,On_road,Not_near_school,A01,Same_direction,Cycle,None,Left_side,Straight_ahead,0,2002.0,Male,Driver,Injured_Hospitalized,Driver_seat,Leisure,Not_pedestrian,Unknown,Not_pedestrian,Helmet,Used,Not a holiday,0
1545,201600000946,2016,6,26,Daylight,Out_of_agglomeration,Roundabout,Normal,No_collision,Manual_entry,-1.23291,48.12417,True,2016-06-26,7,45,07:45,Morning,True,Summer,0.0,0.0,0.0,Departmental_road,One_way,Unknown,Slope,Curve_right,Normal,Interchange,On_verge,Unknown,A01,Other/Unknown,Car(Quad/Passenger),None,No_impact,Straight_ahead,0,1988.0,Male,Driver,Injured_Hospitalized,Driver_seat,other,Not_pedestrian,Unknown,Not_pedestrian,Seat_belt,Used,Not a holiday,0
1546,201600000947,2016,7,16,Daylight,Out_of_agglomeration,Out_of_intersection,Normal,Other_collision,Manual_entry,-1.31445,48.07917,True,2016-07-16,21,0,21:00,Night,True,Summer,0.0,0.0,48.0,Departmental_road,Bidirectional,Unknown,Flat,Curve_right,Normal,Unknown,On_road,Not_near_school,A01,Other/Unknown,Car(Quad/Passenger),None,Front_right,Straight_ahead,0,1993.0,Male,Driver,Injured_Hospitalized,Driver_seat,Leisure,Not_pedestrian,Unknown,Not_pedestrian,Seat_belt,Used,Not a holiday,0
1547,201600000948,2016,7,25,Daylight,Built_up_area,Out_of_intersection,Normal,Side_two_vehicles,Manual_entry,-1.19193,48.12005,True,2016-07-25,18,0,18:00,Evening,False,Summer,2.0,0.0,0.0,Communal_way,Bidirectional,Unknown,Flat,Straight,Normal,Unknown,On_road,Unknown,A01,Same_direction,Car(Quad/Passenger),Cyclist,Front_right,Roundabout,0,1985.0,Male,Driver,Uninjured,Driver_seat,Home-work,Not_pedestrian,Unknown,Not_pedestrian,Seat_belt,Used,Not a holiday,0
1548,201600000948,2016,7,25,Daylight,Built_up_area,Out_of_intersection,Normal,Side_two_vehicles,Manual_entry,-1.19193,48.12005,True,2016-07-25,18,0,18:00,Evening,False,Summer,2.0,0.0,0.0,Communal_way,Bidirectional,Unknown,Flat,Straight,Normal,Unknown,On_road,Unknown,B02,Same_direction,Cycle,Cyclist,Front_left,Roundabout,0,1965.0,Male,Driver,Injured_Hospitalized,Driver_seat,Home-work,Not_pedestrian,Unknown,Not_pedestrian,Helmet,Used,Not a holiday,0
1549,201600000949,2016,9,21,Twilight_or_dawn,Out_of_agglomeration,Out_of_intersection,Cloudy,Frontal_two_vehicles,Manual_entry,-1.23262,48.12013,True,2016-09-21,7,45,07:45,Morning,False,Autumn,2.0,0.0,80.0,Departmental_road,Bidirectional,Unknown,Unknown,Straight,Normal,Unknown,On_road,Unknown,A01,Other/Unknown,Car(Quad/Passenger),Cyclist,Rear_left,Park/Start/Stop,0,1992.0,Male,Driver,Uninjured,Driver_seat,Home-work,Not_pedestrian,Unknown,Not_pedestrian,Seat_belt,Used,Not a holiday,0
1550,201600000949,2016,9,21,Twilight_or_dawn,Out_of_agglomeration,Out_of_intersection,Cloudy,Frontal_two_vehicles,Manual_entry,-1.23262,48.12013,True,2016-09-21,7,45,07:45,Morning,False,Autumn,2.0,0.0,80.0,Departmental_road,Bidirectional,Unknown,Unknown,Straight,Normal,Unknown,On_road,Unknown,B02,Other/Unknown,Motorcycle,Cyclist,Front,Park/Start/Stop,0,1977.0,Male,Driver,Injured_Slight,Driver_seat,Home-work,Not_pedestrian,Unknown,Not_pedestrian,Helmet,Used,Not a holiday,0
1551,201600000950,2016,1,30,Night_without_public_lighting,Out_of_agglomeration,Out_of_intersection,Cloudy,Other_collision,Manual_entry,-1.5262,48.10856,True,2016-01-30,4,30,04:30,Night,True,Winter,4.0,10.0,70.0,National_road,Separated_carriageways,Unknown,Flat,Straight,Normal,Unknown,On_verge,Unknown,A01,Opposite_direction,Car(Quad/Passenger),None,Front,Straight_ahead,0,1992.0,Male,Driver,Killed,Driver_seat,Leisure,Not_pedestrian,Unknown,Not_pedestrian,Seat_belt,Used,Not a holiday,0
1552,201600000951,2016,2,4,Daylight,Out_of_agglomeration,Out_of_intersection,Normal,Multiple_three_plus,Manual_entry,-1.57496,48.04642,True,2016-02-04,7,45,07:45,Morning,False,Winter,2.0,0.0,0.0,Departmental_road,Bidirectional,Unknown,Flat,Straight,Normal,Unknown,On_road,Not_near_school,C03,Same_direction,Car(Quad/Passenger),Cyclist,Front_right,Straight_ahead,0,1987.0,Female,Driver,Injured_Hospitalized,Driver_seat,Home-work,Not_pedestrian,Unknown,Not_pedestrian,Seat_belt,Used,Not a holiday,0
1553,201600000951,2016,2,4,Daylight,Out_of_agglomeration,Out_of_intersection,Normal,Multiple_three_plus,Manual_entry,-1.57496,48.04642,True,2016-02-04,7,45,07:45,Morning,False,Winter,2.0,0.0,0.0,Departmental_road,Bidirectional,Unknown,Flat,Straight,Normal,Unknown,On_road,Not_near_school,A01,Same_direction,Car(Quad/Passenger),Cyclist,Right_side,Avoiding_obstacle,0,1972.0,Male,Driver,Injured_Hospitalized,Driver_seat,Home-work,Not_pedestrian,Unknown,Not_pedestrian,Seat_belt,Used,Not a holiday,0
1554,201600000951,2016,2,4,Daylight,Out_of_agglomeration,Out_of_intersection,Normal,Multiple_three_plus,Manual_entry,-1.57496,48.04642,True,2016-02-04,7,45,07:45,Morning,False,Winter,2.0,0.0,0.0,Departmental_road,Bidirectional,Unknown,Flat,Straight,Normal,Unknown,On_road,Not_near_school,B02,Same_direction,Car(Quad/Passenger),Cyclist,Rear_left,Straight_ahead,0,1967.0,Male,Driver,Uninjured,Driver_seat,Home-work,Not_pedestrian,Unknown,Not_pedestrian,Seat_belt,Used,Not a holiday,0
1555,201600000952,2016,4,22,Daylight,Out_of_agglomeration,Intersection_T,Normal,Frontal_two_vehicles,Manual_entry,-1.45833,48.04579,True,2016-04-22,20,15,20:15,Evening,False,Spring,2.0,15.0,0.0,Departmental_road,Bidirectional,Unknown,Unknown,Straight,Normal,Roundabout,On_road,Unknown,B02,Same_direction,Car(Quad/Passenger),Cyclist,Right_side,Straight_ahead,0,1995.0,Male,Driver,Injured_Slight,Driver_seat,Leisure,Not_pedestrian,Unknown,Not_pedestrian,Seat_belt,Used,Not a holiday,0
1556,201600000952,2016,4,22,Daylight,Out_of_agglomeration,Intersection_T,Normal,Frontal_two_vehicles,Manual_entry,-1.45833,48.04579,True,2016-04-22,20,15,20:15,Evening,False,Spring,2.0,15.0,0.0,Departmental_road,Bidirectional,Unknown,Unknown,Straight,Normal,Roundabout,On_road,Unknown,A01,Other/Unknown,Car(Quad/Passenger),Cyclist,Front_right,Park/Start/Stop,0,1955.0,Female,Driver,Injured_Hospitalized,Driver_seat,Leisure,Not_pedestrian,Unknown,Not_pedestrian,Seat_belt,Used,Not a holiday,0
1557,201600000953,2016,5,5,Daylight,Out_of_agglomeration,Out_of_intersection,Normal,Rear_end_two_vehicles,Manual_entry,-1.49965,48.10475,True,2016-05-05,9,45,09:45,Morning,False,Spring,2.0,0.0,70.0,National_road,Unknown,Unknown,Unknown,Straight,Unknown,Unknown,On_road,Not_near_school,B02,Opposite_direction,Car(Quad/Passenger),None,Rear_right,Turning,0,1963.0,Male,Driver,Uninjured,Driver_seat,Leisure,Not_pedestrian,Unknown,Not_pedestrian,Seat_belt,Used,Ascension Thursday,1
1558,201600000953,2016,5,5,Daylight,Out_of_agglomeration,Out_of_intersection,Normal,Rear_end_two_vehicles,Manual_entry,-1.49965,48.10475,True,2016-05-05,9,45,09:45,Morning,False,Spring,2.0,0.0,70.0,National_road,Unknown,Unknown,Unknown,Straight,Unknown,Unknown,On_road,Not_near_school,A01,Opposite_direction,Motorcycle,Cyclist,Front,Turning,0,1990.0,Male,Driver,Injured_Slight,Driver_seat,Leisure,Not_pedestrian,Unknown,Not_pedestrian,Helmet,Used,Ascension Thursday,1
1559,201600000954,2016,5,20,Daylight,Out_of_agglomeration,Out_of_intersection,Normal,Frontal_two_vehicles,Manual_entry,-1.5588,48.09139,True,2016-05-20,17,15,17:15,Evening,False,Spring,2.0,0.0,50.0,Departmental_road,Bidirectional,Unknown,Slope,Curve_right,Unknown,Unknown,On_road,Not_near_school,B02,Opposite_direction,Car(Quad/Passenger),Cyclist,Right_side,None,0,1981.0,Female,Driver,Injured_Hospitalized,Driver_seat,Home-work,Not_pedestrian,Unknown,Not_pedestrian,Seat_belt,Used,Not a holiday,0
1560,201600000954,2016,5,20,Daylight,Out_of_agglomeration,Out_of_intersection,Normal,Frontal_two_vehicles,Manual_entry,-1.5588,48.09139,True,2016-05-20,17,15,17:15,Evening,False,Spring,2.0,0.0,50.0,Departmental_road,Bidirectional,Unknown,Slope,Curve_right,Unknown,Unknown,On_road,Not_near_school,A01,Other/Unknown,Motorcycle,Cyclist,Right_side,Straight_ahead,0,1972.0,Male,Driver,Killed,Driver_seat,Shopping,Not_pedestrian,Unknown,Not_pedestrian,Helmet,Used,Not a holiday,0
1561,201600000955,2016,2,14,Night_with_public_lighting_on,Out_of_agglomeration,Roundabout,Cloudy,Other_collision,Manual_entry,-1.32485,47.84187,True,2016-02-14,5,45,05:45,Morning,True,Winter,2.0,0.0,130.0,Departmental_road,Bidirectional,Unknown,Flat,Curve_right,Wet,Roundabout,On_verge,Not_near_school,A01,Other/Unknown,Car(Quad/Passenger),None,Front_left,Straight_ahead,0,1980.0,Male,Driver,Injured_Hospitalized,Driver_seat,Leisure,Not_pedestrian,Unknown,Not_pedestrian,Seat_belt,Used,Not a holiday,0