,accident_id,year,month,day,lighting_label,urban_label,intersection_label,weather_label,collision_label,gps_label,longitude_num,latitude_num,valid_geo,date,hour,minute,time_hhmm,time_of_day,is_weekend,season,num_lanes,pedestrian_crossing_width,road_width,road_category_label,traffic_regime_label,reserved_lane_label,road_profile_label,road_layout_label,surface_condition_label,infrastructure_label,situation_label,school_zone_label,vehicle_id,traffic_direction_label,vehicle_category_label,mobile_obstacle_label,impact_point_label,manoeuvre_label,occupants_group,birth_year,sex_label,user_category_label,injury_severity_label,seat_position_label,journey_purpose_label,pedestrian_location_label,pedestrian_action_label,pedestrian_state_label,safety_equipment_type,safety_equipment_usage,holiday_name,is_holiday
1562,201600000956,2016,3,2,Night_without_public_lighting,Out_of_agglomeration,Out_of_intersection,Light_rain,No_collision,Manual_entry,-1.28756,47.85308,True,2016-03-02,1,30,01:30,Night,False,Spring,1.0,0.0,60.0,Departmental_road,Bidirectional,Unknown,Slope,Straight,Wet,Unknown,On_verge,Unknown,A01,Other/Unknown,Car(Quad/Passenger),None,Front,Avoiding_obstacle,0,1974.0,Male,Driver,Killed,Driver_seat,other,Not_pedestrian,Unknown,Not_pedestrian,Seat_belt,Not_used,Not a holiday,0
1563,201600000957,2016,7,16,Night_without_public_lighting,Out_of_agglomeration,Out_of_intersection,Normal,No_collision,Manual_entry,-1.33781,47.89124,True,2016-07-16,23,45,23:45,Night,True,Summer,2.0,0.0,47.0,Departmental_road,Bidirectional,Unknown,Unknown,Straight,Normal,Unknown,On_road,Unknown,A01,Opposite_direction,Motorcycle,None,Rear_right,Straight_ahead,0,1991.0,Male,Driver,Uninjured,Driver_seat,Leisure,Not_pedestrian,Unknown,Not_pedestrian,Helmet,Used,Not a holiday,0
1564,201600000958,2016,2,17,Night_with_public_lighting_on,Built_up_area,Out_of_intersection,Light_rain,Side_two_vehicles,Manual_entry,-1.50829,47.95201,True,2016-02-17,20,30,20:30,Evening,False,Winter,1.0,0.0,49.0,Departmental_road,Bidirectional,Unknown,Slope,Straight,Wet,Unknown,On_road,Unknown,A01,Opposite_direction,Motorcycle,Cyclist,Front,Straight_ahead,0,1962.0,Male,Driver,Injured_Hospitalized,Driver_seat,Home-work,Not_pedestrian,Unknown,Not_pedestrian,Helmet,Used,Not a holiday,0
1565,201600000958,2016,2,17,Night_with_public_lighting_on,Built_up_area,Out_of_intersection,Light_rain,Side_two_vehicles,Manual_entry,-1.50829,47.95201,True,2016-02-17,20,30,20:30,Evening,False,Winter,1.0,0.0,49.0,Departmental_road,Bidirectional,Unknown,Slope,Straight,Wet,Unknown,On_road,Unknown,B02,Other/Unknown,Car(Quad/Passenger),Cyclist,Front_right,Roundabout,0,1995.0,Male,Driver,Uninjured,Driver_seat,Leisure,Not_pedestrian,Unknown,Not_pedestrian,Seat_belt,Used,Not a holiday,0
1566,201600000959,2016,3,12,Night_without_public_lighting,Out_of_agglomeration,Out_of_intersection,Normal,No_collision,Manual_entry,-1.41077,47.97075,True,2016-03-12,23,45,23:45,Night,True,Spring,2.0,0.0,45.0,Departmental_road,Unknown,Unknown,Unknown,Straight,Normal,Unknown,On_verge,Unknown,A01,Same_direction,Car(Quad/Passenger),None,Front_right,Straight_ahead,0,1974.0,Male,Driver,Uninjured,Driver_seat,Leisure,Not_pedestrian,Unknown,Not_pedestrian,Seat_belt,Used,Not a holiday,0
1567,201600000960,2016,3,19,Twilight_or_dawn,Out_of_agglomeration,Out_of_intersection,Normal,Frontal_two_vehicles,Manual_entry,-1.50922,48.01793,True,2016-03-19,18,45,18:45,Evening,True,Spring,2.0,0.0,0.0,Departmental_road,Bidirectional,Unknown,Flat,S-bend,Normal,Unknown,On_road,Unknown,B02,Opposite_direction,Car(Quad/Passenger),Cyclist,Right_side,Straight_ahead,0,1977.0,Female,Driver,Injured_Slight,Driver_seat,Leisure,Not_pedestrian,Unknown,Not_pedestrian,Seat_belt,Used,Not a holiday,0
1568,201600000960,2016,3,19,Twilight_or_dawn,Out_of_agglomeration,Out_of_intersection,Normal,Frontal_two_vehicles,Manual_entry,-1.50922,48.01793,True,2016-03-19,18,45,18:45,Evening,True,Spring,2.0,0.0,0.0,Departmental_road,Bidirectional,Unknown,Flat,S-bend,Normal,Unknown,On_road,Unknown,A01,Other/Unknown,Car(Quad/Passenger),Cyclist,Right_side,Straight_ahead,0,1991.0,Male,Driver,Uninjured,Driver_seat,Leisure,Not_pedestrian,Unknown,Not_pedestrian,Seat_belt,Used,Not a holiday,0
1569,201600000961,2016,4,2,Night_without_public_lighting,Out_of_agglomeration,Intersection_T,Normal,Other_collision,Manual_entry,-1.42279,47.95228,True,2016-04-02,2,30,02:30,Night,True,Spring,2.0,0.0,0.0,Departmental_road,Bidirectional,Unknown,Flat,Straight,Normal,Unknown,On_road,Unknown,A01,Same_direction,Car(Quad/Passenger),None,Front,Straight_ahead,0,1991.0,Male,Driver,Killed,Driver_seat,Leisure,Not_pedestrian,Unknown,Not_pedestrian,Seat_belt,Not_used,Not a holiday,0
1570,201600000962,2016,5,20,Daylight,Built_up_area,Out_of_intersection,Normal,Other_collision,Manual_entry,-1.4976,47.95505,True,2016-05-20,8,30,08:30,Morning,False,Spring,1.0,0.0,0.0,Communal_way,Bidirectional,Unknown,Flat,Straight,Unknown,Unknown,On_road,Unknown,A01,Same_direction,Utility(Truck/Agri),Pedestrian,Right_side,Straight_ahead,0,1974.0,Male,Driver,Uninjured,Driver_seat,Home-work,Not_pedestrian,Unknown,Not_pedestrian,Seat_belt,Used,Not a holiday,0
1571,201600000963,2016,6,8,Night_without_public_lighting,Out_of_agglomeration,Out_of_intersection,Normal,Other_collision,Manual_entry,-1.53719,47.95931,True,2016-06-08,3,45,03:45,Night,False,Summer,2.0,0.0,49.0,Departmental_road,Bidirectional,Unknown,Flat,Straight,Normal,Unknown,On_road,Unknown,A01,Other/Unknown,Motorcycle,Other vehicle,Right_side,Straight_ahead,0,1980.0,Male,Driver,Injured_Hospitalized,Driver_seat,Home-work,Not_pedestrian,Unknown,Not_pedestrian,Helmet,Used,Not a holiday,0
1572,201600000964,2016,8,19,Daylight,Out_of_agglomeration,Intersection_X,Normal,Side_two_vehicles,Manual_entry,-1.5365,47.92056,True,2016-08-19,12,30,12:30,Afternoon,False,Summer,2.0,0.0,78.0,Departmental_road,Bidirectional,Unknown,Slope,Straight,Wet,Unknown,On_road,Unknown,A01,Opposite_direction,Car(Quad/Passenger),Cyclist,Right_side,Straight_ahead,0,1971.0,Male,Driver,Uninjured,Driver_seat,Home-work,Not_pedestrian,Unknown,Not_pedestrian,Seat_belt,Used,Not a holiday,0
1573,201600000964,2016,8,19,Daylight,Out_of_agglomeration,Intersection_X,Normal,Side_two_vehicles,Manual_entry,-1.5365,47.92056,True,2016-08-19,12,30,12:30,Afternoon,False,Summer,2.0,0.0,78.0,Departmental_road,Bidirectional,Unknown,Slope,Straight,Wet,Unknown,On_road,Unknown,B02,Same_direction,Car(Quad/Passenger),Cyclist,Front_left,Loss_of_control,0,1933.0,Female,Driver,Injured_Hospitalized,Driver_seat,Shopping,Not_pedestrian,Unknown,Not_pedestrian,Seat_belt,Used,Not a holiday,0
1574,201600000965,2016,9,2,Night_without_public_lighting,Out_of_agglomeration,Out_of_intersection,Normal,Other_collision,Manual_entry,-1.4305,47.89895,True,2016-09-02,5,15,05:15,Morning,False,Autumn,2.0,0.0,51.0,Departmental_road,Bidirectional,Unknown,Slope,Curve_left,Normal,Unknown,On_verge,Unknown,A01,Other/Unknown,Car(Quad/Passenger),None,Right_side,Straight_ahead,0,1966.0,Female,Driver,Injured_Hospitalized,Driver_seat,Home-work,Not_pedestrian,Unknown,Not_pedestrian,Seat_belt,Used,Not a holiday,0
1575,201600000966,2016,10,12,Daylight,Out_of_agglomeration,Out_of_intersection,Normal,Other_collision,Manual_entry,-1.36573,47.99649,True,2016-10-12,16,30,16:30,Afternoon,False,Autumn,2.0,0.0,68.0,Departmental_road,Bidirectional,Unknown,Flat,Curve_right,Normal,Unknown,On_verge,Unknown,A01,Opposite_direction,Car(Quad/Passenger),None,Right_side,Straight_ahead,0,1981.0,Male,Driver,Injured_Hospitalized,Driver_seat,Shopping,Not_pedestrian,Unknown,Not_pedestrian,Seat_belt,Used,Not a holiday,0
1576,201600000967,2016,11,10,Daylight,Out_of_agglomeration,Out_of_intersection,Normal,Other_collision,Manual_entry,-1.56163,47.94593,True,2016-11-10,9,15,09:15,Morning,False,Autumn,2.0,0.0,0.0,Departmental_road,Bidirectional,Unknown,Flat,Straight,Wet,Unknown,On_verge,Unknown,A01,Same_direction,Car(Quad/Passenger),None,Front_right,Straight_ahead,0,1987.0,Female,Driver,Uninjured,Driver_seat,Home-school,Not_pedestrian,Unknown,Not_pedestrian,Seat_belt,Used,Not a holiday,0
1577,201600000968,2016,7,2,Daylight,Built_up_area,Out_of_intersection,Normal,No_collision,Manual_entry,-3.17651,48.2213,True,2016-07-02,8,30,08:30,Morning,True,Summer,2.0,0.0,0.0,Departmental_road,Bidirectional,Unknown,Slope,Curve_left,Normal,Unknown,On_verge,Unknown,A01,Opposite_direction,Cycle,None,Front,Straight_ahead,0,1994.0,Male,Driver,Injured_Hospitalized,Driver_seat,Leisure,Not_pedestrian,Unknown,Not_pedestrian,Helmet,Used,Not a holiday,0
1578,201600000969,2016,2,1,Daylight,Built_up_area,Out_of_intersection,Normal,Frontal_two_vehicles,Manual_entry,-2.54615,48.46728,True,2016-02-01,8,15,08:15,Morning,False,Winter,2.0,0.0,70.0,Communal_way,Bidirectional,Unknown,Flat,Straight,Normal,Unknown,On_road,Unknown,A01,Same_direction,Car(Quad/Passenger),Cyclist,Front,Roundabout,0,1982.0,Male,Driver,Uninjured,Driver_seat,Home-work,Not_pedestrian,Unknown,Not_pedestrian,Seat_belt,Used,Not a holiday,0
1579,201600000969,2016,2,1,Daylight,Built_up_area,Out_of_intersection,Normal,Frontal_two_vehicles,Manual_entry,-2.54615,48.46728,True,2016-02-01,8,15,08:15,Morning,False,Winter,2.0,0.0,70.0,Communal_way,Bidirectional,Unknown,Flat,Straight,Normal,Unknown,On_road,Unknown,B02,Same_direction,Motorcycle,Cyclist,Front,Straight_ahead,0,1973.0,Male,Driver,Injured_Hospitalized,Driver_seat,Home-work,Not_pedestrian,Unknown,Not_pedestrian,Helmet,Used,Not a holiday,0
1580,201600000970,2016,3,5,Daylight,Built_up_area,Intersection_T,Other,Side_two_vehicles,Manual_entry,-2.51109,48.46519,True,2016-03-05,11,15,11:15,Morning,True,Spring,2.0,,,Communal_way,Bidirectional,Unknown,Flat,Straight,Wet,Roundabout,On_road,Near_school,A01,Same_direction,Car(Quad/Passenger),Cyclist,Right_side,Roundabout,0,1976.0,Female,Driver,Uninjured,Driver_seat,Leisure,Not_pedestrian,Unknown,Not_pedestrian,Seat_belt,Used,Not a holiday,0
1581,201600000970,2016,3,5,Daylight,Built_up_area,Intersection_T,Other,Side_two_vehicles,Manual_entry,-2.51109,48.46519,True,2016-03-05,11,15,11:15,Morning,True,Spring,2.0,,,Communal_way,Bidirectional,Unknown,Flat,Straight,Wet,Roundabout,On_road,Near_school,B02,Same_direction,Cycle,Cyclist,Front,Straight_ahead,0,1998.0,Female,Driver,Injured_Hospitalized,Driver_seat,Home-work,Not_pedestrian,Unknown,Not_pedestrian,Helmet,Used,Not a holiday,0
1582,201600000971,2016,4,21,Night_without_public_lighting,Out_of_agglomeration,Intersection_T,Normal,No_collision,Manual_entry,-2.5564,48.48619,True,2016-04-21,8,15,08:15,Morning,False,Spring,2.0,0.0,70.0,Departmental_road,Bidirectional,Unknown,Slope,Curve_left,Normal,Roundabout,Unknown,Unknown,A01,Opposite_direction,Car(Quad/Passenger),None,Front,Loss_of_control,0,1993.0,Male,Driver,Injured_Hospitalized,Driver_seat,Leisure,Not_pedestrian,Unknown,Not_pedestrian,Seat_belt,Undetermined,Not a holiday,0
1583,201600000972,2016,5,12,Daylight,Built_up_area,Roundabout,Normal,Other_collision,Manual_entry,-2.50688,48.46797,True,2016-05-12,12,45,12:45,Afternoon,False,Spring,2.0,0.0,93.0,Communal_way,Bidirectional,Unknown,Flat,Curve_right,Normal,Roundabout,On_road,Not_near_school,A01,Same_direction,Car(Quad/Passenger),Pedestrian,Left_side,None,0,1960.0,Female,Driver,Uninjured,Driver_seat,Leisure,Not_pedestrian,Unknown,Not_pedestrian,Seat_belt,Used,Not a holiday,0
1584,201600000973,2016,6,9,Daylight,Out_of_agglomeration,Out_of_intersection,Normal,Rear_end_two_vehicles,Manual_entry,-2.60574,48.46648,True,2016-06-09,20,30,20:30,Evening,False,Summer,2.0,0.0,60.0,Communal_way,Bidirectional,Unknown,Unknown,Curve_left,Normal,Unknown,On_road,Unknown,A01,Same_direction,Utility(Truck/Agri),Cyclist,Front,Straight_ahead,0,1983.0,Male,Driver,Uninjured,Driver_seat,other,Not_pedestrian,Unknown,Not_pedestrian,Seat_belt,Used,Not a holiday,0
1585,201600000973,2016,6,9,Daylight,Out_of_agglomeration,Out_of_intersection,Normal,Rear_end_two_vehicles,Manual_entry,-2.60574,48.46648,True,2016-06-09,20,30,20:30,Evening,False,Summer,2.0,0.0,60.0,Communal_way,Bidirectional,Unknown,Unknown,Curve_left,Normal,Unknown,On_road,Unknown,B02,Same_direction,Utility(Truck/Agri),None,Rear_right,Straight_ahead,0,1966.0,Male,Driver,Injured_Slight,Driver_seat,other,Not_pedestrian,Unknown,Not_pedestrian,Seat_belt,Not_used,Not a holiday,0
1586,201600000974,2016,6,18,Daylight,Built_up_area,Out_of_intersection,Normal,Other_collision,Manual_entry,-2.51976,48.46711,True,2016-06-18,18,0,18:00,Evening,True,Summer,2.0,0.0,80.0,Communal_way,Bidirectional,Unknown,Flat,Straight,Normal,Unknown,On_road,Unknown,A01,Same_direction,Car(Quad/Passenger),Pedestrian,Right_side,Straight_ahead,0,1938.0,Male,Driver,Injured_Slight,Driver_seat,Shopping,Not_pedestrian,Unknown,Not_pedestrian,Seat_belt,Used,Not a holiday,0
1587,201600000975,2016,6,17,Daylight,Out_of_agglomeration,Intersection_X,Normal,Side_two_vehicles,Manual_entry,-2.42666,48.43572,True,2016-06-17,17,45,17:45,Evening,False,Summer,2.0,,,Departmental_road,Bidirectional,Unknown,Flat,Straight,Normal,Roundabout,Unknown,Unknown,A01,Opposite_direction,Car(Quad/Passenger),Cyclist,Right_side,Straight_ahead,0,1983.0,Female,Driver,Injured_Slight,Driver_seat,Home-work,Not_pedestrian,Unknown,Not_pedestrian,Seat_belt,Used,Not a holiday,0
1588,201600000975,2016,6,17,Daylight,Out_of_agglomeration,Intersection_X,Normal,Side_two_vehicles,Manual_entry,-2.42666,48.43572,True,2016-06-17,17,45,17:45,Evening,False,Summer,2.0,,,Departmental_road,Bidirectional,Unknown,Flat,Straight,Normal,Roundabout,Unknown,Unknown,B02,Other/Unknown,Utility(Truck/Agri),Cyclist,Front,Roundabout,0,1960.0,Male,Driver,Uninjured,Driver_seat,Professional use,Not_pedestrian,Unknown,Not_pedestrian,Seat_belt,Used,Not a holiday,0
1589,201600000976,2016,7,14,Daylight,Out_of_agglomeration,Out_of_intersection,Normal,No_collision,Manual_entry,-2.53358,48.41348,True,2016-07-14,21,15,21:15,Night,False,Summer,2.0,0.0,0.0,Departmental_road,Bidirectional,Unknown,Flat,S-bend,Normal,Unknown,On_verge,Unknown,A01,Other/Unknown,Motorcycle,None,No_impact,None,0,2000.0,Female,Driver,Uninjured,Driver_seat,Leisure,Not_pedestrian,Unknown,Not_pedestrian,Helmet,Used,Bastille Day,1
1590,201600000976,2016,7,14,Daylight,Out_of_agglomeration,Out_of_intersection,Normal,No_collision,Manual_entry,-2.53358,48.41348,True,2016-07-14,21,15,21:15,Night,False,Summer,2.0,0.0,0.0,Departmental_road,Bidirectional,Unknown,Flat,S-bend,Normal,Unknown,On_verge,Unknown,B02,Opposite_direction,Car(Quad/Passenger),None,No_impact,Interaction,0,1978.0,Male,Driver,Uninjured,Driver_seat,Leisure,Not_pedestrian,Unknown,Not_pedestrian,Seat_belt,Used,Bastille Day,1
1591,201600000977,2016,7,31,Daylight,Out_of_agglomeration,Intersection_X,Normal,No_collision,Manual_entry,-2.44342,48.4692,True,2016-07-31,7,30,07:30,Morning,True,Summer,2.0,0.0,65.0,Departmental_road,Bidirectional,Unknown,Flat,Straight,Normal,Roundabout,On_road,Unknown,A01,Other/Unknown,Car(Quad/Passenger),None,Left_side,Straight_ahead,0,1992.0,Male,Driver,Injured_Slight,Driver_seat,Leisure,Not_pedestrian,Unknown,Not_pedestrian,Seat_belt,Undetermined,Not a holiday,0
1592,201600000978,2016,8,10,Daylight,Out_of_agglomeration,Out_of_intersection,Normal,Other_collision,Manual_entry,-2.60603,48.49043,True,2016-08-10,11,0,11:00,Morning,False,Summer,2.0,0.0,45.0,Communal_way,Bidirectional,Unknown,Hill_bottom,Curve_left,Normal,Unknown,On_verge,Not_near_school,A01,Same_direction,Cycle,None,Front,Straight_ahead,0,1949.0,Male,Driver,Killed,Driver_seat,Leisure,Not_pedestrian,Unknown,Not_pedestrian,Helmet,Used,Not a holiday,0
1593,201600000979,2016,9,1,Daylight,Out_of_agglomeration,Out_of_intersection,Normal,Side_two_vehicles,Manual_entry,-2.48655,48.48655,True,2016-09-01,12,0,12:00,Afternoon,False,Autumn,2.0,0.0,70.0,Departmental_road,Bidirectional,Unknown,Slope,Unknown,Normal,Unknown,On_road,Unknown,A01,Other/Unknown,Bus/Coach,Cyclist,Front_left,Interaction,0,1975.0,Male,Driver,Uninjured,Driver_seat,Professional use,Not_pedestrian,Unknown,Not_pedestrian,Seat_belt,Used,Not a holiday,0
1594,201600000979,2016,9,1,Daylight,Out_of_agglomeration,Out_of_intersection,Normal,Side_two_vehicles,Manual_entry,-2.48655,48.48655,True,2016-09-01,12,0,12:00,Afternoon,False,Autumn,2.0,0.0,70.0,Departmental_road,Bidirectional,Unknown,Slope,Unknown,Normal,Unknown,On_road,Unknown,B02,Opposite_direction,Car(Quad/Passenger),Cyclist,Right_side,Avoiding_obstacle,0,1981.0,Male,Driver,Injured_Hospitalized,Driver_seat,Professional use,Not_pedestrian,Unknown,Not_pedestrian,Seat_belt,Used,Not a holiday,0
1595,201600000980,2016,9,12,Daylight,Built_up_area,Intersection_T,Normal,Frontal_two_vehicles,Manual_entry,-2.54107,48.43725,True,2016-09-12,9,15,09:15,Morning,False,Autumn,2.0,0.0,63.0,Departmental_road,Bidirectional,Unknown,Flat,Straight,Normal,Roundabout,On_road,Unknown,A01,Opposite_direction,Car(Quad/Passenger),Cyclist,Left_side,Roundabout,0,1962.0,Male,Driver,Injured_Hospitalized,Driver_seat,other,Not_pedestrian,Unknown,Not_pedestrian,Seat_belt,Used,Not a holiday,0
1596,201600000980,2016,9,12,Daylight,Built_up_area,Intersection_T,Normal,Frontal_two_vehicles,Manual_entry,-2.54107,48.43725,True,2016-09-12,9,15,09:15,Morning,False,Autumn,2.0,0.0,63.0,Departmental_road,Bidirectional,Unknown,Flat,Straight,Normal,Roundabout,On_road,Unknown,B02,Other/Unknown,Car(Quad/Passenger),Cyclist,Front,Straight_ahead,0,1977.0,Male,Driver,Injured_Slight,Driver_seat,Home-school,Not_pedestrian,Unknown,Not_pedestrian,Seat_belt,Used,Not a holiday,0
1597,201600000981,2016,11,8,Night_without_public_lighting,Out_of_agglomeration,Out_of_intersection,Heavy_rain,Multiple_three_plus,Manual_entry,-2.51098,48.44401,True,2016-11-08,20,30,20:30,Evening,False,Autumn,2.0,0.0,0.0,Departmental_road,Bidirectional,Unknown,Flat,Straight,Wet,Unknown,On_road,Unknown,A01,Same_direction,Car(Quad/Passenger),Cyclist,Left_side,other,0,1994.0,Male,Driver,Injured_Slight,Driver_seat,Home-work,Not_pedestrian,Unknown,Not_pedestrian,Seat_belt,Used,Not a holiday,0
1598,201600000981,2016,11,8,Night_without_public_lighting,Out_of_agglomeration,Out_of_intersection,Heavy_rain,Multiple_three_plus,Manual_entry,-2.51098,48.44401,True,2016-11-08,20,30,20:30,Evening,False,Autumn,2.0,0.0,0.0,Departmental_road,Bidirectional,Unknown,Flat,Straight,Wet,Unknown,On_road,Unknown,B02,Same_direction,Bus/Coach,Cyclist,Front_left,Interaction,0,1972.0,Male,Driver,Injured_Slight,Driver_seat,Professional use,Not_pedestrian,Unknown,Not_pedestrian,Seat_belt,Used,Not a holiday,0
1599,201600000981,2016,11,8,Night_without_public_lighting,Out_of_agglomeration,Out_of_intersection,Heavy_rain,Multiple_three_plus,Manual_entry,-2.51098,48.44401,True,2016-11-08,20,30,20:30,Evening,False,Autumn,2.0,0.0,0.0,Departmental_road,Bidirectional,Unknown,Flat,Straight,Wet,Unknown,On_road,Unknown,C03,Same_direction,Bus/Coach,Cyclist,Right_side,Interaction,0,1998.0,Male,Driver,Uninjured,Driver_seat,Professional use,Not_pedestrian,Unknown,Not_pedestrian,Seat_belt,Used,Not a holiday,0
1600,201600000982,2016,1,9,Night_without_public_lighting,Out_of_agglomeration,Out_of_intersection,Light_rain,Other_collision,Manual_entry,-2.76872,48.09422,True,2016-01-09,6,15,06:15,Morning,True,Winter,2.0,0.0,62.0,Departmental_road,Bidirectional,Unknown,Unknown,Straight,Wet,Unknown,On_verge,Unknown,A01,Opposite_direction,Car(Quad/Passenger),None,Left_side,Straight_ahead,0,1979.0,Male,Driver,Injured_Hospitalized,Driver_seat,Leisure,Not_pedestrian,Unknown,Not_pedestrian,Seat_belt,Used,Not a holiday,0
1601,201600000983,2016,4,14,Daylight,Out_of_agglomeration,Intersection_X,Heavy_rain,Side_two_vehicles,Manual_entry,-2.81255,48.28195,True,2016-04-14,16,0,16:00,Afternoon,False,Spring,0.0,0.0,60.0,Departmental_road,Bidirectional,Unknown,Unknown,Unknown,Wet,Roundabout,On_road,Unknown,B02,Other/Unknown,Car(Quad/Passenger),Cyclist,Front_left,Loss_of_control,0,1931.0,Male,Driver,Killed,Driver_seat,Shopping,Not_pedestrian,Unknown,Not_pedestrian,Seat_belt,Used,Not a holiday,0
1602,201600000983,2016,4,14,Daylight,Out_of_agglomeration,Intersection_X,Heavy_rain,Side_two_vehicles,Manual_entry,-2.81255,48.28195,True,2016-04-14,16,0,16:00,Afternoon,False,Spring,0.0,0.0,60.0,Departmental_road,Bidirectional,Unknown,Unknown,Unknown,Wet,Roundabout,On_road,Unknown,A01,Opposite_direction,Bus/Coach,Cyclist,Front,Straight_ahead,0,1969.0,Male,Driver,Uninjured,Driver_seat,Professional use,Not_pedestrian,Unknown,Not_pedestrian,Seat_belt,Used,Not a holiday,0
1603,201600000984,2016,4,19,Twilight_or_dawn,Out_of_agglomeration,Out_of_intersection,Normal,No_collision,Manual_entry,-2.71284,48.13066,True,2016-04-19,19,45,19:45,Evening,False,Spring,2.0,0.0,47.0,Communal_way,Bidirectional,Unknown,Slope,Curve_right,Normal,Unknown,On_road,Not_near_school,A01,Same_direction,Bus/Coach,None,Front_left,Straight_ahead,0,1963.0,Male,Driver,Injured_Hospitalized,Driver_seat,Professional use,Not_pedestrian,Unknown,Not_pedestrian,Seat_belt,Used,Not a holiday,0
1604,201600000985,2016,5,11,Twilight_or_dawn,Out_of_agglomeration,Out_of_intersection,Fog_or_smoke,Frontal_two_vehicles,Manual_entry,-2.75508,48.21778,True,2016-05-11,7,45,07:45,Morning,False,Spring,2.0,0.0,64.0,Departmental_road,Bidirectional,Unknown,Flat,Straight,Wet,Unknown,On_road,Unknown,A01,Opposite_direction,Car(Quad/Passenger),Cyclist,Right_side,Straight_ahead,0,1985.0,Male,Driver,Uninjured,Driver_seat,Home-work,Not_pedestrian,Unknown,Not_pedestrian,Seat_belt,Used,Not a holiday,0
1605,201600000985,2016,5,11,Twilight_or_dawn,Out_of_agglomeration,Out_of_intersection,Fog_or_smoke,Frontal_two_vehicles,Manual_entry,-2.75508,48.21778,True,2016-05-11,7,45,07:45,Morning,False,Spring,2.0,0.0,64.0,Departmental_road,Bidirectional,Unknown,Flat,Straight,Wet,Unknown,On_road,Unknown,B02,Other/Unknown,Bus/Coach,Cyclist,Right_side,Straight_ahead,0,1971.0,Male,Driver,Uninjured,Driver_seat,Professional use,Not_pedestrian,Unknown,Not_pedestrian,Seat_belt,Used,Not a holiday,0
1606,201600000986,2016,7,8,Daylight,Built_up_area,Out_of_intersection,Normal,Other_collision,Manual_entry,-2.75855,48.17699,True,2016-07-08,15,15,15:15,Afternoon,False,Summer,2.0,35.0,71.0,Communal_way,Bidirectional,Unknown,Flat,Straight,Normal,Unknown,On_road,Unknown,A01,Same_direction,Car(Quad/Passenger),Pedestrian,Rear_right,Turning,0,1959.0,Female,Driver,Uninjured,Driver_seat,Professional use,Not_pedestrian,Unknown,Not_pedestrian,Seat_belt,Used,Not a holiday,0
1607,201600000987,2016,7,14,Twilight_or_dawn,Out_of_agglomeration,Out_of_intersection,Normal,Other_collision,Manual_entry,-2.84922,48.14643,True,2016-07-14,6,15,06:15,Morning,False,Summer,2.0,0.0,52.0,Communal_way,Bidirectional,Unknown,Flat,Curve_right,Normal,Unknown,On_road,Unknown,A01,Same_direction,Car(Quad/Passenger),None,Front,Straight_ahead,0,1995.0,Male,Driver,Uninjured,Driver_seat,Leisure,Not_pedestrian,Unknown,Not_pedestrian,Seat_belt,Used,Bastille Day,1
1608,201600000988,2016,7,20,Daylight,Out_of_agglomeration,Intersection_T,Normal,Side_two_vehicles,Manual_entry,-2.67952,48.1793,True,2016-07-20,18,30,18:30,Evening,False,Summer,2.0,0.0,36.0,Departmental_road,Bidirectional,Unknown,Slope,Straight,Normal,Roundabout,On_road,Unknown,A01,Other/Unknown,Motorcycle,Cyclist,Front_left,Roundabout,0,1995.0,Male,Driver,Injured_Hospitalized,Driver_seat,Home-work,Not_pedestrian,Unknown,Not_pedestrian,Helmet,Used,Not a holiday,0
1609,201600000988,2016,7,20,Daylight,Out_of_agglomeration,Intersection_T,Normal,Side_two_vehicles,Manual_entry,-2.67952,48.1793,True,2016-07-20,18,30,18:30,Evening,False,Summer,2.0,0.0,36.0,Departmental_road,Bidirectional,Unknown,Slope,Straight,Normal,Roundabout,On_road,Unknown,B02,Other/Unknown,Utility(Truck/Agri),Cyclist,Front,other,0,1978.0,Female,Driver,Uninjured,Driver_seat,Professional use,Not_pedestrian,Unknown,Not_pedestrian,Seat_belt,Used,Not a holiday,0
1610,201600000989,2016,8,7,Night_without_public_lighting,Out_of_agglomeration,Out_of_intersection,Normal,Other_collision,Manual_entry,-2.89245,48.30457,True,2016-08-07,3,30,03:30,Night,True,Summer,2.0,36.0,0.0,Communal_way,Bidirectional,Unknown,Unknown,Straight,Normal,Unknown,On_verge,Unknown,A01,Same_direction,Car(Quad/Passenger),None,Front_left,Turning,0,1974.0,Male,Driver,Killed,Driver_seat,Leisure,Not_pedestrian,Unknown,Not_pedestrian,Seat_belt,Not_used,Not a holiday,0
1611,201600000990,2016,9,8,Night_without_public_lighting,Out_of_agglomeration,Out_of_intersection,Normal,Frontal_two_vehicles,Manual_entry,-2.75611,48.149,True,2016-09-08,5,0,05:00,Morning,False,Autumn,2.0,0.0,66.0,Departmental_road,Bidirectional,Unknown,Flat,Straight,Normal,Unknown,On_road,Unknown,A01,Opposite_direction,Car(Quad/Passenger),Cyclist,Rear,Avoiding_obstacle,0,1979.0,Male,Driver,Injured_Hospitalized,Driver_seat,Home-work,Not_pedestrian,Unknown,Not_pedestrian,Seat_belt,Used,Not a holiday,0