,accident_id,year,month,day,lighting_label,urban_label,intersection_label,weather_label,collision_label,gps_label,longitude_num,latitude_num,valid_geo,date,hour,minute,time_hhmm,time_of_day,is_weekend,season,num_lanes,pedestrian_crossing_width,road_width,road_category_label,traffic_regime_label,reserved_lane_label,road_profile_label,road_layout_label,surface_condition_label,infrastructure_label,situation_label,school_zone_label,vehicle_id,traffic_direction_label,vehicle_category_label,mobile_obstacle_label,impact_point_label,manoeuvre_label,occupants_group,birth_year,sex_label,user_category_label,injury_severity_label,seat_position_label,journey_purpose_label,pedestrian_location_label,pedestrian_action_label,pedestrian_state_label,safety_equipment_type,safety_equipment_usage,holiday_name,is_holiday
1612,201600000990,2016,9,8,Night_without_public_lighting,Out_of_agglomeration,Out_of_intersection,Normal,Frontal_two_vehicles,Manual_entry,-2.75611,48.149,True,2016-09-08,5,0,05:00,Morning,False,Autumn,2.0,0.0,66.0,Departmental_road,Bidirectional,Unknown,Flat,Straight,Normal,Unknown,On_road,Unknown,B02,Other/Unknown,Car(Quad/Passenger),Cyclist,Front_right,Straight_ahead,0,1979.0,Male,Driver,Injured_Hospitalized,Driver_seat,Home-work,Not_pedestrian,Unknown,Not_pedestrian,Seat_belt,Used,Not a holiday,0
1613,201600000991,2016,9,15,Daylight,Built_up_area,Out_of_intersection,Normal,Other_collision,Manual_entry,-2.75685,48.18329,True,2016-09-15,12,30,12:30,Afternoon,False,Autumn,2.0,0.0,61.0,Communal_way,Bidirectional,Unknown,Flat,Straight,Normal,Unknown,On_road,Unknown,A01,Same_direction,Car(Quad/Passenger),None,Front_right,Turning,0,1997.0,Male,Driver,Injured_Slight,Driver_seat,Shopping,Not_pedestrian,Unknown,Not_pedestrian,Seat_belt,Used,Not a holiday,0
1614,201600000992,2016,10,28,Night_with_public_lighting_on,Built_up_area,Out_of_intersection,Fog_or_smoke,Frontal_two_vehicles,Manual_entry,-2.76869,48.19129,True,2016-10-28,7,45,07:45,Morning,False,Autumn,2.0,0.0,66.0,Communal_way,Bidirectional,Unknown,Flat,Straight,Normal,Unknown,On_road,Unknown,A01,Same_direction,Car(Quad/Passenger),Cyclist,Front,Avoiding_obstacle,0,1966.0,Male,Driver,Uninjured,Driver_seat,Home-work,Not_pedestrian,Unknown,Not_pedestrian,Seat_belt,Used,Not a holiday,0
1615,201600000992,2016,10,28,Night_with_public_lighting_on,Built_up_area,Out_of_intersection,Fog_or_smoke,Frontal_two_vehicles,Manual_entry,-2.76869,48.19129,True,2016-10-28,7,45,07:45,Morning,False,Autumn,2.0,0.0,66.0,Communal_way,Bidirectional,Unknown,Flat,Straight,Normal,Unknown,On_road,Unknown,B02,Same_direction,Motorcycle,Cyclist,Front,Straight_ahead,0,1988.0,Male,Driver,Injured_Hospitalized,Driver_seat,Home-work,Not_pedestrian,Unknown,Not_pedestrian,Helmet,Used,Not a holiday,0
1616,201600000993,2016,11,21,Night_with_public_lighting_on,Built_up_area,Intersection_X,Normal,Side_two_vehicles,Manual_entry,-2.76072,48.18201,True,2016-11-21,18,0,18:00,Evening,False,Autumn,2.0,0.0,0.0,Communal_way,Bidirectional,Unknown,Slope,Straight,Normal,Roundabout,On_road,Near_school,A01,Same_direction,Motorcycle,Cyclist,Front,Straight_ahead,0,1999.0,Male,Driver,Injured_Hospitalized,Driver_seat,Home-school,Not_pedestrian,Unknown,Not_pedestrian,Helmet,Used,Not a holiday,0
1617,201600000993,2016,11,21,Night_with_public_lighting_on,Built_up_area,Intersection_X,Normal,Side_two_vehicles,Manual_entry,-2.76072,48.18201,True,2016-11-21,18,0,18:00,Evening,False,Autumn,2.0,0.0,0.0,Communal_way,Bidirectional,Unknown,Slope,Straight,Normal,Roundabout,On_road,Near_school,B02,Same_direction,Car(Quad/Passenger),Cyclist,Rear_left,Loss_of_control,0,1932.0,Male,Driver,Uninjured,Driver_seat,Leisure,Not_pedestrian,Unknown,Not_pedestrian,Seat_belt,Used,Not a holiday,0
1618,201600000994,2016,4,3,Night_without_public_lighting,Out_of_agglomeration,Out_of_intersection,Normal,Other_collision,Manual_entry,-3.02727,48.73196,True,2016-04-03,3,0,03:00,Night,True,Spring,2.0,0.0,0.0,Departmental_road,Bidirectional,Unknown,Unknown,Curve_right,Normal,Unknown,On_verge,Unknown,A01,Other/Unknown,Car(Quad/Passenger),None,Right_side,Straight_ahead,0,1989.0,Female,Driver,Killed,Driver_seat,Leisure,Not_pedestrian,Unknown,Not_pedestrian,Seat_belt,Used,Not a holiday,0
1619,201600000995,2016,4,30,Daylight,Out_of_agglomeration,Out_of_intersection,Normal,Side_two_vehicles,Manual_entry,-2.97963,48.74091,True,2016-04-30,16,0,16:00,Afternoon,True,Spring,2.0,0.0,43.0,Communal_way,Bidirectional,Unknown,Flat,Straight,Normal,Unknown,On_road,Unknown,A01,Other/Unknown,Bus/Coach,Cyclist,Left_side,Avoiding_obstacle,0,1962.0,Male,Driver,Uninjured,Driver_seat,Professional use,Not_pedestrian,Unknown,Not_pedestrian,Seat_belt,Used,Not a holiday,0
1620,201600000995,2016,4,30,Daylight,Out_of_agglomeration,Out_of_intersection,Normal,Side_two_vehicles,Manual_entry,-2.97963,48.74091,True,2016-04-30,16,0,16:00,Afternoon,True,Spring,2.0,0.0,43.0,Communal_way,Bidirectional,Unknown,Flat,Straight,Normal,Unknown,On_road,Unknown,B02,Other/Unknown,Cycle,None,No_impact,Turning,0,1945.0,Female,Driver,Killed,Driver_seat,Leisure,Not_pedestrian,Unknown,Not_pedestrian,Reflective_equipment,Used,Not a holiday,0
1621,201600000996,2016,8,4,Daylight,Built_up_area,Out_of_intersection,Normal,Rear_end_two_vehicles,Manual_entry,-3.03456,48.79682,True,2016-08-04,17,0,17:00,Evening,False,Summer,2.0,0.0,40.0,Departmental_road,Bidirectional,Unknown,Flat,Straight,Normal,Unknown,On_road,Unknown,A01,Other/Unknown,Car(Quad/Passenger),Cyclist,Front,Turning,0,1961.0,Male,Driver,Injured_Hospitalized,Driver_seat,Leisure,Not_pedestrian,Unknown,Not_pedestrian,Seat_belt,Used,Not a holiday,0
1622,201600000996,2016,8,4,Daylight,Built_up_area,Out_of_intersection,Normal,Rear_end_two_vehicles,Manual_entry,-3.03456,48.79682,True,2016-08-04,17,0,17:00,Evening,False,Summer,2.0,0.0,40.0,Departmental_road,Bidirectional,Unknown,Flat,Straight,Normal,Unknown,On_road,Unknown,B02,Other/Unknown,Car(Quad/Passenger),None,Rear_right,Turning,0,1946.0,Female,Driver,Injured_Hospitalized,Driver_seat,Leisure,Not_pedestrian,Unknown,Not_pedestrian,Seat_belt,Used,Not a holiday,0
1623,201600000997,2016,9,11,Daylight,Out_of_agglomeration,Out_of_intersection,Normal,Side_two_vehicles,Manual_entry,-3.10099,48.77802,True,2016-09-11,15,15,15:15,Afternoon,True,Autumn,2.0,78.0,0.0,Departmental_road,Bidirectional,Unknown,Flat,Straight,Normal,Unknown,On_road,Unknown,A01,Other/Unknown,Car(Quad/Passenger),Cyclist,Rear_left,Avoiding_obstacle,0,1978.0,Male,Driver,Killed,Driver_seat,Leisure,Not_pedestrian,Unknown,Not_pedestrian,Seat_belt,Used,Not a holiday,0
1624,201600000997,2016,9,11,Daylight,Out_of_agglomeration,Out_of_intersection,Normal,Side_two_vehicles,Manual_entry,-3.10099,48.77802,True,2016-09-11,15,15,15:15,Afternoon,True,Autumn,2.0,78.0,0.0,Departmental_road,Bidirectional,Unknown,Flat,Straight,Normal,Unknown,On_road,Unknown,B02,Opposite_direction,Utility(Truck/Agri),Cyclist,Front_left,Straight_ahead,0,1949.0,Male,Driver,Injured_Slight,Driver_seat,Leisure,Not_pedestrian,Unknown,Not_pedestrian,Seat_belt,Used,Not a holiday,0
1625,201600000998,2016,9,12,Daylight,Built_up_area,Out_of_intersection,Normal,No_collision,Manual_entry,-3.10265,48.73854,True,2016-09-12,13,45,13:45,Afternoon,False,Autumn,2.0,40.0,0.0,Communal_way,Bidirectional,Unknown,Flat,Curve_left,Normal,Unknown,On_road,Unknown,A01,Same_direction,Car(Quad/Passenger),None,Front,Straight_ahead,0,1969.0,Male,Driver,Injured_Hospitalized,Driver_seat,Home-work,Not_pedestrian,Unknown,Not_pedestrian,Seat_belt,Used,Not a holiday,0
1626,201600000999,2016,3,4,Daylight,Built_up_area,Out_of_intersection,Heavy_rain,Rear_end_two_vehicles,Manual_entry,-2.47089,48.63608,True,2016-03-04,14,30,14:30,Afternoon,False,Spring,2.0,0.0,0.0,Departmental_road,Bidirectional,Unknown,Flat,Straight,Wet,Unknown,On_road,Unknown,A01,Other/Unknown,Motorcycle,Cyclist,Front_right,Straight_ahead,0,1965.0,Male,Driver,Injured_Hospitalized,Driver_seat,Home-work,Not_pedestrian,Unknown,Not_pedestrian,Helmet,Used,Not a holiday,0
1627,201600000999,2016,3,4,Daylight,Built_up_area,Out_of_intersection,Heavy_rain,Rear_end_two_vehicles,Manual_entry,-2.47089,48.63608,True,2016-03-04,14,30,14:30,Afternoon,False,Spring,2.0,0.0,0.0,Departmental_road,Bidirectional,Unknown,Flat,Straight,Wet,Unknown,On_road,Unknown,B02,Other/Unknown,Car(Quad/Passenger),None,Rear_left,Loss_of_control,0,1951.0,Female,Driver,Uninjured,Driver_seat,Leisure,Not_pedestrian,Unknown,Not_pedestrian,Seat_belt,Used,Not a holiday,0
1628,201600001000,2016,4,6,Daylight,Out_of_agglomeration,Intersection_X,Light_rain,Side_two_vehicles,Manual_entry,-2.46635,48.61181,True,2016-04-06,18,0,18:00,Evening,False,Spring,2.0,73.0,0.0,Departmental_road,Bidirectional,Unknown,Slope,Curve_left,Normal,Roundabout,On_road,Unknown,A01,Other/Unknown,Personal mobility,Cyclist,Right_side,Straight_ahead,6,1962.0,Male,Driver,Uninjured,Driver_seat,Professional use,Not_pedestrian,Unknown,Not_pedestrian,Seat_belt,Used,Not a holiday,0
1629,201600001000,2016,4,6,Daylight,Out_of_agglomeration,Intersection_X,Light_rain,Side_two_vehicles,Manual_entry,-2.46635,48.61181,True,2016-04-06,18,0,18:00,Evening,False,Spring,2.0,73.0,0.0,Departmental_road,Bidirectional,Unknown,Slope,Curve_left,Normal,Roundabout,On_road,Unknown,B02,Opposite_direction,Car(Quad/Passenger),Cyclist,Front_left,Park/Start/Stop,0,1939.0,Male,Driver,Injured_Hospitalized,Driver_seat,Shopping,Not_pedestrian,Unknown,Not_pedestrian,Seat_belt,Used,Not a holiday,0
1630,201600001001,2016,5,4,Daylight,Built_up_area,Out_of_intersection,Normal,Other_collision,Manual_entry,-2.54937,48.58671,True,2016-05-04,12,15,12:15,Afternoon,False,Spring,2.0,0.0,51.0,Departmental_road,Bidirectional,Unknown,Slope,Curve_right,Normal,Unknown,On_sidewalk,Not_near_school,A01,Other/Unknown,Cycle,None,Right_side,Avoiding_obstacle,0,2000.0,Male,Driver,Killed,Driver_seat,Leisure,Not_pedestrian,Unknown,Not_pedestrian,Helmet,Used,Not a holiday,0
1631,201600001002,2016,5,26,Daylight,Out_of_agglomeration,Out_of_intersection,Normal,Frontal_two_vehicles,Manual_entry,-2.59683,48.51063,True,2016-05-26,15,30,15:30,Afternoon,False,Spring,2.0,0.0,40.0,Communal_way,Bidirectional,Unknown,Unknown,S-bend,Wet,Unknown,On_road,Unknown,A01,Same_direction,Motorcycle,Cyclist,Front,Park/Start/Stop,0,1999.0,Male,Driver,Injured_Hospitalized,Driver_seat,Leisure,Not_pedestrian,Unknown,Not_pedestrian,Helmet,Used,Not a holiday,0
1632,201600001002,2016,5,26,Daylight,Out_of_agglomeration,Out_of_intersection,Normal,Frontal_two_vehicles,Manual_entry,-2.59683,48.51063,True,2016-05-26,15,30,15:30,Afternoon,False,Spring,2.0,0.0,40.0,Communal_way,Bidirectional,Unknown,Unknown,S-bend,Wet,Unknown,On_road,Unknown,B02,Same_direction,Car(Quad/Passenger),Cyclist,Right_side,Straight_ahead,0,1970.0,Male,Driver,Uninjured,Driver_seat,Leisure,Not_pedestrian,Unknown,Not_pedestrian,Seat_belt,Used,Not a holiday,0
1633,201600001003,2016,6,17,Daylight,Built_up_area,Intersection_Y,Normal,Side_two_vehicles,Manual_entry,-2.53637,48.55663,True,2016-06-17,16,15,16:15,Afternoon,False,Summer,2.0,0.0,60.0,Departmental_road,Bidirectional,Unknown,Flat,Curve_left,Normal,Roundabout,On_road,Not_near_school,B02,Other/Unknown,Cycle,Cyclist,Front_right,Straight_ahead,0,2004.0,Male,Driver,Injured_Hospitalized,Driver_seat,Unknown,Not_pedestrian,Unknown,Not_pedestrian,Helmet,Used,Not a holiday,0
1634,201600001003,2016,6,17,Daylight,Built_up_area,Intersection_Y,Normal,Side_two_vehicles,Manual_entry,-2.53637,48.55663,True,2016-06-17,16,15,16:15,Afternoon,False,Summer,2.0,0.0,60.0,Departmental_road,Bidirectional,Unknown,Flat,Curve_left,Normal,Roundabout,On_road,Not_near_school,A01,Same_direction,Car(Quad/Passenger),Cyclist,Front,Loss_of_control,0,1971.0,Female,Driver,Uninjured,Driver_seat,Leisure,Not_pedestrian,Unknown,Not_pedestrian,Seat_belt,Used,Not a holiday,0
1635,201600001004,2016,7,29,Daylight,Built_up_area,Intersection_T,Normal,Side_two_vehicles,Manual_entry,-2.46366,48.62888,True,2016-07-29,16,45,16:45,Afternoon,False,Summer,2.0,0.0,0.0,Departmental_road,Bidirectional,Unknown,Flat,Curve_left,Normal,Roundabout,On_road,Not_near_school,B02,Other/Unknown,Motorcycle,Cyclist,Left_side,Straight_ahead,0,1997.0,Female,Driver,Injured_Slight,Driver_seat,Home-work,Not_pedestrian,Unknown,Not_pedestrian,Helmet,Used,Not a holiday,0
1636,201600001004,2016,7,29,Daylight,Built_up_area,Intersection_T,Normal,Side_two_vehicles,Manual_entry,-2.46366,48.62888,True,2016-07-29,16,45,16:45,Afternoon,False,Summer,2.0,0.0,0.0,Departmental_road,Bidirectional,Unknown,Flat,Curve_left,Normal,Roundabout,On_road,Not_near_school,A01,Same_direction,Car(Quad/Passenger),Cyclist,Front_right,Roundabout,0,1936.0,Female,Driver,Uninjured,Driver_seat,Leisure,Not_pedestrian,Unknown,Not_pedestrian,Seat_belt,Used,Not a holiday,0
1637,201600001005,2016,7,19,Daylight,Out_of_agglomeration,Out_of_intersection,Normal,Side_two_vehicles,Manual_entry,-2.66658,48.52548,True,2016-07-19,14,15,14:15,Afternoon,False,Summer,2.0,0.0,78.0,Communal_way,Bidirectional,Unknown,Flat,Straight,Normal,Unknown,On_road,Unknown,A01,Same_direction,Car(Quad/Passenger),Cyclist,Front_right,Roundabout,0,1999.0,Male,Driver,Uninjured,Driver_seat,Professional use,Not_pedestrian,Unknown,Not_pedestrian,Seat_belt,Used,Not a holiday,0
1638,201600001005,2016,7,19,Daylight,Out_of_agglomeration,Out_of_intersection,Normal,Side_two_vehicles,Manual_entry,-2.66658,48.52548,True,2016-07-19,14,15,14:15,Afternoon,False,Summer,2.0,0.0,78.0,Communal_way,Bidirectional,Unknown,Flat,Straight,Normal,Unknown,On_road,Unknown,B02,Same_direction,Car(Quad/Passenger),Cyclist,Right_side,Straight_ahead,0,1987.0,Male,Driver,Injured_Slight,Driver_seat,Leisure,Not_pedestrian,Unknown,Not_pedestrian,Seat_belt,Used,Not a holiday,0
1639,201600001006,2016,8,2,Daylight,Built_up_area,Intersection_X,Cloudy,Side_two_vehicles,Manual_entry,-2.66598,48.52995,True,2016-08-02,10,30,10:30,Morning,False,Summer,2.0,0.0,0.0,Communal_way,Bidirectional,Unknown,Flat,Curve_right,Normal,Unknown,On_road,Unknown,B02,Same_direction,Utility(Truck/Agri),None,Left_side,Straight_ahead,0,1973.0,Male,Driver,Uninjured,Driver_seat,Leisure,Not_pedestrian,Unknown,Not_pedestrian,Seat_belt,Used,Not a holiday,0
1640,201600001006,2016,8,2,Daylight,Built_up_area,Intersection_X,Cloudy,Side_two_vehicles,Manual_entry,-2.66598,48.52995,True,2016-08-02,10,30,10:30,Morning,False,Summer,2.0,0.0,0.0,Communal_way,Bidirectional,Unknown,Flat,Curve_right,Normal,Unknown,On_road,Unknown,A01,Same_direction,Cycle,Cyclist,Front,Straight_ahead,0,2009.0,Male,Driver,Injured_Hospitalized,Driver_seat,Leisure,Not_pedestrian,Unknown,Not_pedestrian,Helmet,Used,Not a holiday,0
1641,201600001007,2016,8,11,Daylight,Out_of_agglomeration,Intersection_T,Normal,Side_two_vehicles,Manual_entry,-2.44737,48.61687,True,2016-08-11,12,0,12:00,Afternoon,False,Summer,2.0,0.0,68.0,Departmental_road,Bidirectional,Unknown,Flat,Straight,Normal,Roundabout,On_road,Unknown,A01,Opposite_direction,Motorcycle,Cyclist,Front,Straight_ahead,0,1951.0,Male,Driver,Injured_Hospitalized,Driver_seat,Leisure,Not_pedestrian,Unknown,Not_pedestrian,Helmet,Used,Not a holiday,0
1642,201600001007,2016,8,11,Daylight,Out_of_agglomeration,Intersection_T,Normal,Side_two_vehicles,Manual_entry,-2.44737,48.61687,True,2016-08-11,12,0,12:00,Afternoon,False,Summer,2.0,0.0,68.0,Departmental_road,Bidirectional,Unknown,Flat,Straight,Normal,Roundabout,On_road,Unknown,B02,Other/Unknown,Bus/Coach,Cyclist,Left_side,Roundabout,0,1979.0,Male,Driver,Uninjured,Driver_seat,Professional use,Not_pedestrian,Unknown,Not_pedestrian,Seat_belt,Used,Not a holiday,0
1643,201600001008,2016,11,19,Night_without_public_lighting,Out_of_agglomeration,Out_of_intersection,Heavy_rain,Other_collision,Manual_entry,-2.70555,48.46871,True,2016-11-19,18,0,18:00,Evening,True,Autumn,2.0,0.0,60.0,Communal_way,Bidirectional,Unknown,Slope,Straight,Wet,Unknown,On_verge,Unknown,A01,Same_direction,Car(Quad/Passenger),None,Multiple impacts,Turning,0,1937.0,Male,Driver,Injured_Hospitalized,Driver_seat,Leisure,Not_pedestrian,Unknown,Not_pedestrian,Seat_belt,Undetermined,Not a holiday,0
1644,201600001009,2016,11,21,Night_with_public_lighting_on,Built_up_area,Out_of_intersection,Strong_wind_or_storm,Other_collision,Manual_entry,-2.68721,48.47819,True,2016-11-21,22,15,22:15,Night,False,Autumn,2.0,0.0,0.0,Communal_way,Bidirectional,Unknown,Slope,Straight,Wet,Unknown,On_road,Unknown,A01,Same_direction,Motorcycle,None,Front,Straight_ahead,0,1972.0,Male,Driver,Injured_Hospitalized,Driver_seat,Leisure,Not_pedestrian,Unknown,Not_pedestrian,Helmet,Used,Not a holiday,0
1645,201600001010,2016,12,9,Daylight,Built_up_area,Out_of_intersection,Normal,Other_collision,Manual_entry,-2.53456,48.58119,True,2016-12-09,11,0,11:00,Morning,False,Winter,2.0,76.0,0.0,Communal_way,Bidirectional,Unknown,Flat,Straight,Wet,Pedestrian_area,On_road,Unknown,A01,Other/Unknown,Car(Quad/Passenger),Pedestrian,Front,Straight_ahead,0,1957.0,Male,Driver,Uninjured,Driver_seat,Shopping,Not_pedestrian,Unknown,Not_pedestrian,Seat_belt,Used,Not a holiday,0
1646,201600001011,2016,12,13,Night_with_public_lighting_on,Out_of_agglomeration,Out_of_intersection,Normal,Side_two_vehicles,Manual_entry,-2.64984,48.48508,True,2016-12-13,18,0,18:00,Evening,False,Winter,2.0,0.0,90.0,Departmental_road,Bidirectional,Unknown,Flat,Straight,Normal,Unknown,On_road,Unknown,A01,Other/Unknown,Motorcycle,Cyclist,Left_side,other,0,1994.0,Male,Driver,Injured_Hospitalized,Driver_seat,Leisure,Not_pedestrian,Unknown,Not_pedestrian,Helmet,Used,Not a holiday,0
1647,201600001011,2016,12,13,Night_with_public_lighting_on,Out_of_agglomeration,Out_of_intersection,Normal,Side_two_vehicles,Manual_entry,-2.64984,48.48508,True,2016-12-13,18,0,18:00,Evening,False,Winter,2.0,0.0,90.0,Departmental_road,Bidirectional,Unknown,Flat,Straight,Normal,Unknown,On_road,Unknown,B02,Other/Unknown,Car(Quad/Passenger),Cyclist,Front_left,Roundabout,0,1993.0,Female,Driver,Uninjured,Driver_seat,Unknown,Not_pedestrian,Unknown,Not_pedestrian,Seat_belt,Used,Not a holiday,0
1648,201600001012,2016,1,21,Night_without_public_lighting,Out_of_agglomeration,Out_of_intersection,Normal,Multiple_three_plus,Manual_entry,-2.91249,48.39026,True,2016-01-21,8,0,08:00,Morning,False,Winter,2.0,80.0,80.0,Departmental_road,Bidirectional,Unknown,Slope,Straight,Normal,Unknown,On_road,Unknown,A01,Opposite_direction,Motorcycle,Cyclist,Front_left,Turning,0,1984.0,Male,Driver,Injured_Hospitalized,Driver_seat,Home-work,Not_pedestrian,Unknown,Not_pedestrian,Helmet,Used,Not a holiday,0
1649,201600001012,2016,1,21,Night_without_public_lighting,Out_of_agglomeration,Out_of_intersection,Normal,Multiple_three_plus,Manual_entry,-2.91249,48.39026,True,2016-01-21,8,0,08:00,Morning,False,Winter,2.0,80.0,80.0,Departmental_road,Bidirectional,Unknown,Slope,Straight,Normal,Unknown,On_road,Unknown,B02,Other/Unknown,Car(Quad/Passenger),Cyclist,Right_side,Straight_ahead,0,1986.0,Female,Driver,Uninjured,Driver_seat,Home-work,Not_pedestrian,Unknown,Not_pedestrian,Seat_belt,Used,Not a holiday,0
1650,201600001012,2016,1,21,Night_without_public_lighting,Out_of_agglomeration,Out_of_intersection,Normal,Multiple_three_plus,Manual_entry,-2.91249,48.39026,True,2016-01-21,8,0,08:00,Morning,False,Winter,2.0,80.0,80.0,Departmental_road,Bidirectional,Unknown,Slope,Straight,Normal,Unknown,On_road,Unknown,C03,Opposite_direction,Car(Quad/Passenger),Cyclist,Rear_left,Straight_ahead,0,1953.0,Male,Driver,Uninjured,Driver_seat,Home-work,Not_pedestrian,Unknown,Not_pedestrian,Seat_belt,Used,Not a holiday,0
1651,201600001013,2016,2,18,Daylight,Out_of_agglomeration,Out_of_intersection,Normal,Side_two_vehicles,Manual_entry,-2.74552,48.42538,True,2016-02-18,16,15,16:15,Afternoon,False,Winter,2.0,0.0,0.0,Departmental_road,Bidirectional,Unknown,Flat,Curve_right,Normal,Unknown,On_road,Unknown,A01,Opposite_direction,Car(Quad/Passenger),Cyclist,Rear,Straight_ahead,0,1971.0,Male,Driver,Uninjured,Driver_seat,Shopping,Not_pedestrian,Unknown,Not_pedestrian,Seat_belt,Undetermined,Not a holiday,0
1652,201600001013,2016,2,18,Daylight,Out_of_agglomeration,Out_of_intersection,Normal,Side_two_vehicles,Manual_entry,-2.74552,48.42538,True,2016-02-18,16,15,16:15,Afternoon,False,Winter,2.0,0.0,0.0,Departmental_road,Bidirectional,Unknown,Flat,Curve_right,Normal,Unknown,On_road,Unknown,B02,Opposite_direction,Cycle,None,Right_side,Turning,0,1947.0,Male,Driver,Injured_Hospitalized,Driver_seat,Leisure,Not_pedestrian,Unknown,Not_pedestrian,Helmet,Used,Not a holiday,0
1653,201600001014,2016,3,6,Daylight,Out_of_agglomeration,Out_of_intersection,Other,Multiple_three_plus,Manual_entry,-2.75234,48.46604,True,2016-03-06,8,45,08:45,Morning,True,Spring,2.0,0.0,70.0,Departmental_road,Bidirectional,Unknown,Slope,Curve_left,Icy,Unknown,On_road,Unknown,A01,Opposite_direction,Car(Quad/Passenger),Cyclist,Left_side,Avoiding_obstacle,0,1972.0,Female,Driver,Killed,Driver_seat,Unknown,Not_pedestrian,Unknown,Not_pedestrian,Seat_belt,Used,Not a holiday,0
1654,201600001014,2016,3,6,Daylight,Out_of_agglomeration,Out_of_intersection,Other,Multiple_three_plus,Manual_entry,-2.75234,48.46604,True,2016-03-06,8,45,08:45,Morning,True,Spring,2.0,0.0,70.0,Departmental_road,Bidirectional,Unknown,Slope,Curve_left,Icy,Unknown,On_road,Unknown,B02,Other/Unknown,Car(Quad/Passenger),Cyclist,Front,Straight_ahead,0,1969.0,Female,Driver,Injured_Slight,Driver_seat,Leisure,Not_pedestrian,Unknown,Not_pedestrian,Seat_belt,Used,Not a holiday,0
1655,201600001014,2016,3,6,Daylight,Out_of_agglomeration,Out_of_intersection,Other,Multiple_three_plus,Manual_entry,-2.75234,48.46604,True,2016-03-06,8,45,08:45,Morning,True,Spring,2.0,0.0,70.0,Departmental_road,Bidirectional,Unknown,Slope,Curve_left,Icy,Unknown,On_road,Unknown,C03,Other/Unknown,Motorcycle,Cyclist,Rear_left,Straight_ahead,0,1970.0,Male,Driver,Injured_Slight,Driver_seat,Leisure,Not_pedestrian,Unknown,Not_pedestrian,Helmet,Used,Not a holiday,0
1656,201600001015,2016,3,12,Daylight,Out_of_agglomeration,Intersection_X,Normal,Side_two_vehicles,Manual_entry,-2.82686,48.3982,True,2016-03-12,14,45,14:45,Afternoon,True,Spring,3.0,0.0,0.0,Departmental_road,Bidirectional,Unknown,Hill_bottom,Straight,Normal,Unknown,On_road,Not_near_school,A01,Opposite_direction,Motorcycle,Cyclist,Rear,Roundabout,0,1973.0,Male,Driver,Uninjured,Driver_seat,other,Not_pedestrian,Unknown,Not_pedestrian,other,Used,Not a holiday,0
1657,201600001015,2016,3,12,Daylight,Out_of_agglomeration,Intersection_X,Normal,Side_two_vehicles,Manual_entry,-2.82686,48.3982,True,2016-03-12,14,45,14:45,Afternoon,True,Spring,3.0,0.0,0.0,Departmental_road,Bidirectional,Unknown,Hill_bottom,Straight,Normal,Unknown,On_road,Not_near_school,B02,Opposite_direction,Motorcycle,Cyclist,Front_left,Emergency_manoeuvre,0,1976.0,Female,Driver,Injured_Slight,Driver_seat,Leisure,Not_pedestrian,Unknown,Not_pedestrian,Helmet,Used,Not a holiday,0
1658,201600001016,2016,5,4,Daylight,Out_of_agglomeration,Intersection_X,Normal,Frontal_two_vehicles,Manual_entry,-2.94098,48.37291,True,2016-05-04,18,30,18:30,Evening,False,Spring,2.0,0.0,70.0,Departmental_road,Bidirectional,Unknown,Flat,Straight,Normal,Roundabout,On_road,Unknown,A01,Other/Unknown,Car(Quad/Passenger),Cyclist,Right_side,Roundabout,0,1939.0,Male,Driver,Uninjured,Driver_seat,Leisure,Not_pedestrian,Unknown,Not_pedestrian,Seat_belt,Used,Not a holiday,0
1659,201600001016,2016,5,4,Daylight,Out_of_agglomeration,Intersection_X,Normal,Frontal_two_vehicles,Manual_entry,-2.94098,48.37291,True,2016-05-04,18,30,18:30,Evening,False,Spring,2.0,0.0,70.0,Departmental_road,Bidirectional,Unknown,Flat,Straight,Normal,Roundabout,On_road,Unknown,B02,Opposite_direction,Car(Quad/Passenger),Cyclist,Front,Straight_ahead,0,1952.0,Male,Driver,Injured_Slight,Driver_seat,Home-work,Not_pedestrian,Unknown,Not_pedestrian,Seat_belt,Used,Not a holiday,0
1660,201600001017,2016,6,19,Daylight,Built_up_area,Roundabout,Normal,Frontal_two_vehicles,Manual_entry,-2.74155,48.46192,True,2016-06-19,17,0,17:00,Evening,True,Summer,0.0,0.0,65.0,Communal_way,Bidirectional,Unknown,Flat,Straight,Normal,Roundabout,On_road,Near_school,A01,Same_direction,Car(Quad/Passenger),Cyclist,Front_right,Turning,0,1994.0,Male,Driver,Uninjured,Driver_seat,Leisure,Not_pedestrian,Unknown,Not_pedestrian,Seat_belt,Used,Not a holiday,0
1661,201600001017,2016,6,19,Daylight,Built_up_area,Roundabout,Normal,Frontal_two_vehicles,Manual_entry,-2.74155,48.46192,True,2016-06-19,17,0,17:00,Evening,True,Summer,0.0,0.0,65.0,Communal_way,Bidirectional,Unknown,Flat,Straight,Normal,Roundabout,On_road,Near_school,B02,Same_direction,Motorcycle,Cyclist,Left_side,Reversing,0,2001.0,Male,Driver,Injured_Hospitalized,Driver_seat,Leisure,Not_pedestrian,Unknown,Not_pedestrian,Helmet,Used,Not a holiday,0