,accident_id,year,month,day,lighting_label,urban_label,intersection_label,weather_label,collision_label,gps_label,longitude_num,latitude_num,valid_geo,date,hour,minute,time_hhmm,time_of_day,is_weekend,season,num_lanes,pedestrian_crossing_width,road_width,road_category_label,traffic_regime_label,reserved_lane_label,road_profile_label,road_layout_label,surface_condition_label,infrastructure_label,situation_label,school_zone_label,vehicle_id,traffic_direction_label,vehicle_category_label,mobile_obstacle_label,impact_point_label,manoeuvre_label,occupants_group,birth_year,sex_label,user_category_label,injury_severity_label,seat_position_label,journey_purpose_label,pedestrian_location_label,pedestrian_action_label,pedestrian_state_label,safety_equipment_type,safety_equipment_usage,holiday_name,is_holiday
1662,201600001018,2016,7,4,Night_without_public_lighting,Out_of_agglomeration,Out_of_intersection,Normal,No_collision,Manual_entry,-2.8394,48.36632,True,2016-07-04,0,45,00:45,Night,False,Summer,2.0,0.0,32.0,Communal_way,Bidirectional,Unknown,Unknown,Curve_left,Unknown,Unknown,On_verge,Not_near_school,A01,Same_direction,Car(Quad/Passenger),None,Right_side,Straight_ahead,0,1993.0,Male,Driver,Injured_Hospitalized,Driver_seat,Leisure,Not_pedestrian,Unknown,Not_pedestrian,Seat_belt,Used,Not a holiday,0
1663,201600001019,2016,7,8,Daylight,Out_of_agglomeration,Out_of_intersection,Normal,Frontal_two_vehicles,Manual_entry,-2.82936,48.41377,True,2016-07-08,18,30,18:30,Evening,False,Summer,2.0,0.0,40.0,Communal_way,Bidirectional,Unknown,Slope,S-bend,Normal,Unknown,On_road,Unknown,A01,Same_direction,Motorcycle,Cyclist,Front,Straight_ahead,0,2000.0,Male,Driver,Injured_Hospitalized,Driver_seat,Leisure,Not_pedestrian,Unknown,Not_pedestrian,Helmet,Used,Not a holiday,0
1664,201600001019,2016,7,8,Daylight,Out_of_agglomeration,Out_of_intersection,Normal,Frontal_two_vehicles,Manual_entry,-2.82936,48.41377,True,2016-07-08,18,30,18:30,Evening,False,Summer,2.0,0.0,40.0,Communal_way,Bidirectional,Unknown,Slope,S-bend,Normal,Unknown,On_road,Unknown,B02,Same_direction,Motorcycle,Cyclist,Front,Straight_ahead,0,1997.0,Male,Driver,Uninjured,Driver_seat,Leisure,Not_pedestrian,Unknown,Not_pedestrian,Helmet,Used,Not a holiday,0
1665,201600001020,2016,9,23,Daylight,Out_of_agglomeration,Intersection_X,Normal,Side_two_vehicles,Manual_entry,-2.87312,48.47394,True,2016-09-23,19,0,19:00,Evening,False,Autumn,2.0,0.0,60.0,Departmental_road,Bidirectional,Unknown,Hilltop,Straight,Normal,Roundabout,On_road,Unknown,B02,Opposite_direction,Car(Quad/Passenger),Cyclist,Front,Straight_ahead,0,1966.0,Male,Driver,Uninjured,Driver_seat,Professional use,Not_pedestrian,Unknown,Not_pedestrian,Seat_belt,Used,Not a holiday,0
1666,201600001020,2016,9,23,Daylight,Out_of_agglomeration,Intersection_X,Normal,Side_two_vehicles,Manual_entry,-2.87312,48.47394,True,2016-09-23,19,0,19:00,Evening,False,Autumn,2.0,0.0,60.0,Departmental_road,Bidirectional,Unknown,Hilltop,Straight,Normal,Roundabout,On_road,Unknown,A01,Same_direction,Car(Quad/Passenger),Cyclist,Left_side,Loss_of_control,0,1935.0,Male,Driver,Injured_Hospitalized,Driver_seat,Leisure,Not_pedestrian,Unknown,Not_pedestrian,Seat_belt,Used,Not a holiday,0
1667,201600001021,2016,10,14,Night_without_public_lighting,Out_of_agglomeration,Intersection_X,Normal,Side_two_vehicles,Manual_entry,-2.75579,48.4587,True,2016-10-14,20,50,20:50,Evening,False,Autumn,2.0,,,Departmental_road,Bidirectional,Unknown,Slope,Curve_right,Normal,Roundabout,On_road,Not_near_school,Z01,Opposite_direction,Cycle,Unknown,Unknown,Unknown,0,,,,,,,,,,,,Not a holiday,0
1668,201600001021,2016,10,14,Night_without_public_lighting,Out_of_agglomeration,Intersection_X,Normal,Side_two_vehicles,Manual_entry,-2.75579,48.4587,True,2016-10-14,20,50,20:50,Evening,False,Autumn,2.0,,,Departmental_road,Bidirectional,Unknown,Slope,Curve_right,Normal,Roundabout,On_road,Not_near_school,A01,Same_direction,Motorcycle,Cyclist,Front_left,Straight_ahead,0,1998.0,Male,Driver,Injured_Hospitalized,Driver_seat,Leisure,Not_pedestrian,Unknown,Not_pedestrian,Helmet,Used,Not a holiday,0
1669,201600001022,2016,11,16,Night_without_public_lighting,Out_of_agglomeration,Out_of_intersection,Normal,Other_collision,Manual_entry,-2.84445,48.41599,True,2016-11-16,21,0,21:00,Night,False,Autumn,2.0,0.0,90.0,Departmental_road,Bidirectional,Unknown,Hill_bottom,Straight,Normal,Unknown,On_road,Unknown,A01,Same_direction,Utility(Truck/Agri),Pedestrian,Front_right,Straight_ahead,0,1972.0,Male,Driver,Uninjured,Driver_seat,Leisure,Not_pedestrian,Unknown,Not_pedestrian,Seat_belt,Used,Not a holiday,0
1670,201600001023,2016,11,17,Daylight,Out_of_agglomeration,Out_of_intersection,Light_rain,Frontal_two_vehicles,Manual_entry,-2.82415,48.40862,True,2016-11-17,13,0,13:00,Afternoon,False,Autumn,2.0,0.0,113.0,Departmental_road,Bidirectional,Unknown,Slope,Curve_right,Wet,Unknown,On_road,Not_near_school,A01,Opposite_direction,Car(Quad/Passenger),Cyclist,Front,Avoiding_obstacle,0,1993.0,Male,Driver,Uninjured,Driver_seat,Leisure,Not_pedestrian,Unknown,Not_pedestrian,Seat_belt,Used,Not a holiday,0
1671,201600001023,2016,11,17,Daylight,Out_of_agglomeration,Out_of_intersection,Light_rain,Frontal_two_vehicles,Manual_entry,-2.82415,48.40862,True,2016-11-17,13,0,13:00,Afternoon,False,Autumn,2.0,0.0,113.0,Departmental_road,Bidirectional,Unknown,Slope,Curve_right,Wet,Unknown,On_road,Not_near_school,B02,Other/Unknown,Car(Quad/Passenger),Cyclist,No_impact,Straight_ahead,0,1960.0,Female,Driver,Injured_Hospitalized,Driver_seat,Unknown,Not_pedestrian,Unknown,Not_pedestrian,Seat_belt,Used,Not a holiday,0
1672,201600001024,2016,1,7,Daylight,Out_of_agglomeration,Intersection_X,Dazzling,Side_two_vehicles,Manual_entry,-1.97567,48.44473,True,2016-01-07,10,15,10:15,Morning,False,Winter,2.0,25.0,65.0,Departmental_road,Bidirectional,Unknown,Unknown,Straight,Wet,Roundabout,On_road,Unknown,A01,Other/Unknown,Cycle,Cyclist,Front_left,Loss_of_control,0,1928.0,Male,Driver,Injured_Hospitalized,Driver_seat,Leisure,Not_pedestrian,Unknown,Not_pedestrian,Helmet,Used,Not a holiday,0
1673,201600001024,2016,1,7,Daylight,Out_of_agglomeration,Intersection_X,Dazzling,Side_two_vehicles,Manual_entry,-1.97567,48.44473,True,2016-01-07,10,15,10:15,Morning,False,Winter,2.0,25.0,65.0,Departmental_road,Bidirectional,Unknown,Unknown,Straight,Wet,Roundabout,On_road,Unknown,B02,Opposite_direction,Car(Quad/Passenger),Cyclist,Front_right,Straight_ahead,0,1933.0,Female,Driver,Uninjured,Driver_seat,Leisure,Not_pedestrian,Unknown,Not_pedestrian,Seat_belt,Used,Not a holiday,0
1674,201600001025,2016,1,10,Daylight,Out_of_agglomeration,Out_of_intersection,Dazzling,Side_two_vehicles,Manual_entry,-2.14462,48.43645,True,2016-01-10,11,30,11:30,Morning,True,Winter,2.0,0.0,58.0,Departmental_road,Bidirectional,Unknown,Flat,Straight,Wet,Interchange,On_road,Not_near_school,A01,Other/Unknown,Car(Quad/Passenger),Cyclist,Front_right,Roundabout,0,1959.0,Female,Driver,Uninjured,Driver_seat,Shopping,Not_pedestrian,Unknown,Not_pedestrian,Seat_belt,Used,Not a holiday,0
1675,201600001025,2016,1,10,Daylight,Out_of_agglomeration,Out_of_intersection,Dazzling,Side_two_vehicles,Manual_entry,-2.14462,48.43645,True,2016-01-10,11,30,11:30,Morning,True,Winter,2.0,0.0,58.0,Departmental_road,Bidirectional,Unknown,Flat,Straight,Wet,Interchange,On_road,Not_near_school,B02,Opposite_direction,Cycle,Cyclist,Front,Straight_ahead,0,1999.0,Female,Driver,Injured_Hospitalized,Driver_seat,Leisure,Not_pedestrian,Unknown,Not_pedestrian,Helmet,Used,Not a holiday,0
1676,201600001026,2016,2,3,Daylight,Out_of_agglomeration,Out_of_intersection,Dazzling,Other_collision,Manual_entry,-2.07599,48.44737,True,2016-02-03,10,15,10:15,Morning,False,Winter,0.0,0.0,60.0,Parking_lot,Unknown,Unknown,Flat,Straight,Wet,Pedestrian_area,On_road,Unknown,A01,Same_direction,Car(Quad/Passenger),Pedestrian,Front,Straight_ahead,0,1965.0,Female,Driver,Uninjured,Driver_seat,Shopping,Not_pedestrian,Unknown,Not_pedestrian,Seat_belt,Undetermined,Not a holiday,0
1677,201600001027,2016,2,17,Daylight,Out_of_agglomeration,Out_of_intersection,Light_rain,No_collision,Manual_entry,-2.02523,48.50221,True,2016-02-17,16,45,16:45,Afternoon,False,Winter,2.0,60.0,0.0,Departmental_road,Bidirectional,Unknown,Hill_bottom,Curve_right,Wet,Unknown,On_road,Unknown,A01,Other/Unknown,Motorcycle,None,Front,Straight_ahead,0,1993.0,Male,Driver,Uninjured,Driver_seat,Leisure,Not_pedestrian,Unknown,Not_pedestrian,Helmet,Used,Not a holiday,0
1678,201600001028,2016,4,13,Daylight,Out_of_agglomeration,Intersection_X,Normal,Frontal_two_vehicles,Manual_entry,-2.09391,48.42624,True,2016-04-13,12,30,12:30,Afternoon,False,Spring,2.0,0.0,0.0,Departmental_road,Bidirectional,Unknown,Flat,Straight,Normal,Roundabout,On_road,Unknown,A01,Other/Unknown,Car(Quad/Passenger),Cyclist,Front,Straight_ahead,0,1949.0,Female,Driver,Uninjured,Driver_seat,Professional use,Not_pedestrian,Unknown,Not_pedestrian,Seat_belt,Used,Not a holiday,0
1679,201600001028,2016,4,13,Daylight,Out_of_agglomeration,Intersection_X,Normal,Frontal_two_vehicles,Manual_entry,-2.09391,48.42624,True,2016-04-13,12,30,12:30,Afternoon,False,Spring,2.0,0.0,0.0,Departmental_road,Bidirectional,Unknown,Flat,Straight,Normal,Roundabout,On_road,Unknown,B02,Opposite_direction,Car(Quad/Passenger),Cyclist,Front,Roundabout,0,1965.0,Female,Driver,Uninjured,Driver_seat,Home-work,Not_pedestrian,Unknown,Not_pedestrian,Seat_belt,Used,Not a holiday,0
1680,201600001029,2016,5,18,Daylight,Out_of_agglomeration,Intersection_X,Normal,Side_two_vehicles,Manual_entry,-1.97728,48.46321,True,2016-05-18,10,15,10:15,Morning,False,Spring,2.0,0.0,53.0,Departmental_road,Bidirectional,Unknown,Slope,Straight,Wet,Roundabout,On_road,Unknown,B02,Opposite_direction,Utility(Truck/Agri),Cyclist,Front,Straight_ahead,0,1970.0,Male,Driver,Injured_Slight,Driver_seat,Home-work,Not_pedestrian,Unknown,Not_pedestrian,Seat_belt,Used,Not a holiday,0
1681,201600001029,2016,5,18,Daylight,Out_of_agglomeration,Intersection_X,Normal,Side_two_vehicles,Manual_entry,-1.97728,48.46321,True,2016-05-18,10,15,10:15,Morning,False,Spring,2.0,0.0,53.0,Departmental_road,Bidirectional,Unknown,Slope,Straight,Wet,Roundabout,On_road,Unknown,A01,Same_direction,Car(Quad/Passenger),Cyclist,Front_left,Roundabout,0,1953.0,Female,Driver,Injured_Hospitalized,Driver_seat,Leisure,Not_pedestrian,Unknown,Not_pedestrian,Seat_belt,Used,Not a holiday,0
1682,201600001030,2016,6,4,Night_with_public_lighting_on,Built_up_area,Roundabout,Normal,Side_two_vehicles,Manual_entry,-2.02873,48.45681,True,2016-06-04,23,15,23:15,Night,True,Summer,0.0,0.0,0.0,Departmental_road,Unknown,Unknown,Unknown,Curve_left,Normal,Roundabout,On_road,Unknown,A01,Opposite_direction,Cycle,Cyclist,Front,Park/Start/Stop,0,1999.0,Male,Driver,Injured_Hospitalized,Driver_seat,Leisure,Not_pedestrian,Unknown,Not_pedestrian,Helmet,Used,Not a holiday,0
1683,201600001030,2016,6,4,Night_with_public_lighting_on,Built_up_area,Roundabout,Normal,Side_two_vehicles,Manual_entry,-2.02873,48.45681,True,2016-06-04,23,15,23:15,Night,True,Summer,0.0,0.0,0.0,Departmental_road,Unknown,Unknown,Unknown,Curve_left,Normal,Roundabout,On_road,Unknown,B02,Opposite_direction,Car(Quad/Passenger),Cyclist,Rear_left,Straight_ahead,0,1990.0,Female,Driver,Uninjured,Driver_seat,Leisure,Not_pedestrian,Unknown,Not_pedestrian,Seat_belt,Used,Not a holiday,0
1684,201600001031,2016,6,7,Daylight,Built_up_area,Out_of_intersection,Normal,Other_collision,Manual_entry,-2.04868,48.45466,True,2016-06-07,10,45,10:45,Morning,False,Summer,2.0,0.0,60.0,Departmental_road,Bidirectional,Unknown,Flat,Straight,Normal,Unknown,On_road,Not_near_school,A01,Opposite_direction,Car(Quad/Passenger),Pedestrian,Front_right,Straight_ahead,0,1953.0,Male,Driver,Uninjured,Driver_seat,Leisure,Not_pedestrian,Unknown,Not_pedestrian,Seat_belt,Used,Not a holiday,0
1685,201600001032,2016,8,3,Daylight,Out_of_agglomeration,Out_of_intersection,Normal,Frontal_two_vehicles,Manual_entry,-1.96123,48.49141,True,2016-08-03,15,0,15:00,Afternoon,False,Summer,2.0,0.0,0.0,Communal_way,Bidirectional,Unknown,Hilltop,Straight,Normal,Unknown,On_road,Not_near_school,A01,Same_direction,Car(Quad/Passenger),Cyclist,Front,Avoiding_obstacle,0,1981.0,Female,Driver,Injured_Slight,Driver_seat,Leisure,Not_pedestrian,Unknown,Not_pedestrian,Seat_belt,Used,Not a holiday,0
1686,201600001032,2016,8,3,Daylight,Out_of_agglomeration,Out_of_intersection,Normal,Frontal_two_vehicles,Manual_entry,-1.96123,48.49141,True,2016-08-03,15,0,15:00,Afternoon,False,Summer,2.0,0.0,0.0,Communal_way,Bidirectional,Unknown,Hilltop,Straight,Normal,Unknown,On_road,Not_near_school,B02,Same_direction,Car(Quad/Passenger),Cyclist,Front,Straight_ahead,0,1971.0,Male,Driver,Injured_Slight,Driver_seat,Leisure,Not_pedestrian,Unknown,Not_pedestrian,Seat_belt,Used,Not a holiday,0
1687,201600001033,2016,8,24,Daylight,Built_up_area,Out_of_intersection,Normal,No_collision,Manual_entry,-2.0048,48.37165,True,2016-08-24,14,30,14:30,Afternoon,False,Summer,0.0,0.0,0.0,Communal_way,Bidirectional,Unknown,Flat,Unknown,Other,Unknown,On_road,Unknown,A01,Same_direction,Motorcycle,None,Front,Straight_ahead,0,2000.0,Male,Driver,Injured_Hospitalized,Driver_seat,Leisure,Not_pedestrian,Unknown,Not_pedestrian,Helmet,Used,Not a holiday,0
1688,201600001034,2016,9,2,Daylight,Built_up_area,Intersection_T,Normal,Side_two_vehicles,Manual_entry,-2.04767,48.45669,True,2016-09-02,17,30,17:30,Evening,False,Autumn,2.0,0.0,0.0,Communal_way,Bidirectional,Unknown,Unknown,Straight,Normal,Roundabout,On_road,Unknown,A01,Same_direction,Motorcycle,Cyclist,Front,Straight_ahead,0,2001.0,Male,Driver,Injured_Slight,Driver_seat,Leisure,Not_pedestrian,Unknown,Not_pedestrian,Helmet,Used,Not a holiday,0
1689,201600001034,2016,9,2,Daylight,Built_up_area,Intersection_T,Normal,Side_two_vehicles,Manual_entry,-2.04767,48.45669,True,2016-09-02,17,30,17:30,Evening,False,Autumn,2.0,0.0,0.0,Communal_way,Bidirectional,Unknown,Unknown,Straight,Normal,Roundabout,On_road,Unknown,B02,Same_direction,Car(Quad/Passenger),Cyclist,Right_side,Roundabout,0,1976.0,Female,Driver,Uninjured,Driver_seat,Leisure,Not_pedestrian,Unknown,Not_pedestrian,Seat_belt,Used,Not a holiday,0
1690,201600001035,2016,9,19,Daylight,Built_up_area,Out_of_intersection,Normal,Other_collision,Manual_entry,-2.08039,48.44767,True,2016-09-19,17,15,17:15,Evening,False,Autumn,2.0,12.0,60.0,Departmental_road,Bidirectional,Unknown,Flat,Straight,Normal,Unknown,On_road,Unknown,A01,Opposite_direction,Car(Quad/Passenger),Pedestrian,Front,Straight_ahead,0,1978.0,Male,Driver,Uninjured,Driver_seat,Leisure,Not_pedestrian,Unknown,Not_pedestrian,Seat_belt,Used,Not a holiday,0
1691,201600001036,2016,9,23,Night_without_public_lighting,Out_of_agglomeration,Out_of_intersection,Normal,Rear_end_two_vehicles,Manual_entry,-2.02137,48.45865,True,2016-09-23,19,30,19:30,Evening,False,Autumn,2.0,0.0,0.0,Departmental_road,Bidirectional,Unknown,Hill_bottom,Straight,Normal,Unknown,On_road,Unknown,A01,Opposite_direction,Car(Quad/Passenger),Cyclist,Rear_left,Roundabout,0,1996.0,Male,Driver,Injured_Hospitalized,Driver_seat,Professional use,Not_pedestrian,Unknown,Not_pedestrian,Seat_belt,Used,Not a holiday,0
1692,201600001036,2016,9,23,Night_without_public_lighting,Out_of_agglomeration,Out_of_intersection,Normal,Rear_end_two_vehicles,Manual_entry,-2.02137,48.45865,True,2016-09-23,19,30,19:30,Evening,False,Autumn,2.0,0.0,0.0,Departmental_road,Bidirectional,Unknown,Hill_bottom,Straight,Normal,Unknown,On_road,Unknown,B02,Opposite_direction,Motorcycle,Cyclist,Front,Turning,0,1981.0,Male,Driver,Injured_Hospitalized,Driver_seat,Unknown,Not_pedestrian,Unknown,Not_pedestrian,Helmet,Used,Not a holiday,0
1693,201600001037,2016,10,4,Daylight,Out_of_agglomeration,Out_of_intersection,Dazzling,Frontal_two_vehicles,Manual_entry,-1.99763,48.51074,True,2016-10-04,12,30,12:30,Afternoon,False,Autumn,2.0,0.0,0.0,Departmental_road,Bidirectional,Unknown,Unknown,Curve_left,Normal,Unknown,On_road,Unknown,A01,Opposite_direction,Car(Quad/Passenger),Cyclist,Right_side,Straight_ahead,0,1989.0,Female,Driver,Injured_Slight,Driver_seat,Leisure,Not_pedestrian,Unknown,Not_pedestrian,Seat_belt,Used,Not a holiday,0
1694,201600001037,2016,10,4,Daylight,Out_of_agglomeration,Out_of_intersection,Dazzling,Frontal_two_vehicles,Manual_entry,-1.99763,48.51074,True,2016-10-04,12,30,12:30,Afternoon,False,Autumn,2.0,0.0,0.0,Departmental_road,Bidirectional,Unknown,Unknown,Curve_left,Normal,Unknown,On_road,Unknown,B02,Other/Unknown,Car(Quad/Passenger),Cyclist,Right_side,Straight_ahead,0,1964.0,Female,Driver,Injured_Slight,Driver_seat,Home-work,Not_pedestrian,Unknown,Not_pedestrian,Seat_belt,Used,Not a holiday,0
1695,201600001038,2016,10,11,Daylight,Out_of_agglomeration,Roundabout,Normal,Side_two_vehicles,Manual_entry,-2.04198,48.48887,True,2016-10-11,9,45,09:45,Morning,False,Autumn,0.0,0.0,60.0,Departmental_road,Bidirectional,Unknown,Flat,Straight,Normal,Roundabout,On_road,Unknown,B02,Other/Unknown,Motorcycle,Cyclist,Front,Loss_of_control,0,1986.0,Male,Driver,Injured_Hospitalized,Driver_seat,other,Not_pedestrian,Unknown,Not_pedestrian,Helmet,Used,Not a holiday,0
1696,201600001038,2016,10,11,Daylight,Out_of_agglomeration,Roundabout,Normal,Side_two_vehicles,Manual_entry,-2.04198,48.48887,True,2016-10-11,9,45,09:45,Morning,False,Autumn,0.0,0.0,60.0,Departmental_road,Bidirectional,Unknown,Flat,Straight,Normal,Roundabout,On_road,Unknown,A01,Other/Unknown,Car(Quad/Passenger),Cyclist,Right_side,Roundabout,0,1963.0,Female,Driver,Uninjured,Driver_seat,other,Not_pedestrian,Unknown,Not_pedestrian,Seat_belt,Used,Not a holiday,0
1697,201600001039,2016,11,20,Daylight,Out_of_agglomeration,Out_of_intersection,Cloudy,Other_collision,Manual_entry,-2.08178,48.35456,True,2016-11-20,11,0,11:00,Morning,True,Autumn,2.0,0.0,60.0,Departmental_road,Bidirectional,Unknown,Flat,Curve_right,Wet,Unknown,On_verge,Unknown,A01,Opposite_direction,Car(Quad/Passenger),None,Left_side,Avoiding_obstacle,0,1996.0,Male,Driver,Injured_Slight,Driver_seat,Leisure,Not_pedestrian,Unknown,Not_pedestrian,Seat_belt,Undetermined,Not a holiday,0
1698,201600001040,2016,10,28,Daylight,Built_up_area,Out_of_intersection,Normal,Frontal_two_vehicles,Manual_entry,-2.03879,48.45289,True,2016-10-28,18,30,18:30,Evening,False,Autumn,2.0,0.0,0.0,Departmental_road,Bidirectional,Unknown,Slope,Curve_left,Normal,Unknown,On_road,Unknown,A01,Other/Unknown,Car(Quad/Passenger),Cyclist,Front,Straight_ahead,0,1934.0,Male,Driver,Uninjured,Driver_seat,Leisure,Not_pedestrian,Unknown,Not_pedestrian,Seat_belt,Used,Not a holiday,0
1699,201600001040,2016,10,28,Daylight,Built_up_area,Out_of_intersection,Normal,Frontal_two_vehicles,Manual_entry,-2.03879,48.45289,True,2016-10-28,18,30,18:30,Evening,False,Autumn,2.0,0.0,0.0,Departmental_road,Bidirectional,Unknown,Slope,Curve_left,Normal,Unknown,On_road,Unknown,B02,Opposite_direction,Motorcycle,Cyclist,Front,Reversing,0,1997.0,Male,Driver,Injured_Hospitalized,Driver_seat,Leisure,Not_pedestrian,Unknown,Not_pedestrian,Helmet,Used,Not a holiday,0
1700,201600001041,2016,12,20,Daylight,Out_of_agglomeration,Intersection_X,Cloudy,Side_two_vehicles,Manual_entry,-1.96177,48.48222,True,2016-12-20,14,45,14:45,Afternoon,False,Winter,2.0,0.0,0.0,Departmental_road,Bidirectional,Unknown,Flat,Straight,Wet,Roundabout,On_road,Unknown,B02,Opposite_direction,Car(Quad/Passenger),Cyclist,Right_side,Straight_ahead,0,1950.0,Female,Driver,Injured_Hospitalized,Driver_seat,Leisure,Not_pedestrian,Unknown,Not_pedestrian,Seat_belt,Used,Not a holiday,0
1701,201600001041,2016,12,20,Daylight,Out_of_agglomeration,Intersection_X,Cloudy,Side_two_vehicles,Manual_entry,-1.96177,48.48222,True,2016-12-20,14,45,14:45,Afternoon,False,Winter,2.0,0.0,0.0,Departmental_road,Bidirectional,Unknown,Flat,Straight,Wet,Roundabout,On_road,Unknown,A01,Opposite_direction,Car(Quad/Passenger),Cyclist,Front_right,Loss_of_control,0,1948.0,Female,Driver,Uninjured,Driver_seat,Leisure,Not_pedestrian,Unknown,Not_pedestrian,Seat_belt,Used,Not a holiday,0
1702,201600001042,2016,6,28,Daylight,Built_up_area,Out_of_intersection,Normal,Other_collision,Manual_entry,-2.36795,48.62841,True,2016-06-28,15,45,15:45,Afternoon,False,Summer,2.0,0.0,0.0,Departmental_road,Bidirectional,Unknown,Hill_bottom,Straight,Unknown,Unknown,On_road,Not_near_school,A01,Opposite_direction,Cycle,Pedestrian,Front,Straight_ahead,0,1997.0,Male,Driver,Uninjured,Driver_seat,Leisure,Not_pedestrian,Unknown,Not_pedestrian,Helmet,Used,Not a holiday,0
1703,201600001043,2016,7,21,Daylight,Built_up_area,Out_of_intersection,Normal,Side_two_vehicles,Manual_entry,-2.22173,48.57892,True,2016-07-21,17,45,17:45,Evening,False,Summer,2.0,0.0,60.0,Departmental_road,Bidirectional,Unknown,Flat,Curve_right,Normal,Unknown,On_road,Unknown,A01,Opposite_direction,Motorcycle,Cyclist,Front,other,0,1977.0,Male,Driver,Injured_Hospitalized,Driver_seat,Leisure,Not_pedestrian,Unknown,Not_pedestrian,Helmet,Used,Not a holiday,0
1704,201600001043,2016,7,21,Daylight,Built_up_area,Out_of_intersection,Normal,Side_two_vehicles,Manual_entry,-2.22173,48.57892,True,2016-07-21,17,45,17:45,Evening,False,Summer,2.0,0.0,60.0,Departmental_road,Bidirectional,Unknown,Flat,Curve_right,Normal,Unknown,On_road,Unknown,B02,Opposite_direction,Car(Quad/Passenger),Cyclist,Left_side,Loss_of_control,0,1953.0,Female,Driver,Uninjured,Driver_seat,Unknown,Not_pedestrian,Unknown,Not_pedestrian,Seat_belt,Used,Not a holiday,0
1705,201600001044,2016,9,10,Daylight,Out_of_agglomeration,Out_of_intersection,Normal,Other_collision,Manual_entry,-2.38197,48.56292,True,2016-09-10,7,30,07:30,Morning,True,Autumn,2.0,0.0,0.0,Departmental_road,Bidirectional,Unknown,Hill_bottom,Straight,Normal,Unknown,On_road,Unknown,A01,Other/Unknown,Car(Quad/Passenger),None,Right_side,Avoiding_obstacle,0,1994.0,Male,Driver,Injured_Hospitalized,Driver_seat,Leisure,Not_pedestrian,Unknown,Not_pedestrian,Seat_belt,Not_used,Not a holiday,0
1706,201600001045,2016,11,13,Daylight,Out_of_agglomeration,Intersection_X,Normal,Side_two_vehicles,Manual_entry,-2.35608,48.65163,True,2016-11-13,16,45,16:45,Afternoon,True,Autumn,2.0,0.0,55.0,Departmental_road,Bidirectional,Unknown,Unknown,Straight,Normal,Unknown,On_road,Unknown,A01,Other/Unknown,Car(Quad/Passenger),Cyclist,Right_side,Roundabout,0,1945.0,Male,Driver,Uninjured,Driver_seat,Leisure,Not_pedestrian,Unknown,Not_pedestrian,Seat_belt,Used,Not a holiday,0
1707,201600001045,2016,11,13,Daylight,Out_of_agglomeration,Intersection_X,Normal,Side_two_vehicles,Manual_entry,-2.35608,48.65163,True,2016-11-13,16,45,16:45,Afternoon,True,Autumn,2.0,0.0,55.0,Departmental_road,Bidirectional,Unknown,Unknown,Straight,Normal,Unknown,On_road,Unknown,B02,Opposite_direction,Cycle,Cyclist,Front_left,Straight_ahead,0,1999.0,Male,Driver,Injured_Hospitalized,Driver_seat,Leisure,Not_pedestrian,Unknown,Not_pedestrian,Helmet,Used,Not a holiday,0
1708,201600001046,2016,12,12,Night_with_public_lighting_on,Built_up_area,Intersection_T,Light_rain,Side_two_vehicles,Manual_entry,-2.37034,48.62787,True,2016-12-12,18,45,18:45,Evening,False,Winter,2.0,,,Departmental_road,Bidirectional,Unknown,Flat,Straight,Wet,Roundabout,Unknown,Not_near_school,A01,Other/Unknown,Car(Quad/Passenger),Cyclist,Front_left,Roundabout,0,1959.0,Male,Driver,Uninjured,Driver_seat,Leisure,Not_pedestrian,Unknown,Not_pedestrian,Seat_belt,Used,Not a holiday,0
1709,201600001046,2016,12,12,Night_with_public_lighting_on,Built_up_area,Intersection_T,Light_rain,Side_two_vehicles,Manual_entry,-2.37034,48.62787,True,2016-12-12,18,45,18:45,Evening,False,Winter,2.0,,,Departmental_road,Bidirectional,Unknown,Flat,Straight,Wet,Roundabout,Unknown,Not_near_school,B02,Opposite_direction,Cycle,Cyclist,Front_left,Straight_ahead,0,2001.0,Male,Driver,Injured_Hospitalized,Driver_seat,Home-school,Not_pedestrian,Unknown,Not_pedestrian,Helmet,Used,Not a holiday,0
1710,201600001047,2016,2,9,Daylight,Built_up_area,Out_of_intersection,Heavy_rain,Other_collision,Manual_entry,-3.14834,48.56343,True,2016-02-09,17,0,17:00,Evening,False,Winter,2.0,0.0,0.0,Communal_way,Bidirectional,Unknown,Flat,Straight,Wet,Unknown,On_road,Not_near_school,A01,Same_direction,Car(Quad/Passenger),Pedestrian,Front,Straight_ahead,0,1961.0,Male,Driver,Uninjured,Driver_seat,Unknown,Not_pedestrian,Unknown,Not_pedestrian,Seat_belt,Used,Not a holiday,0
1711,201600001048,2016,5,28,Daylight,Out_of_agglomeration,Intersection_T,Normal,Frontal_two_vehicles,Manual_entry,-3.19945,48.58613,True,2016-05-28,17,0,17:00,Evening,True,Spring,2.0,0.0,43.0,Communal_way,Bidirectional,Unknown,Flat,Straight,Normal,Roundabout,On_road,Unknown,A01,Same_direction,Motorcycle,Cyclist,Front,Avoiding_obstacle,0,2000.0,Male,Driver,Injured_Hospitalized,Driver_seat,Leisure,Not_pedestrian,Unknown,Not_pedestrian,Helmet,Used,Not a holiday,0