,accident_id,year,month,day,lighting_label,urban_label,intersection_label,weather_label,collision_label,gps_label,longitude_num,latitude_num,valid_geo,date,hour,minute,time_hhmm,time_of_day,is_weekend,season,num_lanes,pedestrian_crossing_width,road_width,road_category_label,traffic_regime_label,reserved_lane_label,road_profile_label,road_layout_label,surface_condition_label,infrastructure_label,situation_label,school_zone_label,vehicle_id,traffic_direction_label,vehicle_category_label,mobile_obstacle_label,impact_point_label,manoeuvre_label,occupants_group,birth_year,sex_label,user_category_label,injury_severity_label,seat_position_label,journey_purpose_label,pedestrian_location_label,pedestrian_action_label,pedestrian_state_label,safety_equipment_type,safety_equipment_usage,holiday_name,is_holiday
1712,201600001048,2016,5,28,Daylight,Out_of_agglomeration,Intersection_T,Normal,Frontal_two_vehicles,Manual_entry,-3.19945,48.58613,True,2016-05-28,17,0,17:00,Evening,True,Spring,2.0,0.0,43.0,Communal_way,Bidirectional,Unknown,Flat,Straight,Normal,Roundabout,On_road,Unknown,B02,Same_direction,Car(Quad/Passenger),Cyclist,Front,Straight_ahead,0,1982.0,Female,Driver,Uninjured,Driver_seat,Leisure,Not_pedestrian,Unknown,Not_pedestrian,Seat_belt,Used,Not a holiday,0
1713,201600001049,2016,7,23,Daylight,Built_up_area,Intersection_X,Normal,Side_two_vehicles,Manual_entry,-3.14839,48.56361,True,2016-07-23,10,30,10:30,Morning,True,Summer,2.0,0.0,0.0,Departmental_road,Bidirectional,Unknown,Unknown,Straight,Normal,Roundabout,On_road,Not_near_school,B02,Opposite_direction,Cycle,Cyclist,Front,Straight_ahead,0,1945.0,Male,Driver,Injured_Hospitalized,Driver_seat,Unknown,Not_pedestrian,Unknown,Not_pedestrian,Helmet,Used,Not a holiday,0
1714,201600001049,2016,7,23,Daylight,Built_up_area,Intersection_X,Normal,Side_two_vehicles,Manual_entry,-3.14839,48.56361,True,2016-07-23,10,30,10:30,Morning,True,Summer,2.0,0.0,0.0,Departmental_road,Bidirectional,Unknown,Unknown,Straight,Normal,Roundabout,On_road,Not_near_school,A01,Same_direction,Car(Quad/Passenger),Cyclist,Rear,Loss_of_control,0,1933.0,Male,Driver,Uninjured,Driver_seat,Leisure,Not_pedestrian,Unknown,Not_pedestrian,Seat_belt,Used,Not a holiday,0
1715,201600001050,2016,7,29,Daylight,Out_of_agglomeration,Out_of_intersection,Normal,Other_collision,Manual_entry,-3.06151,48.55503,True,2016-07-29,17,45,17:45,Evening,False,Summer,2.0,0.0,0.0,Departmental_road,Unknown,Unknown,Flat,Curve_left,Normal,Unknown,On_road,Unknown,A01,Opposite_direction,Motorcycle,None,Front,Straight_ahead,0,1988.0,Male,Driver,Injured_Hospitalized,Driver_seat,Leisure,Not_pedestrian,Unknown,Not_pedestrian,Helmet,Used,Not a holiday,0
1716,201600001051,2016,8,20,Night_with_public_lighting_on,Built_up_area,Intersection_X,Normal,Side_two_vehicles,Manual_entry,-3.15182,48.56379,True,2016-08-20,21,30,21:30,Night,True,Summer,2.0,0.0,0.0,Departmental_road,Unknown,Unknown,Flat,Straight,Normal,Roundabout,On_road,Not_near_school,B02,Other/Unknown,Motorcycle,Cyclist,Front,Straight_ahead,0,1992.0,Female,Driver,Injured_Hospitalized,Driver_seat,Unknown,Not_pedestrian,Unknown,Not_pedestrian,Helmet,Used,Not a holiday,0
1717,201600001051,2016,8,20,Night_with_public_lighting_on,Built_up_area,Intersection_X,Normal,Side_two_vehicles,Manual_entry,-3.15182,48.56379,True,2016-08-20,21,30,21:30,Night,True,Summer,2.0,0.0,0.0,Departmental_road,Unknown,Unknown,Flat,Straight,Normal,Roundabout,On_road,Not_near_school,A01,Same_direction,Car(Quad/Passenger),Cyclist,Right_side,Roundabout,0,1969.0,Male,Driver,Uninjured,Driver_seat,Unknown,Not_pedestrian,Unknown,Not_pedestrian,Seat_belt,Used,Not a holiday,0
1718,201600001052,2016,11,28,Daylight,Built_up_area,Out_of_intersection,Normal,Frontal_two_vehicles,Manual_entry,-3.1556,48.56085,True,2016-11-28,16,0,16:00,Afternoon,False,Autumn,2.0,0.0,0.0,Communal_way,Bidirectional,Unknown,Flat,Straight,Normal,Unknown,On_road,Unknown,A01,Same_direction,Car(Quad/Passenger),Cyclist,Right_side,Straight_ahead,0,1972.0,Female,Driver,Uninjured,Driver_seat,Unknown,Not_pedestrian,Unknown,Not_pedestrian,Seat_belt,Undetermined,Not a holiday,0
1719,201600001052,2016,11,28,Daylight,Built_up_area,Out_of_intersection,Normal,Frontal_two_vehicles,Manual_entry,-3.1556,48.56085,True,2016-11-28,16,0,16:00,Afternoon,False,Autumn,2.0,0.0,0.0,Communal_way,Bidirectional,Unknown,Flat,Straight,Normal,Unknown,On_road,Unknown,B02,Same_direction,Cycle,Cyclist,Front,Avoiding_obstacle,0,1980.0,Male,Driver,Injured_Hospitalized,Driver_seat,Unknown,Not_pedestrian,Unknown,Not_pedestrian,Helmet,Used,Not a holiday,0
1720,201600001053,2016,6,25,Daylight,Out_of_agglomeration,Out_of_intersection,Normal,No_collision,Manual_entry,-3.48809,48.77905,True,2016-06-25,19,45,19:45,Evening,True,Summer,2.0,0.0,0.0,Departmental_road,Bidirectional,Unknown,Unknown,Straight,Normal,Unknown,On_verge,Unknown,A01,Opposite_direction,Car(Quad/Passenger),None,Right_side,Straight_ahead,0,1993.0,Male,Driver,Injured_Hospitalized,Driver_seat,Leisure,Not_pedestrian,Unknown,Not_pedestrian,Seat_belt,Not_used,Not a holiday,0
1721,201600001054,2016,6,24,Daylight,Out_of_agglomeration,Intersection_X,Normal,Side_two_vehicles,Manual_entry,-3.53306,48.80912,True,2016-06-24,16,45,16:45,Afternoon,False,Summer,2.0,4.0,70.0,Departmental_road,Bidirectional,Unknown,Flat,Straight,Normal,Roundabout,On_road,Unknown,A01,Opposite_direction,Motorcycle,Cyclist,Front,Straight_ahead,0,1965.0,Male,Driver,Injured_Slight,Driver_seat,Leisure,Not_pedestrian,Unknown,Not_pedestrian,Helmet,Used,Not a holiday,0
1722,201600001054,2016,6,24,Daylight,Out_of_agglomeration,Intersection_X,Normal,Side_two_vehicles,Manual_entry,-3.53306,48.80912,True,2016-06-24,16,45,16:45,Afternoon,False,Summer,2.0,4.0,70.0,Departmental_road,Bidirectional,Unknown,Flat,Straight,Normal,Roundabout,On_road,Unknown,B02,Opposite_direction,Car(Quad/Passenger),Cyclist,Front_right,Straight_ahead,0,1956.0,Female,Driver,Uninjured,Driver_seat,Leisure,Not_pedestrian,Unknown,Not_pedestrian,Seat_belt,Used,Not a holiday,0
1723,201600001055,2016,10,11,Daylight,Built_up_area,Out_of_intersection,Dazzling,Other_collision,Manual_entry,-3.44349,48.80224,True,2016-10-11,15,45,15:45,Afternoon,False,Autumn,2.0,0.0,75.0,Departmental_road,Bidirectional,Unknown,Flat,Straight,Normal,Unknown,On_road,Unknown,A01,Other/Unknown,Car(Quad/Passenger),Pedestrian,Front_right,Straight_ahead,0,1941.0,Male,Driver,Uninjured,Driver_seat,Leisure,Not_pedestrian,Unknown,Not_pedestrian,Seat_belt,Used,Not a holiday,0
1724,201600001056,2016,11,19,Night_without_public_lighting,Out_of_agglomeration,Intersection_Y,Strong_wind_or_storm,Side_two_vehicles,Manual_entry,-3.37643,48.77681,True,2016-11-19,18,15,18:15,Evening,True,Autumn,2.0,0.0,82.0,Departmental_road,Bidirectional,Unknown,Slope,Straight,Wet,Roundabout,On_road,Unknown,B02,Other/Unknown,Motorcycle,Cyclist,Front,Straight_ahead,0,1981.0,Male,Driver,Injured_Hospitalized,Driver_seat,Leisure,Not_pedestrian,Unknown,Not_pedestrian,Helmet,Used,Not a holiday,0
1725,201600001056,2016,11,19,Night_without_public_lighting,Out_of_agglomeration,Intersection_Y,Strong_wind_or_storm,Side_two_vehicles,Manual_entry,-3.37643,48.77681,True,2016-11-19,18,15,18:15,Evening,True,Autumn,2.0,0.0,82.0,Departmental_road,Bidirectional,Unknown,Slope,Straight,Wet,Roundabout,On_road,Unknown,A01,Opposite_direction,Car(Quad/Passenger),Cyclist,Right_side,Roundabout,0,1990.0,Male,Driver,Uninjured,Driver_seat,Leisure,Not_pedestrian,Unknown,Not_pedestrian,Seat_belt,Used,Not a holiday,0
1726,201600001057,2016,11,28,Night_with_public_lighting_on,Built_up_area,Out_of_intersection,Normal,Other_collision,Manual_entry,-3.44693,48.81476,True,2016-11-28,17,45,17:45,Evening,False,Autumn,2.0,0.0,0.0,Departmental_road,Bidirectional,Unknown,Unknown,Straight,Normal,Unknown,On_road,Unknown,A01,Opposite_direction,Car(Quad/Passenger),Pedestrian,Front_right,Straight_ahead,0,1971.0,Female,Driver,Uninjured,Driver_seat,Shopping,Not_pedestrian,Unknown,Not_pedestrian,Seat_belt,Used,Not a holiday,0
1727,201600001058,2016,12,22,Daylight,Out_of_agglomeration,Out_of_intersection,Dazzling,Rear_end_two_vehicles,Manual_entry,-3.39841,48.78674,True,2016-12-22,10,0,10:00,Morning,False,Winter,2.0,68.0,0.0,Departmental_road,Bidirectional,Unknown,Flat,Straight,Wet,Unknown,On_road,Unknown,A01,Other/Unknown,Cycle,Cyclist,No_impact,Turning,0,1972.0,Female,Driver,Injured_Hospitalized,Driver_seat,Leisure,Not_pedestrian,Unknown,Not_pedestrian,Helmet,Used,Not a holiday,0
1728,201600001058,2016,12,22,Daylight,Out_of_agglomeration,Out_of_intersection,Dazzling,Rear_end_two_vehicles,Manual_entry,-3.39841,48.78674,True,2016-12-22,10,0,10:00,Morning,False,Winter,2.0,68.0,0.0,Departmental_road,Bidirectional,Unknown,Flat,Straight,Wet,Unknown,On_road,Unknown,B02,Other/Unknown,Car(Quad/Passenger),Cyclist,Left_side,Turning,0,1931.0,Female,Driver,Uninjured,Driver_seat,Shopping,Not_pedestrian,Unknown,Not_pedestrian,Seat_belt,Undetermined,Not a holiday,0
1729,201600001059,2016,3,27,Daylight,Built_up_area,Intersection_X,Light_rain,Side_two_vehicles,Manual_entry,-4.3539,47.95649,True,2016-03-27,18,30,18:30,Evening,True,Spring,2.0,0.0,65.0,Departmental_road,Bidirectional,Unknown,Flat,Straight,Wet,Roundabout,On_road,Not_near_school,B02,Opposite_direction,Car(Quad/Passenger),Cyclist,Right_side,Loss_of_control,0,1944.0,Female,Driver,Uninjured,Driver_seat,Leisure,Not_pedestrian,Unknown,Not_pedestrian,Seat_belt,Used,Not a holiday,0
1730,201600001059,2016,3,27,Daylight,Built_up_area,Intersection_X,Light_rain,Side_two_vehicles,Manual_entry,-4.3539,47.95649,True,2016-03-27,18,30,18:30,Evening,True,Spring,2.0,0.0,65.0,Departmental_road,Bidirectional,Unknown,Flat,Straight,Wet,Roundabout,On_road,Not_near_school,A01,Other/Unknown,Motorcycle,Cyclist,Front,Straight_ahead,0,2000.0,Male,Driver,Injured_Hospitalized,Driver_seat,Leisure,Not_pedestrian,Unknown,Not_pedestrian,Helmet,Used,Not a holiday,0
1731,201600001060,2016,4,21,Daylight,Built_up_area,Other,Normal,Frontal_two_vehicles,Manual_entry,-4.5404,48.0244,True,2016-04-21,14,45,14:45,Afternoon,False,Spring,0.0,0.0,65.0,Departmental_road,Bidirectional,Unknown,Flat,Curve_left,Normal,Unknown,On_road,Unknown,A01,Opposite_direction,Car(Quad/Passenger),Cyclist,Right_side,other,0,1953.0,Female,Driver,Uninjured,Driver_seat,Shopping,Not_pedestrian,Unknown,Not_pedestrian,Seat_belt,Used,Not a holiday,0
1732,201600001060,2016,4,21,Daylight,Built_up_area,Other,Normal,Frontal_two_vehicles,Manual_entry,-4.5404,48.0244,True,2016-04-21,14,45,14:45,Afternoon,False,Spring,0.0,0.0,65.0,Departmental_road,Bidirectional,Unknown,Flat,Curve_left,Normal,Unknown,On_road,Unknown,B02,Other/Unknown,Cycle,Cyclist,Front,Straight_ahead,0,1968.0,Female,Driver,Injured_Hospitalized,Driver_seat,Leisure,Not_pedestrian,Unknown,Not_pedestrian,Helmet,Used,Not a holiday,0
1733,201600001061,2016,5,7,Daylight,Out_of_agglomeration,Out_of_intersection,Normal,Side_two_vehicles,Manual_entry,-4.26591,48.03193,True,2016-05-07,11,0,11:00,Morning,True,Spring,2.0,0.0,82.0,Departmental_road,Bidirectional,Unknown,Unknown,Straight,Normal,Unknown,On_road,Not_near_school,A01,Opposite_direction,Car(Quad/Passenger),Cyclist,Left_side,Roundabout,0,1994.0,Female,Driver,Uninjured,Driver_seat,Leisure,Not_pedestrian,Unknown,Not_pedestrian,Seat_belt,Used,Not a holiday,0
1734,201600001061,2016,5,7,Daylight,Out_of_agglomeration,Out_of_intersection,Normal,Side_two_vehicles,Manual_entry,-4.26591,48.03193,True,2016-05-07,11,0,11:00,Morning,True,Spring,2.0,0.0,82.0,Departmental_road,Bidirectional,Unknown,Unknown,Straight,Normal,Unknown,On_road,Not_near_school,B02,Other/Unknown,Motorcycle,Cyclist,Front,Straight_ahead,0,1969.0,Female,Driver,Injured_Hospitalized,Driver_seat,Leisure,Not_pedestrian,Unknown,Not_pedestrian,Helmet,Used,Not a holiday,0
1735,201600001062,2016,5,27,Daylight,Built_up_area,Out_of_intersection,Normal,Other_collision,Manual_entry,-4.66653,48.0365,True,2016-05-27,17,45,17:45,Evening,False,Spring,2.0,0.0,0.0,Departmental_road,Bidirectional,Unknown,Flat,Straight,Normal,Unknown,On_road,Unknown,A01,Opposite_direction,Car(Quad/Passenger),Pedestrian,Front_right,Straight_ahead,0,1935.0,Female,Driver,Uninjured,Driver_seat,Leisure,Not_pedestrian,Unknown,Not_pedestrian,Seat_belt,Used,Not a holiday,0
1736,201600001063,2016,6,7,Daylight,Out_of_agglomeration,Out_of_intersection,Normal,Side_two_vehicles,Manual_entry,-4.18809,47.98875,True,2016-06-07,18,15,18:15,Evening,False,Summer,2.0,0.0,0.0,Departmental_road,Bidirectional,Unknown,Flat,Straight,Normal,Unknown,On_road,Not_near_school,A01,Opposite_direction,Motorcycle,Cyclist,Front_left,Straight_ahead,0,1950.0,Male,Driver,Injured_Hospitalized,Driver_seat,other,Not_pedestrian,Unknown,Not_pedestrian,Helmet,Used,Not a holiday,0
1737,201600001063,2016,6,7,Daylight,Out_of_agglomeration,Out_of_intersection,Normal,Side_two_vehicles,Manual_entry,-4.18809,47.98875,True,2016-06-07,18,15,18:15,Evening,False,Summer,2.0,0.0,0.0,Departmental_road,Bidirectional,Unknown,Flat,Straight,Normal,Unknown,On_road,Not_near_school,B02,Other/Unknown,Car(Quad/Passenger),Cyclist,Front_right,Loss_of_control,0,1981.0,Male,Driver,Uninjured,Driver_seat,other,Not_pedestrian,Unknown,Not_pedestrian,Seat_belt,Used,Not a holiday,0
1738,201600001064,2016,7,24,Daylight,Out_of_agglomeration,Out_of_intersection,Cloudy,Side_two_vehicles,Manual_entry,-4.19682,48.01571,True,2016-07-24,13,45,13:45,Afternoon,True,Summer,0.0,0.0,79.0,Departmental_road,Bidirectional,Unknown,Unknown,Curve_right,Normal,Unknown,On_road,Unknown,A01,Opposite_direction,Car(Quad/Passenger),Cyclist,Rear,Loss_of_control,0,1997.0,Male,Driver,Injured_Hospitalized,Driver_seat,Home-work,Not_pedestrian,Unknown,Not_pedestrian,Seat_belt,Undetermined,Not a holiday,0
1739,201600001064,2016,7,24,Daylight,Out_of_agglomeration,Out_of_intersection,Cloudy,Side_two_vehicles,Manual_entry,-4.19682,48.01571,True,2016-07-24,13,45,13:45,Afternoon,True,Summer,0.0,0.0,79.0,Departmental_road,Bidirectional,Unknown,Unknown,Curve_right,Normal,Unknown,On_road,Unknown,B02,Other/Unknown,Car(Quad/Passenger),Cyclist,Front,Straight_ahead,0,1982.0,Female,Driver,Uninjured,Driver_seat,Unknown,Not_pedestrian,Unknown,Not_pedestrian,Seat_belt,Used,Not a holiday,0
1740,201600001065,2016,7,27,Daylight,Out_of_agglomeration,Out_of_intersection,Cloudy,Frontal_two_vehicles,Manual_entry,-4.19181,47.99927,True,2016-07-27,18,15,18:15,Evening,False,Summer,2.0,0.0,60.0,Departmental_road,Bidirectional,Unknown,Unknown,Straight,Normal,Unknown,On_road,Unknown,A01,Other/Unknown,Utility(Truck/Agri),Cyclist,Front,Avoiding_obstacle,0,1947.0,Male,Driver,Uninjured,Driver_seat,Leisure,Not_pedestrian,Unknown,Not_pedestrian,Seat_belt,Used,Not a holiday,0
1741,201600001065,2016,7,27,Daylight,Out_of_agglomeration,Out_of_intersection,Cloudy,Frontal_two_vehicles,Manual_entry,-4.19181,47.99927,True,2016-07-27,18,15,18:15,Evening,False,Summer,2.0,0.0,60.0,Departmental_road,Bidirectional,Unknown,Unknown,Straight,Normal,Unknown,On_road,Unknown,B02,Opposite_direction,Car(Quad/Passenger),Cyclist,Front,Straight_ahead,0,1962.0,Female,Driver,Injured_Hospitalized,Driver_seat,Leisure,Not_pedestrian,Unknown,Not_pedestrian,Seat_belt,Used,Not a holiday,0
1742,201600001066,2016,8,4,Daylight,Built_up_area,Out_of_intersection,Dazzling,Side_two_vehicles,Manual_entry,-4.48165,48.01338,True,2016-08-04,20,30,20:30,Evening,False,Summer,1.0,0.0,75.0,Departmental_road,Bidirectional,Unknown,Unknown,Straight,Normal,Unknown,On_road,Not_near_school,A01,Opposite_direction,Car(Quad/Passenger),Cyclist,Right_side,Avoiding_obstacle,0,1939.0,Male,Driver,Uninjured,Driver_seat,Unknown,Not_pedestrian,Unknown,Not_pedestrian,Seat_belt,Used,Not a holiday,0
1743,201600001066,2016,8,4,Daylight,Built_up_area,Out_of_intersection,Dazzling,Side_two_vehicles,Manual_entry,-4.48165,48.01338,True,2016-08-04,20,30,20:30,Evening,False,Summer,1.0,0.0,75.0,Departmental_road,Bidirectional,Unknown,Unknown,Straight,Normal,Unknown,On_road,Not_near_school,B02,Opposite_direction,Motorcycle,Cyclist,Front,other,0,2000.0,Male,Driver,Injured_Hospitalized,Driver_seat,Leisure,Not_pedestrian,Unknown,Not_pedestrian,Helmet,Used,Not a holiday,0
1744,201600001067,2016,8,27,Daylight,Out_of_agglomeration,Out_of_intersection,Normal,Rear_end_two_vehicles,Manual_entry,-4.45136,48.00397,True,2016-08-27,18,15,18:15,Evening,True,Summer,2.0,0.0,60.0,Departmental_road,Bidirectional,Unknown,Unknown,Curve_right,Normal,Unknown,Unknown,Not_near_school,A01,Opposite_direction,Car(Quad/Passenger),Cyclist,Rear_right,Straight_ahead,0,1966.0,Male,Driver,Uninjured,Driver_seat,Leisure,Not_pedestrian,Unknown,Not_pedestrian,Seat_belt,Used,Not a holiday,0
1745,201600001067,2016,8,27,Daylight,Out_of_agglomeration,Out_of_intersection,Normal,Rear_end_two_vehicles,Manual_entry,-4.45136,48.00397,True,2016-08-27,18,15,18:15,Evening,True,Summer,2.0,0.0,60.0,Departmental_road,Bidirectional,Unknown,Unknown,Curve_right,Normal,Unknown,Unknown,Not_near_school,B02,Opposite_direction,Motorcycle,Cyclist,Front,Straight_ahead,0,1955.0,Male,Driver,Injured_Hospitalized,Driver_seat,Leisure,Not_pedestrian,Unknown,Not_pedestrian,Helmet,Used,Not a holiday,0
1746,201600001068,2016,12,3,Daylight,Built_up_area,Out_of_intersection,Normal,Frontal_two_vehicles,Manual_entry,-4.48359,48.01374,True,2016-12-03,14,15,14:15,Afternoon,True,Winter,2.0,0.0,72.0,Departmental_road,Bidirectional,Unknown,Flat,Straight,Normal,Unknown,On_road,Not_near_school,A01,Opposite_direction,Car(Quad/Passenger),Cyclist,Right_side,Straight_ahead,0,1957.0,Female,Driver,Injured_Hospitalized,Driver_seat,Leisure,Not_pedestrian,Unknown,Not_pedestrian,Seat_belt,Used,Not a holiday,0
1747,201600001068,2016,12,3,Daylight,Built_up_area,Out_of_intersection,Normal,Frontal_two_vehicles,Manual_entry,-4.48359,48.01374,True,2016-12-03,14,15,14:15,Afternoon,True,Winter,2.0,0.0,72.0,Departmental_road,Bidirectional,Unknown,Flat,Straight,Normal,Unknown,On_road,Not_near_school,B02,Other/Unknown,Car(Quad/Passenger),Cyclist,Front,Roundabout,0,1972.0,Female,Driver,Uninjured,Driver_seat,Leisure,Not_pedestrian,Unknown,Not_pedestrian,Seat_belt,Used,Not a holiday,0
1748,201600001069,2016,1,5,Night_with_public_lighting_on,Built_up_area,Out_of_intersection,Light_rain,Other_collision,Manual_entry,-4.33136,48.09178,True,2016-01-05,8,45,08:45,Morning,False,Winter,2.0,0.0,60.0,Communal_way,Bidirectional,Unknown,Flat,Curve_right,Wet,Unknown,On_road,Not_near_school,A01,Same_direction,Car(Quad/Passenger),Pedestrian,Front_right,Straight_ahead,0,1966.0,Female,Driver,Uninjured,Driver_seat,Leisure,Not_pedestrian,Unknown,Not_pedestrian,Seat_belt,Undetermined,Not a holiday,0
1749,201600001070,2016,1,7,Daylight,Built_up_area,Out_of_intersection,Light_rain,Frontal_two_vehicles,Manual_entry,-4.30236,48.08797,True,2016-01-07,12,30,12:30,Afternoon,False,Winter,2.0,0.0,70.0,Communal_way,Unknown,Unknown,Slope,Curve_right,Wet,Unknown,On_road,Not_near_school,A01,Same_direction,Car(Quad/Passenger),Cyclist,Right_side,Straight_ahead,0,1981.0,Female,Driver,Uninjured,Driver_seat,Home-work,Not_pedestrian,Unknown,Not_pedestrian,Seat_belt,Used,Not a holiday,0
1750,201600001070,2016,1,7,Daylight,Built_up_area,Out_of_intersection,Light_rain,Frontal_two_vehicles,Manual_entry,-4.30236,48.08797,True,2016-01-07,12,30,12:30,Afternoon,False,Winter,2.0,0.0,70.0,Communal_way,Unknown,Unknown,Slope,Curve_right,Wet,Unknown,On_road,Not_near_school,B02,Same_direction,Cycle,Cyclist,Front,Reversing,0,1952.0,Male,Driver,Injured_Hospitalized,Driver_seat,Leisure,Not_pedestrian,Unknown,Not_pedestrian,Helmet,Used,Not a holiday,0
1751,201600001071,2016,1,17,Night_without_public_lighting,Out_of_agglomeration,Out_of_intersection,Light_rain,Frontal_two_vehicles,Manual_entry,-4.36407,48.06259,True,2016-01-17,19,0,19:00,Evening,True,Winter,2.0,0.0,60.0,Departmental_road,Bidirectional,Unknown,Flat,Straight,Wet,Unknown,On_road,Not_near_school,A01,Other/Unknown,Car(Quad/Passenger),Cyclist,Right_side,Avoiding_obstacle,0,1930.0,Male,Driver,Uninjured,Driver_seat,Leisure,Not_pedestrian,Unknown,Not_pedestrian,Seat_belt,Undetermined,Not a holiday,0
1752,201600001071,2016,1,17,Night_without_public_lighting,Out_of_agglomeration,Out_of_intersection,Light_rain,Frontal_two_vehicles,Manual_entry,-4.36407,48.06259,True,2016-01-17,19,0,19:00,Evening,True,Winter,2.0,0.0,60.0,Departmental_road,Bidirectional,Unknown,Flat,Straight,Wet,Unknown,On_road,Not_near_school,B02,Opposite_direction,Motorcycle,Cyclist,Front,Straight_ahead,0,1951.0,Female,Driver,Injured_Hospitalized,Driver_seat,Leisure,Not_pedestrian,Unknown,Not_pedestrian,Seat_belt,Undetermined,Not a holiday,0
1753,201600001072,2016,4,14,Daylight,Built_up_area,Out_of_intersection,Light_rain,Other_collision,Manual_entry,-4.32432,48.08753,True,2016-04-14,9,45,09:45,Morning,False,Spring,0.0,0.0,35.0,other,Bidirectional,Unknown,Unknown,Unknown,Wet,Roundabout,On_road,Not_near_school,A01,Same_direction,Car(Quad/Passenger),Pedestrian,Front_right,Roundabout,0,1953.0,Female,Driver,Uninjured,Driver_seat,Leisure,Not_pedestrian,Unknown,Not_pedestrian,Seat_belt,Used,Not a holiday,0
1754,201600001073,2016,9,18,Daylight,Out_of_agglomeration,Out_of_intersection,Normal,Frontal_two_vehicles,Manual_entry,-4.14671,48.05795,True,2016-09-18,17,15,17:15,Evening,True,Autumn,0.0,90.0,0.0,Departmental_road,Bidirectional,Unknown,Flat,Straight,Normal,Unknown,On_road,Not_near_school,A01,Opposite_direction,Car(Quad/Passenger),Cyclist,Front,Straight_ahead,0,1970.0,Male,Driver,Injured_Hospitalized,Driver_seat,Home-work,Not_pedestrian,Unknown,Not_pedestrian,Seat_belt,Used,Not a holiday,0
1755,201600001073,2016,9,18,Daylight,Out_of_agglomeration,Out_of_intersection,Normal,Frontal_two_vehicles,Manual_entry,-4.14671,48.05795,True,2016-09-18,17,15,17:15,Evening,True,Autumn,0.0,90.0,0.0,Departmental_road,Bidirectional,Unknown,Flat,Straight,Normal,Unknown,On_road,Not_near_school,B02,Other/Unknown,Car(Quad/Passenger),Cyclist,Front,Straight_ahead,0,1949.0,Male,Driver,Injured_Hospitalized,Driver_seat,Home-work,Not_pedestrian,Unknown,Not_pedestrian,Seat_belt,Used,Not a holiday,0
1756,201600001074,2016,10,2,Night_with_public_lighting_on,Built_up_area,Out_of_intersection,Normal,Other_collision,Manual_entry,-4.32817,48.07633,True,2016-10-02,0,45,00:45,Night,True,Autumn,0.0,0.0,70.0,Departmental_road,Bidirectional,Unknown,Slope,Curve_left,Normal,Unknown,On_road,Not_near_school,A01,Other/Unknown,Motorcycle,None,Front,Straight_ahead,0,1996.0,Male,Driver,Injured_Hospitalized,Driver_seat,Leisure,Not_pedestrian,Unknown,Not_pedestrian,Helmet,Not_used,Not a holiday,0
1757,201600001075,2016,10,19,Daylight,Out_of_agglomeration,Out_of_intersection,Normal,No_collision,Manual_entry,-4.36303,48.09506,True,2016-10-19,16,15,16:15,Afternoon,False,Autumn,0.0,0.0,42.0,Communal_way,Bidirectional,Unknown,Slope,Straight,Normal,Unknown,On_road,Not_near_school,A01,Same_direction,Cycle,None,Front_right,Straight_ahead,0,1939.0,Male,Driver,Injured_Hospitalized,Driver_seat,Leisure,Not_pedestrian,Unknown,Not_pedestrian,Helmet,Not_used,Not a holiday,0
1758,201600001076,2016,11,3,Daylight,Built_up_area,Out_of_intersection,Normal,Other_collision,Manual_entry,-4.33068,48.09231,True,2016-11-03,16,30,16:30,Afternoon,False,Autumn,2.0,0.0,61.0,Communal_way,Bidirectional,Unknown,Flat,Straight,Normal,Unknown,On_road,Unknown,A01,Same_direction,Motorcycle,Pedestrian,Front,Straight_ahead,0,2002.0,Male,Driver,Uninjured,Driver_seat,Leisure,Not_pedestrian,Unknown,Not_pedestrian,Helmet,Used,Not a holiday,0
1759,201600001077,2016,11,16,Night_with_public_lighting_on,Built_up_area,Intersection_X,Light_rain,Side_two_vehicles,Manual_entry,-4.32675,48.09753,True,2016-11-16,2,45,02:45,Night,False,Autumn,2.0,0.0,60.0,Communal_way,Bidirectional,Unknown,Flat,Straight,Wet,Unknown,On_road,Not_near_school,A01,Same_direction,Car(Quad/Passenger),Cyclist,Rear,Straight_ahead,0,1966.0,Male,Driver,Injured_Hospitalized,Driver_seat,Professional use,Not_pedestrian,Unknown,Not_pedestrian,Seat_belt,Used,Not a holiday,0
1760,201600001077,2016,11,16,Night_with_public_lighting_on,Built_up_area,Intersection_X,Light_rain,Side_two_vehicles,Manual_entry,-4.32675,48.09753,True,2016-11-16,2,45,02:45,Night,False,Autumn,2.0,0.0,60.0,Communal_way,Bidirectional,Unknown,Flat,Straight,Wet,Unknown,On_road,Not_near_school,B02,Same_direction,Utility(Truck/Agri),Cyclist,Front_right,Straight_ahead,0,1975.0,Male,Driver,Injured_Slight,Driver_seat,Professional use,Not_pedestrian,Unknown,Not_pedestrian,Seat_belt,Used,Not a holiday,0
1761,201600001078,2016,12,5,Night_with_public_lighting_on,Out_of_agglomeration,Other,Normal,Other_collision,Manual_entry,-4.3039,48.07121,True,2016-12-05,18,30,18:30,Evening,False,Winter,0.0,0.0,70.0,Departmental_road,Bidirectional,Unknown,Unknown,Straight,Normal,Unknown,On_road,Not_near_school,A01,Other/Unknown,Car(Quad/Passenger),Pedestrian,Front_right,Straight_ahead,0,1940.0,Male,Driver,Injured_Slight,Driver_seat,Unknown,Not_pedestrian,Unknown,Not_pedestrian,Seat_belt,Used,Not a holiday,0