,accident_id,year,month,day,lighting_label,urban_label,intersection_label,weather_label,collision_label,gps_label,longitude_num,latitude_num,valid_geo,date,hour,minute,time_hhmm,time_of_day,is_weekend,season,num_lanes,pedestrian_crossing_width,road_width,road_category_label,traffic_regime_label,reserved_lane_label,road_profile_label,road_layout_label,surface_condition_label,infrastructure_label,situation_label,school_zone_label,vehicle_id,traffic_direction_label,vehicle_category_label,mobile_obstacle_label,impact_point_label,manoeuvre_label,occupants_group,birth_year,sex_label,user_category_label,injury_severity_label,seat_position_label,journey_purpose_label,pedestrian_location_label,pedestrian_action_label,pedestrian_state_label,safety_equipment_type,safety_equipment_usage,holiday_name,is_holiday
1762,201600001079,2016,12,21,Night_with_public_lighting_on,Built_up_area,Out_of_intersection,Heavy_rain,Other_collision,Manual_entry,-4.34099,48.08649,True,2016-12-21,18,0,18:00,Evening,False,Winter,0.0,0.0,70.0,Departmental_road,Bidirectional,Unknown,Slope,Straight,Wet,Pedestrian_area,On_road,Not_near_school,A01,Other/Unknown,Utility(Truck/Agri),Pedestrian,Front,Turning,0,1959.0,Male,Driver,Uninjured,Driver_seat,Professional use,Not_pedestrian,Unknown,Not_pedestrian,Seat_belt,Used,Not a holiday,0
1763,201600001080,2016,1,14,Night_without_public_lighting,Out_of_agglomeration,Out_of_intersection,Cloudy,Other_collision,Manual_entry,-4.06005,47.91449,True,2016-01-14,22,0,22:00,Night,False,Winter,1.0,30.0,60.0,Departmental_road,Bidirectional,Unknown,Unknown,Straight,Wet,Unknown,On_verge,Unknown,A01,Other/Unknown,Motorcycle,None,Front,Straight_ahead,0,2000.0,Male,Driver,Injured_Hospitalized,Driver_seat,Leisure,Not_pedestrian,Unknown,Not_pedestrian,Helmet,Undetermined,Not a holiday,0
1764,201600001081,2016,1,23,Night_without_public_lighting,Out_of_agglomeration,Out_of_intersection,Fog_or_smoke,No_collision,Manual_entry,,,False,2016-01-23,2,30,02:30,Night,True,Winter,0.0,0.0,0.0,Departmental_road,Bidirectional,Unknown,Flat,Curve_right,Wet,Unknown,On_road,Unknown,A01,Opposite_direction,Car(Quad/Passenger),None,Front,Straight_ahead,0,1994.0,Male,Driver,Injured_Hospitalized,Driver_seat,Leisure,Not_pedestrian,Unknown,Not_pedestrian,Seat_belt,Used,Not a holiday,0
1765,201600001082,2016,2,22,Night_without_public_lighting,Out_of_agglomeration,Out_of_intersection,Light_rain,Frontal_two_vehicles,Manual_entry,-3.96814,47.92112,True,2016-02-22,19,30,19:30,Evening,False,Winter,2.0,0.0,0.0,Departmental_road,Bidirectional,Unknown,Slope,Straight,Wet,Unknown,On_road,Unknown,A01,Opposite_direction,Utility(Truck/Agri),Cyclist,Right_side,Avoiding_obstacle,0,1968.0,Male,Driver,Uninjured,Driver_seat,Professional use,Not_pedestrian,Unknown,Not_pedestrian,Seat_belt,Used,Not a holiday,0
1766,201600001082,2016,2,22,Night_without_public_lighting,Out_of_agglomeration,Out_of_intersection,Light_rain,Frontal_two_vehicles,Manual_entry,-3.96814,47.92112,True,2016-02-22,19,30,19:30,Evening,False,Winter,2.0,0.0,0.0,Departmental_road,Bidirectional,Unknown,Slope,Straight,Wet,Unknown,On_road,Unknown,B02,Other/Unknown,Car(Quad/Passenger),Cyclist,Front_right,Straight_ahead,0,1953.0,Female,Driver,Killed,Driver_seat,Leisure,Not_pedestrian,Unknown,Not_pedestrian,Seat_belt,Used,Not a holiday,0
1767,201600001083,2016,4,17,Daylight,Out_of_agglomeration,Roundabout,Normal,No_collision,Manual_entry,-4.02275,47.95081,True,2016-04-17,19,0,19:00,Evening,True,Spring,0.0,0.0,0.0,Departmental_road,Unknown,Unknown,Flat,Curve_right,Normal,Roundabout,On_road,Not_near_school,A01,Opposite_direction,Motorcycle,None,No_impact,None,0,1962.0,Male,Driver,Injured_Hospitalized,Driver_seat,Leisure,Not_pedestrian,Unknown,Not_pedestrian,Helmet,Used,Not a holiday,0
1768,201600001084,2016,5,11,Daylight,Out_of_agglomeration,Out_of_intersection,Normal,Side_two_vehicles,Manual_entry,-3.99999,47.91147,True,2016-05-11,13,45,13:45,Afternoon,False,Spring,0.0,0.0,0.0,Communal_way,Bidirectional,Unknown,Flat,Straight,Normal,Unknown,On_road,Not_near_school,A01,Same_direction,Motorcycle,Cyclist,Right_side,Roundabout,0,1966.0,Male,Driver,Injured_Hospitalized,Driver_seat,Home-work,Not_pedestrian,Unknown,Not_pedestrian,Helmet,Used,Not a holiday,0
1769,201600001084,2016,5,11,Daylight,Out_of_agglomeration,Out_of_intersection,Normal,Side_two_vehicles,Manual_entry,-3.99999,47.91147,True,2016-05-11,13,45,13:45,Afternoon,False,Spring,0.0,0.0,0.0,Communal_way,Bidirectional,Unknown,Flat,Straight,Normal,Unknown,On_road,Not_near_school,B02,Same_direction,Car(Quad/Passenger),Cyclist,Right_side,Straight_ahead,0,1977.0,Female,Driver,Uninjured,Driver_seat,Leisure,Not_pedestrian,Unknown,Not_pedestrian,Seat_belt,Used,Not a holiday,0
1770,201600001085,2016,7,7,Daylight,Built_up_area,Out_of_intersection,Normal,Side_two_vehicles,Manual_entry,-4.07216,47.92426,True,2016-07-07,18,0,18:00,Evening,False,Summer,0.0,0.0,34.0,Departmental_road,Separated_carriageways,Unknown,Slope,Straight,Normal,Roundabout,On_road,Unknown,A01,Opposite_direction,Car(Quad/Passenger),Cyclist,Front_left,Loss_of_control,0,1995.0,Female,Driver,Uninjured,Driver_seat,Leisure,Not_pedestrian,Unknown,Not_pedestrian,Seat_belt,Used,Not a holiday,0
1771,201600001085,2016,7,7,Daylight,Built_up_area,Out_of_intersection,Normal,Side_two_vehicles,Manual_entry,-4.07216,47.92426,True,2016-07-07,18,0,18:00,Evening,False,Summer,0.0,0.0,34.0,Departmental_road,Separated_carriageways,Unknown,Slope,Straight,Normal,Roundabout,On_road,Unknown,B02,Opposite_direction,Motorcycle,Cyclist,Front_left,other,0,1987.0,Male,Driver,Injured_Hospitalized,Driver_seat,Leisure,Not_pedestrian,Unknown,Not_pedestrian,Helmet,Used,Not a holiday,0
1772,201600001086,2016,8,5,Daylight,Out_of_agglomeration,Out_of_intersection,Normal,Other_collision,Manual_entry,-4.0724,47.91273,True,2016-08-05,9,30,09:30,Morning,False,Summer,2.0,0.0,66.0,Departmental_road,Bidirectional,Unknown,Slope,Curve_right,Normal,Unknown,On_verge,Unknown,A01,Other/Unknown,Car(Quad/Passenger),None,Front,Avoiding_obstacle,0,1933.0,Female,Driver,Injured_Hospitalized,Driver_seat,Leisure,Not_pedestrian,Unknown,Not_pedestrian,Seat_belt,Used,Not a holiday,0
1773,201600001087,2016,9,19,Daylight,Built_up_area,Out_of_intersection,Normal,Other_collision,Manual_entry,-4.10852,47.87341,True,2016-09-19,15,0,15:00,Afternoon,False,Autumn,2.0,0.0,75.0,Communal_way,Bidirectional,Unknown,Unknown,Straight,Normal,Unknown,On_road,Unknown,A01,Same_direction,Car(Quad/Passenger),Pedestrian,Front,Straight_ahead,0,1937.0,Female,Driver,Uninjured,Driver_seat,Leisure,Not_pedestrian,Unknown,Not_pedestrian,Seat_belt,Used,Not a holiday,0
1774,201600001088,2016,11,15,Daylight,Out_of_agglomeration,Out_of_intersection,Normal,Rear_end_two_vehicles,Manual_entry,-4.01119,47.97825,True,2016-11-15,16,15,16:15,Afternoon,False,Autumn,4.0,20.0,120.0,National_road,Separated_carriageways,Unknown,Flat,Straight,Normal,Unknown,On_road,Not_near_school,A01,Opposite_direction,Car(Quad/Passenger),Cyclist,Front,Straight_ahead,0,1960.0,Male,Driver,Injured_Hospitalized,Driver_seat,other,Not_pedestrian,Unknown,Not_pedestrian,Seat_belt,Used,Not a holiday,0
1775,201600001088,2016,11,15,Daylight,Out_of_agglomeration,Out_of_intersection,Normal,Rear_end_two_vehicles,Manual_entry,-4.01119,47.97825,True,2016-11-15,16,15,16:15,Afternoon,False,Autumn,4.0,20.0,120.0,National_road,Separated_carriageways,Unknown,Flat,Straight,Normal,Unknown,On_road,Not_near_school,B02,Opposite_direction,Car(Quad/Passenger),None,Rear_right,Straight_ahead,0,1962.0,Male,Driver,Injured_Slight,Driver_seat,Professional use,Not_pedestrian,Unknown,Not_pedestrian,Seat_belt,Used,Not a holiday,0
1776,201600001089,2016,11,21,Twilight_or_dawn,Out_of_agglomeration,Out_of_intersection,Light_rain,Multiple_three_plus,Manual_entry,-4.11886,47.88674,True,2016-11-21,17,0,17:00,Evening,False,Autumn,0.0,0.0,0.0,Departmental_road,Bidirectional,Unknown,Slope,Straight,Wet,Bridge,On_road,Unknown,A01,Opposite_direction,Car(Quad/Passenger),None,Rear_left,Avoiding_obstacle,0,1976.0,Male,Driver,Uninjured,Driver_seat,Professional use,Not_pedestrian,Unknown,Not_pedestrian,Seat_belt,Used,Not a holiday,0
1777,201600001089,2016,11,21,Twilight_or_dawn,Out_of_agglomeration,Out_of_intersection,Light_rain,Multiple_three_plus,Manual_entry,-4.11886,47.88674,True,2016-11-21,17,0,17:00,Evening,False,Autumn,0.0,0.0,0.0,Departmental_road,Bidirectional,Unknown,Slope,Straight,Wet,Bridge,On_road,Unknown,B02,Opposite_direction,Car(Quad/Passenger),Cyclist,Front,Interaction,0,1950.0,Female,Driver,Uninjured,Driver_seat,Leisure,Not_pedestrian,Unknown,Not_pedestrian,Seat_belt,Used,Not a holiday,0
1778,201600001089,2016,11,21,Twilight_or_dawn,Out_of_agglomeration,Out_of_intersection,Light_rain,Multiple_three_plus,Manual_entry,-4.11886,47.88674,True,2016-11-21,17,0,17:00,Evening,False,Autumn,0.0,0.0,0.0,Departmental_road,Bidirectional,Unknown,Slope,Straight,Wet,Bridge,On_road,Unknown,C03,Opposite_direction,Car(Quad/Passenger),Cyclist,Front,Straight_ahead,0,1978.0,Female,Driver,Injured_Hospitalized,Driver_seat,Home-school,Not_pedestrian,Unknown,Not_pedestrian,Seat_belt,Used,Not a holiday,0
1779,201600001089,2016,11,21,Twilight_or_dawn,Out_of_agglomeration,Out_of_intersection,Light_rain,Multiple_three_plus,Manual_entry,-4.11886,47.88674,True,2016-11-21,17,0,17:00,Evening,False,Autumn,0.0,0.0,0.0,Departmental_road,Bidirectional,Unknown,Slope,Straight,Wet,Bridge,On_road,Unknown,D04,Opposite_direction,Car(Quad/Passenger),Cyclist,Front,Interaction,0,1956.0,Male,Driver,Uninjured,Driver_seat,Unknown,Not_pedestrian,Unknown,Not_pedestrian,Seat_belt,Used,Not a holiday,0
1780,201600001090,2016,11,23,Night_with_public_lighting_on,Built_up_area,Out_of_intersection,Light_rain,Other_collision,Manual_entry,-4.02247,47.93656,True,2016-11-23,18,0,18:00,Evening,False,Autumn,0.0,0.0,65.0,Communal_way,Bidirectional,Unknown,Flat,Straight,Wet,Pedestrian_area,On_road,Near_school,A01,Other/Unknown,Car(Quad/Passenger),Pedestrian,Front_right,Straight_ahead,0,1959.0,Female,Driver,Uninjured,Driver_seat,Home-work,Not_pedestrian,Unknown,Not_pedestrian,Seat_belt,Used,Not a holiday,0
1781,201600001091,2016,11,25,Twilight_or_dawn,Out_of_agglomeration,Intersection_X,Normal,Side_two_vehicles,Manual_entry,-4.06211,47.91648,True,2016-11-25,8,0,08:00,Morning,False,Autumn,3.0,0.0,138.0,Departmental_road,Bidirectional,Reserved_channel,Slope,Straight,Normal,Roundabout,On_road,Unknown,B02,Other/Unknown,Cycle,Cyclist,Front,Straight_ahead,0,2000.0,Male,Driver,Injured_Slight,Driver_seat,Home-school,Not_pedestrian,Unknown,Not_pedestrian,Helmet,Used,Not a holiday,0
1782,201600001091,2016,11,25,Twilight_or_dawn,Out_of_agglomeration,Intersection_X,Normal,Side_two_vehicles,Manual_entry,-4.06211,47.91648,True,2016-11-25,8,0,08:00,Morning,False,Autumn,3.0,0.0,138.0,Departmental_road,Bidirectional,Reserved_channel,Slope,Straight,Normal,Roundabout,On_road,Unknown,A01,Same_direction,Car(Quad/Passenger),Cyclist,Left_side,Loss_of_control,0,1973.0,Male,Driver,Uninjured,Driver_seat,Home-work,Not_pedestrian,Unknown,Not_pedestrian,Seat_belt,Used,Not a holiday,0
1783,201600001092,2016,12,2,Night_without_public_lighting,Out_of_agglomeration,Out_of_intersection,Normal,Frontal_two_vehicles,Manual_entry,-3.94838,47.91467,True,2016-12-02,6,0,06:00,Morning,False,Winter,2.0,80.0,120.0,Departmental_road,Bidirectional,Unknown,Slope,Curve_right,Icy,Unknown,On_road,Not_near_school,A01,Opposite_direction,Car(Quad/Passenger),Cyclist,Front,Avoiding_obstacle,0,1985.0,Male,Driver,Uninjured,Driver_seat,Home-work,Not_pedestrian,Unknown,Not_pedestrian,Seat_belt,Used,Not a holiday,0
1784,201600001092,2016,12,2,Night_without_public_lighting,Out_of_agglomeration,Out_of_intersection,Normal,Frontal_two_vehicles,Manual_entry,-3.94838,47.91467,True,2016-12-02,6,0,06:00,Morning,False,Winter,2.0,80.0,120.0,Departmental_road,Bidirectional,Unknown,Slope,Curve_right,Icy,Unknown,On_road,Not_near_school,B02,Other/Unknown,Car(Quad/Passenger),Cyclist,Front,Straight_ahead,0,1991.0,Female,Driver,Injured_Hospitalized,Driver_seat,Home-work,Not_pedestrian,Unknown,Not_pedestrian,Seat_belt,Used,Not a holiday,0
1785,201600001093,2016,12,20,Night_without_public_lighting,Out_of_agglomeration,Out_of_intersection,Light_rain,Other_collision,Manual_entry,-4.09367,47.89258,True,2016-12-20,23,15,23:15,Night,False,Winter,2.0,0.0,0.0,Departmental_road,Bidirectional,Unknown,Flat,Straight,Wet,Unknown,On_road,Unknown,A01,Other/Unknown,Car(Quad/Passenger),None,Front_right,Turning,0,1991.0,Male,Driver,Injured_Hospitalized,Driver_seat,Leisure,Not_pedestrian,Unknown,Not_pedestrian,Seat_belt,Used,Not a holiday,0
1786,201600001094,2016,1,12,Daylight,Built_up_area,Roundabout,Light_rain,Frontal_two_vehicles,Manual_entry,-4.18981,47.83508,True,2016-01-12,14,45,14:45,Afternoon,False,Winter,1.0,0.0,80.0,Departmental_road,Unknown,Unknown,Flat,Curve_left,Wet,Roundabout,On_road,Not_near_school,A01,Other/Unknown,Car(Quad/Passenger),None,No_impact,Straight_ahead,0,1969.0,Male,Driver,Uninjured,Driver_seat,Professional use,Not_pedestrian,Unknown,Not_pedestrian,Seat_belt,Used,Not a holiday,0
1787,201600001094,2016,1,12,Daylight,Built_up_area,Roundabout,Light_rain,Frontal_two_vehicles,Manual_entry,-4.18981,47.83508,True,2016-01-12,14,45,14:45,Afternoon,False,Winter,1.0,0.0,80.0,Departmental_road,Unknown,Unknown,Flat,Curve_left,Wet,Roundabout,On_road,Not_near_school,B02,Opposite_direction,Cycle,Cyclist,Front_left,Straight_ahead,0,1974.0,Male,Driver,Injured_Slight,Driver_seat,Unknown,Not_pedestrian,Unknown,Not_pedestrian,Helmet,Not_used,Not a holiday,0
1788,201600001095,2016,3,16,Night_without_public_lighting,Out_of_agglomeration,Out_of_intersection,Normal,No_collision,Manual_entry,-4.26793,47.89556,True,2016-03-16,2,15,02:15,Night,False,Spring,2.0,0.0,129.0,Departmental_road,Bidirectional,Unknown,Flat,Curve_right,Normal,Unknown,On_road,Not_near_school,A01,Other/Unknown,Car(Quad/Passenger),None,Front_right,Turning,0,1985.0,Male,Driver,Killed,Driver_seat,Leisure,Not_pedestrian,Unknown,Not_pedestrian,Seat_belt,Not_used,Not a holiday,0
1789,201600001096,2016,4,11,Daylight,Out_of_agglomeration,Out_of_intersection,Normal,Chain_three_plus,Manual_entry,-4.28291,47.81197,True,2016-04-11,18,30,18:30,Evening,False,Spring,2.0,68.0,0.0,Departmental_road,Bidirectional,Unknown,Flat,Straight,Normal,Unknown,On_road,Unknown,A01,Other/Unknown,Car(Quad/Passenger),Cyclist,Front,Straight_ahead,0,1988.0,Male,Driver,Injured_Hospitalized,Driver_seat,Leisure,Not_pedestrian,Unknown,Not_pedestrian,Seat_belt,Used,Not a holiday,0
1790,201600001096,2016,4,11,Daylight,Out_of_agglomeration,Out_of_intersection,Normal,Chain_three_plus,Manual_entry,-4.28291,47.81197,True,2016-04-11,18,30,18:30,Evening,False,Spring,2.0,68.0,0.0,Departmental_road,Bidirectional,Unknown,Flat,Straight,Normal,Unknown,On_road,Unknown,B02,Other/Unknown,Car(Quad/Passenger),Cyclist,Rear_right,Straight_ahead,0,1938.0,Male,Driver,Injured_Slight,Driver_seat,Leisure,Not_pedestrian,Unknown,Not_pedestrian,Seat_belt,Used,Not a holiday,0
1791,201600001096,2016,4,11,Daylight,Out_of_agglomeration,Out_of_intersection,Normal,Chain_three_plus,Manual_entry,-4.28291,47.81197,True,2016-04-11,18,30,18:30,Evening,False,Spring,2.0,68.0,0.0,Departmental_road,Bidirectional,Unknown,Flat,Straight,Normal,Unknown,On_road,Unknown,C03,Other/Unknown,Car(Quad/Passenger),None,Rear_right,Roundabout,0,1980.0,Male,Driver,Uninjured,Driver_seat,Home-work,Not_pedestrian,Unknown,Not_pedestrian,Seat_belt,Used,Not a holiday,0
1792,201600001097,2016,7,15,Daylight,Built_up_area,Out_of_intersection,Normal,Other_collision,Manual_entry,-4.16991,47.83513,True,2016-07-15,17,45,17:45,Evening,False,Summer,2.0,75.0,0.0,Communal_way,Bidirectional,Unknown,Flat,Straight,Normal,Unknown,On_road,Unknown,A01,Same_direction,Car(Quad/Passenger),Pedestrian,Rear_right,Turning,0,1989.0,Female,Driver,Uninjured,Driver_seat,Leisure,Not_pedestrian,Unknown,Not_pedestrian,Seat_belt,Used,Not a holiday,0
1793,201600001098,2016,7,26,Daylight,Built_up_area,Out_of_intersection,Normal,Frontal_two_vehicles,Manual_entry,-4.27883,47.79613,True,2016-07-26,12,15,12:15,Afternoon,False,Summer,2.0,0.0,48.0,Communal_way,Bidirectional,Unknown,Flat,Straight,Normal,Unknown,On_road,Not_near_school,A01,Other/Unknown,Cycle,Cyclist,Front,Avoiding_obstacle,0,2001.0,Male,Driver,Injured_Hospitalized,Driver_seat,Leisure,Not_pedestrian,Unknown,Not_pedestrian,Helmet,Used,Not a holiday,0
1794,201600001098,2016,7,26,Daylight,Built_up_area,Out_of_intersection,Normal,Frontal_two_vehicles,Manual_entry,-4.27883,47.79613,True,2016-07-26,12,15,12:15,Afternoon,False,Summer,2.0,0.0,48.0,Communal_way,Bidirectional,Unknown,Flat,Straight,Normal,Unknown,On_road,Not_near_school,B02,Opposite_direction,Car(Quad/Passenger),Cyclist,Rear_left,other,0,1980.0,Male,Driver,Uninjured,Driver_seat,Leisure,Not_pedestrian,Unknown,Not_pedestrian,Seat_belt,Used,Not a holiday,0
1795,201600001099,2016,7,31,Daylight,Out_of_agglomeration,Roundabout,Other,Other_collision,Manual_entry,-4.19322,47.9092,True,2016-07-31,7,45,07:45,Morning,True,Summer,1.0,0.0,0.0,Departmental_road,Unknown,Unknown,Unknown,Unknown,Normal,Unknown,Unknown,Unknown,A01,Other/Unknown,Utility(Truck/Agri),other,Right_side,None,0,1996.0,Male,Driver,Injured_Hospitalized,Driver_seat,Leisure,Not_pedestrian,Unknown,Not_pedestrian,Seat_belt,Used,Not a holiday,0
1796,201600001100,2016,8,8,Daylight,Built_up_area,Out_of_intersection,Normal,No_collision,Manual_entry,-4.22532,47.86836,True,2016-08-08,19,0,19:00,Evening,False,Summer,2.0,0.0,88.0,Communal_way,Bidirectional,Unknown,Flat,Straight,Normal,Unknown,On_road,Unknown,A01,Same_direction,Cycle,None,Front,Straight_ahead,0,2000.0,Male,Driver,Injured_Hospitalized,Driver_seat,Leisure,Not_pedestrian,Unknown,Not_pedestrian,Helmet,Used,Not a holiday,0
1797,201600001101,2016,8,27,Twilight_or_dawn,Built_up_area,Out_of_intersection,Normal,Other_collision,Manual_entry,-4.28128,47.86762,True,2016-08-27,6,30,06:30,Morning,True,Summer,0.0,32.0,38.0,Departmental_road,Bidirectional,Cycle_bank,Flat,Straight,Normal,Roundabout,On_road,Not_near_school,A01,Opposite_direction,Motorcycle,None,Front,Straight_ahead,0,1995.0,Male,Driver,Injured_Hospitalized,Driver_seat,Leisure,Not_pedestrian,Unknown,Not_pedestrian,Helmet,Used,Not a holiday,0
1798,201600001102,2016,10,16,Night_without_public_lighting,Out_of_agglomeration,Out_of_intersection,Normal,Other_collision,Manual_entry,-4.20154,47.89354,True,2016-10-16,21,15,21:15,Night,True,Autumn,0.0,0.0,0.0,Departmental_road,Bidirectional,Unknown,Unknown,Straight,Normal,Unknown,On_road,Not_near_school,A01,Other/Unknown,Car(Quad/Passenger),Pedestrian,Front_right,Straight_ahead,0,1997.0,Male,Driver,Injured_Slight,Driver_seat,Home-work,Not_pedestrian,Unknown,Not_pedestrian,Seat_belt,Used,Not a holiday,0
1799,201600001103,2016,12,3,Twilight_or_dawn,Out_of_agglomeration,Out_of_intersection,Other,No_collision,Manual_entry,-4.26628,47.82112,True,2016-12-03,8,15,08:15,Morning,True,Winter,0.0,0.0,0.0,Departmental_road,Bidirectional,Unknown,Flat,Straight,Icy,Unknown,On_road,Not_near_school,A01,Opposite_direction,Car(Quad/Passenger),None,Front_right,Straight_ahead,0,1935.0,Female,Driver,Injured_Slight,Driver_seat,Home-school,Not_pedestrian,Unknown,Not_pedestrian,Seat_belt,Used,Not a holiday,0
1800,201600001104,2016,12,16,Daylight,Built_up_area,Out_of_intersection,Normal,Side_two_vehicles,Manual_entry,-4.22173,47.8695,True,2016-12-16,17,15,17:15,Evening,False,Winter,0.0,0.0,0.0,Communal_way,Bidirectional,Unknown,Flat,Straight,Normal,Unknown,On_road,Not_near_school,B02,Same_direction,Car(Quad/Passenger),Cyclist,Right_side,Straight_ahead,0,1995.0,Female,Driver,Injured_Slight,Driver_seat,Leisure,Not_pedestrian,Unknown,Not_pedestrian,Seat_belt,Used,Not a holiday,0
1801,201600001104,2016,12,16,Daylight,Built_up_area,Out_of_intersection,Normal,Side_two_vehicles,Manual_entry,-4.22173,47.8695,True,2016-12-16,17,15,17:15,Evening,False,Winter,0.0,0.0,0.0,Communal_way,Bidirectional,Unknown,Flat,Straight,Normal,Unknown,On_road,Not_near_school,A01,Same_direction,Car(Quad/Passenger),Cyclist,Right_side,Avoiding_obstacle,0,1930.0,Female,Driver,Injured_Hospitalized,Driver_seat,Leisure,Not_pedestrian,Unknown,Not_pedestrian,Seat_belt,Used,Not a holiday,0
1802,201600001105,2016,1,22,Twilight_or_dawn,Built_up_area,Out_of_intersection,Heavy_rain,Other_collision,Manual_entry,-4.43301,48.40199,True,2016-01-22,8,30,08:30,Morning,False,Winter,2.0,10.0,50.0,Communal_way,Bidirectional,Unknown,Flat,Straight,Wet,Roundabout,On_road,Not_near_school,A01,Opposite_direction,Car(Quad/Passenger),Pedestrian,Front_right,Straight_ahead,0,1987.0,Male,Driver,Uninjured,Driver_seat,Home-work,Not_pedestrian,Unknown,Not_pedestrian,Seat_belt,Used,Not a holiday,0
1803,201600001106,2016,5,7,Daylight,Out_of_agglomeration,Out_of_intersection,Normal,Side_two_vehicles,Manual_entry,-4.32418,48.4684,True,2016-05-07,16,0,16:00,Afternoon,True,Spring,2.0,0.0,0.0,Communal_way,Bidirectional,Unknown,Hilltop,Straight,Normal,Unknown,On_road,Unknown,A01,Same_direction,Motorcycle,Cyclist,Left_side,Roundabout,0,1983.0,Male,Driver,Injured_Slight,Driver_seat,Home-work,Not_pedestrian,Unknown,Not_pedestrian,other,Used,Not a holiday,0
1804,201600001106,2016,5,7,Daylight,Out_of_agglomeration,Out_of_intersection,Normal,Side_two_vehicles,Manual_entry,-4.32418,48.4684,True,2016-05-07,16,0,16:00,Afternoon,True,Spring,2.0,0.0,0.0,Communal_way,Bidirectional,Unknown,Hilltop,Straight,Normal,Unknown,On_road,Unknown,B02,Same_direction,Car(Quad/Passenger),Cyclist,Front,Straight_ahead,0,1997.0,Male,Driver,Injured_Hospitalized,Driver_seat,Professional use,Not_pedestrian,Unknown,Not_pedestrian,Seat_belt,Used,Not a holiday,0
1805,201600001107,2016,7,13,Daylight,Out_of_agglomeration,Out_of_intersection,Normal,Frontal_two_vehicles,Manual_entry,-4.39066,48.42008,True,2016-07-13,10,30,10:30,Morning,False,Summer,2.0,0.0,0.0,Departmental_road,Bidirectional,Unknown,Flat,Straight,Normal,Unknown,On_road,Unknown,B02,Opposite_direction,Car(Quad/Passenger),Cyclist,Front,Straight_ahead,0,1948.0,Male,Driver,Uninjured,Driver_seat,Leisure,Not_pedestrian,Unknown,Not_pedestrian,Seat_belt,Used,Not a holiday,0
1806,201600001107,2016,7,13,Daylight,Out_of_agglomeration,Out_of_intersection,Normal,Frontal_two_vehicles,Manual_entry,-4.39066,48.42008,True,2016-07-13,10,30,10:30,Morning,False,Summer,2.0,0.0,0.0,Departmental_road,Bidirectional,Unknown,Flat,Straight,Normal,Unknown,On_road,Unknown,A01,Other/Unknown,Car(Quad/Passenger),Cyclist,Front,Straight_ahead,0,1956.0,Male,Driver,Injured_Hospitalized,Driver_seat,Leisure,Not_pedestrian,Unknown,Not_pedestrian,Seat_belt,Used,Not a holiday,0
1807,201600001108,2016,9,28,Daylight,Built_up_area,Roundabout,Normal,Rear_end_two_vehicles,Manual_entry,-4.44094,48.43054,True,2016-09-28,11,45,11:45,Morning,False,Autumn,0.0,0.0,0.0,Communal_way,Bidirectional,Unknown,Flat,Straight,Normal,Roundabout,On_road,Unknown,A01,Same_direction,Car(Quad/Passenger),Cyclist,Front,Turning,0,1954.0,Male,Driver,Uninjured,Driver_seat,Leisure,Not_pedestrian,Unknown,Not_pedestrian,Seat_belt,Used,Not a holiday,0
1808,201600001108,2016,9,28,Daylight,Built_up_area,Roundabout,Normal,Rear_end_two_vehicles,Manual_entry,-4.44094,48.43054,True,2016-09-28,11,45,11:45,Morning,False,Autumn,0.0,0.0,0.0,Communal_way,Bidirectional,Unknown,Flat,Straight,Normal,Roundabout,On_road,Unknown,B02,Same_direction,Cycle,None,Rear_right,Turning,0,1954.0,Male,Driver,Injured_Hospitalized,Driver_seat,Leisure,Not_pedestrian,Unknown,Not_pedestrian,Helmet,Used,Not a holiday,0
1809,201600001109,2016,10,11,Twilight_or_dawn,Built_up_area,Out_of_intersection,Normal,Side_two_vehicles,Manual_entry,-4.39832,48.43308,True,2016-10-11,7,30,07:30,Morning,False,Autumn,2.0,0.0,60.0,Communal_way,Bidirectional,Unknown,Slope,Straight,Unknown,Roundabout,On_road,Near_school,A01,Opposite_direction,Motorcycle,Cyclist,Front_right,other,0,1973.0,Male,Driver,Injured_Hospitalized,Driver_seat,Home-work,Not_pedestrian,Unknown,Not_pedestrian,Helmet,Used,Not a holiday,0
1810,201600001109,2016,10,11,Twilight_or_dawn,Built_up_area,Out_of_intersection,Normal,Side_two_vehicles,Manual_entry,-4.39832,48.43308,True,2016-10-11,7,30,07:30,Morning,False,Autumn,2.0,0.0,60.0,Communal_way,Bidirectional,Unknown,Slope,Straight,Unknown,Roundabout,On_road,Near_school,B02,Opposite_direction,Utility(Truck/Agri),Cyclist,Rear_left,Roundabout,0,1974.0,Male,Driver,Uninjured,Driver_seat,Professional use,Not_pedestrian,Unknown,Not_pedestrian,Seat_belt,Used,Not a holiday,0
1811,201600001110,2016,10,26,Daylight,Built_up_area,Intersection_X,Normal,Side_two_vehicles,Manual_entry,-4.40578,48.4009,True,2016-10-26,17,30,17:30,Evening,False,Autumn,,,,Communal_way,Unknown,Unknown,Unknown,Unknown,Unknown,Roundabout,On_road,Not_near_school,A01,Same_direction,Car(Quad/Passenger),Cyclist,Right_side,Roundabout,0,1995.0,Female,Driver,Injured_Hospitalized,Driver_seat,Unknown,Not_pedestrian,Unknown,Not_pedestrian,Seat_belt,Used,Not a holiday,0