,accident_id,year,month,day,lighting_label,urban_label,intersection_label,weather_label,collision_label,gps_label,longitude_num,latitude_num,valid_geo,date,hour,minute,time_hhmm,time_of_day,is_weekend,season,num_lanes,pedestrian_crossing_width,road_width,road_category_label,traffic_regime_label,reserved_lane_label,road_profile_label,road_layout_label,surface_condition_label,infrastructure_label,situation_label,school_zone_label,vehicle_id,traffic_direction_label,vehicle_category_label,mobile_obstacle_label,impact_point_label,manoeuvre_label,occupants_group,birth_year,sex_label,user_category_label,injury_severity_label,seat_position_label,journey_purpose_label,pedestrian_location_label,pedestrian_action_label,pedestrian_state_label,safety_equipment_type,safety_equipment_usage,holiday_name,is_holiday
1812,201600001110,2016,10,26,Daylight,Built_up_area,Intersection_X,Normal,Side_two_vehicles,Manual_entry,-4.40578,48.4009,True,2016-10-26,17,30,17:30,Evening,False,Autumn,,,,Communal_way,Unknown,Unknown,Unknown,Unknown,Unknown,Roundabout,On_road,Not_near_school,B02,Same_direction,Utility(Truck/Agri),Cyclist,Front,Straight_ahead,0,1990.0,Male,Driver,Uninjured,Driver_seat,Professional use,Not_pedestrian,Unknown,Not_pedestrian,Seat_belt,Used,Not a holiday,0
1813,201600001111,2016,10,31,Night_with_public_lighting_on,Built_up_area,Out_of_intersection,Normal,Other_collision,Manual_entry,-4.39508,48.40366,True,2016-10-31,19,15,19:15,Evening,False,Autumn,0.0,0.0,0.0,other,Bidirectional,Unknown,Flat,Straight,Normal,Pedestrian_area,On_road,Unknown,A01,Same_direction,Car(Quad/Passenger),Pedestrian,Front_right,Straight_ahead,0,1946.0,Female,Driver,Injured_Slight,Driver_seat,Leisure,Not_pedestrian,Unknown,Not_pedestrian,Seat_belt,Used,Not a holiday,0
1814,201600001112,2016,1,24,Daylight,Out_of_agglomeration,Out_of_intersection,Normal,Frontal_two_vehicles,Manual_entry,-4.0741,48.4769,True,2016-01-24,12,15,12:15,Afternoon,True,Winter,2.0,0.0,68.0,Departmental_road,Bidirectional,Unknown,Flat,Straight,Wet,Unknown,On_road,Unknown,A01,Other/Unknown,Car(Quad/Passenger),Cyclist,Front,Avoiding_obstacle,0,1993.0,Male,Driver,Injured_Hospitalized,Driver_seat,Leisure,Not_pedestrian,Unknown,Not_pedestrian,Seat_belt,Used,Not a holiday,0
1815,201600001112,2016,1,24,Daylight,Out_of_agglomeration,Out_of_intersection,Normal,Frontal_two_vehicles,Manual_entry,-4.0741,48.4769,True,2016-01-24,12,15,12:15,Afternoon,True,Winter,2.0,0.0,68.0,Departmental_road,Bidirectional,Unknown,Flat,Straight,Wet,Unknown,On_road,Unknown,B02,Opposite_direction,Car(Quad/Passenger),Cyclist,Front,Straight_ahead,0,1943.0,Male,Driver,Killed,Driver_seat,Leisure,Not_pedestrian,Unknown,Not_pedestrian,Seat_belt,Used,Not a holiday,0
1816,201600001113,2016,3,19,Daylight,Out_of_agglomeration,Intersection_X,Normal,Side_two_vehicles,Manual_entry,-4.20546,48.4659,True,2016-03-19,14,45,14:45,Afternoon,True,Spring,2.0,0.0,73.0,Departmental_road,Bidirectional,Unknown,Flat,Straight,Normal,Unknown,On_road,Unknown,A01,Other/Unknown,Car(Quad/Passenger),Cyclist,Front,Straight_ahead,0,1973.0,Female,Driver,Injured_Hospitalized,Driver_seat,Home-work,Not_pedestrian,Unknown,Not_pedestrian,Seat_belt,Used,Not a holiday,0
1817,201600001113,2016,3,19,Daylight,Out_of_agglomeration,Intersection_X,Normal,Side_two_vehicles,Manual_entry,-4.20546,48.4659,True,2016-03-19,14,45,14:45,Afternoon,True,Spring,2.0,0.0,73.0,Departmental_road,Bidirectional,Unknown,Flat,Straight,Normal,Unknown,On_road,Unknown,B02,Same_direction,Car(Quad/Passenger),Cyclist,Left_side,Loss_of_control,0,1971.0,Female,Driver,Uninjured,Driver_seat,Leisure,Not_pedestrian,Unknown,Not_pedestrian,Seat_belt,Used,Not a holiday,0
1818,201600001114,2016,9,29,Daylight,Out_of_agglomeration,Out_of_intersection,Light_rain,Side_two_vehicles,Manual_entry,-4.21904,48.46276,True,2016-09-29,11,15,11:15,Morning,False,Autumn,2.0,0.0,65.0,Departmental_road,Bidirectional,Unknown,Flat,Straight,Wet,Unknown,On_road,Unknown,B02,Other/Unknown,Car(Quad/Passenger),Cyclist,Front_right,Straight_ahead,0,1987.0,Female,Driver,Injured_Hospitalized,Driver_seat,Shopping,Not_pedestrian,Unknown,Not_pedestrian,Seat_belt,Used,Not a holiday,0
1819,201600001114,2016,9,29,Daylight,Out_of_agglomeration,Out_of_intersection,Light_rain,Side_two_vehicles,Manual_entry,-4.21904,48.46276,True,2016-09-29,11,15,11:15,Morning,False,Autumn,2.0,0.0,65.0,Departmental_road,Bidirectional,Unknown,Flat,Straight,Wet,Unknown,On_road,Unknown,A01,Opposite_direction,Car(Quad/Passenger),Cyclist,Left_side,Avoiding_obstacle,0,1993.0,Female,Driver,Killed,Driver_seat,Home-work,Not_pedestrian,Unknown,Not_pedestrian,Seat_belt,Used,Not a holiday,0
1820,201600001115,2016,10,12,Twilight_or_dawn,Out_of_agglomeration,Out_of_intersection,Normal,Frontal_two_vehicles,Manual_entry,-4.25977,48.48178,True,2016-10-12,19,15,19:15,Evening,False,Autumn,0.0,0.0,62.0,Communal_way,Unknown,Unknown,Flat,Straight,Normal,Unknown,On_road,Not_near_school,A01,Other/Unknown,Car(Quad/Passenger),Cyclist,Front,Straight_ahead,0,1957.0,Female,Driver,Injured_Hospitalized,Driver_seat,other,Not_pedestrian,Unknown,Not_pedestrian,Seat_belt,Used,Not a holiday,0
1821,201600001115,2016,10,12,Twilight_or_dawn,Out_of_agglomeration,Out_of_intersection,Normal,Frontal_two_vehicles,Manual_entry,-4.25977,48.48178,True,2016-10-12,19,15,19:15,Evening,False,Autumn,0.0,0.0,62.0,Communal_way,Unknown,Unknown,Flat,Straight,Normal,Unknown,On_road,Not_near_school,B02,Opposite_direction,Car(Quad/Passenger),Cyclist,Right_side,Straight_ahead,0,1970.0,Male,Driver,Injured_Hospitalized,Driver_seat,Home-work,Not_pedestrian,Unknown,Not_pedestrian,Seat_belt,Used,Not a holiday,0
1822,201600001116,2016,1,15,Daylight,Built_up_area,Out_of_intersection,Normal,Frontal_two_vehicles,Manual_entry,-4.37082,48.64499,True,2016-01-15,8,45,08:45,Morning,False,Winter,0.0,70.0,0.0,Departmental_road,Bidirectional,Unknown,Flat,Curve_left,Normal,Unknown,On_road,Not_near_school,A01,Other/Unknown,Car(Quad/Passenger),other,Front,Roundabout,0,1951.0,Male,Driver,Uninjured,Driver_seat,Home-school,Not_pedestrian,Unknown,Not_pedestrian,Seat_belt,Used,Not a holiday,0
1823,201600001116,2016,1,15,Daylight,Built_up_area,Out_of_intersection,Normal,Frontal_two_vehicles,Manual_entry,-4.37082,48.64499,True,2016-01-15,8,45,08:45,Morning,False,Winter,0.0,70.0,0.0,Departmental_road,Bidirectional,Unknown,Flat,Curve_left,Normal,Unknown,On_road,Not_near_school,B02,Other/Unknown,Cycle,Cyclist,Left_side,Straight_ahead,0,1973.0,Female,Driver,Injured_Hospitalized,Driver_seat,Home-school,Not_pedestrian,Unknown,Not_pedestrian,Helmet,Not_used,Not a holiday,0
1824,201600001117,2016,12,8,Daylight,Out_of_agglomeration,Intersection_X,Normal,Side_two_vehicles,Manual_entry,-4.30239,48.57355,True,2016-12-08,9,0,09:00,Morning,False,Winter,0.0,0.0,74.0,Departmental_road,Bidirectional,Unknown,Unknown,Straight,Wet,Unknown,On_road,Not_near_school,A01,Other/Unknown,Utility(Truck/Agri),Cyclist,Front,Straight_ahead,0,1968.0,Female,Driver,Uninjured,Driver_seat,Home-work,Not_pedestrian,Unknown,Not_pedestrian,Seat_belt,Used,Not a holiday,0
1825,201600001117,2016,12,8,Daylight,Out_of_agglomeration,Intersection_X,Normal,Side_two_vehicles,Manual_entry,-4.30239,48.57355,True,2016-12-08,9,0,09:00,Morning,False,Winter,0.0,0.0,74.0,Departmental_road,Bidirectional,Unknown,Unknown,Straight,Wet,Unknown,On_road,Not_near_school,B02,Same_direction,Car(Quad/Passenger),Cyclist,Front_left,Loss_of_control,0,1938.0,Male,Driver,Killed,Driver_seat,Leisure,Not_pedestrian,Unknown,Not_pedestrian,Seat_belt,Undetermined,Not a holiday,0
1826,201600001118,2016,4,24,Daylight,Built_up_area,Roundabout,Normal,Frontal_two_vehicles,Manual_entry,,,False,2016-04-24,14,45,14:45,Afternoon,True,Spring,0.0,0.0,0.0,Departmental_road,Bidirectional,Unknown,Flat,Straight,Normal,Roundabout,On_road,Not_near_school,A01,Opposite_direction,Car(Quad/Passenger),Cyclist,Right_side,Avoiding_obstacle,0,1995.0,Male,Driver,Uninjured,Driver_seat,other,Not_pedestrian,Unknown,Not_pedestrian,Seat_belt,Undetermined,Not a holiday,0
1827,201600001118,2016,4,24,Daylight,Built_up_area,Roundabout,Normal,Frontal_two_vehicles,Manual_entry,,,False,2016-04-24,14,45,14:45,Afternoon,True,Spring,0.0,0.0,0.0,Departmental_road,Bidirectional,Unknown,Flat,Straight,Normal,Roundabout,On_road,Not_near_school,B02,Other/Unknown,Car(Quad/Passenger),Cyclist,Right_side,Straight_ahead,0,1974.0,Male,Driver,Injured_Hospitalized,Driver_seat,Shopping,Not_pedestrian,Unknown,Not_pedestrian,Seat_belt,Used,Not a holiday,0
1828,201600001119,2016,5,21,Daylight,Out_of_agglomeration,Out_of_intersection,Normal,Other_collision,Manual_entry,-4.37946,48.47079,True,2016-05-21,19,0,19:00,Evening,True,Spring,2.0,0.0,71.0,Departmental_road,Bidirectional,Unknown,Unknown,Curve_left,Normal,Unknown,On_verge,Not_near_school,A01,Opposite_direction,Car(Quad/Passenger),None,Front,Straight_ahead,0,1975.0,Female,Driver,Injured_Hospitalized,Driver_seat,Shopping,Not_pedestrian,Unknown,Not_pedestrian,Seat_belt,Not_used,Not a holiday,0
1829,201600001120,2016,6,2,Daylight,Built_up_area,Intersection_X,Normal,Chain_three_plus,Manual_entry,-4.51131,48.60716,True,2016-06-02,16,30,16:30,Afternoon,False,Summer,0.0,0.0,0.0,Off_public_network,Unknown,Unknown,Unknown,Unknown,Normal,Unknown,On_road,Near_school,A01,Same_direction,Bus/Coach,None,Rear_right,Turning,0,1948.0,Female,Driver,Uninjured,Driver_seat,Home-school,Not_pedestrian,Unknown,Not_pedestrian,Seat_belt,Used,Not a holiday,0
1830,201600001120,2016,6,2,Daylight,Built_up_area,Intersection_X,Normal,Chain_three_plus,Manual_entry,-4.51131,48.60716,True,2016-06-02,16,30,16:30,Afternoon,False,Summer,0.0,0.0,0.0,Off_public_network,Unknown,Unknown,Unknown,Unknown,Normal,Unknown,On_road,Near_school,B02,Same_direction,Car(Quad/Passenger),Cyclist,Right_side,other,0,1969.0,Female,Driver,Injured_Hospitalized,Driver_seat,Home-school,Not_pedestrian,Unknown,Not_pedestrian,Seat_belt,Used,Not a holiday,0
1831,201600001120,2016,6,2,Daylight,Built_up_area,Intersection_X,Normal,Chain_three_plus,Manual_entry,-4.51131,48.60716,True,2016-06-02,16,30,16:30,Afternoon,False,Summer,0.0,0.0,0.0,Off_public_network,Unknown,Unknown,Unknown,Unknown,Normal,Unknown,On_road,Near_school,C03,Same_direction,Car(Quad/Passenger),Cyclist,Right_side,other,0,1959.0,Female,Driver,Uninjured,Driver_seat,Shopping,Not_pedestrian,Unknown,Not_pedestrian,Seat_belt,Used,Not a holiday,0
1832,201600001121,2016,6,12,Daylight,Out_of_agglomeration,Out_of_intersection,Cloudy,Frontal_two_vehicles,Manual_entry,-4.42925,48.54153,True,2016-06-12,10,30,10:30,Morning,True,Summer,0.0,0.0,0.0,Communal_way,Unknown,Unknown,Unknown,Unknown,Unknown,Unknown,Unknown,Not_near_school,A01,Same_direction,Utility(Truck/Agri),Cyclist,Left_side,Straight_ahead,0,1962.0,Female,Driver,Injured_Slight,Driver_seat,Unknown,Not_pedestrian,Unknown,Not_pedestrian,Seat_belt,Used,Not a holiday,0
1833,201600001121,2016,6,12,Daylight,Out_of_agglomeration,Out_of_intersection,Cloudy,Frontal_two_vehicles,Manual_entry,-4.42925,48.54153,True,2016-06-12,10,30,10:30,Morning,True,Summer,0.0,0.0,0.0,Communal_way,Unknown,Unknown,Unknown,Unknown,Unknown,Unknown,Unknown,Not_near_school,B02,Same_direction,Cycle,Cyclist,No_impact,Roundabout,0,1933.0,Male,Driver,Injured_Slight,Driver_seat,Unknown,Not_pedestrian,Unknown,Not_pedestrian,other,Not_used,Not a holiday,0
1834,201600001122,2016,7,2,Night_without_public_lighting,Out_of_agglomeration,Roundabout,Normal,Side_two_vehicles,Manual_entry,-4.50084,48.49075,True,2016-07-02,4,30,04:30,Night,True,Summer,2.0,0.0,0.0,Departmental_road,Bidirectional,Unknown,Unknown,Unknown,Normal,Roundabout,On_road,Not_near_school,A01,Opposite_direction,Car(Quad/Passenger),Cyclist,Front_right,Loss_of_control,0,1989.0,Male,Driver,Injured_Hospitalized,Driver_seat,Leisure,Not_pedestrian,Unknown,Not_pedestrian,Seat_belt,Used,Not a holiday,0
1835,201600001122,2016,7,2,Night_without_public_lighting,Out_of_agglomeration,Roundabout,Normal,Side_two_vehicles,Manual_entry,-4.50084,48.49075,True,2016-07-02,4,30,04:30,Night,True,Summer,2.0,0.0,0.0,Departmental_road,Bidirectional,Unknown,Unknown,Unknown,Normal,Roundabout,On_road,Not_near_school,B02,Other/Unknown,Car(Quad/Passenger),Cyclist,Right_side,Straight_ahead,0,1979.0,Male,Driver,Injured_Hospitalized,Driver_seat,Unknown,Not_pedestrian,Unknown,Not_pedestrian,Seat_belt,Used,Not a holiday,0
1836,201600001123,2016,7,13,Daylight,Out_of_agglomeration,Out_of_intersection,Normal,Frontal_two_vehicles,Manual_entry,-4.35436,48.61466,True,2016-07-13,13,30,13:30,Afternoon,False,Summer,2.0,0.0,45.0,Communal_way,Bidirectional,Unknown,Flat,Straight,Normal,Unknown,On_road,Unknown,A01,Same_direction,Car(Quad/Passenger),Cyclist,Front,Straight_ahead,0,1939.0,Male,Driver,Uninjured,Driver_seat,Leisure,Not_pedestrian,Unknown,Not_pedestrian,Seat_belt,Used,Not a holiday,0
1837,201600001123,2016,7,13,Daylight,Out_of_agglomeration,Out_of_intersection,Normal,Frontal_two_vehicles,Manual_entry,-4.35436,48.61466,True,2016-07-13,13,30,13:30,Afternoon,False,Summer,2.0,0.0,45.0,Communal_way,Bidirectional,Unknown,Flat,Straight,Normal,Unknown,On_road,Unknown,B02,Same_direction,Motorcycle,Cyclist,Front,None,0,2000.0,Male,Driver,Injured_Hospitalized,Driver_seat,Leisure,Not_pedestrian,Unknown,Not_pedestrian,Helmet,Used,Not a holiday,0
1838,201600001124,2016,8,13,Night_with_public_lighting_on,Built_up_area,Out_of_intersection,Normal,Side_two_vehicles,Manual_entry,,,False,2016-08-13,6,15,06:15,Morning,True,Summer,2.0,0.0,0.0,Departmental_road,Bidirectional,Unknown,Unknown,Curve_right,Normal,Unknown,On_road,Not_near_school,B02,Opposite_direction,Car(Quad/Passenger),Cyclist,Right_side,Avoiding_obstacle,0,1976.0,Male,Driver,Injured_Slight,Driver_seat,Leisure,Not_pedestrian,Unknown,Not_pedestrian,Seat_belt,Used,Not a holiday,0
1839,201600001124,2016,8,13,Night_with_public_lighting_on,Built_up_area,Out_of_intersection,Normal,Side_two_vehicles,Manual_entry,,,False,2016-08-13,6,15,06:15,Morning,True,Summer,2.0,0.0,0.0,Departmental_road,Bidirectional,Unknown,Unknown,Curve_right,Normal,Unknown,On_road,Not_near_school,A01,Other/Unknown,Car(Quad/Passenger),Cyclist,Right_side,Straight_ahead,0,1961.0,Male,Driver,Uninjured,Driver_seat,other,Not_pedestrian,Unknown,Not_pedestrian,Seat_belt,Used,Not a holiday,0
1840,201600001125,2016,12,27,Night_with_public_lighting_on,Built_up_area,Out_of_intersection,Normal,Frontal_two_vehicles,Manual_entry,-4.52311,48.57097,True,2016-12-27,18,45,18:45,Evening,False,Winter,2.0,0.0,0.0,other,Bidirectional,Unknown,Flat,Curve_left,Normal,Unknown,On_road,Unknown,A01,Same_direction,Car(Quad/Passenger),Cyclist,Front,Roundabout,0,1963.0,Male,Driver,Uninjured,Driver_seat,Unknown,Not_pedestrian,Unknown,Not_pedestrian,Seat_belt,Used,Not a holiday,0
1841,201600001125,2016,12,27,Night_with_public_lighting_on,Built_up_area,Out_of_intersection,Normal,Frontal_two_vehicles,Manual_entry,-4.52311,48.57097,True,2016-12-27,18,45,18:45,Evening,False,Winter,2.0,0.0,0.0,other,Bidirectional,Unknown,Flat,Curve_left,Normal,Unknown,On_road,Unknown,B02,Same_direction,Cycle,Cyclist,Front,Straight_ahead,0,1999.0,Male,Driver,Injured_Hospitalized,Driver_seat,other,Not_pedestrian,Unknown,Not_pedestrian,Helmet,Used,Not a holiday,0
1842,201600001126,2016,1,4,Daylight,Out_of_agglomeration,Out_of_intersection,Light_rain,Other_collision,Manual_entry,-4.67467,48.53652,True,2016-01-04,17,15,17:15,Evening,False,Winter,2.0,0.0,40.0,Communal_way,Unknown,Unknown,Flat,Straight,Wet,Unknown,On_road,Not_near_school,A01,Same_direction,Utility(Truck/Agri),Pedestrian,Front_right,Straight_ahead,0,1954.0,Male,Driver,Uninjured,Driver_seat,Leisure,Not_pedestrian,Unknown,Not_pedestrian,Seat_belt,Used,Not a holiday,0
1843,201600001127,2016,4,19,Daylight,Out_of_agglomeration,Intersection_T,Dazzling,Side_two_vehicles,Manual_entry,-4.62641,48.55803,True,2016-04-19,8,0,08:00,Morning,False,Spring,2.0,0.0,40.0,Communal_way,Bidirectional,Unknown,Flat,Straight,Normal,Unknown,On_road,Not_near_school,A01,Same_direction,Car(Quad/Passenger),Cyclist,Front_right,Straight_ahead,0,1976.0,Male,Driver,Uninjured,Driver_seat,Leisure,Not_pedestrian,Unknown,Not_pedestrian,Seat_belt,Used,Not a holiday,0
1844,201600001127,2016,4,19,Daylight,Out_of_agglomeration,Intersection_T,Dazzling,Side_two_vehicles,Manual_entry,-4.62641,48.55803,True,2016-04-19,8,0,08:00,Morning,False,Spring,2.0,0.0,40.0,Communal_way,Bidirectional,Unknown,Flat,Straight,Normal,Unknown,On_road,Not_near_school,B02,Same_direction,Motorcycle,Cyclist,Front,Roundabout,0,2000.0,Male,Driver,Injured_Hospitalized,Driver_seat,Home-work,Not_pedestrian,Unknown,Not_pedestrian,Helmet,Used,Not a holiday,0
1845,201600001128,2016,4,26,Night_without_public_lighting,Built_up_area,Out_of_intersection,Normal,No_collision,Manual_entry,-4.75006,48.51963,True,2016-04-26,1,30,01:30,Night,False,Spring,2.0,0.0,0.0,Departmental_road,Bidirectional,Unknown,Flat,Straight,Normal,Unknown,On_sidewalk,Not_near_school,A01,Opposite_direction,Car(Quad/Passenger),None,Front,Straight_ahead,0,1991.0,Male,Driver,Injured_Hospitalized,Driver_seat,Leisure,Not_pedestrian,Unknown,Not_pedestrian,Seat_belt,Undetermined,Not a holiday,0
1846,201600001129,2016,5,2,Twilight_or_dawn,Out_of_agglomeration,Out_of_intersection,Normal,No_collision,Manual_entry,-4.4958,48.44925,True,2016-05-02,21,15,21:15,Night,False,Spring,0.0,60.0,0.0,Departmental_road,Bidirectional,Unknown,Flat,Unknown,Normal,Unknown,On_verge,Unknown,A01,Opposite_direction,Utility(Truck/Agri),None,Front,Avoiding_obstacle,0,1970.0,Female,Driver,Injured_Hospitalized,Driver_seat,Leisure,Not_pedestrian,Unknown,Not_pedestrian,Seat_belt,Used,Not a holiday,0
1847,201600001130,2016,6,14,Night_without_public_lighting,Out_of_agglomeration,Out_of_intersection,Normal,Other_collision,Manual_entry,-4.71956,48.45099,True,2016-06-14,22,45,22:45,Night,False,Summer,0.0,0.0,94.0,Communal_way,Bidirectional,Unknown,Unknown,Curve_left,Normal,Unknown,Unknown,Not_near_school,A01,Same_direction,Car(Quad/Passenger),None,Front,Straight_ahead,0,1954.0,Female,Driver,Injured_Hospitalized,Driver_seat,Unknown,Not_pedestrian,Unknown,Not_pedestrian,Seat_belt,Undetermined,Not a holiday,0
1848,201600001131,2016,7,10,Night_without_public_lighting,Out_of_agglomeration,Out_of_intersection,Light_rain,No_collision,Manual_entry,,,False,2016-07-10,2,30,02:30,Night,True,Summer,0.0,0.0,60.0,Departmental_road,Bidirectional,Unknown,Flat,Straight,Wet,Unknown,On_road,Unknown,A01,Opposite_direction,Car(Quad/Passenger),None,Front_right,Turning,0,1995.0,Female,Driver,Injured_Hospitalized,Driver_seat,Leisure,Not_pedestrian,Unknown,Not_pedestrian,Seat_belt,Used,Not a holiday,0
1849,201600001132,2016,7,22,Daylight,Out_of_agglomeration,Out_of_intersection,Normal,Frontal_two_vehicles,Manual_entry,-4.57154,48.43718,True,2016-07-22,16,30,16:30,Afternoon,False,Summer,2.0,0.0,62.0,Departmental_road,Bidirectional,Unknown,Unknown,Straight,Normal,Unknown,On_road,Not_near_school,A01,Opposite_direction,Car(Quad/Passenger),Cyclist,Right_side,Straight_ahead,0,1974.0,Female,Driver,Injured_Hospitalized,Driver_seat,Leisure,Not_pedestrian,Unknown,Not_pedestrian,Seat_belt,Used,Not a holiday,0
1850,201600001132,2016,7,22,Daylight,Out_of_agglomeration,Out_of_intersection,Normal,Frontal_two_vehicles,Manual_entry,-4.57154,48.43718,True,2016-07-22,16,30,16:30,Afternoon,False,Summer,2.0,0.0,62.0,Departmental_road,Bidirectional,Unknown,Unknown,Straight,Normal,Unknown,On_road,Not_near_school,B02,Other/Unknown,Car(Quad/Passenger),Cyclist,Right_side,Lane_change/Overtaking,0,1986.0,Male,Driver,Injured_Slight,Driver_seat,Home-work,Not_pedestrian,Unknown,Not_pedestrian,Seat_belt,Used,Not a holiday,0
1851,201600001133,2016,7,28,Daylight,Out_of_agglomeration,Out_of_intersection,Normal,Side_two_vehicles,Manual_entry,-4.57431,48.51864,True,2016-07-28,10,30,10:30,Morning,False,Summer,2.0,0.0,0.0,Departmental_road,Bidirectional,Unknown,Flat,Curve_right,Normal,Unknown,On_verge,Not_near_school,A01,Opposite_direction,Car(Quad/Passenger),Cyclist,Front,Straight_ahead,0,1957.0,Male,Driver,Injured_Hospitalized,Driver_seat,Leisure,Not_pedestrian,Unknown,Not_pedestrian,Seat_belt,Used,Not a holiday,0
1852,201600001133,2016,7,28,Daylight,Out_of_agglomeration,Out_of_intersection,Normal,Side_two_vehicles,Manual_entry,-4.57431,48.51864,True,2016-07-28,10,30,10:30,Morning,False,Summer,2.0,0.0,0.0,Departmental_road,Bidirectional,Unknown,Flat,Curve_right,Normal,Unknown,On_verge,Not_near_school,B02,Opposite_direction,Car(Quad/Passenger),Cyclist,Rear_left,Turning,0,1960.0,Female,Driver,Injured_Hospitalized,Driver_seat,Home-work,Not_pedestrian,Unknown,Not_pedestrian,Seat_belt,Used,Not a holiday,0
1853,201600001134,2016,8,31,Night_with_public_lighting_not_functioning,Out_of_agglomeration,Out_of_intersection,Normal,Other_collision,Manual_entry,-4.62682,48.5579,True,2016-08-31,1,15,01:15,Night,False,Summer,2.0,0.0,60.0,Departmental_road,Bidirectional,Unknown,Flat,Straight,Normal,Roundabout,On_road,Unknown,A01,Opposite_direction,Car(Quad/Passenger),None,Front,Straight_ahead,0,1967.0,Female,Driver,Injured_Hospitalized,Driver_seat,Leisure,Not_pedestrian,Unknown,Not_pedestrian,Seat_belt,Used,Not a holiday,0
1854,201600001135,2016,9,5,Daylight,Out_of_agglomeration,Out_of_intersection,Normal,Side_two_vehicles,Manual_entry,-4.5553,48.58239,True,2016-09-05,8,30,08:30,Morning,False,Autumn,2.0,54.0,0.0,Departmental_road,Bidirectional,Unknown,Flat,S-bend,Normal,Unknown,On_road,Unknown,A01,Opposite_direction,Utility(Truck/Agri),Cyclist,Front,Straight_ahead,0,1967.0,Male,Driver,Injured_Hospitalized,Driver_seat,Home-work,Not_pedestrian,Unknown,Not_pedestrian,Seat_belt,Used,Not a holiday,0
1855,201600001135,2016,9,5,Daylight,Out_of_agglomeration,Out_of_intersection,Normal,Side_two_vehicles,Manual_entry,-4.5553,48.58239,True,2016-09-05,8,30,08:30,Morning,False,Autumn,2.0,54.0,0.0,Departmental_road,Bidirectional,Unknown,Flat,S-bend,Normal,Unknown,On_road,Unknown,B02,Other/Unknown,Utility(Truck/Agri),None,Left_side,other,0,1994.0,Male,Driver,Injured_Slight,Driver_seat,Home-work,Not_pedestrian,Unknown,Not_pedestrian,Seat_belt,Used,Not a holiday,0
1856,201600001136,2016,9,11,Night_without_public_lighting,Built_up_area,Out_of_intersection,Normal,Other_collision,Manual_entry,-4.59114,48.43062,True,2016-09-11,1,0,01:00,Night,True,Autumn,0.0,0.0,0.0,Departmental_road,Bidirectional,Unknown,Unknown,Unknown,Unknown,Unknown,Unknown,Not_near_school,A01,Other/Unknown,Car(Quad/Passenger),Pedestrian,Rear,Straight_ahead,0,1947.0,Male,Driver,Uninjured,Driver_seat,Leisure,Not_pedestrian,Unknown,Not_pedestrian,Seat_belt,Used,Not a holiday,0
1857,201600001137,2016,9,18,Daylight,Out_of_agglomeration,Out_of_intersection,Dazzling,Multiple_three_plus,Manual_entry,-4.70752,48.43322,True,2016-09-18,8,30,08:30,Morning,True,Autumn,0.0,0.0,0.0,Departmental_road,Bidirectional,Unknown,Flat,Straight,Normal,Unknown,On_road,Unknown,A01,Opposite_direction,Car(Quad/Passenger),None,Front_right,Turning,0,1992.0,Female,Driver,Uninjured,Driver_seat,Home-work,Not_pedestrian,Unknown,Not_pedestrian,Seat_belt,Used,Not a holiday,0
1858,201600001137,2016,9,18,Daylight,Out_of_agglomeration,Out_of_intersection,Dazzling,Multiple_three_plus,Manual_entry,-4.70752,48.43322,True,2016-09-18,8,30,08:30,Morning,True,Autumn,0.0,0.0,0.0,Departmental_road,Bidirectional,Unknown,Flat,Straight,Normal,Unknown,On_road,Unknown,B02,Opposite_direction,Cycle,None,Rear_right,None,0,1965.0,Male,Driver,Injured_Hospitalized,Driver_seat,Leisure,Not_pedestrian,Unknown,Not_pedestrian,Helmet,Used,Not a holiday,0
1859,201600001137,2016,9,18,Daylight,Out_of_agglomeration,Out_of_intersection,Dazzling,Multiple_three_plus,Manual_entry,-4.70752,48.43322,True,2016-09-18,8,30,08:30,Morning,True,Autumn,0.0,0.0,0.0,Departmental_road,Bidirectional,Unknown,Flat,Straight,Normal,Unknown,On_road,Unknown,C03,Opposite_direction,Cycle,None,Rear_right,None,0,1965.0,Male,Driver,Injured_Slight,Driver_seat,Leisure,Not_pedestrian,Unknown,Not_pedestrian,Helmet,Used,Not a holiday,0
1860,201600001138,2016,9,19,Daylight,Out_of_agglomeration,Out_of_intersection,Normal,Rear_end_two_vehicles,Manual_entry,-4.51205,48.45891,True,2016-09-19,8,30,08:30,Morning,False,Autumn,0.0,0.0,78.0,Departmental_road,Bidirectional,Unknown,Flat,Unknown,Wet,Unknown,On_road,Not_near_school,A01,Opposite_direction,Car(Quad/Passenger),Cyclist,Front,Straight_ahead,0,1942.0,Female,Driver,Injured_Slight,Driver_seat,Leisure,Not_pedestrian,Unknown,Not_pedestrian,Seat_belt,Used,Not a holiday,0
1861,201600001138,2016,9,19,Daylight,Out_of_agglomeration,Out_of_intersection,Normal,Rear_end_two_vehicles,Manual_entry,-4.51205,48.45891,True,2016-09-19,8,30,08:30,Morning,False,Autumn,0.0,0.0,78.0,Departmental_road,Bidirectional,Unknown,Flat,Unknown,Wet,Unknown,On_road,Not_near_school,B02,Opposite_direction,Car(Quad/Passenger),Cyclist,Rear_right,Roundabout,0,1989.0,Male,Driver,Injured_Slight,Driver_seat,Leisure,Not_pedestrian,Unknown,Not_pedestrian,Seat_belt,Used,Not a holiday,0