,accident_id,year,month,day,lighting_label,urban_label,intersection_label,weather_label,collision_label,gps_label,longitude_num,latitude_num,valid_geo,date,hour,minute,time_hhmm,time_of_day,is_weekend,season,num_lanes,pedestrian_crossing_width,road_width,road_category_label,traffic_regime_label,reserved_lane_label,road_profile_label,road_layout_label,surface_condition_label,infrastructure_label,situation_label,school_zone_label,vehicle_id,traffic_direction_label,vehicle_category_label,mobile_obstacle_label,impact_point_label,manoeuvre_label,occupants_group,birth_year,sex_label,user_category_label,injury_severity_label,seat_position_label,journey_purpose_label,pedestrian_location_label,pedestrian_action_label,pedestrian_state_label,safety_equipment_type,safety_equipment_usage,holiday_name,is_holiday
2011,201600001232,2016,8,18,Daylight,Out_of_agglomeration,Out_of_intersection,Normal,Side_two_vehicles,Manual_entry,-2.23695,47.63421,True,2016-08-18,16,0,16:00,Afternoon,False,Summer,2.0,0.0,6.0,Departmental_road,Bidirectional,Unknown,Flat,Curve_left,Normal,Unknown,On_road,Not_near_school,B02,Other/Unknown,Cycle,Cyclist,Front,Straight_ahead,0,1999.0,Female,Driver,Injured_Hospitalized,Driver_seat,Leisure,Not_pedestrian,Unknown,Not_pedestrian,Helmet,Used,Not a holiday,0
2012,201600001232,2016,8,18,Daylight,Out_of_agglomeration,Out_of_intersection,Normal,Side_two_vehicles,Manual_entry,-2.23695,47.63421,True,2016-08-18,16,0,16:00,Afternoon,False,Summer,2.0,0.0,6.0,Departmental_road,Bidirectional,Unknown,Flat,Curve_left,Normal,Unknown,On_road,Not_near_school,A01,Opposite_direction,Car(Quad/Passenger),Cyclist,Left_side,Roundabout,0,1947.0,Male,Driver,Uninjured,Driver_seat,Leisure,Not_pedestrian,Unknown,Not_pedestrian,Seat_belt,Used,Not a holiday,0
2013,201600001233,2016,8,29,Twilight_or_dawn,Out_of_agglomeration,Out_of_intersection,Normal,Other_collision,Manual_entry,-2.16868,47.64882,True,2016-08-29,7,0,07:00,Morning,False,Summer,2.0,0.0,6.0,Departmental_road,Bidirectional,Unknown,Flat,Straight,Normal,Unknown,On_verge,Not_near_school,A01,Opposite_direction,Car(Quad/Passenger),None,Right_side,Straight_ahead,0,1994.0,Male,Driver,Killed,Driver_seat,Leisure,Not_pedestrian,Unknown,Not_pedestrian,Seat_belt,Used,Not a holiday,0
2014,201600001234,2016,11,22,Daylight,Out_of_agglomeration,Out_of_intersection,Dazzling,Frontal_two_vehicles,Manual_entry,-2.39289,47.69374,True,2016-11-22,17,0,17:00,Evening,False,Autumn,2.0,0.0,560.0,Departmental_road,Bidirectional,Unknown,Flat,Straight,Normal,Unknown,On_road,Not_near_school,B02,Other/Unknown,Utility(Truck/Agri),Cyclist,Front,Straight_ahead,0,1990.0,Male,Driver,Injured_Hospitalized,Driver_seat,Professional use,Not_pedestrian,Unknown,Not_pedestrian,Seat_belt,Used,Not a holiday,0
2015,201600001234,2016,11,22,Daylight,Out_of_agglomeration,Out_of_intersection,Dazzling,Frontal_two_vehicles,Manual_entry,-2.39289,47.69374,True,2016-11-22,17,0,17:00,Evening,False,Autumn,2.0,0.0,560.0,Departmental_road,Bidirectional,Unknown,Flat,Straight,Normal,Unknown,On_road,Not_near_school,A01,Opposite_direction,Car(Quad/Passenger),Cyclist,Front,Avoiding_obstacle,0,1936.0,Male,Driver,Killed,Driver_seat,Leisure,Not_pedestrian,Unknown,Not_pedestrian,Seat_belt,Used,Not a holiday,0
2016,201600001235,2016,12,19,Daylight,Out_of_agglomeration,Other,Normal,Other_collision,Manual_entry,-2.13886,47.68594,True,2016-12-19,13,30,13:30,Afternoon,False,Winter,2.0,0.0,0.0,Departmental_road,Bidirectional,Unknown,Flat,Straight,Normal,Unknown,On_verge,Not_near_school,A01,Opposite_direction,Car(Quad/Passenger),Cyclist,Front_right,Turning,0,1969.0,Male,Driver,Killed,Driver_seat,Leisure,Not_pedestrian,Unknown,Not_pedestrian,Seat_belt,Not_used,Not a holiday,0
2017,201600001236,2016,6,8,Daylight,Out_of_agglomeration,Out_of_intersection,Normal,Frontal_two_vehicles,Manual_entry,-2.49378,47.60673,True,2016-06-08,19,15,19:15,Evening,False,Summer,2.0,0.0,35.0,Communal_way,Bidirectional,Unknown,Slope,Straight,Normal,Unknown,On_road,Not_near_school,B02,Other/Unknown,Car(Quad/Passenger),Cyclist,Right_side,Straight_ahead,0,1996.0,Male,Driver,Uninjured,Driver_seat,Home-work,Not_pedestrian,Unknown,Not_pedestrian,Seat_belt,Used,Not a holiday,0
2018,201600001236,2016,6,8,Daylight,Out_of_agglomeration,Out_of_intersection,Normal,Frontal_two_vehicles,Manual_entry,-2.49378,47.60673,True,2016-06-08,19,15,19:15,Evening,False,Summer,2.0,0.0,35.0,Communal_way,Bidirectional,Unknown,Slope,Straight,Normal,Unknown,On_road,Not_near_school,A01,Opposite_direction,Utility(Truck/Agri),Cyclist,Right_side,Straight_ahead,0,1991.0,Male,Driver,Injured_Hospitalized,Driver_seat,Home-work,Not_pedestrian,Unknown,Not_pedestrian,Seat_belt,Used,Not a holiday,0
2019,201600001237,2016,7,22,Twilight_or_dawn,Out_of_agglomeration,Out_of_intersection,Other,Side_two_vehicles,Manual_entry,-2.6136,47.5086,True,2016-07-22,19,45,19:45,Evening,False,Summer,0.0,0.0,62.0,Departmental_road,Bidirectional,Bike_path,Flat,Unknown,Normal,Unknown,On_road,Not_near_school,A01,Other/Unknown,Car(Quad/Passenger),Cyclist,Front_right,Straight_ahead,0,1971.0,Male,Driver,Injured_Slight,Driver_seat,other,Not_pedestrian,Unknown,Not_pedestrian,Seat_belt,Used,Not a holiday,0
2020,201600001237,2016,7,22,Twilight_or_dawn,Out_of_agglomeration,Out_of_intersection,Other,Side_two_vehicles,Manual_entry,-2.6136,47.5086,True,2016-07-22,19,45,19:45,Evening,False,Summer,0.0,0.0,62.0,Departmental_road,Bidirectional,Bike_path,Flat,Unknown,Normal,Unknown,On_road,Not_near_school,B02,Other/Unknown,Cycle,Cyclist,Rear_right,Loss_of_control,0,2005.0,Male,Driver,Injured_Hospitalized,Driver_seat,Leisure,Not_pedestrian,Unknown,Not_pedestrian,Helmet,Used,Not a holiday,0
2021,201600001238,2016,8,1,Daylight,Out_of_agglomeration,Intersection_X,Normal,Multiple_three_plus,Manual_entry,-2.40481,47.57271,True,2016-08-01,17,45,17:45,Evening,False,Summer,2.0,0.0,350.0,Departmental_road,Bidirectional,Unknown,Flat,Straight,Normal,Roundabout,On_road,Not_near_school,B02,Opposite_direction,Car(Quad/Passenger),Cyclist,Front,Loss_of_control,0,1984.0,Female,Driver,Injured_Slight,Driver_seat,Leisure,Not_pedestrian,Unknown,Not_pedestrian,Seat_belt,Used,Not a holiday,0
2022,201600001238,2016,8,1,Daylight,Out_of_agglomeration,Intersection_X,Normal,Multiple_three_plus,Manual_entry,-2.40481,47.57271,True,2016-08-01,17,45,17:45,Evening,False,Summer,2.0,0.0,350.0,Departmental_road,Bidirectional,Unknown,Flat,Straight,Normal,Roundabout,On_road,Not_near_school,D04,Other/Unknown,Car(Quad/Passenger),Cyclist,Front,None,0,1963.0,Female,Driver,Uninjured,Driver_seat,Leisure,Not_pedestrian,Unknown,Not_pedestrian,Seat_belt,Used,Not a holiday,0
2023,201600001238,2016,8,1,Daylight,Out_of_agglomeration,Intersection_X,Normal,Multiple_three_plus,Manual_entry,-2.40481,47.57271,True,2016-08-01,17,45,17:45,Evening,False,Summer,2.0,0.0,350.0,Departmental_road,Bidirectional,Unknown,Flat,Straight,Normal,Roundabout,On_road,Not_near_school,C03,Other/Unknown,Utility(Truck/Agri),Cyclist,Front,None,0,1958.0,Male,Driver,Uninjured,Driver_seat,other,Not_pedestrian,Unknown,Not_pedestrian,Seat_belt,Used,Not a holiday,0
2024,201600001238,2016,8,1,Daylight,Out_of_agglomeration,Intersection_X,Normal,Multiple_three_plus,Manual_entry,-2.40481,47.57271,True,2016-08-01,17,45,17:45,Evening,False,Summer,2.0,0.0,350.0,Departmental_road,Bidirectional,Unknown,Flat,Straight,Normal,Roundabout,On_road,Not_near_school,A01,Opposite_direction,Utility(Truck/Agri),Cyclist,Front,Straight_ahead,0,1965.0,Male,Driver,Injured_Slight,Driver_seat,Leisure,Not_pedestrian,Unknown,Not_pedestrian,Seat_belt,Used,Not a holiday,0
2025,201600001239,2016,9,7,Daylight,Out_of_agglomeration,Out_of_intersection,Dazzling,Side_two_vehicles,Manual_entry,-2.39819,47.53894,True,2016-09-07,11,15,11:15,Morning,False,Autumn,0.0,0.0,0.0,Departmental_road,Unknown,Unknown,Unknown,Unknown,Normal,Unknown,On_road,Unknown,B02,Opposite_direction,Cycle,Cyclist,Left_side,Straight_ahead,0,1946.0,Male,Driver,Injured_Hospitalized,Driver_seat,Leisure,Not_pedestrian,Unknown,Not_pedestrian,Helmet,Not_used,Not a holiday,0
2026,201600001239,2016,9,7,Daylight,Out_of_agglomeration,Out_of_intersection,Dazzling,Side_two_vehicles,Manual_entry,-2.39819,47.53894,True,2016-09-07,11,15,11:15,Morning,False,Autumn,0.0,0.0,0.0,Departmental_road,Unknown,Unknown,Unknown,Unknown,Normal,Unknown,On_road,Unknown,A01,Opposite_direction,Car(Quad/Passenger),other,Front_left,Park/Start/Stop,0,1959.0,Male,Driver,Uninjured,Driver_seat,Professional use,Not_pedestrian,Unknown,Not_pedestrian,Seat_belt,Used,Not a holiday,0
2027,201600001240,2016,9,12,Night_without_public_lighting,Out_of_agglomeration,Out_of_intersection,Normal,Other_collision,Manual_entry,-2.53489,47.55463,True,2016-09-12,23,15,23:15,Night,False,Autumn,2.0,0.0,50.0,Departmental_road,Bidirectional,Unknown,Flat,Straight,Normal,Unknown,On_verge,Not_near_school,A01,Same_direction,Car(Quad/Passenger),None,Front,Straight_ahead,0,1954.0,Male,Driver,Killed,Driver_seat,Leisure,Not_pedestrian,Unknown,Not_pedestrian,Seat_belt,Used,Not a holiday,0
2028,201600001241,2016,9,27,Twilight_or_dawn,Out_of_agglomeration,Out_of_intersection,Light_rain,Other_collision,Manual_entry,,,False,2016-09-27,7,30,07:30,Morning,False,Autumn,0.0,0.0,0.0,National_road,Separated_carriageways,Unknown,Flat,Straight,Wet,Unknown,On_verge,Unknown,A01,Opposite_direction,Car(Quad/Passenger),None,Multiple impacts,other,0,1991.0,Female,Driver,Uninjured,Driver_seat,Unknown,Not_pedestrian,Unknown,Not_pedestrian,Seat_belt,Used,Not a holiday,0
2029,201600001241,2016,9,27,Twilight_or_dawn,Out_of_agglomeration,Out_of_intersection,Light_rain,Other_collision,Manual_entry,,,False,2016-09-27,7,30,07:30,Morning,False,Autumn,0.0,0.0,0.0,National_road,Separated_carriageways,Unknown,Flat,Straight,Wet,Unknown,On_verge,Unknown,B02,Other/Unknown,Car(Quad/Passenger),None,Multiple impacts,Straight_ahead,0,1960.0,Male,Driver,Injured_Hospitalized,Driver_seat,Home-work,Not_pedestrian,Unknown,Not_pedestrian,Seat_belt,Used,Not a holiday,0
2030,201600001242,2016,11,8,Night_without_public_lighting,Out_of_agglomeration,Intersection_X,Light_rain,Side_two_vehicles,Manual_entry,-2.40958,47.47978,True,2016-11-08,20,15,20:15,Evening,False,Autumn,2.0,0.0,80.0,Departmental_road,Bidirectional,Unknown,Unknown,Straight,Wet,Unknown,On_road,Not_near_school,A01,Same_direction,Car(Quad/Passenger),Cyclist,Front,Straight_ahead,0,1946.0,Female,Driver,Injured_Hospitalized,Driver_seat,Leisure,Not_pedestrian,Unknown,Not_pedestrian,Seat_belt,Used,Not a holiday,0
2031,201600001242,2016,11,8,Night_without_public_lighting,Out_of_agglomeration,Intersection_X,Light_rain,Side_two_vehicles,Manual_entry,-2.40958,47.47978,True,2016-11-08,20,15,20:15,Evening,False,Autumn,2.0,0.0,80.0,Departmental_road,Bidirectional,Unknown,Unknown,Straight,Wet,Unknown,On_road,Not_near_school,B02,Same_direction,Car(Quad/Passenger),Cyclist,Front_left,Straight_ahead,0,1993.0,Male,Driver,Injured_Hospitalized,Driver_seat,Leisure,Not_pedestrian,Unknown,Not_pedestrian,Seat_belt,Used,Not a holiday,0
2032,201600001243,2016,1,11,Night_without_public_lighting,Built_up_area,Out_of_intersection,Heavy_rain,Other_collision,Manual_entry,-2.59015,47.73261,True,2016-01-11,8,45,08:45,Morning,False,Winter,0.0,0.0,64.0,Departmental_road,Bidirectional,Unknown,Flat,Unknown,Wet,Unknown,On_road,Unknown,A01,Other/Unknown,Car(Quad/Passenger),Pedestrian,Front,Straight_ahead,0,1943.0,Female,Driver,Uninjured,Driver_seat,Leisure,Not_pedestrian,Unknown,Not_pedestrian,Seat_belt,Used,Not a holiday,0
2033,201600001244,2016,5,8,Night_without_public_lighting,Out_of_agglomeration,Out_of_intersection,Light_rain,Frontal_two_vehicles,Manual_entry,-2.5844,47.75731,True,2016-05-08,0,1,00:01,Night,True,Spring,0.0,0.0,0.0,Departmental_road,Bidirectional,Unknown,Slope,Curve_left,Wet,Unknown,On_road,Not_near_school,B02,Other/Unknown,Car(Quad/Passenger),Cyclist,Front,Straight_ahead,0,1980.0,Female,Driver,Injured_Hospitalized,Driver_seat,Leisure,Not_pedestrian,Unknown,Not_pedestrian,Seat_belt,Used,Victory in Europe Day,1
2034,201600001244,2016,5,8,Night_without_public_lighting,Out_of_agglomeration,Out_of_intersection,Light_rain,Frontal_two_vehicles,Manual_entry,-2.5844,47.75731,True,2016-05-08,0,1,00:01,Night,True,Spring,0.0,0.0,0.0,Departmental_road,Bidirectional,Unknown,Slope,Curve_left,Wet,Unknown,On_road,Not_near_school,A01,Opposite_direction,Car(Quad/Passenger),Cyclist,Front,Avoiding_obstacle,0,1995.0,Male,Driver,Uninjured,Driver_seat,Leisure,Not_pedestrian,Unknown,Not_pedestrian,Seat_belt,Used,Victory in Europe Day,1
2035,201600001245,2016,5,8,Night_without_public_lighting,Out_of_agglomeration,Out_of_intersection,Normal,No_collision,Manual_entry,,,False,2016-05-08,1,15,01:15,Night,True,Spring,0.0,0.0,0.0,Departmental_road,Bidirectional,Unknown,Unknown,Straight,Normal,Roundabout,On_road,Not_near_school,A01,Other/Unknown,Car(Quad/Passenger),None,Front,Straight_ahead,0,1960.0,Male,Driver,Injured_Hospitalized,Driver_seat,Leisure,Not_pedestrian,Unknown,Not_pedestrian,Seat_belt,Not_used,Victory in Europe Day,1
2036,201600001246,2016,6,9,Daylight,Out_of_agglomeration,Intersection_T,Normal,Side_two_vehicles,Manual_entry,,,False,2016-06-09,11,0,11:00,Morning,False,Summer,0.0,0.0,60.0,Departmental_road,Bidirectional,Unknown,Unknown,Straight,Normal,Unknown,On_road,Not_near_school,B02,Opposite_direction,Motorcycle,None,Front,Straight_ahead,0,1973.0,Male,Driver,Injured_Hospitalized,Driver_seat,Home-work,Not_pedestrian,Unknown,Not_pedestrian,Helmet,Used,Not a holiday,0
2037,201600001246,2016,6,9,Daylight,Out_of_agglomeration,Intersection_T,Normal,Side_two_vehicles,Manual_entry,,,False,2016-06-09,11,0,11:00,Morning,False,Summer,0.0,0.0,60.0,Departmental_road,Bidirectional,Unknown,Unknown,Straight,Normal,Unknown,On_road,Not_near_school,A01,Same_direction,Car(Quad/Passenger),None,Right_side,Roundabout,0,1974.0,Male,Driver,Uninjured,Driver_seat,Leisure,Not_pedestrian,Unknown,Not_pedestrian,Seat_belt,Used,Not a holiday,0
2038,201600001247,2016,7,31,Daylight,Out_of_agglomeration,Out_of_intersection,Normal,Side_two_vehicles,Manual_entry,,,False,2016-07-31,17,30,17:30,Evening,True,Summer,2.0,0.0,0.0,Departmental_road,Bidirectional,Unknown,Unknown,Unknown,Unknown,Unknown,Unknown,Not_near_school,A01,Opposite_direction,Motorcycle,Cyclist,No_impact,None,0,1991.0,Male,Driver,Injured_Hospitalized,Driver_seat,Unknown,Not_pedestrian,Unknown,Not_pedestrian,Helmet,Used,Not a holiday,0
2039,201600001247,2016,7,31,Daylight,Out_of_agglomeration,Out_of_intersection,Normal,Side_two_vehicles,Manual_entry,,,False,2016-07-31,17,30,17:30,Evening,True,Summer,2.0,0.0,0.0,Departmental_road,Bidirectional,Unknown,Unknown,Unknown,Unknown,Unknown,Unknown,Not_near_school,B02,Opposite_direction,Car(Quad/Passenger),Cyclist,No_impact,None,0,1992.0,Female,Driver,Uninjured,Driver_seat,Unknown,Not_pedestrian,Unknown,Not_pedestrian,Seat_belt,Used,Not a holiday,0
2040,201600001248,2016,8,12,Night_without_public_lighting,Out_of_agglomeration,Out_of_intersection,Normal,No_collision,Manual_entry,-2.42364,47.63808,True,2016-08-12,1,30,01:30,Night,False,Summer,2.0,0.0,0.0,Departmental_road,Bidirectional,Unknown,Flat,Curve_right,Unknown,Unknown,On_verge,Unknown,A01,Opposite_direction,Car(Quad/Passenger),None,Front_right,Straight_ahead,0,1969.0,Male,Driver,Killed,Driver_seat,other,Not_pedestrian,Unknown,Not_pedestrian,Seat_belt,Not_used,Not a holiday,0
2041,201600001249,2016,8,27,Daylight,Out_of_agglomeration,Out_of_intersection,Normal,Side_two_vehicles,Manual_entry,-2.32347,47.6618,True,2016-08-27,17,45,17:45,Evening,True,Summer,1.0,0.0,0.0,Communal_way,Bidirectional,Unknown,Flat,Curve_right,Normal,Unknown,On_road,Unknown,A01,Same_direction,Car(Quad/Passenger),Cyclist,Right_side,None,0,1979.0,Male,Driver,Uninjured,Driver_seat,Leisure,Not_pedestrian,Unknown,Not_pedestrian,Seat_belt,Used,Not a holiday,0
2042,201600001249,2016,8,27,Daylight,Out_of_agglomeration,Out_of_intersection,Normal,Side_two_vehicles,Manual_entry,-2.32347,47.6618,True,2016-08-27,17,45,17:45,Evening,True,Summer,1.0,0.0,0.0,Communal_way,Bidirectional,Unknown,Flat,Curve_right,Normal,Unknown,On_road,Unknown,B02,Same_direction,Cycle,Cyclist,Right_side,None,0,1965.0,Male,Driver,Injured_Hospitalized,Driver_seat,Leisure,Not_pedestrian,Unknown,Not_pedestrian,Helmet,Used,Not a holiday,0
2043,201600001250,2016,8,31,Daylight,Built_up_area,Out_of_intersection,Normal,Frontal_two_vehicles,Manual_entry,-2.28041,47.72544,True,2016-08-31,18,15,18:15,Evening,False,Summer,2.0,0.0,50.0,Communal_way,Bidirectional,Unknown,Flat,S-bend,Normal,Unknown,On_road,Unknown,B02,Other/Unknown,Bus/Coach,Cyclist,Right_side,Straight_ahead,0,1984.0,Male,Driver,Injured_Slight,Driver_seat,Professional use,Not_pedestrian,Unknown,Not_pedestrian,Seat_belt,Used,Not a holiday,0
2044,201600001250,2016,8,31,Daylight,Built_up_area,Out_of_intersection,Normal,Frontal_two_vehicles,Manual_entry,-2.28041,47.72544,True,2016-08-31,18,15,18:15,Evening,False,Summer,2.0,0.0,50.0,Communal_way,Bidirectional,Unknown,Flat,S-bend,Normal,Unknown,On_road,Unknown,A01,Opposite_direction,Motorcycle,Cyclist,Front,Straight_ahead,0,2000.0,Male,Driver,Injured_Hospitalized,Driver_seat,Leisure,Not_pedestrian,Unknown,Not_pedestrian,Helmet,Used,Not a holiday,0
2045,201600001251,2016,9,22,Daylight,Out_of_agglomeration,Out_of_intersection,Normal,No_collision,Manual_entry,,,False,2016-09-22,15,0,15:00,Afternoon,False,Autumn,2.0,0.0,0.0,National_road,Separated_carriageways,Unknown,Slope,Curve_left,Normal,Unknown,On_verge,Not_near_school,A01,Opposite_direction,Car(Quad/Passenger),None,Multiple impacts,Straight_ahead,0,1973.0,Female,Driver,Injured_Slight,Driver_seat,Home-work,Not_pedestrian,Unknown,Not_pedestrian,Seat_belt,Used,Not a holiday,0
2046,201600001252,2016,11,30,Twilight_or_dawn,Out_of_agglomeration,Roundabout,Normal,Chain_three_plus,Manual_entry,,,False,2016-11-30,8,30,08:30,Morning,False,Autumn,2.0,0.0,0.0,Departmental_road,Bidirectional,Unknown,Unknown,Straight,Normal,Roundabout,On_road,Not_near_school,C03,Opposite_direction,Car(Quad/Passenger),Cyclist,Front,Turning,0,1982.0,Female,Driver,Uninjured,Driver_seat,Home-work,Not_pedestrian,Unknown,Not_pedestrian,Seat_belt,Used,Not a holiday,0
2047,201600001252,2016,11,30,Twilight_or_dawn,Out_of_agglomeration,Roundabout,Normal,Chain_three_plus,Manual_entry,,,False,2016-11-30,8,30,08:30,Morning,False,Autumn,2.0,0.0,0.0,Departmental_road,Bidirectional,Unknown,Unknown,Straight,Normal,Roundabout,On_road,Not_near_school,A01,Opposite_direction,Motorcycle,Cyclist,Front,Turning,0,1997.0,Female,Driver,Injured_Hospitalized,Driver_seat,Home-work,Not_pedestrian,Unknown,Not_pedestrian,Helmet,Used,Not a holiday,0
2048,201600001252,2016,11,30,Twilight_or_dawn,Out_of_agglomeration,Roundabout,Normal,Chain_three_plus,Manual_entry,,,False,2016-11-30,8,30,08:30,Morning,False,Autumn,2.0,0.0,0.0,Departmental_road,Bidirectional,Unknown,Unknown,Straight,Normal,Roundabout,On_road,Not_near_school,B02,Opposite_direction,Car(Quad/Passenger),Cyclist,Rear_left,Turning,0,1988.0,Male,Driver,Uninjured,Driver_seat,Home-work,Not_pedestrian,Unknown,Not_pedestrian,Seat_belt,Used,Not a holiday,0
2049,201600001252,2016,11,30,Twilight_or_dawn,Out_of_agglomeration,Roundabout,Normal,Chain_three_plus,Manual_entry,,,False,2016-11-30,8,30,08:30,Morning,False,Autumn,2.0,0.0,0.0,Departmental_road,Bidirectional,Unknown,Unknown,Straight,Normal,Roundabout,On_road,Not_near_school,D04,Opposite_direction,Car(Quad/Passenger),Cyclist,Rear_right,Straight_ahead,0,1991.0,Female,Driver,Uninjured,Driver_seat,Home-work,Not_pedestrian,Unknown,Not_pedestrian,Seat_belt,Used,Not a holiday,0
2050,201600001253,2016,1,10,Night_without_public_lighting,Out_of_agglomeration,Other,Light_rain,Other_collision,Manual_entry,,,False,2016-01-10,4,0,04:00,Night,True,Winter,4.0,0.0,0.0,National_road,Separated_carriageways,Reserved_channel,Flat,Straight,Wet,Unknown,On_road,Unknown,A01,Opposite_direction,Car(Quad/Passenger),Pedestrian,Front_right,Straight_ahead,0,1979.0,Male,Driver,Uninjured,Driver_seat,Leisure,Not_pedestrian,Unknown,Not_pedestrian,Seat_belt,Used,Not a holiday,0
2051,201600001254,2016,1,12,Daylight,Built_up_area,Out_of_intersection,Cloudy,Other_collision,Manual_entry,-2.9927,47.67101,True,2016-01-12,18,30,18:30,Evening,False,Winter,2.0,0.0,60.0,Departmental_road,Bidirectional,Unknown,Flat,Straight,Normal,Unknown,On_road,Unknown,A01,Same_direction,Car(Quad/Passenger),Pedestrian,Front_right,Straight_ahead,0,1982.0,Female,Driver,Injured_Slight,Driver_seat,Home-work,Not_pedestrian,Unknown,Not_pedestrian,Seat_belt,Used,Not a holiday,0
2052,201600001255,2016,2,3,Daylight,Built_up_area,Out_of_intersection,Normal,Other_collision,Manual_entry,-2.98821,47.66584,True,2016-02-03,17,15,17:15,Evening,False,Winter,1.0,0.0,0.0,other,Bidirectional,Unknown,Unknown,Straight,Normal,Unknown,On_road,Not_near_school,A01,Same_direction,Car(Quad/Passenger),Pedestrian,Front,Straight_ahead,0,1976.0,Female,Driver,Uninjured,Driver_seat,Home-work,Not_pedestrian,Unknown,Not_pedestrian,Seat_belt,Used,Not a holiday,0
2053,201600001256,2016,2,29,Daylight,Built_up_area,Out_of_intersection,Normal,Rear_end_two_vehicles,Manual_entry,-2.98876,47.63841,True,2016-02-29,16,15,16:15,Afternoon,False,Winter,2.0,0.0,40.0,Departmental_road,Bidirectional,Unknown,Flat,Straight,Normal,Unknown,On_road,Unknown,B02,Opposite_direction,Motorcycle,None,Front,Straight_ahead,0,1994.0,Male,Driver,Injured_Hospitalized,Driver_seat,Leisure,Not_pedestrian,Unknown,Not_pedestrian,Helmet,Used,Not a holiday,0
2054,201600001256,2016,2,29,Daylight,Built_up_area,Out_of_intersection,Normal,Rear_end_two_vehicles,Manual_entry,-2.98876,47.63841,True,2016-02-29,16,15,16:15,Afternoon,False,Winter,2.0,0.0,40.0,Departmental_road,Bidirectional,Unknown,Flat,Straight,Normal,Unknown,On_road,Unknown,A01,Opposite_direction,Car(Quad/Passenger),Cyclist,Rear_right,Roundabout,0,1944.0,Male,Driver,Uninjured,Driver_seat,Leisure,Not_pedestrian,Unknown,Not_pedestrian,Seat_belt,Used,Not a holiday,0
2055,201600001257,2016,3,22,Night_without_public_lighting,Built_up_area,Out_of_intersection,Normal,No_collision,Manual_entry,,,False,2016-03-22,20,45,20:45,Evening,False,Spring,0.0,0.0,40.0,Departmental_road,Bidirectional,Unknown,Flat,Straight,Normal,Unknown,On_verge,Unknown,A01,Other/Unknown,Motorcycle,None,No_impact,other,0,1987.0,Male,Driver,Injured_Hospitalized,Driver_seat,Home-work,Not_pedestrian,Unknown,Not_pedestrian,Helmet,Used,Not a holiday,0
2056,201600001258,2016,3,18,Daylight,Built_up_area,Out_of_intersection,Normal,Other_collision,Manual_entry,-2.94775,47.6393,True,2016-03-18,17,45,17:45,Evening,False,Spring,0.0,0.0,60.0,other,Bidirectional,Unknown,Hill_bottom,Straight,Normal,Unknown,On_sidewalk,Unknown,A01,Same_direction,Car(Quad/Passenger),Pedestrian,Rear_right,Turning,0,1962.0,Male,Driver,Uninjured,Driver_seat,Leisure,Not_pedestrian,Unknown,Not_pedestrian,Seat_belt,Used,Not a holiday,0
2057,201600001259,2016,5,15,Daylight,Out_of_agglomeration,Out_of_intersection,Normal,Side_two_vehicles,Manual_entry,-2.92324,47.64572,True,2016-05-15,19,30,19:30,Evening,True,Spring,0.0,0.0,28.0,Communal_way,Bidirectional,Unknown,Hill_bottom,S-bend,Normal,Unknown,On_road,Unknown,B02,Same_direction,Motorcycle,None,Right_side,Avoiding_obstacle,0,1991.0,Male,Driver,Injured_Hospitalized,Driver_seat,Leisure,Not_pedestrian,Unknown,Not_pedestrian,Helmet,Used,Not a holiday,0
2058,201600001259,2016,5,15,Daylight,Out_of_agglomeration,Out_of_intersection,Normal,Side_two_vehicles,Manual_entry,-2.92324,47.64572,True,2016-05-15,19,30,19:30,Evening,True,Spring,0.0,0.0,28.0,Communal_way,Bidirectional,Unknown,Hill_bottom,S-bend,Normal,Unknown,On_road,Unknown,A01,Same_direction,Car(Quad/Passenger),None,Right_side,Avoiding_obstacle,0,1985.0,Male,Driver,Uninjured,Driver_seat,Leisure,Not_pedestrian,Unknown,Not_pedestrian,Seat_belt,Used,Not a holiday,0
2059,201600001260,2016,5,28,Daylight,Out_of_agglomeration,Out_of_intersection,Normal,Frontal_two_vehicles,Manual_entry,-3.03239,47.67969,True,2016-05-28,19,30,19:30,Evening,True,Spring,0.0,0.0,0.0,Communal_way,Unknown,Unknown,Unknown,Curve_right,Normal,Unknown,Unknown,Not_near_school,B02,Same_direction,Motorcycle,None,No_impact,Turning,0,1957.0,Male,Driver,Injured_Hospitalized,Driver_seat,other,Not_pedestrian,Unknown,Not_pedestrian,Seat_belt,Unspecified,Not a holiday,0
2060,201600001260,2016,5,28,Daylight,Out_of_agglomeration,Out_of_intersection,Normal,Frontal_two_vehicles,Manual_entry,-3.03239,47.67969,True,2016-05-28,19,30,19:30,Evening,True,Spring,0.0,0.0,0.0,Communal_way,Unknown,Unknown,Unknown,Curve_right,Normal,Unknown,Unknown,Not_near_school,A01,Same_direction,Car(Quad/Passenger),None,No_impact,Straight_ahead,0,1975.0,Female,Driver,Uninjured,Driver_seat,Home-work,Not_pedestrian,Unknown,Not_pedestrian,Seat_belt,Used,Not a holiday,0