,accident_id,year,month,day,lighting_label,urban_label,intersection_label,weather_label,collision_label,gps_label,longitude_num,latitude_num,valid_geo,date,hour,minute,time_hhmm,time_of_day,is_weekend,season,num_lanes,pedestrian_crossing_width,road_width,road_category_label,traffic_regime_label,reserved_lane_label,road_profile_label,road_layout_label,surface_condition_label,infrastructure_label,situation_label,school_zone_label,vehicle_id,traffic_direction_label,vehicle_category_label,mobile_obstacle_label,impact_point_label,manoeuvre_label,occupants_group,birth_year,sex_label,user_category_label,injury_severity_label,seat_position_label,journey_purpose_label,pedestrian_location_label,pedestrian_action_label,pedestrian_state_label,safety_equipment_type,safety_equipment_usage,holiday_name,is_holiday
2061,201600001261,2016,5,26,Daylight,Out_of_agglomeration,Out_of_intersection,Normal,Rear_end_two_vehicles,Manual_entry,-3.03016,47.69199,True,2016-05-26,17,45,17:45,Evening,False,Spring,2.0,0.0,0.0,Departmental_road,Bidirectional,Unknown,Flat,Straight,Normal,Unknown,On_road,Unknown,B02,Opposite_direction,Car(Quad/Passenger),None,Rear_right,Roundabout,0,1995.0,Male,Driver,Uninjured,Driver_seat,Leisure,Not_pedestrian,Unknown,Not_pedestrian,Seat_belt,Used,Not a holiday,0
2062,201600001261,2016,5,26,Daylight,Out_of_agglomeration,Out_of_intersection,Normal,Rear_end_two_vehicles,Manual_entry,-3.03016,47.69199,True,2016-05-26,17,45,17:45,Evening,False,Spring,2.0,0.0,0.0,Departmental_road,Bidirectional,Unknown,Flat,Straight,Normal,Unknown,On_road,Unknown,A01,Opposite_direction,Motorcycle,Cyclist,Front,other,0,1999.0,Male,Driver,Injured_Hospitalized,Driver_seat,Home-school,Not_pedestrian,Unknown,Not_pedestrian,Helmet,Used,Not a holiday,0
2063,201600001262,2016,6,7,Daylight,Out_of_agglomeration,Roundabout,Normal,No_collision,Manual_entry,-3.01803,47.68318,True,2016-06-07,20,0,20:00,Evening,False,Summer,2.0,0.0,60.0,Departmental_road,Bidirectional,Unknown,Flat,Curve_left,Other,Roundabout,On_road,Not_near_school,A01,Opposite_direction,Cycle,None,Front,Reversing,0,1989.0,Male,Driver,Injured_Hospitalized,Driver_seat,Leisure,Not_pedestrian,Unknown,Not_pedestrian,Helmet,Used,Not a holiday,0
2064,201600001263,2016,8,21,Daylight,Built_up_area,Out_of_intersection,Normal,Multiple_three_plus,Manual_entry,-2.98203,47.66828,True,2016-08-21,16,0,16:00,Afternoon,True,Summer,1.0,0.0,0.0,Communal_way,Bidirectional,Unknown,Slope,Straight,Normal,Unknown,Unknown,Not_near_school,B02,Same_direction,Car(Quad/Passenger),None,No_impact,None,0,1960.0,Female,Driver,Uninjured,Driver_seat,Unknown,Not_pedestrian,Unknown,Not_pedestrian,Seat_belt,Used,Not a holiday,0
2065,201600001263,2016,8,21,Daylight,Built_up_area,Out_of_intersection,Normal,Multiple_three_plus,Manual_entry,-2.98203,47.66828,True,2016-08-21,16,0,16:00,Afternoon,True,Summer,1.0,0.0,0.0,Communal_way,Bidirectional,Unknown,Slope,Straight,Normal,Unknown,Unknown,Not_near_school,D04,Same_direction,Car(Quad/Passenger),None,No_impact,None,0,1946.0,Female,Driver,Uninjured,Driver_seat,Unknown,Not_pedestrian,Unknown,Not_pedestrian,Seat_belt,Used,Not a holiday,0
2066,201600001263,2016,8,21,Daylight,Built_up_area,Out_of_intersection,Normal,Multiple_three_plus,Manual_entry,-2.98203,47.66828,True,2016-08-21,16,0,16:00,Afternoon,True,Summer,1.0,0.0,0.0,Communal_way,Bidirectional,Unknown,Slope,Straight,Normal,Unknown,Unknown,Not_near_school,A01,Same_direction,Car(Quad/Passenger),Pedestrian,Front,None,0,1972.0,Male,Driver,Uninjured,Driver_seat,Home-work,Not_pedestrian,Unknown,Not_pedestrian,Seat_belt,Used,Not a holiday,0
2067,201600001263,2016,8,21,Daylight,Built_up_area,Out_of_intersection,Normal,Multiple_three_plus,Manual_entry,-2.98203,47.66828,True,2016-08-21,16,0,16:00,Afternoon,True,Summer,1.0,0.0,0.0,Communal_way,Bidirectional,Unknown,Slope,Straight,Normal,Unknown,Unknown,Not_near_school,C03,Same_direction,Car(Quad/Passenger),None,No_impact,None,0,1956.0,Female,Driver,Uninjured,Driver_seat,Unknown,Not_pedestrian,Unknown,Not_pedestrian,Seat_belt,Used,Not a holiday,0
2068,201600001264,2016,10,4,Daylight,Built_up_area,Out_of_intersection,Normal,Frontal_two_vehicles,Manual_entry,-2.95818,47.67593,True,2016-10-04,17,0,17:00,Evening,False,Autumn,2.0,0.0,0.0,Communal_way,Bidirectional,Unknown,Flat,Straight,Normal,Unknown,On_road,Near_school,A01,Same_direction,Car(Quad/Passenger),Cyclist,Right_side,other,0,1950.0,Male,Driver,Uninjured,Driver_seat,Leisure,Not_pedestrian,Unknown,Not_pedestrian,Seat_belt,Used,Not a holiday,0
2069,201600001264,2016,10,4,Daylight,Built_up_area,Out_of_intersection,Normal,Frontal_two_vehicles,Manual_entry,-2.95818,47.67593,True,2016-10-04,17,0,17:00,Evening,False,Autumn,2.0,0.0,0.0,Communal_way,Bidirectional,Unknown,Flat,Straight,Normal,Unknown,On_road,Near_school,B02,Same_direction,Motorcycle,Cyclist,Front,Turning,0,2000.0,Male,Driver,Injured_Hospitalized,Driver_seat,Home-school,Not_pedestrian,Unknown,Not_pedestrian,Helmet,Used,Not a holiday,0
2070,201600001265,2016,10,14,Twilight_or_dawn,Built_up_area,Roundabout,Normal,Rear_end_two_vehicles,Manual_entry,-2.98134,47.67074,True,2016-10-14,7,45,07:45,Morning,False,Autumn,1.0,0.0,0.0,Departmental_road,Variable_assignment,Unknown,Flat,Unknown,Normal,Unknown,On_road,Unknown,A01,Opposite_direction,Car(Quad/Passenger),Cyclist,Front,Park/Start/Stop,0,1961.0,Male,Driver,Uninjured,Driver_seat,Home-work,Not_pedestrian,Unknown,Not_pedestrian,Seat_belt,Used,Not a holiday,0
2071,201600001265,2016,10,14,Twilight_or_dawn,Built_up_area,Roundabout,Normal,Rear_end_two_vehicles,Manual_entry,-2.98134,47.67074,True,2016-10-14,7,45,07:45,Morning,False,Autumn,1.0,0.0,0.0,Departmental_road,Variable_assignment,Unknown,Flat,Unknown,Normal,Unknown,On_road,Unknown,B02,Opposite_direction,Motorcycle,Cyclist,Rear_right,Straight_ahead,0,2000.0,Male,Driver,Injured_Hospitalized,Driver_seat,Home-school,Not_pedestrian,Unknown,Not_pedestrian,Helmet,Used,Not a holiday,0
2072,201600001266,2016,12,2,Twilight_or_dawn,Out_of_agglomeration,Out_of_intersection,Other,No_collision,Manual_entry,-2.97155,47.70985,True,2016-12-02,8,0,08:00,Morning,False,Winter,0.0,0.0,60.0,Departmental_road,Bidirectional,Unknown,Unknown,Curve_left,Icy,Unknown,On_road,Not_near_school,A01,Other/Unknown,Motorcycle,None,No_impact,Straight_ahead,0,1996.0,Male,Driver,Injured_Hospitalized,Driver_seat,Leisure,Not_pedestrian,Unknown,Not_pedestrian,Helmet,Used,Not a holiday,0
2073,201600001267,2016,12,10,Daylight,Out_of_agglomeration,Out_of_intersection,Cloudy,Frontal_two_vehicles,Manual_entry,-2.93612,47.68274,True,2016-12-10,14,30,14:30,Afternoon,True,Winter,0.0,0.0,0.0,Communal_way,Unknown,Unknown,Flat,Curve_right,Wet,Unknown,On_road,Not_near_school,A01,Same_direction,Car(Quad/Passenger),Cyclist,Front,Straight_ahead,0,1922.0,Male,Driver,Uninjured,Driver_seat,Leisure,Not_pedestrian,Unknown,Not_pedestrian,Seat_belt,Used,Not a holiday,0
2074,201600001267,2016,12,10,Daylight,Out_of_agglomeration,Out_of_intersection,Cloudy,Frontal_two_vehicles,Manual_entry,-2.93612,47.68274,True,2016-12-10,14,30,14:30,Afternoon,True,Winter,0.0,0.0,0.0,Communal_way,Unknown,Unknown,Flat,Curve_right,Wet,Unknown,On_road,Not_near_school,B02,Same_direction,Cycle,Cyclist,Front,Straight_ahead,0,1998.0,Male,Driver,Injured_Hospitalized,Driver_seat,Leisure,Not_pedestrian,Unknown,Not_pedestrian,Helmet,Used,Not a holiday,0
2075,201600001268,2016,1,23,Daylight,Out_of_agglomeration,Out_of_intersection,Cloudy,Frontal_two_vehicles,Manual_entry,-3.22768,47.36301,True,2016-01-23,9,15,09:15,Morning,True,Winter,0.0,0.0,0.0,Departmental_road,Bidirectional,Unknown,Flat,Straight,Wet,Unknown,On_road,Not_near_school,B02,Opposite_direction,Car(Quad/Passenger),Cyclist,Front,Straight_ahead,0,1987.0,Male,Driver,Injured_Hospitalized,Driver_seat,Home-work,Not_pedestrian,Unknown,Not_pedestrian,Seat_belt,Used,Not a holiday,0
2076,201600001268,2016,1,23,Daylight,Out_of_agglomeration,Out_of_intersection,Cloudy,Frontal_two_vehicles,Manual_entry,-3.22768,47.36301,True,2016-01-23,9,15,09:15,Morning,True,Winter,0.0,0.0,0.0,Departmental_road,Bidirectional,Unknown,Flat,Straight,Wet,Unknown,On_road,Not_near_school,A01,Other/Unknown,Car(Quad/Passenger),Cyclist,Front_right,Roundabout,0,1961.0,Female,Driver,Injured_Hospitalized,Driver_seat,Shopping,Not_pedestrian,Unknown,Not_pedestrian,Seat_belt,Used,Not a holiday,0
2077,201600001269,2016,5,29,Twilight_or_dawn,Out_of_agglomeration,Out_of_intersection,Normal,Other_collision,Manual_entry,-3.22614,47.35561,True,2016-05-29,7,30,07:30,Morning,True,Spring,0.0,0.0,70.0,Departmental_road,Bidirectional,Unknown,Unknown,Straight,Normal,Unknown,On_verge,Unknown,A01,Same_direction,Car(Quad/Passenger),None,Front,Straight_ahead,0,1996.0,Male,Driver,Uninjured,Driver_seat,Leisure,Not_pedestrian,Unknown,Not_pedestrian,Seat_belt,Used,Not a holiday,0
2078,201600001270,2016,7,5,Daylight,Built_up_area,Out_of_intersection,Normal,Other_collision,Manual_entry,-3.15718,47.34746,True,2016-07-05,18,30,18:30,Evening,False,Summer,1.0,0.0,0.0,other,One_way,Unknown,Flat,Straight,Normal,Unknown,On_road,Not_near_school,A01,Other/Unknown,Car(Quad/Passenger),Pedestrian,No_impact,Straight_ahead,0,1966.0,Male,Driver,Uninjured,Driver_seat,Leisure,Not_pedestrian,Unknown,Not_pedestrian,Seat_belt,Used,Not a holiday,0
2079,201600001271,2016,7,29,Daylight,Built_up_area,Out_of_intersection,Normal,Side_two_vehicles,Manual_entry,-3.16472,47.34538,True,2016-07-29,18,15,18:15,Evening,False,Summer,2.0,0.0,0.0,Communal_way,Bidirectional,Unknown,Slope,Straight,Normal,Unknown,On_road,Not_near_school,B02,Other/Unknown,Cycle,Cyclist,Front,Straight_ahead,0,1987.0,Male,Driver,Injured_Hospitalized,Driver_seat,Leisure,Not_pedestrian,Unknown,Not_pedestrian,Helmet,Not_used,Not a holiday,0
2080,201600001271,2016,7,29,Daylight,Built_up_area,Out_of_intersection,Normal,Side_two_vehicles,Manual_entry,-3.16472,47.34538,True,2016-07-29,18,15,18:15,Evening,False,Summer,2.0,0.0,0.0,Communal_way,Bidirectional,Unknown,Slope,Straight,Normal,Unknown,On_road,Not_near_school,A01,Opposite_direction,Car(Quad/Passenger),other,Rear,Roundabout,0,1992.0,Female,Driver,Uninjured,Driver_seat,Leisure,Not_pedestrian,Unknown,Not_pedestrian,Seat_belt,Used,Not a holiday,0
2081,201600001272,2016,9,6,Twilight_or_dawn,Out_of_agglomeration,Out_of_intersection,Normal,Other_collision,Manual_entry,-3.18716,47.33176,True,2016-09-06,20,45,20:45,Evening,False,Autumn,0.0,0.0,55.0,Communal_way,Bidirectional,Unknown,Flat,Straight,Normal,Unknown,On_verge,Not_near_school,A01,Same_direction,Utility(Truck/Agri),None,Front_right,Turning,0,1946.0,Male,Driver,Injured_Hospitalized,Driver_seat,Leisure,Not_pedestrian,Unknown,Not_pedestrian,Seat_belt,Used,Not a holiday,0
2082,201600001273,2016,4,1,Daylight,Out_of_agglomeration,Intersection_X,Normal,Rear_end_two_vehicles,Manual_entry,-3.46911,47.63561,True,2016-04-01,16,0,16:00,Afternoon,False,Spring,2.0,0.0,53.0,Communal_way,Bidirectional,Unknown,Unknown,Straight,Normal,Unknown,On_road,Not_near_school,B02,Same_direction,Car(Quad/Passenger),Cyclist,Rear_right,Straight_ahead,0,1991.0,Female,Driver,Injured_Slight,Driver_seat,Leisure,Not_pedestrian,Unknown,Not_pedestrian,Seat_belt,Used,Not a holiday,0
2083,201600001273,2016,4,1,Daylight,Out_of_agglomeration,Intersection_X,Normal,Rear_end_two_vehicles,Manual_entry,-3.46911,47.63561,True,2016-04-01,16,0,16:00,Afternoon,False,Spring,2.0,0.0,53.0,Communal_way,Bidirectional,Unknown,Unknown,Straight,Normal,Unknown,On_road,Not_near_school,A01,Same_direction,Car(Quad/Passenger),Cyclist,Front,Straight_ahead,0,1948.0,Male,Driver,Uninjured,Driver_seat,Shopping,Not_pedestrian,Unknown,Not_pedestrian,Seat_belt,Undetermined,Not a holiday,0
2084,201600001274,2016,10,17,Daylight,Out_of_agglomeration,Out_of_intersection,Cloudy,No_collision,Manual_entry,-3.44641,47.62622,True,2016-10-17,16,15,16:15,Afternoon,False,Autumn,0.0,0.0,0.0,Communal_way,Bidirectional,Unknown,Flat,Straight,Wet,Unknown,On_road,Not_near_school,A01,Same_direction,Motorcycle,None,No_impact,Straight_ahead,0,1992.0,Female,Driver,Uninjured,Driver_seat,Leisure,Not_pedestrian,Unknown,Not_pedestrian,Helmet,Used,Not a holiday,0
2085,201600001275,2016,3,20,Daylight,Out_of_agglomeration,Out_of_intersection,Normal,Frontal_two_vehicles,Manual_entry,-2.8742,47.74365,True,2016-03-20,18,30,18:30,Evening,True,Spring,0.0,0.0,61.0,Departmental_road,Bidirectional,Unknown,Slope,Straight,Normal,Unknown,On_road,Not_near_school,A01,Same_direction,Motorcycle,Cyclist,Front,Avoiding_obstacle,0,1995.0,Female,Driver,Killed,Driver_seat,Leisure,Not_pedestrian,Unknown,Not_pedestrian,Helmet,Used,Not a holiday,0
2086,201600001275,2016,3,20,Daylight,Out_of_agglomeration,Out_of_intersection,Normal,Frontal_two_vehicles,Manual_entry,-2.8742,47.74365,True,2016-03-20,18,30,18:30,Evening,True,Spring,0.0,0.0,61.0,Departmental_road,Bidirectional,Unknown,Slope,Straight,Normal,Unknown,On_road,Not_near_school,B02,Same_direction,Car(Quad/Passenger),Cyclist,Front,Straight_ahead,0,1934.0,Male,Driver,Uninjured,Driver_seat,Leisure,Not_pedestrian,Unknown,Not_pedestrian,Seat_belt,Used,Not a holiday,0
2087,201600001276,2016,9,24,Night_with_public_lighting_on,Out_of_agglomeration,Out_of_intersection,Normal,Other_collision,Manual_entry,,,False,2016-09-24,7,15,07:15,Morning,True,Autumn,2.0,0.0,70.0,National_road,One_way,Unknown,Flat,Straight,Normal,Unknown,On_road,Not_near_school,A01,Other/Unknown,Car(Quad/Passenger),Pedestrian,Front_right,Straight_ahead,0,1932.0,Male,Driver,Uninjured,Driver_seat,other,Not_pedestrian,Unknown,Not_pedestrian,Seat_belt,Used,Not a holiday,0
2088,201600001277,2016,3,23,Daylight,Built_up_area,Roundabout,Dazzling,Side_two_vehicles,Manual_entry,,,False,2016-03-23,17,30,17:30,Evening,False,Spring,2.0,0.0,0.0,Departmental_road,Unknown,Unknown,Flat,Curve_left,Normal,Roundabout,On_road,Unknown,A01,Other/Unknown,Cycle,None,Rear,Straight_ahead,0,1937.0,Male,Driver,Injured_Hospitalized,Driver_seat,Leisure,Not_pedestrian,Unknown,Not_pedestrian,Helmet,Not_used,Not a holiday,0
2089,201600001277,2016,3,23,Daylight,Built_up_area,Roundabout,Dazzling,Side_two_vehicles,Manual_entry,,,False,2016-03-23,17,30,17:30,Evening,False,Spring,2.0,0.0,0.0,Departmental_road,Unknown,Unknown,Flat,Curve_left,Normal,Roundabout,On_road,Unknown,B02,Same_direction,Car(Quad/Passenger),other,Front,Straight_ahead,0,1968.0,Female,Driver,Uninjured,Driver_seat,Professional use,Not_pedestrian,Unknown,Not_pedestrian,Seat_belt,Used,Not a holiday,0
2090,201600001278,2016,6,17,Daylight,Built_up_area,Out_of_intersection,Normal,Side_two_vehicles,Manual_entry,,,False,2016-06-17,19,30,19:30,Evening,False,Summer,0.0,0.0,0.0,Departmental_road,Bidirectional,Unknown,Unknown,Unknown,Unknown,Unknown,Unknown,Not_near_school,A01,Other/Unknown,Motorcycle,Cyclist,Right_side,other,0,1998.0,Male,Driver,Injured_Slight,Driver_seat,Leisure,Not_pedestrian,Unknown,Not_pedestrian,Helmet,Used,Not a holiday,0
2091,201600001278,2016,6,17,Daylight,Built_up_area,Out_of_intersection,Normal,Side_two_vehicles,Manual_entry,,,False,2016-06-17,19,30,19:30,Evening,False,Summer,0.0,0.0,0.0,Departmental_road,Bidirectional,Unknown,Unknown,Unknown,Unknown,Unknown,Unknown,Not_near_school,B02,Other/Unknown,Car(Quad/Passenger),Cyclist,Rear_left,Roundabout,0,1997.0,Male,Driver,Injured_Slight,Driver_seat,Home-work,Not_pedestrian,Unknown,Not_pedestrian,Seat_belt,Used,Not a holiday,0
2092,201600001279,2016,6,26,Night_without_public_lighting,Out_of_agglomeration,Out_of_intersection,Normal,No_collision,Manual_entry,,,False,2016-06-26,2,15,02:15,Night,True,Summer,2.0,0.0,0.0,Departmental_road,Bidirectional,Unknown,Flat,Straight,Normal,Unknown,On_verge,Not_near_school,A01,Same_direction,Utility(Truck/Agri),None,Left_side,Straight_ahead,0,1983.0,Male,Driver,Uninjured,Driver_seat,Leisure,Not_pedestrian,Unknown,Not_pedestrian,Seat_belt,Used,Not a holiday,0
2093,201600001280,2016,8,15,Daylight,Out_of_agglomeration,Out_of_intersection,Dazzling,Other_collision,Manual_entry,-3.11672,47.6307,True,2016-08-15,11,0,11:00,Morning,False,Summer,0.0,0.0,48.0,Communal_way,Bidirectional,Unknown,Flat,Curve_left,Normal,Unknown,On_verge,Not_near_school,A01,Other/Unknown,Car(Quad/Passenger),None,Multiple impacts,Straight_ahead,0,1997.0,Male,Driver,Injured_Hospitalized,Driver_seat,Leisure,Not_pedestrian,Unknown,Not_pedestrian,Seat_belt,Used,Assumption of Mary to Heaven,1
2094,201600001281,2016,11,26,Night_with_public_lighting_on,Out_of_agglomeration,Out_of_intersection,Normal,Side_two_vehicles,Manual_entry,-3.29101,47.7175,True,2016-11-26,18,15,18:15,Evening,True,Autumn,0.0,0.0,0.0,Departmental_road,Bidirectional,Unknown,Flat,Straight,Normal,Unknown,On_road,Not_near_school,B02,Other/Unknown,Car(Quad/Passenger),Cyclist,Left_side,Roundabout,0,1959.0,Male,Driver,Uninjured,Driver_seat,Home-work,Not_pedestrian,Unknown,Not_pedestrian,Seat_belt,Used,Not a holiday,0
2095,201600001281,2016,11,26,Night_with_public_lighting_on,Out_of_agglomeration,Out_of_intersection,Normal,Side_two_vehicles,Manual_entry,-3.29101,47.7175,True,2016-11-26,18,15,18:15,Evening,True,Autumn,0.0,0.0,0.0,Departmental_road,Bidirectional,Unknown,Flat,Straight,Normal,Unknown,On_road,Not_near_school,A01,Other/Unknown,Cycle,Cyclist,Front,Straight_ahead,0,2000.0,Male,Driver,Injured_Hospitalized,Driver_seat,Leisure,Not_pedestrian,Unknown,Not_pedestrian,Helmet,Used,Not a holiday,0
2096,201600001282,2016,1,9,Daylight,Out_of_agglomeration,Out_of_intersection,Heavy_rain,No_collision,Manual_entry,,,False,2016-01-09,13,0,13:00,Afternoon,True,Winter,2.0,0.0,50.0,Departmental_road,Bidirectional,Unknown,Flat,Curve_left,Wet,Unknown,On_road,Not_near_school,A01,Other/Unknown,Car(Quad/Passenger),None,Front,Straight_ahead,0,1997.0,Female,Driver,Injured_Hospitalized,Driver_seat,Leisure,Not_pedestrian,Unknown,Not_pedestrian,Seat_belt,Used,Not a holiday,0
2097,201600001283,2016,1,22,Daylight,Built_up_area,Out_of_intersection,Normal,Other_collision,Manual_entry,-2.40035,47.92677,True,2016-01-22,16,15,16:15,Afternoon,False,Winter,2.0,0.0,60.0,Communal_way,Bidirectional,Unknown,Flat,Straight,Wet,Unknown,On_road,Near_school,A01,Same_direction,Car(Quad/Passenger),Pedestrian,Front_right,Straight_ahead,0,1975.0,Female,Driver,Uninjured,Driver_seat,Home-work,Not_pedestrian,Unknown,Not_pedestrian,Seat_belt,Used,Not a holiday,0
2098,201600001284,2016,2,8,Daylight,Built_up_area,Out_of_intersection,Cloudy,No_collision,Manual_entry,-2.40722,47.9345,True,2016-02-08,17,45,17:45,Evening,False,Winter,0.0,0.0,0.0,Parking_lot,Unknown,Unknown,Unknown,Straight,Wet,Unknown,On_road,Not_near_school,A01,Same_direction,Motorcycle,None,Left_side,Roundabout,0,2000.0,Male,Driver,Uninjured,Driver_seat,Leisure,Not_pedestrian,Unknown,Not_pedestrian,Seat_belt,Used,Not a holiday,0
2099,201600001285,2016,2,19,Night_without_public_lighting,Out_of_agglomeration,Out_of_intersection,Normal,Frontal_two_vehicles,Manual_entry,-2.2899,48.11827,True,2016-02-19,19,45,19:45,Evening,False,Winter,2.0,0.0,60.0,Departmental_road,Bidirectional,Unknown,Flat,Straight,Wet,Roundabout,On_road,Unknown,A01,Opposite_direction,Car(Quad/Passenger),Cyclist,Front,Loss_of_control,0,1985.0,Male,Driver,Injured_Slight,Driver_seat,Leisure,Not_pedestrian,Unknown,Not_pedestrian,Seat_belt,Used,Not a holiday,0
2100,201600001285,2016,2,19,Night_without_public_lighting,Out_of_agglomeration,Out_of_intersection,Normal,Frontal_two_vehicles,Manual_entry,-2.2899,48.11827,True,2016-02-19,19,45,19:45,Evening,False,Winter,2.0,0.0,60.0,Departmental_road,Bidirectional,Unknown,Flat,Straight,Wet,Roundabout,On_road,Unknown,B02,Opposite_direction,Car(Quad/Passenger),Cyclist,Left_side,Straight_ahead,0,1948.0,Male,Driver,Injured_Slight,Driver_seat,Leisure,Not_pedestrian,Unknown,Not_pedestrian,Seat_belt,Used,Not a holiday,0
2101,201600001286,2016,4,20,Daylight,Out_of_agglomeration,Out_of_intersection,Normal,Frontal_two_vehicles,Manual_entry,,,False,2016-04-20,15,15,15:15,Afternoon,False,Spring,2.0,0.0,63.0,Departmental_road,Bidirectional,Unknown,Unknown,Curve_left,Normal,Roundabout,On_road,Unknown,A01,Opposite_direction,Car(Quad/Passenger),Cyclist,Front,Roundabout,0,1951.0,Male,Driver,Uninjured,Driver_seat,Leisure,Not_pedestrian,Unknown,Not_pedestrian,Seat_belt,Undetermined,Not a holiday,0
2102,201600001286,2016,4,20,Daylight,Out_of_agglomeration,Out_of_intersection,Normal,Frontal_two_vehicles,Manual_entry,,,False,2016-04-20,15,15,15:15,Afternoon,False,Spring,2.0,0.0,63.0,Departmental_road,Bidirectional,Unknown,Unknown,Curve_left,Normal,Roundabout,On_road,Unknown,B02,Other/Unknown,Motorcycle,Cyclist,Front,Straight_ahead,0,1993.0,Male,Driver,Injured_Hospitalized,Driver_seat,Leisure,Not_pedestrian,Unknown,Not_pedestrian,Helmet,Used,Not a holiday,0
2103,201600001287,2016,5,28,Daylight,Out_of_agglomeration,Out_of_intersection,Normal,No_collision,Manual_entry,,,False,2016-05-28,15,15,15:15,Afternoon,True,Spring,0.0,0.0,58.0,Departmental_road,Bidirectional,Unknown,Flat,Straight,Normal,Unknown,On_road,Unknown,A01,Other/Unknown,Car(Quad/Passenger),None,Multiple impacts,Straight_ahead,0,1992.0,Female,Driver,Injured_Hospitalized,Driver_seat,Leisure,Not_pedestrian,Unknown,Not_pedestrian,Seat_belt,Not_used,Not a holiday,0
2104,201600001288,2016,6,30,Daylight,Out_of_agglomeration,Other,Normal,Other_collision,Manual_entry,-2.36289,47.9196,True,2016-06-30,9,30,09:30,Morning,False,Summer,0.0,0.0,0.0,National_road,Unknown,Unknown,Unknown,Curve_right,Normal,Unknown,On_road,Not_near_school,A01,Opposite_direction,Car(Quad/Passenger),None,Front,Straight_ahead,0,1982.0,Female,Driver,Injured_Slight,Driver_seat,Leisure,Not_pedestrian,Unknown,Not_pedestrian,Seat_belt,Used,Not a holiday,0
2105,201600001289,2016,7,13,Daylight,Out_of_agglomeration,Out_of_intersection,Normal,Other_collision,Manual_entry,-2.42222,47.9356,True,2016-07-13,19,30,19:30,Evening,False,Summer,2.0,0.0,0.0,Departmental_road,Bidirectional,Unknown,Flat,Curve_left,Normal,Unknown,On_road,Unknown,A01,Opposite_direction,Car(Quad/Passenger),None,Front_right,Straight_ahead,0,1998.0,Male,Driver,Injured_Hospitalized,Driver_seat,Shopping,Not_pedestrian,Unknown,Not_pedestrian,Seat_belt,Used,Not a holiday,0
2106,201600001290,2016,7,29,Daylight,Built_up_area,Other,Normal,Other_collision,Manual_entry,-2.39865,47.93004,True,2016-07-29,11,0,11:00,Morning,False,Summer,1.0,0.0,46.0,Communal_way,Unknown,Unknown,Unknown,Unknown,Normal,Unknown,On_road,Not_near_school,A01,Same_direction,Car(Quad/Passenger),Pedestrian,Front,Roundabout,0,1961.0,Female,Driver,Uninjured,Driver_seat,Professional use,Not_pedestrian,Unknown,Not_pedestrian,Seat_belt,Used,Not a holiday,0
2107,201600001291,2016,8,19,Night_without_public_lighting,Out_of_agglomeration,Out_of_intersection,Normal,Other_collision,Manual_entry,,,False,2016-08-19,22,0,22:00,Night,False,Summer,0.0,0.0,62.0,Departmental_road,Bidirectional,Unknown,Flat,Straight,Normal,Unknown,On_verge,Not_near_school,A01,Opposite_direction,Car(Quad/Passenger),None,Right_side,Straight_ahead,0,1995.0,Male,Driver,Injured_Hospitalized,Driver_seat,Leisure,Not_pedestrian,Unknown,Not_pedestrian,Seat_belt,Used,Not a holiday,0
2108,201600001292,2016,9,20,Daylight,Out_of_agglomeration,Out_of_intersection,Normal,Frontal_two_vehicles,Manual_entry,-2.3949,48.04794,True,2016-09-20,15,30,15:30,Afternoon,False,Autumn,1.0,0.0,70.0,Departmental_road,Bidirectional,Unknown,Flat,Straight,Normal,Unknown,On_road,Not_near_school,A01,Opposite_direction,Car(Quad/Passenger),None,No_impact,Straight_ahead,0,1997.0,Female,Driver,Uninjured,Driver_seat,other,Not_pedestrian,Unknown,Not_pedestrian,Seat_belt,Undetermined,Not a holiday,0
2109,201600001292,2016,9,20,Daylight,Out_of_agglomeration,Out_of_intersection,Normal,Frontal_two_vehicles,Manual_entry,-2.3949,48.04794,True,2016-09-20,15,30,15:30,Afternoon,False,Autumn,1.0,0.0,70.0,Departmental_road,Bidirectional,Unknown,Flat,Straight,Normal,Unknown,On_road,Not_near_school,B02,Other/Unknown,Motorcycle,Cyclist,No_impact,Interaction,0,1956.0,Male,Driver,Injured_Hospitalized,Driver_seat,Leisure,Not_pedestrian,Unknown,Not_pedestrian,Helmet,Used,Not a holiday,0
2110,201600001293,2016,10,4,Daylight,Out_of_agglomeration,Out_of_intersection,Normal,No_collision,Manual_entry,,,False,2016-10-04,13,0,13:00,Afternoon,False,Autumn,2.0,0.0,0.0,Departmental_road,Bidirectional,Unknown,Flat,S-bend,Normal,Unknown,On_verge,Not_near_school,A01,Same_direction,Motorcycle,None,Front_right,Straight_ahead,0,1982.0,Female,Driver,Injured_Hospitalized,Driver_seat,Home-work,Not_pedestrian,Unknown,Not_pedestrian,Helmet,Used,Not a holiday,0