,accident_id,year,month,day,lighting_label,urban_label,intersection_label,weather_label,collision_label,gps_label,longitude_num,latitude_num,valid_geo,date,hour,minute,time_hhmm,time_of_day,is_weekend,season,num_lanes,pedestrian_crossing_width,road_width,road_category_label,traffic_regime_label,reserved_lane_label,road_profile_label,road_layout_label,surface_condition_label,infrastructure_label,situation_label,school_zone_label,vehicle_id,traffic_direction_label,vehicle_category_label,mobile_obstacle_label,impact_point_label,manoeuvre_label,occupants_group,birth_year,sex_label,user_category_label,injury_severity_label,seat_position_label,journey_purpose_label,pedestrian_location_label,pedestrian_action_label,pedestrian_state_label,safety_equipment_type,safety_equipment_usage,holiday_name,is_holiday
2162,201600001328,2016,11,24,Night_without_public_lighting,Out_of_agglomeration,Out_of_intersection,Light_rain,Other_collision,Manual_entry,-3.31769,48.00831,True,2016-11-24,22,0,22:00,Night,False,Autumn,0.0,0.0,60.0,Departmental_road,Bidirectional,Unknown,Flat,Straight,Wet,Unknown,On_verge,Unknown,A01,Opposite_direction,Car(Quad/Passenger),None,Rear,Avoiding_obstacle,0,1994.0,Male,Driver,Injured_Hospitalized,Driver_seat,Leisure,Not_pedestrian,Unknown,Not_pedestrian,Seat_belt,Not_used,Not a holiday,0
2163,201600001329,2016,1,16,Daylight,Out_of_agglomeration,Out_of_intersection,Normal,Frontal_two_vehicles,Manual_entry,,,False,2016-01-16,10,0,10:00,Morning,True,Winter,0.0,0.0,117.0,Departmental_road,Bidirectional,Unknown,Flat,Straight,Wet,Unknown,On_road,Not_near_school,A01,Opposite_direction,Car(Quad/Passenger),Cyclist,Front,Avoiding_obstacle,0,1984.0,Male,Driver,Killed,Driver_seat,Leisure,Not_pedestrian,Unknown,Not_pedestrian,Seat_belt,Used,Not a holiday,0
2164,201600001329,2016,1,16,Daylight,Out_of_agglomeration,Out_of_intersection,Normal,Frontal_two_vehicles,Manual_entry,,,False,2016-01-16,10,0,10:00,Morning,True,Winter,0.0,0.0,117.0,Departmental_road,Bidirectional,Unknown,Flat,Straight,Wet,Unknown,On_road,Not_near_school,B02,Other/Unknown,Bus/Coach,Cyclist,Front,Straight_ahead,0,1962.0,Male,Driver,Injured_Hospitalized,Driver_seat,Professional use,Not_pedestrian,Unknown,Not_pedestrian,Seat_belt,Used,Not a holiday,0
2165,201600001330,2016,3,19,Daylight,Out_of_agglomeration,Out_of_intersection,Normal,Other_collision,Manual_entry,-2.8674,48.00079,True,2016-03-19,17,0,17:00,Evening,True,Spring,2.0,0.0,50.0,Departmental_road,Bidirectional,Unknown,Slope,Curve_right,Normal,Unknown,On_verge,Not_near_school,A01,Other/Unknown,Motorcycle,None,Front,Straight_ahead,0,1958.0,Male,Driver,Injured_Hospitalized,Driver_seat,Leisure,Not_pedestrian,Unknown,Not_pedestrian,Helmet,Used,Not a holiday,0
2166,201600001331,2016,5,4,Daylight,Out_of_agglomeration,Out_of_intersection,Normal,No_collision,Manual_entry,,,False,2016-05-04,13,15,13:15,Afternoon,False,Spring,0.0,0.0,65.0,National_road,Separated_carriageways,Unknown,Unknown,Straight,Normal,Unknown,On_verge,Unknown,A01,Opposite_direction,Car(Quad/Passenger),None,Front_right,Straight_ahead,0,1945.0,Female,Driver,Injured_Hospitalized,Driver_seat,Unknown,Not_pedestrian,Unknown,Not_pedestrian,Seat_belt,Used,Not a holiday,0
2167,201600001332,2016,6,25,Daylight,Out_of_agglomeration,Out_of_intersection,Normal,Other_collision,Manual_entry,,,False,2016-06-25,15,30,15:30,Afternoon,True,Summer,2.0,0.0,60.0,Departmental_road,Bidirectional,Unknown,Flat,Straight,Normal,Unknown,On_road,Unknown,A01,Other/Unknown,Motorcycle,None,Front,Straight_ahead,0,1998.0,Male,Driver,Uninjured,Driver_seat,Leisure,Not_pedestrian,Unknown,Not_pedestrian,Helmet,Used,Not a holiday,0
2168,201600001333,2016,7,16,Daylight,Out_of_agglomeration,Out_of_intersection,Normal,Side_two_vehicles,Manual_entry,,,False,2016-07-16,10,0,10:00,Morning,True,Summer,2.0,70.0,70.0,Departmental_road,Bidirectional,Unknown,Flat,Straight,Normal,Unknown,On_road,Not_near_school,A01,Opposite_direction,Motorcycle,Cyclist,Front,Avoiding_obstacle,0,1976.0,Male,Driver,Injured_Hospitalized,Driver_seat,Leisure,Not_pedestrian,Unknown,Not_pedestrian,Helmet,Used,Not a holiday,0
2169,201600001333,2016,7,16,Daylight,Out_of_agglomeration,Out_of_intersection,Normal,Side_two_vehicles,Manual_entry,,,False,2016-07-16,10,0,10:00,Morning,True,Summer,2.0,70.0,70.0,Departmental_road,Bidirectional,Unknown,Flat,Straight,Normal,Unknown,On_road,Not_near_school,B02,Other/Unknown,Utility(Truck/Agri),Cyclist,Right_side,Loss_of_control,0,1972.0,Female,Driver,Injured_Slight,Driver_seat,Professional use,Not_pedestrian,Unknown,Not_pedestrian,Seat_belt,Used,Not a holiday,0
2170,201600001334,2016,8,21,Night_without_public_lighting,Out_of_agglomeration,Out_of_intersection,Normal,Other_collision,Manual_entry,-2.88755,47.93726,True,2016-08-21,0,45,00:45,Night,True,Summer,2.0,0.0,0.0,Communal_way,Bidirectional,Unknown,Flat,Straight,Normal,Unknown,On_verge,Not_near_school,A01,Same_direction,Motorcycle,None,Front_right,Turning,0,1973.0,Male,Driver,Killed,Driver_seat,Unknown,Not_pedestrian,Unknown,Not_pedestrian,Helmet,Used,Not a holiday,0
2171,201600001335,2016,10,4,Daylight,Out_of_agglomeration,Out_of_intersection,Normal,Frontal_two_vehicles,Manual_entry,-3.03041,47.87745,True,2016-10-04,10,45,10:45,Morning,False,Autumn,1.0,0.0,60.0,Departmental_road,Bidirectional,Unknown,Slope,Straight,Normal,Unknown,On_road,Unknown,B02,Other/Unknown,Utility(Truck/Agri),Cyclist,Rear,Turning,0,1965.0,Male,Driver,Uninjured,Driver_seat,Professional use,Not_pedestrian,Unknown,Not_pedestrian,Seat_belt,Used,Not a holiday,0
2172,201600001335,2016,10,4,Daylight,Out_of_agglomeration,Out_of_intersection,Normal,Frontal_two_vehicles,Manual_entry,-3.03041,47.87745,True,2016-10-04,10,45,10:45,Morning,False,Autumn,1.0,0.0,60.0,Departmental_road,Bidirectional,Unknown,Slope,Straight,Normal,Unknown,On_road,Unknown,A01,Other/Unknown,Motorcycle,Cyclist,Right_side,Straight_ahead,0,1993.0,Male,Driver,Injured_Hospitalized,Driver_seat,Unknown,Not_pedestrian,Unknown,Not_pedestrian,Helmet,Used,Not a holiday,0
2173,201600001336,2016,10,20,Night_without_public_lighting,Out_of_agglomeration,Out_of_intersection,Normal,Other_collision,Manual_entry,-2.94302,48.06373,True,2016-10-20,21,45,21:45,Night,False,Autumn,2.0,0.0,45.0,Departmental_road,Bidirectional,Unknown,Flat,Straight,Normal,Unknown,On_verge,Unknown,A01,Opposite_direction,Car(Quad/Passenger),None,Right_side,Straight_ahead,0,1991.0,Female,Driver,Uninjured,Driver_seat,Leisure,Not_pedestrian,Unknown,Not_pedestrian,Seat_belt,Not_used,Not a holiday,0
2174,201600001337,2016,11,8,Daylight,Out_of_agglomeration,Out_of_intersection,Normal,Side_two_vehicles,Manual_entry,-2.89701,47.89616,True,2016-11-08,10,15,10:15,Morning,False,Autumn,2.0,0.0,0.0,Departmental_road,Bidirectional,Unknown,Flat,Straight,Unknown,Unknown,On_road,Not_near_school,A01,Other/Unknown,Car(Quad/Passenger),Cyclist,Front_right,Straight_ahead,0,1972.0,Male,Driver,Injured_Hospitalized,Driver_seat,Professional use,Not_pedestrian,Unknown,Not_pedestrian,Seat_belt,Not_used,Not a holiday,0
2175,201600001337,2016,11,8,Daylight,Out_of_agglomeration,Out_of_intersection,Normal,Side_two_vehicles,Manual_entry,-2.89701,47.89616,True,2016-11-08,10,15,10:15,Morning,False,Autumn,2.0,0.0,0.0,Departmental_road,Bidirectional,Unknown,Flat,Straight,Unknown,Unknown,On_road,Not_near_school,B02,Other/Unknown,Car(Quad/Passenger),Cyclist,Front,Straight_ahead,0,1966.0,Male,Driver,Injured_Hospitalized,Driver_seat,Home-work,Not_pedestrian,Unknown,Not_pedestrian,Seat_belt,Used,Not a holiday,0
2176,201600001338,2016,12,5,Twilight_or_dawn,Out_of_agglomeration,Out_of_intersection,Normal,Side_two_vehicles,Manual_entry,-2.85135,47.8649,True,2016-12-05,8,15,08:15,Morning,False,Winter,2.0,0.0,61.0,Departmental_road,Bidirectional,Unknown,Unknown,Straight,Normal,Unknown,On_road,Unknown,A01,Opposite_direction,other,Cyclist,Front_left,Turning,0,1964.0,Male,Driver,Uninjured,Driver_seat,Professional use,Not_pedestrian,Unknown,Not_pedestrian,Seat_belt,Used,Not a holiday,0
2177,201600001338,2016,12,5,Twilight_or_dawn,Out_of_agglomeration,Out_of_intersection,Normal,Side_two_vehicles,Manual_entry,-2.85135,47.8649,True,2016-12-05,8,15,08:15,Morning,False,Winter,2.0,0.0,61.0,Departmental_road,Bidirectional,Unknown,Unknown,Straight,Normal,Unknown,On_road,Unknown,B02,Other/Unknown,Car(Quad/Passenger),Cyclist,Front,Straight_ahead,0,1978.0,Male,Driver,Injured_Hospitalized,Driver_seat,Home-school,Not_pedestrian,Unknown,Not_pedestrian,Seat_belt,Used,Not a holiday,0
2178,201600001339,2016,12,9,Night_without_public_lighting,Out_of_agglomeration,Out_of_intersection,Fog_or_smoke,No_collision,Manual_entry,-2.78025,47.95737,True,2016-12-09,19,0,19:00,Evening,False,Winter,2.0,50.0,50.0,Communal_way,Bidirectional,Unknown,Hill_bottom,Curve_left,Wet,Unknown,On_verge,Not_near_school,A01,Same_direction,Car(Quad/Passenger),None,Multiple impacts,Straight_ahead,0,1966.0,Male,Driver,Killed,Driver_seat,Leisure,Not_pedestrian,Unknown,Not_pedestrian,Seat_belt,Used,Not a holiday,0
2179,201600001340,2016,1,16,Night_without_public_lighting,Out_of_agglomeration,Out_of_intersection,Normal,Frontal_two_vehicles,Manual_entry,,,False,2016-01-16,22,50,22:50,Night,True,Winter,2.0,0.0,72.0,Departmental_road,Bidirectional,Unknown,Slope,Straight,Wet,Unknown,On_road,Not_near_school,B02,Other/Unknown,Car(Quad/Passenger),Cyclist,Front,Straight_ahead,0,1955.0,Male,Driver,Injured_Hospitalized,Driver_seat,Leisure,Not_pedestrian,Unknown,Not_pedestrian,Seat_belt,Used,Not a holiday,0
2180,201600001340,2016,1,16,Night_without_public_lighting,Out_of_agglomeration,Out_of_intersection,Normal,Frontal_two_vehicles,Manual_entry,,,False,2016-01-16,22,50,22:50,Night,True,Winter,2.0,0.0,72.0,Departmental_road,Bidirectional,Unknown,Slope,Straight,Wet,Unknown,On_road,Not_near_school,A01,Opposite_direction,Car(Quad/Passenger),Cyclist,Front,Reversing,0,1969.0,Female,Driver,Injured_Hospitalized,Driver_seat,Leisure,Not_pedestrian,Unknown,Not_pedestrian,Seat_belt,Used,Not a holiday,0
2181,201600001341,2016,5,14,Daylight,Built_up_area,Out_of_intersection,Normal,Multiple_three_plus,Manual_entry,-3.56177,48.09034,True,2016-05-14,20,15,20:15,Evening,True,Spring,2.0,0.0,53.0,Communal_way,Bidirectional,Unknown,Slope,Unknown,Normal,Unknown,On_road,Near_school,C03,Same_direction,Car(Quad/Passenger),None,No_impact,None,0,1991.0,Female,Driver,Uninjured,Driver_seat,Leisure,Not_pedestrian,Unknown,Not_pedestrian,Seat_belt,Used,Not a holiday,0
2182,201600001341,2016,5,14,Daylight,Built_up_area,Out_of_intersection,Normal,Multiple_three_plus,Manual_entry,-3.56177,48.09034,True,2016-05-14,20,15,20:15,Evening,True,Spring,2.0,0.0,53.0,Communal_way,Bidirectional,Unknown,Slope,Unknown,Normal,Unknown,On_road,Near_school,A01,Same_direction,Motorcycle,None,No_impact,Reversing,0,1957.0,Male,Driver,Uninjured,Driver_seat,Professional use,Not_pedestrian,Unknown,Not_pedestrian,Seat_belt,Used,Not a holiday,0
2183,201600001341,2016,5,14,Daylight,Built_up_area,Out_of_intersection,Normal,Multiple_three_plus,Manual_entry,-3.56177,48.09034,True,2016-05-14,20,15,20:15,Evening,True,Spring,2.0,0.0,53.0,Communal_way,Bidirectional,Unknown,Slope,Unknown,Normal,Unknown,On_road,Near_school,B02,Same_direction,Cycle,None,Front,Straight_ahead,0,1999.0,Male,Driver,Injured_Hospitalized,Driver_seat,Leisure,Not_pedestrian,Unknown,Not_pedestrian,Helmet,Not_used,Not a holiday,0
2184,201600001342,2016,9,26,Daylight,Built_up_area,Out_of_intersection,Normal,Frontal_two_vehicles,Manual_entry,-3.59533,48.13317,True,2016-09-26,15,30,15:30,Afternoon,False,Autumn,2.0,0.0,0.0,Communal_way,Bidirectional,Unknown,Unknown,Unknown,Normal,Unknown,On_road,Unknown,A01,Same_direction,Car(Quad/Passenger),Cyclist,Front,Straight_ahead,0,1950.0,Male,Driver,Injured_Hospitalized,Driver_seat,Unknown,Not_pedestrian,Unknown,Not_pedestrian,Seat_belt,Used,Not a holiday,0
2185,201600001342,2016,9,26,Daylight,Built_up_area,Out_of_intersection,Normal,Frontal_two_vehicles,Manual_entry,-3.59533,48.13317,True,2016-09-26,15,30,15:30,Afternoon,False,Autumn,2.0,0.0,0.0,Communal_way,Bidirectional,Unknown,Unknown,Unknown,Normal,Unknown,On_road,Unknown,B02,Same_direction,Motorcycle,Cyclist,Left_side,Straight_ahead,0,1978.0,Male,Driver,Injured_Slight,Driver_seat,Professional use,Not_pedestrian,Unknown,Not_pedestrian,other,Used,Not a holiday,0
2186,201600001343,2016,1,5,Night_without_public_lighting,Out_of_agglomeration,Out_of_intersection,Normal,Rear_end_two_vehicles,Manual_entry,-0.29993,49.2257,True,2016-01-05,8,0,08:00,Morning,False,Winter,4.0,10.0,105.0,Departmental_road,Separated_carriageways,Unknown,Flat,Straight,Normal,Unknown,On_road,Not_near_school,A01,Opposite_direction,Utility(Truck/Agri),Cyclist,Front_right,Interaction,0,1994.0,Male,Driver,Injured_Slight,Driver_seat,Home-work,Not_pedestrian,Unknown,Not_pedestrian,Seat_belt,Used,Not a holiday,0
2187,201600001343,2016,1,5,Night_without_public_lighting,Out_of_agglomeration,Out_of_intersection,Normal,Rear_end_two_vehicles,Manual_entry,-0.29993,49.2257,True,2016-01-05,8,0,08:00,Morning,False,Winter,4.0,10.0,105.0,Departmental_road,Separated_carriageways,Unknown,Flat,Straight,Normal,Unknown,On_road,Not_near_school,B02,Opposite_direction,Motorcycle,Cyclist,Rear_left,Turning,0,1958.0,Female,Driver,Injured_Hospitalized,Driver_seat,Shopping,Not_pedestrian,Unknown,Not_pedestrian,Seat_belt,Used,Not a holiday,0
2188,201600001344,2016,10,19,Night_without_public_lighting,Out_of_agglomeration,Out_of_intersection,Normal,Multiple_three_plus,Unknown,,,False,2016-10-19,20,0,20:00,Evening,False,Autumn,4.0,15.0,140.0,National_road,Separated_carriageways,Unknown,Unknown,Curve_left,Normal,Unknown,On_road,Unknown,D04,Opposite_direction,Car(Quad/Passenger),Other vehicle,Front,Straight_ahead,0,1995.0,Male,Driver,Injured_Hospitalized,Driver_seat,Leisure,Not_pedestrian,Unknown,Not_pedestrian,Seat_belt,Used,Not a holiday,0
2189,201600001344,2016,10,19,Night_without_public_lighting,Out_of_agglomeration,Out_of_intersection,Normal,Multiple_three_plus,Unknown,,,False,2016-10-19,20,0,20:00,Evening,False,Autumn,4.0,15.0,140.0,National_road,Separated_carriageways,Unknown,Unknown,Curve_left,Normal,Unknown,On_road,Unknown,B02,Opposite_direction,Utility(Truck/Agri),Other vehicle,Right_side,Straight_ahead,0,1952.0,Male,Driver,Uninjured,Driver_seat,Leisure,Not_pedestrian,Unknown,Not_pedestrian,Seat_belt,Used,Not a holiday,0
2190,201600001344,2016,10,19,Night_without_public_lighting,Out_of_agglomeration,Out_of_intersection,Normal,Multiple_three_plus,Unknown,,,False,2016-10-19,20,0,20:00,Evening,False,Autumn,4.0,15.0,140.0,National_road,Separated_carriageways,Unknown,Unknown,Curve_left,Normal,Unknown,On_road,Unknown,E05,Opposite_direction,Car(Quad/Passenger),Other vehicle,Front,Straight_ahead,0,1959.0,Female,Driver,Uninjured,Driver_seat,Leisure,Not_pedestrian,Unknown,Not_pedestrian,Seat_belt,Used,Not a holiday,0
2191,201600001344,2016,10,19,Night_without_public_lighting,Out_of_agglomeration,Out_of_intersection,Normal,Multiple_three_plus,Unknown,,,False,2016-10-19,20,0,20:00,Evening,False,Autumn,4.0,15.0,140.0,National_road,Separated_carriageways,Unknown,Unknown,Curve_left,Normal,Unknown,On_road,Unknown,A01,Opposite_direction,Car(Quad/Passenger),Other vehicle,Front,Straight_ahead,0,1980.0,Male,Driver,Injured_Hospitalized,Driver_seat,Leisure,Not_pedestrian,Unknown,Not_pedestrian,Seat_belt,Used,Not a holiday,0
2192,201600001344,2016,10,19,Night_without_public_lighting,Out_of_agglomeration,Out_of_intersection,Normal,Multiple_three_plus,Unknown,,,False,2016-10-19,20,0,20:00,Evening,False,Autumn,4.0,15.0,140.0,National_road,Separated_carriageways,Unknown,Unknown,Curve_left,Normal,Unknown,On_road,Unknown,C03,Opposite_direction,other,Other vehicle,Front_right,Straight_ahead,0,1958.0,Male,Driver,Uninjured,Driver_seat,Professional use,Not_pedestrian,Unknown,Not_pedestrian,Seat_belt,Used,Not a holiday,0
2193,201600001345,2016,11,17,Night_without_public_lighting,Out_of_agglomeration,Out_of_intersection,Normal,Multiple_three_plus,Unknown,,,False,2016-11-17,22,15,22:15,Night,False,Autumn,2.0,0.0,0.0,National_road,One_way,Unknown,Flat,Straight,Wet,Unknown,On_road,Not_near_school,A01,Opposite_direction,Car(Quad/Passenger),Cyclist,Front_right,Reversing,0,1985.0,Male,Driver,Injured_Hospitalized,Driver_seat,other,Not_pedestrian,Unknown,Not_pedestrian,Seat_belt,Used,Not a holiday,0
2194,201600001345,2016,11,17,Night_without_public_lighting,Out_of_agglomeration,Out_of_intersection,Normal,Multiple_three_plus,Unknown,,,False,2016-11-17,22,15,22:15,Night,False,Autumn,2.0,0.0,0.0,National_road,One_way,Unknown,Flat,Straight,Wet,Unknown,On_road,Not_near_school,B02,Other/Unknown,Car(Quad/Passenger),Cyclist,Front_right,Straight_ahead,0,1963.0,Male,Driver,Injured_Slight,Driver_seat,Home-work,Not_pedestrian,Unknown,Not_pedestrian,Seat_belt,Used,Not a holiday,0
2195,201600001345,2016,11,17,Night_without_public_lighting,Out_of_agglomeration,Out_of_intersection,Normal,Multiple_three_plus,Unknown,,,False,2016-11-17,22,15,22:15,Night,False,Autumn,2.0,0.0,0.0,National_road,One_way,Unknown,Flat,Straight,Wet,Unknown,On_road,Not_near_school,C03,Other/Unknown,other,Cyclist,Front_left,Straight_ahead,0,1967.0,Male,Driver,Uninjured,Driver_seat,Professional use,Not_pedestrian,Unknown,Not_pedestrian,Seat_belt,Used,Not a holiday,0
2196,201600001346,2016,11,18,Daylight,Out_of_agglomeration,Out_of_intersection,Snow_or_hail,Multiple_three_plus,Manual_entry,-0.28248,49.0471,True,2016-11-18,14,0,14:00,Afternoon,False,Autumn,4.0,11.0,70.0,National_road,Separated_carriageways,Unknown,Flat,Straight,Wet,Unknown,On_road,Unknown,A01,Other/Unknown,Car(Quad/Passenger),Cyclist,Front_right,Straight_ahead,0,1981.0,Female,Driver,Injured_Slight,Driver_seat,Home-work,Not_pedestrian,Unknown,Not_pedestrian,Seat_belt,Used,Not a holiday,0
2197,201600001346,2016,11,18,Daylight,Out_of_agglomeration,Out_of_intersection,Snow_or_hail,Multiple_three_plus,Manual_entry,-0.28248,49.0471,True,2016-11-18,14,0,14:00,Afternoon,False,Autumn,4.0,11.0,70.0,National_road,Separated_carriageways,Unknown,Flat,Straight,Wet,Unknown,On_road,Unknown,B02,Other/Unknown,Car(Quad/Passenger),Cyclist,Front,Straight_ahead,0,1978.0,Female,Driver,Injured_Hospitalized,Driver_seat,Home-work,Not_pedestrian,Unknown,Not_pedestrian,Seat_belt,Used,Not a holiday,0
2198,201600001346,2016,11,18,Daylight,Out_of_agglomeration,Out_of_intersection,Snow_or_hail,Multiple_three_plus,Manual_entry,-0.28248,49.0471,True,2016-11-18,14,0,14:00,Afternoon,False,Autumn,4.0,11.0,70.0,National_road,Separated_carriageways,Unknown,Flat,Straight,Wet,Unknown,On_road,Unknown,C03,Other/Unknown,Car(Quad/Passenger),Cyclist,Front,Straight_ahead,0,1974.0,Male,Driver,Uninjured,Driver_seat,Home-work,Not_pedestrian,Unknown,Not_pedestrian,Seat_belt,Used,Not a holiday,0
2199,201600001346,2016,11,18,Daylight,Out_of_agglomeration,Out_of_intersection,Snow_or_hail,Multiple_three_plus,Manual_entry,-0.28248,49.0471,True,2016-11-18,14,0,14:00,Afternoon,False,Autumn,4.0,11.0,70.0,National_road,Separated_carriageways,Unknown,Flat,Straight,Wet,Unknown,On_road,Unknown,D04,Other/Unknown,Bus/Coach,Cyclist,Right_side,Straight_ahead,0,1967.0,Male,Driver,Uninjured,Driver_seat,Professional use,Not_pedestrian,Unknown,Not_pedestrian,Seat_belt,Used,Not a holiday,0
2200,201600001347,2016,12,19,Daylight,Out_of_agglomeration,Out_of_intersection,Normal,Other_collision,Manual_entry,,,False,2016-12-19,10,15,10:15,Morning,False,Winter,4.0,10.0,140.0,Departmental_road,Separated_carriageways,Unknown,Flat,Curve_right,Normal,Unknown,On_verge,Unknown,A01,Opposite_direction,Car(Quad/Passenger),None,Front_right,Straight_ahead,0,1979.0,Male,Driver,Injured_Hospitalized,Driver_seat,Professional use,Not_pedestrian,Unknown,Not_pedestrian,Seat_belt,Used,Not a holiday,0
2201,201600001348,2016,3,12,Daylight,Out_of_agglomeration,Out_of_intersection,Normal,Other_collision,Manual_entry,-0.29104,49.2322,True,2016-03-12,12,15,12:15,Afternoon,True,Spring,2.0,11.0,105.0,Departmental_road,Separated_carriageways,Unknown,Unknown,Straight,Normal,Unknown,On_emergency_stop_band,Unknown,A01,Other/Unknown,Car(Quad/Passenger),None,Front,Turning,0,1988.0,Female,Driver,Uninjured,Driver_seat,Leisure,Not_pedestrian,Unknown,Not_pedestrian,Seat_belt,Used,Not a holiday,0
2202,201600001349,2016,1,8,Night_with_public_lighting_not_functioning,Built_up_area,Out_of_intersection,Heavy_rain,Side_two_vehicles,Manual_entry,-0.34028,49.3132,True,2016-01-08,21,30,21:30,Night,False,Winter,2.0,0.0,56.0,Departmental_road,Bidirectional,Unknown,Flat,Straight,Wet,Unknown,On_road,Not_near_school,A01,Opposite_direction,Car(Quad/Passenger),Cyclist,Right_side,Avoiding_obstacle,0,1978.0,Male,Driver,Uninjured,Driver_seat,Leisure,Not_pedestrian,Unknown,Not_pedestrian,Seat_belt,Used,Not a holiday,0
2203,201600001349,2016,1,8,Night_with_public_lighting_not_functioning,Built_up_area,Out_of_intersection,Heavy_rain,Side_two_vehicles,Manual_entry,-0.34028,49.3132,True,2016-01-08,21,30,21:30,Night,False,Winter,2.0,0.0,56.0,Departmental_road,Bidirectional,Unknown,Flat,Straight,Wet,Unknown,On_road,Not_near_school,B02,Other/Unknown,Utility(Truck/Agri),Cyclist,Front_left,Straight_ahead,0,1968.0,Female,Driver,Injured_Slight,Driver_seat,Leisure,Not_pedestrian,Unknown,Not_pedestrian,Seat_belt,Used,Not a holiday,0
2204,201600001350,2016,1,13,Daylight,Built_up_area,Out_of_intersection,Normal,Other_collision,Manual_entry,-0.35902,49.3076,True,2016-01-13,12,0,12:00,Afternoon,False,Winter,2.0,0.0,0.0,Departmental_road,Bidirectional,Unknown,Flat,Straight,Normal,Unknown,On_sidewalk,Not_near_school,A01,Opposite_direction,Motorcycle,None,Left_side,Straight_ahead,0,1976.0,Female,Driver,Injured_Slight,Driver_seat,Professional use,Not_pedestrian,Unknown,Not_pedestrian,Helmet,Used,Not a holiday,0
2205,201600001351,2016,1,17,Night_without_public_lighting,Built_up_area,Out_of_intersection,Normal,Other_collision,Manual_entry,-0.43106,49.3317,True,2016-01-17,4,0,04:00,Night,True,Winter,2.0,0.0,71.0,Departmental_road,Bidirectional,Unknown,Flat,Curve_left,Normal,Unknown,On_verge,Not_near_school,A01,Opposite_direction,Car(Quad/Passenger),None,Front_right,Turning,0,1995.0,Male,Driver,Injured_Hospitalized,Driver_seat,Leisure,Not_pedestrian,Unknown,Not_pedestrian,Seat_belt,Used,Not a holiday,0
2206,201600001352,2016,7,28,Daylight,Built_up_area,Intersection_T,Normal,Frontal_two_vehicles,Manual_entry,-0.35658,49.3097,True,2016-07-28,17,35,17:35,Evening,False,Summer,2.0,9.0,70.0,Departmental_road,Bidirectional,Unknown,Flat,Curve_left,Normal,Roundabout,On_road,Unknown,B01,Opposite_direction,Cycle,Cyclist,Front,Straight_ahead,0,2000.0,Male,Driver,Injured_Hospitalized,Driver_seat,Shopping,Not_pedestrian,Unknown,Not_pedestrian,Reflective_equipment,Not_used,Not a holiday,0
2207,201600001352,2016,7,28,Daylight,Built_up_area,Intersection_T,Normal,Frontal_two_vehicles,Manual_entry,-0.35658,49.3097,True,2016-07-28,17,35,17:35,Evening,False,Summer,2.0,9.0,70.0,Departmental_road,Bidirectional,Unknown,Flat,Curve_left,Normal,Roundabout,On_road,Unknown,A01,Opposite_direction,Car(Quad/Passenger),Cyclist,Right_side,Roundabout,0,1988.0,Female,Driver,Uninjured,Driver_seat,Leisure,Not_pedestrian,Unknown,Not_pedestrian,Seat_belt,Used,Not a holiday,0
2208,201600001353,2016,9,13,Night_without_public_lighting,Out_of_agglomeration,Roundabout,Normal,No_collision,Manual_entry,-0.378,49.28,True,2016-09-13,5,30,05:30,Morning,False,Autumn,2.0,0.0,0.0,Departmental_road,Separated_carriageways,Unknown,Flat,Straight,Normal,Interchange,On_road,Unknown,A01,Opposite_direction,Car(Quad/Passenger),None,Multiple impacts,None,0,1987.0,Male,Driver,Injured_Slight,Driver_seat,Home-work,Not_pedestrian,Unknown,Not_pedestrian,Seat_belt,Used,Not a holiday,0
2209,201600001354,2016,10,2,Daylight,Built_up_area,Intersection_X,Normal,Side_two_vehicles,Manual_entry,-0.40584,49.3319,True,2016-10-02,9,50,09:50,Morning,True,Autumn,2.0,0.0,74.0,Departmental_road,Bidirectional,Unknown,Flat,Straight,Normal,Roundabout,On_road,Unknown,A01,Opposite_direction,Cycle,Cyclist,Front_left,Straight_ahead,0,1934.0,Male,Driver,Injured_Hospitalized,Driver_seat,Leisure,Not_pedestrian,Unknown,Not_pedestrian,other,Not_used,Not a holiday,0
2210,201600001354,2016,10,2,Daylight,Built_up_area,Intersection_X,Normal,Side_two_vehicles,Manual_entry,-0.40584,49.3319,True,2016-10-02,9,50,09:50,Morning,True,Autumn,2.0,0.0,74.0,Departmental_road,Bidirectional,Unknown,Flat,Straight,Normal,Roundabout,On_road,Unknown,B02,Other/Unknown,Car(Quad/Passenger),Cyclist,Front,Loss_of_control,0,1949.0,Male,Driver,Uninjured,Driver_seat,Leisure,Not_pedestrian,Unknown,Not_pedestrian,Seat_belt,Used,Not a holiday,0