,accident_id,year,month,day,lighting_label,urban_label,intersection_label,weather_label,collision_label,gps_label,longitude_num,latitude_num,valid_geo,date,hour,minute,time_hhmm,time_of_day,is_weekend,season,num_lanes,pedestrian_crossing_width,road_width,road_category_label,traffic_regime_label,reserved_lane_label,road_profile_label,road_layout_label,surface_condition_label,infrastructure_label,situation_label,school_zone_label,vehicle_id,traffic_direction_label,vehicle_category_label,mobile_obstacle_label,impact_point_label,manoeuvre_label,occupants_group,birth_year,sex_label,user_category_label,injury_severity_label,seat_position_label,journey_purpose_label,pedestrian_location_label,pedestrian_action_label,pedestrian_state_label,safety_equipment_type,safety_equipment_usage,holiday_name,is_holiday
2262,201600001387,2016,7,5,Daylight,Out_of_agglomeration,Out_of_intersection,Light_rain,Frontal_two_vehicles,Manual_entry,-0.55732,49.0768,True,2016-07-05,8,0,08:00,Morning,False,Summer,2.0,0.0,68.0,Departmental_road,Bidirectional,Unknown,Slope,Curve_right,Wet,Unknown,On_road,Unknown,A01,Opposite_direction,Car(Quad/Passenger),Cyclist,Front,Avoiding_obstacle,0,1967.0,Female,Driver,Injured_Hospitalized,Driver_seat,Home-work,Not_pedestrian,Unknown,Not_pedestrian,Seat_belt,Used,Not a holiday,0
2263,201600001387,2016,7,5,Daylight,Out_of_agglomeration,Out_of_intersection,Light_rain,Frontal_two_vehicles,Manual_entry,-0.55732,49.0768,True,2016-07-05,8,0,08:00,Morning,False,Summer,2.0,0.0,68.0,Departmental_road,Bidirectional,Unknown,Slope,Curve_right,Wet,Unknown,On_road,Unknown,B02,Other/Unknown,Car(Quad/Passenger),Cyclist,Front,Straight_ahead,0,1966.0,Female,Driver,Injured_Hospitalized,Driver_seat,Home-school,Not_pedestrian,Unknown,Not_pedestrian,Seat_belt,Used,Not a holiday,0
2264,201600001388,2016,7,19,Daylight,Out_of_agglomeration,Out_of_intersection,Normal,Frontal_two_vehicles,Manual_entry,-0.56786,49.0978,True,2016-07-19,16,30,16:30,Afternoon,False,Summer,2.0,0.0,40.0,Departmental_road,Bidirectional,Unknown,Slope,Curve_left,Normal,Unknown,On_road,Unknown,A01,Opposite_direction,Car(Quad/Passenger),Cyclist,Right_side,Avoiding_obstacle,0,1994.0,Male,Driver,Uninjured,Driver_seat,Leisure,Not_pedestrian,Unknown,Not_pedestrian,Seat_belt,Used,Not a holiday,0
2265,201600001388,2016,7,19,Daylight,Out_of_agglomeration,Out_of_intersection,Normal,Frontal_two_vehicles,Manual_entry,-0.56786,49.0978,True,2016-07-19,16,30,16:30,Afternoon,False,Summer,2.0,0.0,40.0,Departmental_road,Bidirectional,Unknown,Slope,Curve_left,Normal,Unknown,On_road,Unknown,B02,Other/Unknown,Car(Quad/Passenger),Cyclist,Right_side,Interaction,0,1997.0,Male,Driver,Injured_Slight,Driver_seat,Leisure,Not_pedestrian,Unknown,Not_pedestrian,Seat_belt,Used,Not a holiday,0
2266,201600001389,2016,8,23,Daylight,Built_up_area,Out_of_intersection,Normal,Frontal_two_vehicles,Manual_entry,-0.61361,49.2237,True,2016-08-23,15,45,15:45,Afternoon,False,Summer,2.0,0.0,53.0,Departmental_road,Bidirectional,Unknown,Flat,Curve_right,Normal,Unknown,On_road,Unknown,A01,Opposite_direction,Personal mobility,Cyclist,Right_side,Avoiding_obstacle,0,2001.0,Male,Driver,Injured_Hospitalized,Driver_seat,Leisure,Not_pedestrian,Unknown,Not_pedestrian,Helmet,Used,Not a holiday,0
2267,201600001389,2016,8,23,Daylight,Built_up_area,Out_of_intersection,Normal,Frontal_two_vehicles,Manual_entry,-0.61361,49.2237,True,2016-08-23,15,45,15:45,Afternoon,False,Summer,2.0,0.0,53.0,Departmental_road,Bidirectional,Unknown,Flat,Curve_right,Normal,Unknown,On_road,Unknown,B02,Other/Unknown,Car(Quad/Passenger),Cyclist,Right_side,Straight_ahead,0,1964.0,Female,Driver,Uninjured,Driver_seat,Home-work,Not_pedestrian,Unknown,Not_pedestrian,Seat_belt,Used,Not a holiday,0
2268,201600001390,2016,8,28,Daylight,Built_up_area,Out_of_intersection,Normal,Other_collision,Manual_entry,-0.65173,49.1522,True,2016-08-28,20,30,20:30,Evening,True,Summer,2.0,70.0,0.0,Departmental_road,Bidirectional,Unknown,Flat,Straight,Normal,Unknown,On_sidewalk,Unknown,A01,Opposite_direction,Car(Quad/Passenger),None,Multiple impacts,Turning,0,1998.0,Male,Driver,Killed,Driver_seat,Leisure,Not_pedestrian,Unknown,Not_pedestrian,Seat_belt,Used,Not a holiday,0
2269,201600001391,2016,9,8,Daylight,Out_of_agglomeration,Out_of_intersection,Normal,Side_two_vehicles,Manual_entry,-0.593,49.112,True,2016-09-08,17,30,17:30,Evening,False,Autumn,2.0,0.0,0.0,Departmental_road,Bidirectional,Unknown,Flat,Straight,Normal,Unknown,On_road,Not_near_school,A01,Opposite_direction,Motorcycle,Cyclist,Front,other,0,1994.0,Male,Driver,Injured_Hospitalized,Driver_seat,Home-work,Not_pedestrian,Unknown,Not_pedestrian,Helmet,Used,Not a holiday,0
2270,201600001391,2016,9,8,Daylight,Out_of_agglomeration,Out_of_intersection,Normal,Side_two_vehicles,Manual_entry,-0.593,49.112,True,2016-09-08,17,30,17:30,Evening,False,Autumn,2.0,0.0,0.0,Departmental_road,Bidirectional,Unknown,Flat,Straight,Normal,Unknown,On_road,Not_near_school,B02,Opposite_direction,Tram/Train,None,Rear_left,Roundabout,0,1978.0,Male,Driver,Uninjured,Driver_seat,Leisure,Not_pedestrian,Unknown,Not_pedestrian,Seat_belt,Unspecified,Not a holiday,0
2271,201600001392,2016,10,8,Daylight,Out_of_agglomeration,Out_of_intersection,Normal,No_collision,Manual_entry,-0.78694,49.0775,True,2016-10-08,16,45,16:45,Afternoon,True,Autumn,0.0,0.0,60.0,Departmental_road,Bidirectional,Unknown,Slope,Curve_right,Normal,Unknown,On_verge,Unknown,A01,Other/Unknown,Motorcycle,None,Multiple impacts,Avoiding_obstacle,0,1987.0,Male,Driver,Injured_Hospitalized,Driver_seat,Leisure,Not_pedestrian,Unknown,Not_pedestrian,Helmet,Used,Not a holiday,0
2272,201600001393,2016,1,1,Daylight,Out_of_agglomeration,Out_of_intersection,Normal,Other_collision,Manual_entry,-0.1965,49.1904,True,2016-01-01,9,20,09:20,Morning,False,Winter,2.0,0.0,0.0,Departmental_road,Bidirectional,Unknown,Flat,Curve_left,Normal,Unknown,On_verge,Not_near_school,A01,Other/Unknown,Car(Quad/Passenger),None,Front,Turning,0,1995.0,Male,Driver,Uninjured,Driver_seat,Leisure,Not_pedestrian,Unknown,Not_pedestrian,Seat_belt,Used,New year,1
2273,201600001394,2016,1,5,Night_without_public_lighting,Out_of_agglomeration,Out_of_intersection,Normal,Other_collision,Manual_entry,-0.24039,49.2558,True,2016-01-05,19,45,19:45,Evening,False,Winter,2.0,0.0,0.0,Departmental_road,Bidirectional,Unknown,Flat,Straight,Normal,Unknown,On_verge,Not_near_school,A01,Other/Unknown,Car(Quad/Passenger),None,Front,Avoiding_obstacle,0,1993.0,Male,Driver,Injured_Slight,Driver_seat,Leisure,Not_pedestrian,Unknown,Not_pedestrian,Seat_belt,Used,Not a holiday,0
2274,201600001395,2016,2,6,Night_without_public_lighting,Out_of_agglomeration,Out_of_intersection,Light_rain,Frontal_two_vehicles,Manual_entry,-0.17832,49.1887,True,2016-02-06,21,30,21:30,Night,True,Winter,2.0,0.0,53.0,Departmental_road,Bidirectional,Unknown,Slope,Straight,Wet,Unknown,On_road,Not_near_school,A01,Other/Unknown,Car(Quad/Passenger),Cyclist,Right_side,Avoiding_obstacle,0,1964.0,Male,Driver,Injured_Slight,Driver_seat,Leisure,Not_pedestrian,Unknown,Not_pedestrian,Seat_belt,Used,Not a holiday,0
2275,201600001395,2016,2,6,Night_without_public_lighting,Out_of_agglomeration,Out_of_intersection,Light_rain,Frontal_two_vehicles,Manual_entry,-0.17832,49.1887,True,2016-02-06,21,30,21:30,Night,True,Winter,2.0,0.0,53.0,Departmental_road,Bidirectional,Unknown,Slope,Straight,Wet,Unknown,On_road,Not_near_school,B02,Opposite_direction,Car(Quad/Passenger),Cyclist,Right_side,Interaction,0,1993.0,Female,Driver,Injured_Hospitalized,Driver_seat,Home-work,Not_pedestrian,Unknown,Not_pedestrian,Seat_belt,Used,Not a holiday,0
2276,201600001396,2016,5,25,Night_without_public_lighting,Built_up_area,Out_of_intersection,Normal,No_collision,Manual_entry,-0.25677,49.2359,True,2016-05-25,22,0,22:00,Night,False,Spring,2.0,0.0,50.0,Communal_way,Bidirectional,Unknown,Flat,Straight,Normal,Unknown,On_road,Unknown,A01,Same_direction,Motorcycle,None,No_impact,Park/Start/Stop,0,1981.0,Male,Driver,Injured_Hospitalized,Driver_seat,Leisure,Not_pedestrian,Unknown,Not_pedestrian,Helmet,Not_used,Not a holiday,0
2277,201600001397,2016,7,16,Daylight,Out_of_agglomeration,Intersection_X,Normal,Side_two_vehicles,Manual_entry,-0.2381,49.2362,True,2016-07-16,18,15,18:15,Evening,True,Summer,2.0,0.0,60.0,Departmental_road,Bidirectional,Unknown,Slope,S-bend,Normal,Unknown,On_road,Unknown,B01,Other/Unknown,Car(Quad/Passenger),Cyclist,Left_side,Straight_ahead,0,1990.0,Male,Driver,Uninjured,Driver_seat,Leisure,Not_pedestrian,Unknown,Not_pedestrian,Seat_belt,Used,Not a holiday,0
2278,201600001397,2016,7,16,Daylight,Out_of_agglomeration,Intersection_X,Normal,Side_two_vehicles,Manual_entry,-0.2381,49.2362,True,2016-07-16,18,15,18:15,Evening,True,Summer,2.0,0.0,60.0,Departmental_road,Bidirectional,Unknown,Slope,S-bend,Normal,Unknown,On_road,Unknown,A01,Other/Unknown,Cycle,Cyclist,Front,Straight_ahead,0,1999.0,Male,Driver,Injured_Hospitalized,Driver_seat,Leisure,Not_pedestrian,Unknown,Not_pedestrian,Reflective_equipment,Not_used,Not a holiday,0
2279,201600001398,2016,10,20,Night_without_public_lighting,Built_up_area,Out_of_intersection,Normal,No_collision,Manual_entry,-0.22347,49.1829,True,2016-10-20,19,42,19:42,Evening,False,Autumn,2.0,0.0,47.0,Departmental_road,Bidirectional,Unknown,Flat,Curve_left,Normal,Unknown,On_road,Unknown,A01,Other/Unknown,Car(Quad/Passenger),None,Front_left,Straight_ahead,0,1955.0,Male,Driver,Injured_Slight,Driver_seat,Leisure,Not_pedestrian,Unknown,Not_pedestrian,Seat_belt,Not_used,Not a holiday,0
2280,201600001399,2016,10,29,Daylight,Out_of_agglomeration,Out_of_intersection,Normal,Side_two_vehicles,Manual_entry,-0.24799,49.2475,True,2016-10-29,10,45,10:45,Morning,True,Autumn,2.0,0.0,60.0,Departmental_road,Bidirectional,Unknown,Flat,Straight,Normal,Unknown,On_road,Unknown,B01,Other/Unknown,Motorcycle,Cyclist,Front,Straight_ahead,0,1993.0,Male,Driver,Injured_Hospitalized,Driver_seat,Leisure,Not_pedestrian,Unknown,Not_pedestrian,Helmet,Used,Not a holiday,0
2281,201600001399,2016,10,29,Daylight,Out_of_agglomeration,Out_of_intersection,Normal,Side_two_vehicles,Manual_entry,-0.24799,49.2475,True,2016-10-29,10,45,10:45,Morning,True,Autumn,2.0,0.0,60.0,Departmental_road,Bidirectional,Unknown,Flat,Straight,Normal,Unknown,On_road,Unknown,A02,Opposite_direction,Car(Quad/Passenger),Cyclist,Right_side,Roundabout,0,1973.0,Male,Driver,Uninjured,Driver_seat,Leisure,Not_pedestrian,Unknown,Not_pedestrian,Seat_belt,Used,Not a holiday,0
2282,201600001400,2016,12,17,Night_without_public_lighting,Out_of_agglomeration,Out_of_intersection,Fog_or_smoke,Frontal_two_vehicles,Manual_entry,,,False,2016-12-17,19,30,19:30,Evening,True,Winter,2.0,0.0,70.0,Departmental_road,Bidirectional,Unknown,Unknown,Straight,Normal,Unknown,On_road,Unknown,B02,Other/Unknown,Car(Quad/Passenger),Cyclist,Front,Straight_ahead,0,1959.0,Male,Driver,Injured_Hospitalized,Driver_seat,Leisure,Not_pedestrian,Unknown,Not_pedestrian,Seat_belt,Used,Not a holiday,0
2283,201600001400,2016,12,17,Night_without_public_lighting,Out_of_agglomeration,Out_of_intersection,Fog_or_smoke,Frontal_two_vehicles,Manual_entry,,,False,2016-12-17,19,30,19:30,Evening,True,Winter,2.0,0.0,70.0,Departmental_road,Bidirectional,Unknown,Unknown,Straight,Normal,Unknown,On_road,Unknown,A01,Opposite_direction,Car(Quad/Passenger),Cyclist,Front,Avoiding_obstacle,0,1977.0,Male,Driver,Injured_Hospitalized,Driver_seat,Unknown,Not_pedestrian,Unknown,Not_pedestrian,Seat_belt,Used,Not a holiday,0
2284,201600001401,2016,1,7,Daylight,Out_of_agglomeration,Out_of_intersection,Strong_wind_or_storm,Frontal_two_vehicles,Manual_entry,-0.70075,49.3089,True,2016-01-07,10,30,10:30,Morning,False,Winter,2.0,0.0,50.0,Departmental_road,Bidirectional,Unknown,Flat,Curve_left,Wet,Unknown,On_road,Unknown,A01,Opposite_direction,Utility(Truck/Agri),None,Right_side,Interaction,0,1985.0,Male,Driver,Uninjured,Driver_seat,Professional use,Not_pedestrian,Unknown,Not_pedestrian,Seat_belt,Used,Not a holiday,0
2285,201600001401,2016,1,7,Daylight,Out_of_agglomeration,Out_of_intersection,Strong_wind_or_storm,Frontal_two_vehicles,Manual_entry,-0.70075,49.3089,True,2016-01-07,10,30,10:30,Morning,False,Winter,2.0,0.0,50.0,Departmental_road,Bidirectional,Unknown,Flat,Curve_left,Wet,Unknown,On_road,Unknown,B02,Other/Unknown,Car(Quad/Passenger),None,Front,Avoiding_obstacle,0,1935.0,Female,Driver,Injured_Hospitalized,Driver_seat,Shopping,Not_pedestrian,Unknown,Not_pedestrian,Seat_belt,Used,Not a holiday,0
2286,201600001402,2016,5,3,Daylight,Built_up_area,Out_of_intersection,Dazzling,Other_collision,Unknown,,,False,2016-05-03,17,30,17:30,Evening,False,Spring,0.0,0.0,0.0,other,Unknown,Unknown,Flat,Unknown,Normal,Unknown,On_road,Unknown,A01,Same_direction,Car(Quad/Passenger),Pedestrian,No_impact,Roundabout,0,1942.0,Female,Driver,Uninjured,Driver_seat,Leisure,Not_pedestrian,Unknown,Not_pedestrian,Seat_belt,Used,Not a holiday,0
2287,201600001403,2016,4,28,Night_with_public_lighting_on,Built_up_area,Roundabout,Normal,Rear_end_two_vehicles,Manual_entry,-0.68924,49.273,True,2016-04-28,21,40,21:40,Night,False,Spring,2.0,0.0,0.0,Departmental_road,Bidirectional,Unknown,Flat,Straight,Unknown,Roundabout,On_road,Not_near_school,A01,Other/Unknown,Car(Quad/Passenger),Cyclist,Right_side,Straight_ahead,0,1994.0,Female,Driver,Uninjured,Driver_seat,Leisure,Not_pedestrian,Unknown,Not_pedestrian,Seat_belt,Used,Not a holiday,0
2288,201600001403,2016,4,28,Night_with_public_lighting_on,Built_up_area,Roundabout,Normal,Rear_end_two_vehicles,Manual_entry,-0.68924,49.273,True,2016-04-28,21,40,21:40,Night,False,Spring,2.0,0.0,0.0,Departmental_road,Bidirectional,Unknown,Flat,Straight,Unknown,Roundabout,On_road,Not_near_school,B01,Opposite_direction,Motorcycle,None,Rear_right,Roundabout,0,1971.0,Female,Driver,Injured_Hospitalized,Driver_seat,Home-work,Not_pedestrian,Unknown,Not_pedestrian,Helmet,Used,Not a holiday,0
2289,201600001404,2016,6,9,Daylight,Out_of_agglomeration,Out_of_intersection,Normal,Frontal_two_vehicles,Manual_entry,-0.68942,49.1911,True,2016-06-09,20,15,20:15,Evening,False,Summer,2.0,0.0,46.0,Departmental_road,Bidirectional,Unknown,Flat,Straight,Normal,Unknown,On_road,Unknown,A01,Opposite_direction,Motorcycle,Cyclist,Front,Avoiding_obstacle,0,1972.0,Male,Driver,Injured_Hospitalized,Driver_seat,Leisure,Not_pedestrian,Unknown,Not_pedestrian,Helmet,Used,Not a holiday,0
2290,201600001404,2016,6,9,Daylight,Out_of_agglomeration,Out_of_intersection,Normal,Frontal_two_vehicles,Manual_entry,-0.68942,49.1911,True,2016-06-09,20,15,20:15,Evening,False,Summer,2.0,0.0,46.0,Departmental_road,Bidirectional,Unknown,Flat,Straight,Normal,Unknown,On_road,Unknown,B02,Other/Unknown,Motorcycle,Cyclist,Front,other,0,1999.0,Male,Driver,Uninjured,Driver_seat,Professional use,Not_pedestrian,Unknown,Not_pedestrian,Seat_belt,Used,Not a holiday,0
2291,201600001405,2016,6,27,Daylight,Built_up_area,Out_of_intersection,Normal,Rear_end_two_vehicles,Unknown,,,False,2016-06-27,14,45,14:45,Afternoon,False,Summer,0.0,0.0,70.0,Departmental_road,Bidirectional,Unknown,Flat,Straight,Normal,Roundabout,On_road,Unknown,A01,Same_direction,Motorcycle,Cyclist,Front,other,0,1998.0,Female,Driver,Injured_Hospitalized,Driver_seat,Home-work,Not_pedestrian,Unknown,Not_pedestrian,Helmet,Used,Not a holiday,0
2292,201600001405,2016,6,27,Daylight,Built_up_area,Out_of_intersection,Normal,Rear_end_two_vehicles,Unknown,,,False,2016-06-27,14,45,14:45,Afternoon,False,Summer,0.0,0.0,70.0,Departmental_road,Bidirectional,Unknown,Flat,Straight,Normal,Roundabout,On_road,Unknown,B02,Same_direction,Car(Quad/Passenger),Cyclist,Rear_left,Turning,0,1953.0,Male,Driver,Uninjured,Driver_seat,Leisure,Not_pedestrian,Unknown,Not_pedestrian,Seat_belt,Used,Not a holiday,0
2293,201600001406,2016,7,4,Daylight,Out_of_agglomeration,Out_of_intersection,Normal,Other_collision,Manual_entry,-0.72724,49.2842,True,2016-07-04,18,30,18:30,Evening,False,Summer,2.0,0.0,73.0,Departmental_road,Bidirectional,Unknown,Flat,Straight,Normal,Unknown,On_verge,Unknown,A01,Opposite_direction,Car(Quad/Passenger),Pedestrian,Right_side,Park/Start/Stop,0,1942.0,Female,Driver,Uninjured,Driver_seat,Leisure,Not_pedestrian,Unknown,Not_pedestrian,Seat_belt,Used,Not a holiday,0
2294,201600001407,2016,9,4,Daylight,Out_of_agglomeration,Out_of_intersection,Normal,Rear_end_two_vehicles,Manual_entry,-0.758,49.269,True,2016-09-04,15,45,15:45,Afternoon,True,Autumn,2.0,0.0,60.0,Departmental_road,Bidirectional,Unknown,Slope,Straight,Normal,Unknown,On_road,Unknown,B02,Same_direction,Motorcycle,Cyclist,Front,Turning,0,1994.0,Male,Driver,Injured_Hospitalized,Driver_seat,Leisure,Not_pedestrian,Unknown,Not_pedestrian,Helmet,Used,Not a holiday,0
2295,201600001407,2016,9,4,Daylight,Out_of_agglomeration,Out_of_intersection,Normal,Rear_end_two_vehicles,Manual_entry,-0.758,49.269,True,2016-09-04,15,45,15:45,Afternoon,True,Autumn,2.0,0.0,60.0,Departmental_road,Bidirectional,Unknown,Slope,Straight,Normal,Unknown,On_road,Unknown,A01,Same_direction,Car(Quad/Passenger),None,Rear_right,Straight_ahead,0,1930.0,Male,Driver,Uninjured,Driver_seat,Leisure,Not_pedestrian,Unknown,Not_pedestrian,Seat_belt,Used,Not a holiday,0
2296,201600001408,2016,12,31,Night_without_public_lighting,Out_of_agglomeration,Out_of_intersection,Other,No_collision,Manual_entry,-1.072,49.336,True,2016-12-31,6,45,06:45,Morning,True,Winter,2.0,0.0,70.0,Departmental_road,Bidirectional,Unknown,Flat,Curve_left,Icy,Unknown,On_road,Unknown,A01,Opposite_direction,Car(Quad/Passenger),None,Multiple impacts,Straight_ahead,0,1968.0,Male,Driver,Injured_Hospitalized,Driver_seat,Home-work,Not_pedestrian,Unknown,Not_pedestrian,Seat_belt,Used,Not a holiday,0
2297,201600001409,2016,1,10,Night_without_public_lighting,Out_of_agglomeration,Out_of_intersection,Light_rain,Other_collision,Manual_entry,-0.96996,49.2306,True,2016-01-10,0,1,00:01,Night,True,Winter,2.0,0.0,0.0,Departmental_road,Bidirectional,Unknown,Flat,Straight,Wet,Unknown,On_verge,Unknown,A01,Other/Unknown,Car(Quad/Passenger),Train,Front,Turning,0,1954.0,Male,Driver,Injured_Hospitalized,Driver_seat,Leisure,Not_pedestrian,Unknown,Not_pedestrian,Seat_belt,Used,Not a holiday,0
2298,201600001410,2016,1,21,Twilight_or_dawn,Out_of_agglomeration,Intersection_X,Normal,Side_two_vehicles,Manual_entry,-0.80051,49.3021,True,2016-01-21,8,0,08:00,Morning,False,Winter,2.0,0.0,0.0,Departmental_road,Bidirectional,Unknown,Flat,Straight,Icy,Unknown,On_road,Not_near_school,A01,Opposite_direction,Car(Quad/Passenger),Cyclist,Left_side,Loss_of_control,0,1956.0,Male,Driver,Injured_Hospitalized,Driver_seat,Professional use,Not_pedestrian,Unknown,Not_pedestrian,Seat_belt,Used,Not a holiday,0
2299,201600001410,2016,1,21,Twilight_or_dawn,Out_of_agglomeration,Intersection_X,Normal,Side_two_vehicles,Manual_entry,-0.80051,49.3021,True,2016-01-21,8,0,08:00,Morning,False,Winter,2.0,0.0,0.0,Departmental_road,Bidirectional,Unknown,Flat,Straight,Icy,Unknown,On_road,Not_near_school,B02,Opposite_direction,Utility(Truck/Agri),Cyclist,Right_side,Straight_ahead,0,1969.0,Female,Driver,Injured_Hospitalized,Driver_seat,Professional use,Not_pedestrian,Unknown,Not_pedestrian,Seat_belt,Used,Not a holiday,0
2300,201600001411,2016,1,13,Daylight,Built_up_area,Out_of_intersection,Normal,Other_collision,Manual_entry,-0.87187,49.2429,True,2016-01-13,14,0,14:00,Afternoon,False,Winter,2.0,0.0,70.0,Departmental_road,Bidirectional,Unknown,Flat,Straight,Normal,Unknown,On_road,Not_near_school,A01,Opposite_direction,Car(Quad/Passenger),Pedestrian,Right_side,Straight_ahead,0,1952.0,Male,Driver,Uninjured,Driver_seat,Leisure,Not_pedestrian,Unknown,Not_pedestrian,Seat_belt,Used,Not a holiday,0
2301,201600001412,2016,3,18,Twilight_or_dawn,Built_up_area,Other,Normal,No_collision,Manual_entry,-0.87633,49.2268,True,2016-03-18,18,45,18:45,Evening,False,Spring,2.0,0.0,68.0,Departmental_road,Bidirectional,Unknown,Flat,Curve_left,Normal,Unknown,On_verge,Unknown,A01,Other/Unknown,Motorcycle,None,Left_side,Turning,0,1994.0,Male,Driver,Injured_Hospitalized,Driver_seat,Leisure,Not_pedestrian,Unknown,Not_pedestrian,Helmet,Used,Not a holiday,0
2302,201600001413,2016,4,16,Daylight,Out_of_agglomeration,Out_of_intersection,Dazzling,Other_collision,Manual_entry,-0.95793,49.23,True,2016-04-16,19,30,19:30,Evening,True,Spring,2.0,0.0,65.0,Departmental_road,Bidirectional,Unknown,Slope,Curve_left,Normal,Unknown,On_verge,Not_near_school,A01,Other/Unknown,Car(Quad/Passenger),None,Front,Avoiding_obstacle,0,1984.0,Female,Driver,Injured_Slight,Driver_seat,Leisure,Not_pedestrian,Unknown,Not_pedestrian,Seat_belt,Used,Not a holiday,0
2303,201600001414,2016,5,24,Daylight,Built_up_area,Out_of_intersection,Normal,Side_two_vehicles,Manual_entry,-0.86814,49.1624,True,2016-05-24,9,0,09:00,Morning,False,Spring,2.0,0.0,0.0,Departmental_road,Bidirectional,Unknown,Flat,Straight,Normal,Unknown,On_road,Unknown,A01,Opposite_direction,Car(Quad/Passenger),Cyclist,Front_right,Straight_ahead,0,1984.0,Female,Driver,Uninjured,Driver_seat,Home-work,Not_pedestrian,Unknown,Not_pedestrian,Seat_belt,Used,Not a holiday,0
2304,201600001414,2016,5,24,Daylight,Built_up_area,Out_of_intersection,Normal,Side_two_vehicles,Manual_entry,-0.86814,49.1624,True,2016-05-24,9,0,09:00,Morning,False,Spring,2.0,0.0,0.0,Departmental_road,Bidirectional,Unknown,Flat,Straight,Normal,Unknown,On_road,Unknown,B02,Other/Unknown,Motorcycle,Cyclist,Front,Park/Start/Stop,0,1997.0,Male,Driver,Injured_Slight,Driver_seat,Home-school,Not_pedestrian,Unknown,Not_pedestrian,Helmet,Used,Not a holiday,0
2305,201600001415,2016,5,24,Daylight,Out_of_agglomeration,Intersection_X,Normal,Side_two_vehicles,Manual_entry,-0.96981,49.2691,True,2016-05-24,21,45,21:45,Night,False,Spring,2.0,0.0,0.0,Departmental_road,Bidirectional,Unknown,Flat,S-bend,Normal,Unknown,On_road,Unknown,B02,Opposite_direction,Car(Quad/Passenger),None,Right_side,Straight_ahead,0,1989.0,Male,Driver,Injured_Slight,Driver_seat,Leisure,Not_pedestrian,Unknown,Not_pedestrian,Seat_belt,Used,Not a holiday,0
2306,201600001415,2016,5,24,Daylight,Out_of_agglomeration,Intersection_X,Normal,Side_two_vehicles,Manual_entry,-0.96981,49.2691,True,2016-05-24,21,45,21:45,Night,False,Spring,2.0,0.0,0.0,Departmental_road,Bidirectional,Unknown,Flat,S-bend,Normal,Unknown,On_road,Unknown,A01,Opposite_direction,Car(Quad/Passenger),Cyclist,Left_side,Straight_ahead,0,1967.0,Female,Driver,Injured_Hospitalized,Driver_seat,Leisure,Not_pedestrian,Unknown,Not_pedestrian,Seat_belt,Used,Not a holiday,0
2307,201600001416,2016,6,9,Daylight,Built_up_area,Out_of_intersection,Normal,Side_two_vehicles,Unknown,,,False,2016-06-09,17,0,17:00,Evening,False,Summer,2.0,0.0,53.0,Departmental_road,Bidirectional,Unknown,Slope,S-bend,Normal,Unknown,On_road,Not_near_school,A01,Opposite_direction,Motorcycle,Cyclist,No_impact,Avoiding_obstacle,0,1991.0,Male,Driver,Uninjured,Driver_seat,Professional use,Not_pedestrian,Unknown,Not_pedestrian,Seat_belt,Unspecified,Not a holiday,0
2308,201600001416,2016,6,9,Daylight,Built_up_area,Out_of_intersection,Normal,Side_two_vehicles,Unknown,,,False,2016-06-09,17,0,17:00,Evening,False,Summer,2.0,0.0,53.0,Departmental_road,Bidirectional,Unknown,Slope,S-bend,Normal,Unknown,On_road,Not_near_school,B02,Other/Unknown,Cycle,Cyclist,Right_side,Straight_ahead,0,1997.0,Male,Driver,Injured_Hospitalized,Driver_seat,Leisure,Not_pedestrian,Unknown,Not_pedestrian,Helmet,Used,Not a holiday,0
2309,201600001417,2016,8,4,Daylight,Built_up_area,Place,Normal,Other_collision,Unknown,,,False,2016-08-04,12,15,12:15,Afternoon,False,Summer,0.0,0.0,0.0,Parking_lot,Unknown,Unknown,Unknown,Unknown,Unknown,Unknown,Unknown,Not_near_school,A01,Same_direction,Car(Quad/Passenger),Pedestrian,Rear_right,Turning,0,1951.0,Female,Driver,Uninjured,Driver_seat,Leisure,Not_pedestrian,Unknown,Not_pedestrian,Seat_belt,Used,Not a holiday,0
2310,201600001418,2016,8,12,Daylight,Built_up_area,Intersection_X,Normal,Other_collision,Manual_entry,-1.04801,49.3864,True,2016-08-12,16,30,16:30,Afternoon,False,Summer,2.0,0.0,60.0,Departmental_road,Bidirectional,Unknown,Slope,Straight,Normal,Unknown,On_road,Not_near_school,A01,Same_direction,Car(Quad/Passenger),Pedestrian,Front_left,Roundabout,0,1979.0,Female,Driver,Uninjured,Driver_seat,Home-work,Not_pedestrian,Unknown,Not_pedestrian,Seat_belt,Used,Not a holiday,0
2311,201600001419,2016,8,25,Daylight,Out_of_agglomeration,Out_of_intersection,Normal,Other_collision,Unknown,,,False,2016-08-25,10,0,10:00,Morning,False,Summer,2.0,0.0,62.0,Departmental_road,Bidirectional,Unknown,Flat,Curve_right,Normal,Unknown,On_verge,Not_near_school,A01,Same_direction,Car(Quad/Passenger),None,Multiple impacts,Avoiding_obstacle,0,1990.0,Male,Driver,Uninjured,Driver_seat,Leisure,Not_pedestrian,Unknown,Not_pedestrian,Seat_belt,Used,Not a holiday,0