,accident_id,year,month,day,lighting_label,urban_label,intersection_label,weather_label,collision_label,gps_label,longitude_num,latitude_num,valid_geo,date,hour,minute,time_hhmm,time_of_day,is_weekend,season,num_lanes,pedestrian_crossing_width,road_width,road_category_label,traffic_regime_label,reserved_lane_label,road_profile_label,road_layout_label,surface_condition_label,infrastructure_label,situation_label,school_zone_label,vehicle_id,traffic_direction_label,vehicle_category_label,mobile_obstacle_label,impact_point_label,manoeuvre_label,occupants_group,birth_year,sex_label,user_category_label,injury_severity_label,seat_position_label,journey_purpose_label,pedestrian_location_label,pedestrian_action_label,pedestrian_state_label,safety_equipment_type,safety_equipment_usage,holiday_name,is_holiday
2312,201600001420,2016,9,1,Daylight,Out_of_agglomeration,Intersection_X,Normal,Side_two_vehicles,Manual_entry,-0.816,49.23,True,2016-09-01,9,45,09:45,Morning,False,Autumn,2.0,0.0,60.0,Departmental_road,Bidirectional,Unknown,Flat,Straight,Normal,Unknown,On_road,Not_near_school,A01,Opposite_direction,Car(Quad/Passenger),Cyclist,Rear_left,Straight_ahead,0,1952.0,Female,Driver,Injured_Hospitalized,Driver_seat,Leisure,Not_pedestrian,Unknown,Not_pedestrian,Seat_belt,Used,Not a holiday,0
2313,201600001420,2016,9,1,Daylight,Out_of_agglomeration,Intersection_X,Normal,Side_two_vehicles,Manual_entry,-0.816,49.23,True,2016-09-01,9,45,09:45,Morning,False,Autumn,2.0,0.0,60.0,Departmental_road,Bidirectional,Unknown,Flat,Straight,Normal,Unknown,On_road,Not_near_school,B02,Opposite_direction,Car(Quad/Passenger),Cyclist,Front,Straight_ahead,0,1970.0,Female,Driver,Uninjured,Driver_seat,Unknown,Not_pedestrian,Unknown,Not_pedestrian,Seat_belt,Used,Not a holiday,0
2314,201600001421,2016,10,1,Night_without_public_lighting,Out_of_agglomeration,Out_of_intersection,Light_rain,Multiple_three_plus,Manual_entry,-0.75832,49.2172,True,2016-10-01,20,45,20:45,Evening,True,Autumn,2.0,0.0,46.0,Departmental_road,Bidirectional,Unknown,Slope,Straight,Wet,Unknown,On_road,Unknown,A01,Other/Unknown,Car(Quad/Passenger),Cyclist,Front,Avoiding_obstacle,0,1939.0,Female,Driver,Killed,Driver_seat,Leisure,Not_pedestrian,Unknown,Not_pedestrian,Seat_belt,Used,Not a holiday,0
2315,201600001421,2016,10,1,Night_without_public_lighting,Out_of_agglomeration,Out_of_intersection,Light_rain,Multiple_three_plus,Manual_entry,-0.75832,49.2172,True,2016-10-01,20,45,20:45,Evening,True,Autumn,2.0,0.0,46.0,Departmental_road,Bidirectional,Unknown,Slope,Straight,Wet,Unknown,On_road,Unknown,B02,Opposite_direction,Car(Quad/Passenger),Cyclist,Front,Straight_ahead,0,1991.0,Male,Driver,Injured_Hospitalized,Driver_seat,Leisure,Not_pedestrian,Unknown,Not_pedestrian,Seat_belt,Used,Not a holiday,0
2316,201600001421,2016,10,1,Night_without_public_lighting,Out_of_agglomeration,Out_of_intersection,Light_rain,Multiple_three_plus,Manual_entry,-0.75832,49.2172,True,2016-10-01,20,45,20:45,Evening,True,Autumn,2.0,0.0,46.0,Departmental_road,Bidirectional,Unknown,Slope,Straight,Wet,Unknown,On_road,Unknown,C03,Opposite_direction,Car(Quad/Passenger),Cyclist,Front_right,other,0,1974.0,Female,Driver,Uninjured,Driver_seat,Leisure,Not_pedestrian,Unknown,Not_pedestrian,Seat_belt,Used,Not a holiday,0
2317,201600001422,2016,10,19,Daylight,Built_up_area,Out_of_intersection,Normal,Other_collision,Manual_entry,-1.10107,49.3154,True,2016-10-19,16,30,16:30,Afternoon,False,Autumn,2.0,0.0,60.0,Departmental_road,Bidirectional,Unknown,Flat,Straight,Normal,Unknown,On_sidewalk,Unknown,A01,Other/Unknown,Car(Quad/Passenger),Pedestrian,Front_right,Turning,0,1946.0,Male,Driver,Injured_Hospitalized,Driver_seat,Shopping,Not_pedestrian,Unknown,Not_pedestrian,Seat_belt,Used,Not a holiday,0
2318,201600001423,2016,11,4,Night_with_public_lighting_on,Built_up_area,Out_of_intersection,Normal,Other_collision,Manual_entry,-0.87309,49.2426,True,2016-11-04,7,30,07:30,Morning,False,Autumn,2.0,0.0,60.0,Departmental_road,Bidirectional,Unknown,Flat,Straight,Normal,Unknown,On_road,Unknown,A01,Opposite_direction,Car(Quad/Passenger),Pedestrian,Rear_right,Turning,0,1975.0,Female,Driver,Uninjured,Driver_seat,Professional use,Not_pedestrian,Unknown,Not_pedestrian,Seat_belt,Undetermined,Not a holiday,0
2319,201600001424,2016,12,6,Daylight,Out_of_agglomeration,Out_of_intersection,Normal,Frontal_two_vehicles,Manual_entry,-0.721,49.194,True,2016-12-06,17,0,17:00,Evening,False,Winter,2.0,0.0,56.0,Departmental_road,Bidirectional,Unknown,Slope,Straight,Normal,Unknown,On_road,Unknown,B02,Opposite_direction,Car(Quad/Passenger),Cyclist,Front,Avoiding_obstacle,0,1975.0,Male,Driver,Injured_Hospitalized,Driver_seat,Leisure,Not_pedestrian,Unknown,Not_pedestrian,Seat_belt,Used,Not a holiday,0
2320,201600001424,2016,12,6,Daylight,Out_of_agglomeration,Out_of_intersection,Normal,Frontal_two_vehicles,Manual_entry,-0.721,49.194,True,2016-12-06,17,0,17:00,Evening,False,Winter,2.0,0.0,56.0,Departmental_road,Bidirectional,Unknown,Slope,Straight,Normal,Unknown,On_road,Unknown,A01,Other/Unknown,Car(Quad/Passenger),Cyclist,Right_side,Straight_ahead,0,1963.0,Female,Driver,Injured_Hospitalized,Driver_seat,Leisure,Not_pedestrian,Unknown,Not_pedestrian,Seat_belt,Used,Not a holiday,0
2321,201600001425,2016,12,9,Night_without_public_lighting,Out_of_agglomeration,Out_of_intersection,Normal,Other_collision,Manual_entry,,,False,2016-12-09,20,45,20:45,Evening,False,Winter,0.0,0.0,60.0,Departmental_road,Bidirectional,Unknown,Unknown,Straight,Unknown,Unknown,On_road,Unknown,A01,Same_direction,Utility(Truck/Agri),None,Front_right,Interaction,0,1999.0,Male,Driver,Injured_Hospitalized,Driver_seat,Leisure,Not_pedestrian,Unknown,Not_pedestrian,Seat_belt,Undetermined,Not a holiday,0
2322,201600001426,2016,12,6,Twilight_or_dawn,Out_of_agglomeration,Out_of_intersection,Normal,Other_collision,Manual_entry,,,False,2016-12-06,9,30,09:30,Morning,False,Winter,0.0,0.0,50.0,Departmental_road,Unknown,Unknown,Hilltop,Curve_right,Wet,Unknown,On_verge,Not_near_school,A01,Same_direction,Car(Quad/Passenger),None,Front,Straight_ahead,0,1986.0,Male,Driver,Injured_Slight,Driver_seat,Home-work,Not_pedestrian,Unknown,Not_pedestrian,Seat_belt,Used,Not a holiday,0
2323,201600001427,2016,12,11,Night_without_public_lighting,Out_of_agglomeration,Out_of_intersection,Fog_or_smoke,No_collision,Manual_entry,-0.915,49.265,True,2016-12-11,17,45,17:45,Evening,True,Winter,2.0,0.0,0.0,Communal_way,Bidirectional,Unknown,Flat,Straight,Mud,Unknown,On_road,Unknown,A01,Same_direction,Car(Quad/Passenger),None,Front,Straight_ahead,0,1960.0,Female,Driver,Injured_Hospitalized,Driver_seat,Leisure,Not_pedestrian,Unknown,Not_pedestrian,Seat_belt,Used,Not a holiday,0
2324,201600001428,2016,2,3,Daylight,Out_of_agglomeration,Out_of_intersection,Normal,No_collision,Manual_entry,-0.27046,48.9519,True,2016-02-03,14,15,14:15,Afternoon,False,Winter,1.0,0.0,0.0,Departmental_road,Bidirectional,Unknown,Flat,Straight,Wet,Unknown,On_road,Unknown,A01,Opposite_direction,Motorcycle,Cyclist,No_impact,Interaction,0,1998.0,Female,Driver,Injured_Slight,Driver_seat,Leisure,Not_pedestrian,Unknown,Not_pedestrian,Helmet,Used,Not a holiday,0
2325,201600001429,2016,9,1,Daylight,Out_of_agglomeration,Out_of_intersection,Normal,Side_two_vehicles,Manual_entry,,,False,2016-09-01,10,0,10:00,Morning,False,Autumn,1.0,0.0,47.0,Departmental_road,Bidirectional,Unknown,Flat,S-bend,Normal,Unknown,On_road,Unknown,A01,Opposite_direction,Car(Quad/Passenger),Cyclist,Right_side,Straight_ahead,0,1977.0,Female,Driver,Uninjured,Driver_seat,Leisure,Not_pedestrian,Unknown,Not_pedestrian,Seat_belt,Used,Not a holiday,0
2326,201600001429,2016,9,1,Daylight,Out_of_agglomeration,Out_of_intersection,Normal,Side_two_vehicles,Manual_entry,,,False,2016-09-01,10,0,10:00,Morning,False,Autumn,1.0,0.0,47.0,Departmental_road,Bidirectional,Unknown,Flat,S-bend,Normal,Unknown,On_road,Unknown,B02,Other/Unknown,Car(Quad/Passenger),Cyclist,Right_side,Straight_ahead,0,1973.0,Female,Driver,Injured_Hospitalized,Driver_seat,Leisure,Not_pedestrian,Unknown,Not_pedestrian,Seat_belt,Used,Not a holiday,0
2327,201600001430,2016,9,21,Daylight,Built_up_area,Out_of_intersection,Normal,Frontal_two_vehicles,Manual_entry,,,False,2016-09-21,15,15,15:15,Afternoon,False,Autumn,0.0,0.0,60.0,Departmental_road,Bidirectional,Unknown,Flat,Straight,Normal,Unknown,On_road,Unknown,A01,Other/Unknown,Utility(Truck/Agri),Cyclist,Front,Roundabout,0,1992.0,Male,Driver,Uninjured,Driver_seat,Professional use,Not_pedestrian,Unknown,Not_pedestrian,Seat_belt,Used,Not a holiday,0
2328,201600001430,2016,9,21,Daylight,Built_up_area,Out_of_intersection,Normal,Frontal_two_vehicles,Manual_entry,,,False,2016-09-21,15,15,15:15,Afternoon,False,Autumn,0.0,0.0,60.0,Departmental_road,Bidirectional,Unknown,Flat,Straight,Normal,Unknown,On_road,Unknown,B02,Opposite_direction,Car(Quad/Passenger),Cyclist,Front,Straight_ahead,0,1975.0,Male,Driver,Injured_Slight,Driver_seat,Leisure,Not_pedestrian,Unknown,Not_pedestrian,Seat_belt,Used,Not a holiday,0
2329,201600001431,2016,9,23,Twilight_or_dawn,Out_of_agglomeration,Out_of_intersection,Fog_or_smoke,Other_collision,Manual_entry,,,False,2016-09-23,6,45,06:45,Morning,False,Autumn,2.0,0.0,0.0,Departmental_road,Unknown,Unknown,Unknown,Straight,Normal,Unknown,On_road,Unknown,A01,Other/Unknown,Car(Quad/Passenger),None,Right_side,Lane_change/Overtaking,0,1992.0,Female,Driver,Injured_Hospitalized,Driver_seat,Home-work,Not_pedestrian,Unknown,Not_pedestrian,Seat_belt,Used,Not a holiday,0
2330,201600001432,2016,11,9,Night_with_public_lighting_on,Built_up_area,Out_of_intersection,Light_rain,Other_collision,Manual_entry,-0.19079,48.8899,True,2016-11-09,18,15,18:15,Evening,False,Autumn,2.0,0.0,80.0,Communal_way,Bidirectional,Unknown,Flat,Straight,Wet,Unknown,On_road,Unknown,A01,Same_direction,Car(Quad/Passenger),Pedestrian,Front_right,Roundabout,0,1966.0,Female,Driver,Uninjured,Driver_seat,Home-work,Not_pedestrian,Unknown,Not_pedestrian,Seat_belt,Used,Not a holiday,0
2331,201600001433,2016,11,14,Night_with_public_lighting_on,Built_up_area,Roundabout,Light_rain,No_collision,Manual_entry,-0.20616,48.9068,True,2016-11-14,21,30,21:30,Night,False,Autumn,1.0,0.0,0.0,Departmental_road,One_way,Unknown,Flat,Curve_left,Wet,Unknown,On_road,Unknown,A01,Other/Unknown,Motorcycle,None,Front_left,Straight_ahead,0,1978.0,Male,Driver,Injured_Hospitalized,Driver_seat,Home-work,Not_pedestrian,Unknown,Not_pedestrian,Helmet,Used,Not a holiday,0
2332,201600001434,2016,11,17,Daylight,Out_of_agglomeration,Out_of_intersection,Normal,Side_two_vehicles,Manual_entry,-0.17307,48.9016,True,2016-11-17,8,0,08:00,Morning,False,Autumn,2.0,0.0,0.0,Departmental_road,Bidirectional,Unknown,Flat,Curve_left,Wet,Unknown,On_road,Unknown,A01,Other/Unknown,Car(Quad/Passenger),Cyclist,Right_side,Avoiding_obstacle,0,1975.0,Male,Driver,Injured_Slight,Driver_seat,Home-work,Not_pedestrian,Unknown,Not_pedestrian,Seat_belt,Used,Not a holiday,0
2333,201600001434,2016,11,17,Daylight,Out_of_agglomeration,Out_of_intersection,Normal,Side_two_vehicles,Manual_entry,-0.17307,48.9016,True,2016-11-17,8,0,08:00,Morning,False,Autumn,2.0,0.0,0.0,Departmental_road,Bidirectional,Unknown,Flat,Curve_left,Wet,Unknown,On_road,Unknown,B02,Opposite_direction,Car(Quad/Passenger),Cyclist,Right_side,Straight_ahead,0,1968.0,Male,Driver,Uninjured,Driver_seat,Home-school,Not_pedestrian,Unknown,Not_pedestrian,Seat_belt,Used,Not a holiday,0
2334,201600001435,2016,12,6,Night_with_public_lighting_on,Built_up_area,Out_of_intersection,Normal,Other_collision,Manual_entry,,,False,2016-12-06,19,0,19:00,Evening,False,Winter,2.0,0.0,0.0,Communal_way,Bidirectional,Unknown,Flat,Straight,Normal,Unknown,On_road,Unknown,A01,Same_direction,Car(Quad/Passenger),Pedestrian,Front_right,Straight_ahead,0,1963.0,Female,Driver,Uninjured,Driver_seat,Home-work,Not_pedestrian,Unknown,Not_pedestrian,Seat_belt,Used,Not a holiday,0
2335,201600001436,2016,12,31,Night_without_public_lighting,Out_of_agglomeration,Out_of_intersection,Other,Other_collision,Manual_entry,,,False,2016-12-31,4,0,04:00,Night,True,Winter,2.0,0.0,0.0,Departmental_road,Bidirectional,Unknown,Slope,Curve_right,Icy,Unknown,On_road,Unknown,A01,Opposite_direction,Car(Quad/Passenger),None,Front_right,Straight_ahead,0,1961.0,Male,Driver,Injured_Slight,Driver_seat,Leisure,Not_pedestrian,Unknown,Not_pedestrian,Seat_belt,Used,Not a holiday,0
2336,201600001437,2016,8,30,Daylight,Out_of_agglomeration,Out_of_intersection,Normal,Other_collision,Manual_entry,-0.43446,48.9671,True,2016-08-30,14,15,14:15,Afternoon,False,Summer,2.0,0.0,60.0,Departmental_road,Bidirectional,Unknown,Hill_bottom,Curve_right,Normal,Unknown,On_verge,Not_near_school,A01,Other/Unknown,Motorcycle,None,Multiple impacts,Turning,0,1963.0,Male,Driver,Injured_Slight,Driver_seat,Leisure,Not_pedestrian,Unknown,Not_pedestrian,Child_device,Unspecified,Not a holiday,0
2337,201600001438,2016,1,13,Daylight,Out_of_agglomeration,Out_of_intersection,Cloudy,No_collision,Manual_entry,-0.4887,49.0558,True,2016-01-13,11,45,11:45,Morning,False,Winter,1.0,0.0,30.0,Communal_way,Bidirectional,Unknown,Slope,Straight,Normal,Unknown,On_road,Not_near_school,A01,Same_direction,Cycle,Train,No_impact,Interaction,0,1960.0,Male,Driver,Killed,Driver_seat,Leisure,Not_pedestrian,Unknown,Not_pedestrian,Helmet,Used,Not a holiday,0
2338,201600001439,2016,1,30,Twilight_or_dawn,Built_up_area,Out_of_intersection,Light_rain,Frontal_two_vehicles,Manual_entry,-0.50399,48.9398,True,2016-01-30,17,30,17:30,Evening,True,Winter,2.0,0.0,70.0,Departmental_road,Bidirectional,Unknown,Flat,Straight,Wet,Unknown,On_road,Near_school,B02,Opposite_direction,Cycle,Cyclist,Front,Straight_ahead,0,1998.0,Male,Driver,Injured_Hospitalized,Driver_seat,Leisure,Not_pedestrian,Unknown,Not_pedestrian,Helmet,Used,Not a holiday,0
2339,201600001439,2016,1,30,Twilight_or_dawn,Built_up_area,Out_of_intersection,Light_rain,Frontal_two_vehicles,Manual_entry,-0.50399,48.9398,True,2016-01-30,17,30,17:30,Evening,True,Winter,2.0,0.0,70.0,Departmental_road,Bidirectional,Unknown,Flat,Straight,Wet,Unknown,On_road,Near_school,A01,Other/Unknown,Car(Quad/Passenger),Cyclist,Front,Roundabout,0,1975.0,Male,Driver,Uninjured,Driver_seat,Leisure,Not_pedestrian,Unknown,Not_pedestrian,Seat_belt,Used,Not a holiday,0
2340,201600001440,2016,2,6,Night_with_public_lighting_on,Built_up_area,Out_of_intersection,Normal,Other_collision,Manual_entry,-0.41355,48.8719,True,2016-02-06,2,0,02:00,Night,True,Winter,2.0,0.0,65.0,Departmental_road,Bidirectional,Unknown,Slope,Straight,Normal,Unknown,On_verge,Not_near_school,A01,Other/Unknown,Car(Quad/Passenger),None,Front,Avoiding_obstacle,0,1998.0,Male,Driver,Killed,Driver_seat,Leisure,Not_pedestrian,Unknown,Not_pedestrian,Seat_belt,Undetermined,Not a holiday,0
2341,201600001441,2016,11,6,Twilight_or_dawn,Out_of_agglomeration,Out_of_intersection,Normal,Side_two_vehicles,Unknown,,,False,2016-11-06,17,0,17:00,Evening,True,Autumn,2.0,0.0,0.0,Departmental_road,Bidirectional,Unknown,Flat,Straight,Normal,Unknown,On_verge,Unknown,A01,Opposite_direction,Car(Quad/Passenger),Cyclist,No_impact,None,0,,,,,,,,,,,,Not a holiday,0
2342,201600001441,2016,11,6,Twilight_or_dawn,Out_of_agglomeration,Out_of_intersection,Normal,Side_two_vehicles,Unknown,,,False,2016-11-06,17,0,17:00,Evening,True,Autumn,2.0,0.0,0.0,Departmental_road,Bidirectional,Unknown,Flat,Straight,Normal,Unknown,On_verge,Unknown,B02,Opposite_direction,Cycle,None,No_impact,None,0,2013.0,Male,Driver,Injured_Hospitalized,Driver_seat,Leisure,Not_pedestrian,Unknown,Not_pedestrian,Helmet,Used,Not a holiday,0
2343,201600001442,2016,11,7,Daylight,Out_of_agglomeration,Out_of_intersection,Cloudy,Other_collision,Manual_entry,-0.35905,48.8581,True,2016-11-07,8,15,08:15,Morning,False,Autumn,2.0,0.0,60.0,Departmental_road,Bidirectional,Unknown,Slope,Straight,Wet,Unknown,On_verge,Unknown,A01,Other/Unknown,Car(Quad/Passenger),None,Left_side,Straight_ahead,0,1992.0,Female,Driver,Injured_Hospitalized,Driver_seat,Home-school,Not_pedestrian,Unknown,Not_pedestrian,Seat_belt,Used,Not a holiday,0
2344,201600001443,2016,11,11,Daylight,Built_up_area,Out_of_intersection,Normal,Frontal_two_vehicles,Manual_entry,-0.44509,49.0137,True,2016-11-11,8,45,08:45,Morning,False,Autumn,2.0,0.0,0.0,Departmental_road,Bidirectional,Unknown,Flat,Curve_left,Normal,Unknown,On_road,Unknown,A01,Opposite_direction,Utility(Truck/Agri),Cyclist,Right_side,Straight_ahead,0,1971.0,Male,Driver,Uninjured,Driver_seat,Home-work,Not_pedestrian,Unknown,Not_pedestrian,Seat_belt,Used,Armistice Day,1
2345,201600001443,2016,11,11,Daylight,Built_up_area,Out_of_intersection,Normal,Frontal_two_vehicles,Manual_entry,-0.44509,49.0137,True,2016-11-11,8,45,08:45,Morning,False,Autumn,2.0,0.0,0.0,Departmental_road,Bidirectional,Unknown,Flat,Curve_left,Normal,Unknown,On_road,Unknown,B02,Other/Unknown,Car(Quad/Passenger),Cyclist,Front,Straight_ahead,0,1956.0,Female,Driver,Injured_Hospitalized,Driver_seat,Leisure,Not_pedestrian,Unknown,Not_pedestrian,Seat_belt,Used,Armistice Day,1
2346,201600001444,2016,11,6,Night_without_public_lighting,Out_of_agglomeration,Out_of_intersection,Light_rain,No_collision,Unknown,,,False,2016-11-06,0,1,00:01,Night,True,Autumn,0.0,0.0,0.0,Departmental_road,Unknown,Unknown,Unknown,Unknown,Wet,Unknown,Unknown,Not_near_school,A01,Same_direction,Motorcycle,None,No_impact,None,0,1962.0,Male,Driver,Injured_Hospitalized,Driver_seat,Unknown,Not_pedestrian,Unknown,Not_pedestrian,Helmet,Used,Not a holiday,0
2347,201600001445,2016,4,4,Twilight_or_dawn,Out_of_agglomeration,Out_of_intersection,Normal,Frontal_two_vehicles,Unknown,,,False,2016-04-04,7,15,07:15,Morning,False,Spring,0.0,0.0,70.0,Departmental_road,Bidirectional,Unknown,Flat,Straight,Normal,Unknown,On_road,Unknown,B02,Same_direction,Car(Quad/Passenger),Cyclist,Front,Straight_ahead,0,1987.0,Female,Driver,Injured_Slight,Driver_seat,Home-school,Not_pedestrian,Unknown,Not_pedestrian,Seat_belt,Used,Not a holiday,0
2348,201600001445,2016,4,4,Twilight_or_dawn,Out_of_agglomeration,Out_of_intersection,Normal,Frontal_two_vehicles,Unknown,,,False,2016-04-04,7,15,07:15,Morning,False,Spring,0.0,0.0,70.0,Departmental_road,Bidirectional,Unknown,Flat,Straight,Normal,Unknown,On_road,Unknown,A01,Same_direction,Car(Quad/Passenger),Cyclist,Front,Reversing,0,1994.0,Male,Driver,Injured_Hospitalized,Driver_seat,Home-work,Not_pedestrian,Unknown,Not_pedestrian,Seat_belt,Used,Not a holiday,0
2349,201600001446,2016,12,11,Daylight,Out_of_agglomeration,Out_of_intersection,Cloudy,Other_collision,Manual_entry,,,False,2016-12-11,13,0,13:00,Afternoon,True,Winter,2.0,0.0,0.0,Departmental_road,Bidirectional,Unknown,Slope,Curve_left,Normal,Unknown,On_verge,Not_near_school,A01,Opposite_direction,Car(Quad/Passenger),None,Multiple impacts,None,0,1985.0,Female,Driver,Killed,Driver_seat,Leisure,Not_pedestrian,Unknown,Not_pedestrian,Seat_belt,Used,Not a holiday,0
2350,201600001447,2016,6,10,Daylight,Out_of_agglomeration,Out_of_intersection,Normal,No_collision,Manual_entry,-0.359,48.8582,True,2016-06-10,17,0,17:00,Evening,False,Summer,2.0,0.0,70.0,Departmental_road,Bidirectional,Unknown,Slope,Straight,Normal,Unknown,On_verge,Unknown,A01,Other/Unknown,Motorcycle,None,No_impact,other,0,1967.0,Male,Driver,Injured_Hospitalized,Driver_seat,Home-work,Not_pedestrian,Unknown,Not_pedestrian,Helmet,Used,Not a holiday,0
2351,201600001448,2016,7,6,Daylight,Built_up_area,Out_of_intersection,Normal,No_collision,Unknown,,,False,2016-07-06,18,0,18:00,Evening,False,Summer,0.0,0.0,0.0,other,Bidirectional,Unknown,Unknown,Straight,Normal,Unknown,On_road,Not_near_school,A01,Same_direction,Personal mobility,None,Front_right,Park/Start/Stop,0,1980.0,Male,Driver,Injured_Hospitalized,Driver_seat,other,Not_pedestrian,Unknown,Not_pedestrian,Helmet,Not_used,Not a holiday,0
2352,201600001449,2016,2,22,Daylight,Built_up_area,Out_of_intersection,Normal,Other_collision,Manual_entry,-0.03475,49.0168,True,2016-02-22,13,15,13:15,Afternoon,False,Winter,2.0,0.0,60.0,Departmental_road,Bidirectional,Unknown,Flat,Straight,Normal,Unknown,On_road,Unknown,A01,Other/Unknown,Car(Quad/Passenger),Pedestrian,Left_side,Interaction,0,1991.0,Female,Driver,Uninjured,Driver_seat,Home-work,Not_pedestrian,Unknown,Not_pedestrian,Seat_belt,Used,Not a holiday,0
2353,201600001450,2016,2,24,Night_without_public_lighting,Out_of_agglomeration,Out_of_intersection,Normal,Other_collision,Manual_entry,0.16164,49.1359,True,2016-02-24,19,30,19:30,Evening,False,Winter,3.0,0.0,0.0,Departmental_road,Unknown,Unknown,Flat,Straight,Normal,Unknown,On_road,Unknown,A01,Opposite_direction,Car(Quad/Passenger),Train,Front_right,Straight_ahead,0,1955.0,Male,Driver,Uninjured,Driver_seat,Home-work,Not_pedestrian,Unknown,Not_pedestrian,Seat_belt,Used,Not a holiday,0
2354,201600001451,2016,3,13,Daylight,Out_of_agglomeration,Intersection_X,Normal,Frontal_two_vehicles,Manual_entry,0.10847,49.0846,True,2016-03-13,10,45,10:45,Morning,True,Spring,2.0,0.0,66.0,Departmental_road,Bidirectional,Unknown,Hilltop,Straight,Normal,Unknown,On_road,Unknown,A01,Other/Unknown,Car(Quad/Passenger),Cyclist,Front_right,Roundabout,0,1942.0,Male,Driver,Uninjured,Driver_seat,Leisure,Not_pedestrian,Unknown,Not_pedestrian,Seat_belt,Used,Not a holiday,0
2355,201600001451,2016,3,13,Daylight,Out_of_agglomeration,Intersection_X,Normal,Frontal_two_vehicles,Manual_entry,0.10847,49.0846,True,2016-03-13,10,45,10:45,Morning,True,Spring,2.0,0.0,66.0,Departmental_road,Bidirectional,Unknown,Hilltop,Straight,Normal,Unknown,On_road,Unknown,B02,Opposite_direction,Motorcycle,Cyclist,Front,Interaction,0,1971.0,Male,Driver,Injured_Hospitalized,Driver_seat,Leisure,Not_pedestrian,Unknown,Not_pedestrian,Helmet,Used,Not a holiday,0
2356,201600001452,2016,3,12,Daylight,Out_of_agglomeration,Out_of_intersection,Normal,No_collision,Manual_entry,0.10662,49.1287,True,2016-03-12,17,0,17:00,Evening,True,Spring,3.0,0.0,190.0,Departmental_road,Bidirectional,Unknown,Slope,Curve_right,Normal,Unknown,On_verge,Unknown,A01,Other/Unknown,Motorcycle,None,Multiple impacts,Avoiding_obstacle,0,1991.0,Male,Driver,Injured_Hospitalized,Driver_seat,Leisure,Not_pedestrian,Unknown,Not_pedestrian,Helmet,Used,Not a holiday,0
2357,201600001453,2016,4,13,Daylight,Out_of_agglomeration,Intersection_Y,Dazzling,Frontal_two_vehicles,Manual_entry,-0.13339,49.0564,True,2016-04-13,18,30,18:30,Evening,False,Spring,2.0,0.0,57.0,Communal_way,Bidirectional,Unknown,Flat,S-bend,Normal,Unknown,On_road,Unknown,B02,Same_direction,Motorcycle,Cyclist,Front,Roundabout,0,2001.0,Male,Driver,Injured_Hospitalized,Driver_seat,Leisure,Not_pedestrian,Unknown,Not_pedestrian,Helmet,Used,Not a holiday,0
2358,201600001453,2016,4,13,Daylight,Out_of_agglomeration,Intersection_Y,Dazzling,Frontal_two_vehicles,Manual_entry,-0.13339,49.0564,True,2016-04-13,18,30,18:30,Evening,False,Spring,2.0,0.0,57.0,Communal_way,Bidirectional,Unknown,Flat,S-bend,Normal,Unknown,On_road,Unknown,A01,Same_direction,Car(Quad/Passenger),Cyclist,Front,Avoiding_obstacle,0,1974.0,Male,Driver,Uninjured,Driver_seat,Leisure,Not_pedestrian,Unknown,Not_pedestrian,Seat_belt,Used,Not a holiday,0
2359,201600001454,2016,4,19,Daylight,Out_of_agglomeration,Out_of_intersection,Normal,No_collision,Manual_entry,0.14816,49.131,True,2016-04-19,16,45,16:45,Afternoon,False,Spring,2.0,0.0,0.0,Departmental_road,Bidirectional,Unknown,Flat,Straight,Normal,Unknown,On_road,Unknown,B01,Opposite_direction,Cycle,None,Front_left,Straight_ahead,0,1935.0,Male,Driver,Injured_Slight,Driver_seat,Leisure,Not_pedestrian,Unknown,Not_pedestrian,Helmet,Used,Not a holiday,0
2360,201600001455,2016,6,26,Daylight,Out_of_agglomeration,Intersection_T,Normal,Side_two_vehicles,Manual_entry,-0.02923,49.0267,True,2016-06-26,19,0,19:00,Evening,True,Summer,2.0,0.0,0.0,Departmental_road,Bidirectional,Unknown,Flat,Straight,Normal,Roundabout,On_road,Unknown,B02,Opposite_direction,Motorcycle,Cyclist,Front_right,Straight_ahead,0,1963.0,Male,Driver,Injured_Slight,Driver_seat,Leisure,Not_pedestrian,Unknown,Not_pedestrian,Helmet,Used,Not a holiday,0
2361,201600001455,2016,6,26,Daylight,Out_of_agglomeration,Intersection_T,Normal,Side_two_vehicles,Manual_entry,-0.02923,49.0267,True,2016-06-26,19,0,19:00,Evening,True,Summer,2.0,0.0,0.0,Departmental_road,Bidirectional,Unknown,Flat,Straight,Normal,Roundabout,On_road,Unknown,A01,Opposite_direction,Car(Quad/Passenger),Cyclist,Front,Roundabout,0,1991.0,Female,Driver,Uninjured,Driver_seat,Home-work,Not_pedestrian,Unknown,Not_pedestrian,Seat_belt,Used,Not a holiday,0
2362,201600001456,2016,7,22,Daylight,Out_of_agglomeration,Out_of_intersection,Normal,Frontal_two_vehicles,Manual_entry,-0.13336,49.0725,True,2016-07-22,16,45,16:45,Afternoon,False,Summer,2.0,0.0,60.0,Departmental_road,Bidirectional,Unknown,Flat,Straight,Normal,Unknown,On_road,Unknown,A01,Opposite_direction,Car(Quad/Passenger),Cyclist,Right_side,Roundabout,0,1978.0,Female,Driver,Injured_Slight,Driver_seat,Leisure,Not_pedestrian,Unknown,Not_pedestrian,Seat_belt,Used,Not a holiday,0