,accident_id,year,month,day,lighting_label,urban_label,intersection_label,weather_label,collision_label,gps_label,longitude_num,latitude_num,valid_geo,date,hour,minute,time_hhmm,time_of_day,is_weekend,season,num_lanes,pedestrian_crossing_width,road_width,road_category_label,traffic_regime_label,reserved_lane_label,road_profile_label,road_layout_label,surface_condition_label,infrastructure_label,situation_label,school_zone_label,vehicle_id,traffic_direction_label,vehicle_category_label,mobile_obstacle_label,impact_point_label,manoeuvre_label,occupants_group,birth_year,sex_label,user_category_label,injury_severity_label,seat_position_label,journey_purpose_label,pedestrian_location_label,pedestrian_action_label,pedestrian_state_label,safety_equipment_type,safety_equipment_usage,holiday_name,is_holiday
2363,201600001456,2016,7,22,Daylight,Out_of_agglomeration,Out_of_intersection,Normal,Frontal_two_vehicles,Manual_entry,-0.13336,49.0725,True,2016-07-22,16,45,16:45,Afternoon,False,Summer,2.0,0.0,60.0,Departmental_road,Bidirectional,Unknown,Flat,Straight,Normal,Unknown,On_road,Unknown,B02,Other/Unknown,Car(Quad/Passenger),Cyclist,Right_side,Straight_ahead,0,1993.0,Male,Driver,Injured_Hospitalized,Driver_seat,Leisure,Not_pedestrian,Unknown,Not_pedestrian,Seat_belt,Used,Not a holiday,0
2364,201600001457,2016,8,2,Daylight,Out_of_agglomeration,Intersection_X,Normal,Side_two_vehicles,Manual_entry,0.15479,49.0797,True,2016-08-02,18,15,18:15,Evening,False,Summer,2.0,0.0,54.0,Departmental_road,Bidirectional,Unknown,Flat,Straight,Wet,Unknown,On_road,Unknown,B02,Opposite_direction,Motorcycle,Cyclist,Right_side,Straight_ahead,0,1971.0,Male,Driver,Injured_Slight,Driver_seat,Professional use,Not_pedestrian,Unknown,Not_pedestrian,Seat_belt,Not_used,Not a holiday,0
2365,201600001457,2016,8,2,Daylight,Out_of_agglomeration,Intersection_X,Normal,Side_two_vehicles,Manual_entry,0.15479,49.0797,True,2016-08-02,18,15,18:15,Evening,False,Summer,2.0,0.0,54.0,Departmental_road,Bidirectional,Unknown,Flat,Straight,Wet,Unknown,On_road,Unknown,A01,Other/Unknown,Car(Quad/Passenger),Cyclist,Front_right,Loss_of_control,0,1993.0,Female,Passenger,Injured_Hospitalized,Driver_seat,Leisure,Not_pedestrian,Unknown,Not_pedestrian,Seat_belt,Used,Not a holiday,0
2366,201600001458,2016,8,22,Daylight,Built_up_area,Intersection_X,Normal,Side_two_vehicles,Manual_entry,-0.07262,49.0746,True,2016-08-22,17,0,17:00,Evening,False,Summer,2.0,0.0,60.0,Communal_way,Bidirectional,Unknown,Flat,Straight,Normal,Unknown,On_road,Near_school,A01,Same_direction,Car(Quad/Passenger),Cyclist,Left_side,Straight_ahead,0,1980.0,Female,Driver,Uninjured,Driver_seat,Shopping,Not_pedestrian,Unknown,Not_pedestrian,Seat_belt,Used,Not a holiday,0
2367,201600001458,2016,8,22,Daylight,Built_up_area,Intersection_X,Normal,Side_two_vehicles,Manual_entry,-0.07262,49.0746,True,2016-08-22,17,0,17:00,Evening,False,Summer,2.0,0.0,60.0,Communal_way,Bidirectional,Unknown,Flat,Straight,Normal,Unknown,On_road,Near_school,B02,Same_direction,Cycle,Cyclist,Front,Interaction,0,2001.0,Male,Driver,Injured_Hospitalized,Driver_seat,Home-school,Not_pedestrian,Unknown,Not_pedestrian,Helmet,Used,Not a holiday,0
2368,201600001459,2016,9,8,Daylight,Out_of_agglomeration,Out_of_intersection,Normal,Side_two_vehicles,Manual_entry,,,False,2016-09-08,17,30,17:30,Evening,False,Autumn,0.0,0.0,0.0,Departmental_road,Bidirectional,Unknown,Flat,Straight,Normal,Unknown,Unknown,Unknown,A01,Same_direction,Car(Quad/Passenger),None,Rear,Loss_of_control,0,1981.0,Male,Driver,Uninjured,Driver_seat,Leisure,Not_pedestrian,Unknown,Not_pedestrian,Seat_belt,Used,Not a holiday,0
2369,201600001459,2016,9,8,Daylight,Out_of_agglomeration,Out_of_intersection,Normal,Side_two_vehicles,Manual_entry,,,False,2016-09-08,17,30,17:30,Evening,False,Autumn,0.0,0.0,0.0,Departmental_road,Bidirectional,Unknown,Flat,Straight,Normal,Unknown,Unknown,Unknown,B02,Same_direction,Car(Quad/Passenger),None,Front,None,0,1945.0,Male,Driver,Uninjured,Driver_seat,Leisure,Not_pedestrian,Unknown,Not_pedestrian,Seat_belt,Used,Not a holiday,0
2370,201600001460,2016,9,10,Daylight,Out_of_agglomeration,Out_of_intersection,Normal,Other_collision,Manual_entry,,,False,2016-09-10,16,0,16:00,Afternoon,True,Autumn,2.0,0.0,62.0,Departmental_road,Bidirectional,Unknown,Unknown,Curve_left,Normal,Unknown,On_verge,Unknown,A01,Other/Unknown,Car(Quad/Passenger),None,Front,Straight_ahead,0,1962.0,Male,Driver,Injured_Hospitalized,Driver_seat,Leisure,Not_pedestrian,Unknown,Not_pedestrian,Seat_belt,Not_used,Not a holiday,0
2371,201600001461,2016,10,21,Twilight_or_dawn,Out_of_agglomeration,Out_of_intersection,Light_rain,Other_collision,Manual_entry,-0.00485,49.0193,True,2016-10-21,18,30,18:30,Evening,False,Autumn,2.0,0.0,64.0,Departmental_road,Bidirectional,Unknown,Flat,Straight,Wet,Unknown,On_verge,Unknown,A01,Other/Unknown,Car(Quad/Passenger),None,Front,Straight_ahead,0,1982.0,Female,Driver,Injured_Slight,Driver_seat,Leisure,Not_pedestrian,Unknown,Not_pedestrian,Seat_belt,Used,Not a holiday,0
2372,201600001462,2016,11,15,Night_with_public_lighting_on,Built_up_area,Out_of_intersection,Light_rain,No_collision,Manual_entry,-0.06843,49.0743,True,2016-11-15,18,15,18:15,Evening,False,Autumn,2.0,0.0,64.0,Departmental_road,Bidirectional,Unknown,Flat,Straight,Wet,Unknown,On_road,Unknown,A01,Opposite_direction,Motorcycle,None,No_impact,Straight_ahead,0,1999.0,Female,Driver,Injured_Slight,Driver_seat,Leisure,Not_pedestrian,Unknown,Not_pedestrian,Helmet,Used,Not a holiday,0
2373,201600001463,2016,10,16,Night_without_public_lighting,Out_of_agglomeration,Out_of_intersection,Strong_wind_or_storm,Other_collision,Unknown,,,False,2016-10-16,5,15,05:15,Morning,True,Autumn,2.0,0.0,64.0,Departmental_road,Bidirectional,Unknown,Flat,Straight,Normal,Unknown,On_verge,Unknown,A01,Opposite_direction,Car(Quad/Passenger),None,Front,Straight_ahead,0,1995.0,Male,Driver,Injured_Hospitalized,Driver_seat,Leisure,Not_pedestrian,Unknown,Not_pedestrian,Seat_belt,Undetermined,Not a holiday,0
2374,201600001464,2016,12,4,Night_without_public_lighting,Out_of_agglomeration,Out_of_intersection,Normal,Other_collision,Manual_entry,0.121,49.099,True,2016-12-04,17,0,17:00,Evening,True,Winter,2.0,0.0,61.0,Departmental_road,Bidirectional,Unknown,Slope,Straight,Normal,Unknown,On_verge,Unknown,A01,Opposite_direction,Car(Quad/Passenger),None,Front,Straight_ahead,0,1998.0,Female,Driver,Injured_Hospitalized,Driver_seat,Leisure,Not_pedestrian,Unknown,Not_pedestrian,Seat_belt,Used,Not a holiday,0
2375,201600001465,2016,1,31,Night_with_public_lighting_on,Built_up_area,Out_of_intersection,Light_rain,Other_collision,Manual_entry,0.14723,49.0049,True,2016-01-31,0,10,00:10,Night,True,Winter,2.0,0.0,65.0,Departmental_road,Bidirectional,Unknown,Flat,Straight,Wet,Unknown,On_sidewalk,Not_near_school,A01,Other/Unknown,Car(Quad/Passenger),None,Rear_left,Turning,0,1998.0,Male,Driver,Uninjured,Driver_seat,Leisure,Not_pedestrian,Unknown,Not_pedestrian,Seat_belt,Used,Not a holiday,0
2376,201600001466,2016,2,9,Daylight,Out_of_agglomeration,Out_of_intersection,Heavy_rain,Other_collision,Manual_entry,0.29736,49.1779,True,2016-02-09,9,45,09:45,Morning,False,Winter,2.0,0.0,65.0,Departmental_road,Bidirectional,Unknown,Slope,Curve_left,Puddles,Unknown,On_verge,Unknown,A01,Opposite_direction,Car(Quad/Passenger),None,Front,Avoiding_obstacle,0,1986.0,Female,Driver,Injured_Slight,Driver_seat,Leisure,Not_pedestrian,Unknown,Not_pedestrian,Seat_belt,Used,Not a holiday,0
2377,201600001467,2016,5,29,Daylight,Out_of_agglomeration,Out_of_intersection,Normal,Other_collision,Manual_entry,0.31987,49.2014,True,2016-05-29,20,15,20:15,Evening,True,Spring,2.0,0.0,62.0,Departmental_road,Bidirectional,Unknown,Flat,Straight,Normal,Unknown,On_verge,Unknown,A01,Opposite_direction,Car(Quad/Passenger),None,Left_side,Avoiding_obstacle,0,1996.0,Female,Driver,Injured_Hospitalized,Driver_seat,Leisure,Not_pedestrian,Unknown,Not_pedestrian,Seat_belt,Used,Not a holiday,0
2378,201600001468,2016,6,2,Daylight,Out_of_agglomeration,Out_of_intersection,Cloudy,Frontal_two_vehicles,Manual_entry,0.31778,48.9918,True,2016-06-02,10,0,10:00,Morning,False,Summer,2.0,0.0,60.0,Departmental_road,Bidirectional,Unknown,Slope,S-bend,Wet,Unknown,On_road,Not_near_school,A01,Other/Unknown,Car(Quad/Passenger),Cyclist,Front_right,Avoiding_obstacle,0,1987.0,Male,Driver,Uninjured,Driver_seat,Shopping,Not_pedestrian,Unknown,Not_pedestrian,Seat_belt,Used,Not a holiday,0
2379,201600001468,2016,6,2,Daylight,Out_of_agglomeration,Out_of_intersection,Cloudy,Frontal_two_vehicles,Manual_entry,0.31778,48.9918,True,2016-06-02,10,0,10:00,Morning,False,Summer,2.0,0.0,60.0,Departmental_road,Bidirectional,Unknown,Slope,S-bend,Wet,Unknown,On_road,Not_near_school,B02,Opposite_direction,Car(Quad/Passenger),Cyclist,Front,Straight_ahead,0,1979.0,Female,Driver,Injured_Slight,Driver_seat,Leisure,Not_pedestrian,Unknown,Not_pedestrian,Seat_belt,Used,Not a holiday,0
2380,201600001469,2016,6,30,Daylight,Out_of_agglomeration,Intersection_X,Cloudy,Side_two_vehicles,Manual_entry,0.33928,49.2078,True,2016-06-30,12,30,12:30,Afternoon,False,Summer,0.0,0.0,61.0,Departmental_road,Bidirectional,Unknown,Flat,Straight,Normal,Roundabout,On_road,Not_near_school,A01,Opposite_direction,Car(Quad/Passenger),Cyclist,Left_side,Loss_of_control,0,1935.0,Male,Driver,Injured_Hospitalized,Driver_seat,Leisure,Not_pedestrian,Unknown,Not_pedestrian,Seat_belt,Used,Not a holiday,0
2381,201600001469,2016,6,30,Daylight,Out_of_agglomeration,Intersection_X,Cloudy,Side_two_vehicles,Manual_entry,0.33928,49.2078,True,2016-06-30,12,30,12:30,Afternoon,False,Summer,0.0,0.0,61.0,Departmental_road,Bidirectional,Unknown,Flat,Straight,Normal,Roundabout,On_road,Not_near_school,B02,Other/Unknown,Car(Quad/Passenger),Cyclist,Front,Straight_ahead,0,1998.0,Male,Driver,Injured_Slight,Driver_seat,Leisure,Not_pedestrian,Unknown,Not_pedestrian,Seat_belt,Used,Not a holiday,0
2382,201600001470,2016,8,28,Night_without_public_lighting,Out_of_agglomeration,Out_of_intersection,Normal,Other_collision,Manual_entry,0.33525,49.1206,True,2016-08-28,4,0,04:00,Night,True,Summer,2.0,0.0,0.0,Communal_way,Bidirectional,Unknown,Slope,Curve_left,Normal,Unknown,On_verge,Unknown,A01,Same_direction,Car(Quad/Passenger),None,Front,Turning,0,1994.0,Male,Driver,Injured_Hospitalized,Driver_seat,Leisure,Not_pedestrian,Unknown,Not_pedestrian,Seat_belt,Used,Not a holiday,0
2383,201600001471,2016,9,4,Night_without_public_lighting,Out_of_agglomeration,Out_of_intersection,Other,No_collision,Manual_entry,0.304,49.149,True,2016-09-04,5,30,05:30,Morning,True,Autumn,3.0,0.0,103.0,Departmental_road,Bidirectional,Unknown,Flat,Straight,Normal,Unknown,On_road,Not_near_school,A01,Other/Unknown,Motorcycle,None,Rear_right,Straight_ahead,0,1996.0,Male,Driver,Injured_Hospitalized,Driver_seat,Leisure,Not_pedestrian,Unknown,Not_pedestrian,Helmet,Used,Not a holiday,0
2384,201600001472,2016,9,10,Daylight,Out_of_agglomeration,Out_of_intersection,Normal,Side_two_vehicles,Manual_entry,0.301,49.19,True,2016-09-10,17,0,17:00,Evening,True,Autumn,0.0,64.0,0.0,Departmental_road,Bidirectional,Unknown,Flat,Straight,Normal,Unknown,On_road,Unknown,A01,Opposite_direction,Utility(Truck/Agri),Cyclist,Front_left,Straight_ahead,0,1997.0,Male,Driver,Uninjured,Driver_seat,Leisure,Not_pedestrian,Unknown,Not_pedestrian,Seat_belt,Used,Not a holiday,0
2385,201600001472,2016,9,10,Daylight,Out_of_agglomeration,Out_of_intersection,Normal,Side_two_vehicles,Manual_entry,0.301,49.19,True,2016-09-10,17,0,17:00,Evening,True,Autumn,0.0,64.0,0.0,Departmental_road,Bidirectional,Unknown,Flat,Straight,Normal,Unknown,On_road,Unknown,B02,Other/Unknown,Cycle,Cyclist,Front_left,Avoiding_obstacle,0,1947.0,Male,Driver,Killed,Driver_seat,Leisure,Not_pedestrian,Unknown,Not_pedestrian,Helmet,Used,Not a holiday,0
2386,201600001473,2016,10,26,Daylight,Out_of_agglomeration,Out_of_intersection,Normal,Rear_end_two_vehicles,Manual_entry,0.18595,49.0672,True,2016-10-26,13,30,13:30,Afternoon,False,Autumn,0.0,0.0,91.0,Departmental_road,Bidirectional,Unknown,Flat,Straight,Normal,Unknown,On_verge,Unknown,A01,Opposite_direction,Car(Quad/Passenger),Cyclist,Front_right,Turning,0,1974.0,Female,Driver,Uninjured,Driver_seat,Home-work,Not_pedestrian,Unknown,Not_pedestrian,Seat_belt,Used,Not a holiday,0
2387,201600001473,2016,10,26,Daylight,Out_of_agglomeration,Out_of_intersection,Normal,Rear_end_two_vehicles,Manual_entry,0.18595,49.0672,True,2016-10-26,13,30,13:30,Afternoon,False,Autumn,0.0,0.0,91.0,Departmental_road,Bidirectional,Unknown,Flat,Straight,Normal,Unknown,On_verge,Unknown,B02,Opposite_direction,Cycle,Cyclist,Rear_right,Straight_ahead,0,1948.0,Male,Driver,Killed,Driver_seat,Leisure,Not_pedestrian,Unknown,Not_pedestrian,Helmet,Used,Not a holiday,0
2388,201600001474,2016,12,22,Night_without_public_lighting,Out_of_agglomeration,Out_of_intersection,Normal,Rear_end_two_vehicles,Manual_entry,0.333,49.21,True,2016-12-22,18,30,18:30,Evening,False,Winter,2.0,0.0,66.0,Departmental_road,Bidirectional,Unknown,Flat,Curve_right,Normal,Unknown,On_road,Unknown,A01,Same_direction,Car(Quad/Passenger),None,Front,Turning,0,1962.0,Male,Driver,Uninjured,Driver_seat,Leisure,Not_pedestrian,Unknown,Not_pedestrian,Seat_belt,Used,Not a holiday,0
2389,201600001474,2016,12,22,Night_without_public_lighting,Out_of_agglomeration,Out_of_intersection,Normal,Rear_end_two_vehicles,Manual_entry,0.333,49.21,True,2016-12-22,18,30,18:30,Evening,False,Winter,2.0,0.0,66.0,Departmental_road,Bidirectional,Unknown,Flat,Curve_right,Normal,Unknown,On_road,Unknown,B02,Same_direction,Cycle,None,Rear_right,Turning,0,1989.0,Male,Driver,Killed,Driver_seat,Leisure,Not_pedestrian,Unknown,Not_pedestrian,Helmet,Not_used,Not a holiday,0
2390,201600001475,2016,11,9,Daylight,Out_of_agglomeration,Intersection_X,Cloudy,Side_two_vehicles,Manual_entry,0.15479,49.0797,True,2016-11-09,13,0,13:00,Afternoon,False,Autumn,2.0,0.0,60.0,Departmental_road,Bidirectional,Unknown,Flat,Straight,Wet,Unknown,On_road,Unknown,A01,Opposite_direction,Car(Quad/Passenger),Cyclist,Front_left,Straight_ahead,0,1985.0,Female,Driver,Injured_Slight,Driver_seat,Leisure,Not_pedestrian,Unknown,Not_pedestrian,Seat_belt,Used,Not a holiday,0
2391,201600001475,2016,11,9,Daylight,Out_of_agglomeration,Intersection_X,Cloudy,Side_two_vehicles,Manual_entry,0.15479,49.0797,True,2016-11-09,13,0,13:00,Afternoon,False,Autumn,2.0,0.0,60.0,Departmental_road,Bidirectional,Unknown,Flat,Straight,Wet,Unknown,On_road,Unknown,B02,Opposite_direction,Utility(Truck/Agri),Cyclist,Front,Straight_ahead,0,1950.0,Male,Driver,Uninjured,Driver_seat,Leisure,Not_pedestrian,Unknown,Not_pedestrian,Seat_belt,Used,Not a holiday,0
2392,201600001476,2016,1,13,Night_without_public_lighting,Out_of_agglomeration,Out_of_intersection,Strong_wind_or_storm,Other_collision,Manual_entry,0.12467,49.3242,True,2016-01-13,3,45,03:45,Night,False,Winter,2.0,20.0,94.0,Departmental_road,Bidirectional,Unknown,Flat,Straight,Wet,Unknown,On_road,Not_near_school,A01,Other/Unknown,Motorcycle,None,Front,Avoiding_obstacle,0,1992.0,Male,Driver,Killed,Driver_seat,Leisure,Not_pedestrian,Unknown,Not_pedestrian,Helmet,Used,Not a holiday,0
2393,201600001477,2016,4,13,Daylight,Out_of_agglomeration,Out_of_intersection,Normal,Frontal_two_vehicles,Manual_entry,0.235,49.248,True,2016-04-13,10,0,10:00,Morning,False,Spring,2.0,0.0,56.0,Departmental_road,Bidirectional,Unknown,Flat,Curve_left,Normal,Unknown,On_road,Not_near_school,A01,Opposite_direction,Utility(Truck/Agri),Cyclist,Front,Avoiding_obstacle,0,1984.0,Male,Driver,Killed,Driver_seat,Professional use,Not_pedestrian,Unknown,Not_pedestrian,Seat_belt,Used,Not a holiday,0
2394,201600001477,2016,4,13,Daylight,Out_of_agglomeration,Out_of_intersection,Normal,Frontal_two_vehicles,Manual_entry,0.235,49.248,True,2016-04-13,10,0,10:00,Morning,False,Spring,2.0,0.0,56.0,Departmental_road,Bidirectional,Unknown,Flat,Curve_left,Normal,Unknown,On_road,Not_near_school,B02,Other/Unknown,Motorcycle,Cyclist,Front,Straight_ahead,0,1971.0,Male,Driver,Uninjured,Driver_seat,Professional use,Not_pedestrian,Unknown,Not_pedestrian,Seat_belt,Used,Not a holiday,0
2395,201600001478,2016,6,25,Night_without_public_lighting,Out_of_agglomeration,Out_of_intersection,Normal,Other_collision,Manual_entry,0.15879,49.2375,True,2016-06-25,0,15,00:15,Night,True,Summer,1.0,0.0,42.0,Departmental_road,Bidirectional,Unknown,Flat,Curve_right,Normal,Bridge,On_verge,Not_near_school,A01,Other/Unknown,Car(Quad/Passenger),None,Front,Avoiding_obstacle,0,1952.0,Male,Driver,Injured_Hospitalized,Driver_seat,Leisure,Not_pedestrian,Unknown,Not_pedestrian,Seat_belt,Used,Not a holiday,0
2396,201600001479,2016,7,17,Night_with_public_lighting_on,Built_up_area,Intersection_X,Normal,Side_two_vehicles,Manual_entry,0.18049,49.2832,True,2016-07-17,1,30,01:30,Night,True,Summer,0.0,0.0,0.0,Departmental_road,Bidirectional,Unknown,Flat,Straight,Normal,Roundabout,On_road,Not_near_school,A02,Other/Unknown,Motorcycle,Cyclist,Front,Loss_of_control,0,2001.0,Male,Driver,Injured_Hospitalized,Driver_seat,Leisure,Not_pedestrian,Unknown,Not_pedestrian,Helmet,Used,Not a holiday,0
2397,201600001479,2016,7,17,Night_with_public_lighting_on,Built_up_area,Intersection_X,Normal,Side_two_vehicles,Manual_entry,0.18049,49.2832,True,2016-07-17,1,30,01:30,Night,True,Summer,0.0,0.0,0.0,Departmental_road,Bidirectional,Unknown,Flat,Straight,Normal,Roundabout,On_road,Not_near_school,B01,Opposite_direction,Car(Quad/Passenger),Cyclist,Right_side,Straight_ahead,0,1954.0,Male,Driver,Uninjured,Driver_seat,Leisure,Not_pedestrian,Unknown,Not_pedestrian,Seat_belt,Used,Not a holiday,0
2398,201600001480,2016,8,7,Daylight,Out_of_agglomeration,Out_of_intersection,Normal,Multiple_three_plus,Unknown,,,False,2016-08-07,19,15,19:15,Evening,True,Summer,3.0,0.0,110.0,Departmental_road,Separated_carriageways,Unknown,Flat,Straight,Normal,Roundabout,On_road,Not_near_school,A01,Same_direction,Motorcycle,Cyclist,Left_side,Interaction,0,1955.0,Male,Driver,Injured_Slight,Driver_seat,Leisure,Not_pedestrian,Unknown,Not_pedestrian,Helmet,Used,Not a holiday,0
2399,201600001480,2016,8,7,Daylight,Out_of_agglomeration,Out_of_intersection,Normal,Multiple_three_plus,Unknown,,,False,2016-08-07,19,15,19:15,Evening,True,Summer,3.0,0.0,110.0,Departmental_road,Separated_carriageways,Unknown,Flat,Straight,Normal,Roundabout,On_road,Not_near_school,B02,Same_direction,Car(Quad/Passenger),Cyclist,Rear_left,Roundabout,0,1951.0,Female,Driver,Uninjured,Driver_seat,Home-work,Not_pedestrian,Unknown,Not_pedestrian,Seat_belt,Used,Not a holiday,0
2400,201600001480,2016,8,7,Daylight,Out_of_agglomeration,Out_of_intersection,Normal,Multiple_three_plus,Unknown,,,False,2016-08-07,19,15,19:15,Evening,True,Summer,3.0,0.0,110.0,Departmental_road,Separated_carriageways,Unknown,Flat,Straight,Normal,Roundabout,On_road,Not_near_school,C03,Same_direction,Car(Quad/Passenger),None,No_impact,Park/Start/Stop,0,1984.0,Female,Driver,Uninjured,Driver_seat,Leisure,Not_pedestrian,Unknown,Not_pedestrian,Seat_belt,Used,Not a holiday,0
2401,201600001481,2016,8,21,Daylight,Built_up_area,Out_of_intersection,Normal,Other_collision,Unknown,,,False,2016-08-21,10,0,10:00,Morning,True,Summer,0.0,0.0,70.0,Departmental_road,Unknown,Unknown,Slope,Straight,Normal,Unknown,On_sidewalk,Not_near_school,A01,Same_direction,Car(Quad/Passenger),Pedestrian,Front,Straight_ahead,0,1993.0,Male,Driver,Injured_Hospitalized,Driver_seat,Home-work,Not_pedestrian,Unknown,Not_pedestrian,Seat_belt,Used,Not a holiday,0
2402,201600001482,2016,11,14,Night_without_public_lighting,Out_of_agglomeration,Out_of_intersection,Normal,No_collision,Manual_entry,0.18454,49.3054,True,2016-11-14,7,15,07:15,Morning,False,Autumn,2.0,0.0,70.0,Departmental_road,Bidirectional,Unknown,Flat,Straight,Normal,Unknown,On_verge,Unknown,A01,Opposite_direction,Car(Quad/Passenger),None,Front,Straight_ahead,0,1962.0,Male,Driver,Injured_Hospitalized,Driver_seat,Leisure,Not_pedestrian,Unknown,Not_pedestrian,Seat_belt,Used,Not a holiday,0
2403,201600001483,2016,11,15,Night_without_public_lighting,Out_of_agglomeration,Out_of_intersection,Light_rain,Side_two_vehicles,Manual_entry,0.20212,49.3433,True,2016-11-15,18,15,18:15,Evening,False,Autumn,2.0,0.0,70.0,Departmental_road,Bidirectional,Unknown,Flat,Straight,Wet,Unknown,On_road,Unknown,A01,Opposite_direction,Utility(Truck/Agri),Cyclist,Front_left,Park/Start/Stop,0,1982.0,Male,Driver,Uninjured,Driver_seat,Home-work,Not_pedestrian,Unknown,Not_pedestrian,Seat_belt,Used,Not a holiday,0
2404,201600001483,2016,11,15,Night_without_public_lighting,Out_of_agglomeration,Out_of_intersection,Light_rain,Side_two_vehicles,Manual_entry,0.20212,49.3433,True,2016-11-15,18,15,18:15,Evening,False,Autumn,2.0,0.0,70.0,Departmental_road,Bidirectional,Unknown,Flat,Straight,Wet,Unknown,On_road,Unknown,B02,Opposite_direction,Cycle,Cyclist,Front,Straight_ahead,0,1990.0,Male,Driver,Injured_Hospitalized,Driver_seat,Shopping,Not_pedestrian,Unknown,Not_pedestrian,Helmet,Used,Not a holiday,0
2405,201600001484,2016,4,15,Daylight,Out_of_agglomeration,Intersection_X,Normal,Side_two_vehicles,Manual_entry,0.09681,49.2351,True,2016-04-15,11,30,11:30,Morning,False,Spring,2.0,0.0,120.0,Departmental_road,Bidirectional,Unknown,Flat,Straight,Normal,Roundabout,On_road,Unknown,A01,Opposite_direction,Car(Quad/Passenger),Cyclist,Left_side,Loss_of_control,0,1937.0,Female,Driver,Injured_Hospitalized,Driver_seat,Leisure,Not_pedestrian,Unknown,Not_pedestrian,Seat_belt,Used,Not a holiday,0
2406,201600001484,2016,4,15,Daylight,Out_of_agglomeration,Intersection_X,Normal,Side_two_vehicles,Manual_entry,0.09681,49.2351,True,2016-04-15,11,30,11:30,Morning,False,Spring,2.0,0.0,120.0,Departmental_road,Bidirectional,Unknown,Flat,Straight,Normal,Roundabout,On_road,Unknown,B02,Other/Unknown,Car(Quad/Passenger),Cyclist,Front,Straight_ahead,0,1992.0,Male,Driver,Injured_Slight,Driver_seat,Professional use,Not_pedestrian,Unknown,Not_pedestrian,Seat_belt,Used,Not a holiday,0
2407,201600001485,2016,5,16,Daylight,Out_of_agglomeration,Out_of_intersection,Normal,Multiple_three_plus,Manual_entry,-0.01896,49.2742,True,2016-05-16,9,0,09:00,Morning,False,Spring,2.0,0.0,70.0,Departmental_road,Bidirectional,Unknown,Flat,Straight,Normal,Unknown,On_road,Unknown,A01,Opposite_direction,Car(Quad/Passenger),Cyclist,Right_side,Avoiding_obstacle,0,1993.0,Male,Driver,Uninjured,Driver_seat,Home-work,Not_pedestrian,Unknown,Not_pedestrian,Seat_belt,Used,Whit Monday,1
2408,201600001485,2016,5,16,Daylight,Out_of_agglomeration,Out_of_intersection,Normal,Multiple_three_plus,Manual_entry,-0.01896,49.2742,True,2016-05-16,9,0,09:00,Morning,False,Spring,2.0,0.0,70.0,Departmental_road,Bidirectional,Unknown,Flat,Straight,Normal,Unknown,On_road,Unknown,B02,Other/Unknown,Car(Quad/Passenger),Cyclist,Front_left,Straight_ahead,0,1963.0,Male,Driver,Uninjured,Driver_seat,Leisure,Not_pedestrian,Unknown,Not_pedestrian,Seat_belt,Used,Whit Monday,1
2409,201600001485,2016,5,16,Daylight,Out_of_agglomeration,Out_of_intersection,Normal,Multiple_three_plus,Manual_entry,-0.01896,49.2742,True,2016-05-16,9,0,09:00,Morning,False,Spring,2.0,0.0,70.0,Departmental_road,Bidirectional,Unknown,Flat,Straight,Normal,Unknown,On_road,Unknown,C03,Other/Unknown,Car(Quad/Passenger),Cyclist,Right_side,Straight_ahead,0,1954.0,Female,Driver,Uninjured,Driver_seat,Leisure,Not_pedestrian,Unknown,Not_pedestrian,Seat_belt,Used,Whit Monday,1
2410,201600001485,2016,5,16,Daylight,Out_of_agglomeration,Out_of_intersection,Normal,Multiple_three_plus,Manual_entry,-0.01896,49.2742,True,2016-05-16,9,0,09:00,Morning,False,Spring,2.0,0.0,70.0,Departmental_road,Bidirectional,Unknown,Flat,Straight,Normal,Unknown,On_road,Unknown,D04,Other/Unknown,Car(Quad/Passenger),other,Right_side,Straight_ahead,0,1982.0,Male,Driver,Uninjured,Driver_seat,Leisure,Not_pedestrian,Unknown,Not_pedestrian,Seat_belt,Used,Whit Monday,1
2411,201600001486,2016,6,3,Daylight,Out_of_agglomeration,Intersection_T,Normal,Frontal_two_vehicles,Manual_entry,0.0781,49.1709,True,2016-06-03,15,15,15:15,Afternoon,False,Summer,2.0,0.0,0.0,Departmental_road,Bidirectional,Unknown,Hilltop,Curve_right,Normal,Unknown,On_road,Unknown,B02,Other/Unknown,Car(Quad/Passenger),Cyclist,Front,Straight_ahead,0,1947.0,Male,Driver,Uninjured,Driver_seat,Leisure,Not_pedestrian,Unknown,Not_pedestrian,Seat_belt,Used,Not a holiday,0
2412,201600001486,2016,6,3,Daylight,Out_of_agglomeration,Intersection_T,Normal,Frontal_two_vehicles,Manual_entry,0.0781,49.1709,True,2016-06-03,15,15,15:15,Afternoon,False,Summer,2.0,0.0,0.0,Departmental_road,Bidirectional,Unknown,Hilltop,Curve_right,Normal,Unknown,On_road,Unknown,A01,Opposite_direction,Motorcycle,Cyclist,Front,Avoiding_obstacle,0,1967.0,Female,Driver,Killed,Driver_seat,Leisure,Not_pedestrian,Unknown,Not_pedestrian,Helmet,Used,Not a holiday,0