,accident_id,year,month,day,lighting_label,urban_label,intersection_label,weather_label,collision_label,gps_label,longitude_num,latitude_num,valid_geo,date,hour,minute,time_hhmm,time_of_day,is_weekend,season,num_lanes,pedestrian_crossing_width,road_width,road_category_label,traffic_regime_label,reserved_lane_label,road_profile_label,road_layout_label,surface_condition_label,infrastructure_label,situation_label,school_zone_label,vehicle_id,traffic_direction_label,vehicle_category_label,mobile_obstacle_label,impact_point_label,manoeuvre_label,occupants_group,birth_year,sex_label,user_category_label,injury_severity_label,seat_position_label,journey_purpose_label,pedestrian_location_label,pedestrian_action_label,pedestrian_state_label,safety_equipment_type,safety_equipment_usage,holiday_name,is_holiday
2413,201600001487,2016,8,16,Daylight,Out_of_agglomeration,Intersection_T,Dazzling,Frontal_two_vehicles,Manual_entry,-0.08695,49.2308,True,2016-08-16,8,30,08:30,Morning,False,Summer,2.0,0.0,126.0,Departmental_road,Bidirectional,Unknown,Flat,Straight,Normal,Roundabout,On_road,Not_near_school,B02,Other/Unknown,Car(Quad/Passenger),Cyclist,Right_side,Straight_ahead,0,1975.0,Female,Driver,Injured_Slight,Driver_seat,Home-work,Not_pedestrian,Unknown,Not_pedestrian,Seat_belt,Used,Not a holiday,0
2414,201600001487,2016,8,16,Daylight,Out_of_agglomeration,Intersection_T,Dazzling,Frontal_two_vehicles,Manual_entry,-0.08695,49.2308,True,2016-08-16,8,30,08:30,Morning,False,Summer,2.0,0.0,126.0,Departmental_road,Bidirectional,Unknown,Flat,Straight,Normal,Roundabout,On_road,Not_near_school,A01,Opposite_direction,Car(Quad/Passenger),Cyclist,Front_right,Roundabout,0,1995.0,Female,Driver,Injured_Hospitalized,Driver_seat,Leisure,Not_pedestrian,Unknown,Not_pedestrian,Seat_belt,Used,Not a holiday,0
2415,201600001488,2016,9,26,Night_without_public_lighting,Out_of_agglomeration,Out_of_intersection,Normal,Other_collision,Manual_entry,,,False,2016-09-26,21,15,21:15,Night,False,Autumn,1.0,0.0,39.0,Departmental_road,Bidirectional,Unknown,Slope,Curve_left,Normal,Unknown,On_road,Not_near_school,A01,Opposite_direction,Car(Quad/Passenger),None,Front,Straight_ahead,0,1993.0,Male,Driver,Killed,Driver_seat,Unknown,Not_pedestrian,Unknown,Not_pedestrian,Seat_belt,Used,Not a holiday,0
2416,201600001489,2016,10,19,Night_without_public_lighting,Out_of_agglomeration,Out_of_intersection,Light_rain,Other_collision,Manual_entry,0.18763,49.195,True,2016-10-19,20,0,20:00,Evening,False,Autumn,2.0,0.0,46.0,Departmental_road,Bidirectional,Unknown,Flat,Straight,Wet,Unknown,On_road,Unknown,A01,Opposite_direction,Car(Quad/Passenger),None,Front,Straight_ahead,0,1983.0,Male,Driver,Injured_Slight,Driver_seat,Leisure,Not_pedestrian,Unknown,Not_pedestrian,Seat_belt,Used,Not a holiday,0
2417,201600001490,2016,10,29,Daylight,Out_of_agglomeration,Intersection_T,Normal,Side_two_vehicles,Manual_entry,-0.10376,49.2717,True,2016-10-29,15,15,15:15,Afternoon,True,Autumn,1.0,0.0,56.0,Departmental_road,One_way,Unknown,Flat,Straight,Normal,Roundabout,On_road,Unknown,A01,Opposite_direction,Car(Quad/Passenger),Cyclist,Front_left,Loss_of_control,0,1938.0,Male,Driver,Killed,Driver_seat,Shopping,Not_pedestrian,Unknown,Not_pedestrian,Seat_belt,Used,Not a holiday,0
2418,201600001490,2016,10,29,Daylight,Out_of_agglomeration,Intersection_T,Normal,Side_two_vehicles,Manual_entry,-0.10376,49.2717,True,2016-10-29,15,15,15:15,Afternoon,True,Autumn,1.0,0.0,56.0,Departmental_road,One_way,Unknown,Flat,Straight,Normal,Roundabout,On_road,Unknown,B02,Opposite_direction,Car(Quad/Passenger),Cyclist,Front_left,Straight_ahead,0,1963.0,Male,Driver,Uninjured,Driver_seat,Leisure,Not_pedestrian,Unknown,Not_pedestrian,Seat_belt,Used,Not a holiday,0
2419,201600001491,2016,11,30,Daylight,Out_of_agglomeration,Out_of_intersection,Dazzling,Side_two_vehicles,Manual_entry,-0.06608,49.2249,True,2016-11-30,14,50,14:50,Afternoon,False,Autumn,2.0,0.0,64.0,Departmental_road,Bidirectional,Unknown,Hilltop,Straight,Normal,Unknown,On_road,Unknown,A01,Opposite_direction,Car(Quad/Passenger),Cyclist,Front,Roundabout,0,1959.0,Female,Driver,Uninjured,Driver_seat,Leisure,Not_pedestrian,Unknown,Not_pedestrian,Seat_belt,Used,Not a holiday,0
2420,201600001491,2016,11,30,Daylight,Out_of_agglomeration,Out_of_intersection,Dazzling,Side_two_vehicles,Manual_entry,-0.06608,49.2249,True,2016-11-30,14,50,14:50,Afternoon,False,Autumn,2.0,0.0,64.0,Departmental_road,Bidirectional,Unknown,Hilltop,Straight,Normal,Unknown,On_road,Unknown,B02,Other/Unknown,Car(Quad/Passenger),Cyclist,Right_side,Straight_ahead,0,1965.0,Female,Driver,Uninjured,Driver_seat,Professional use,Not_pedestrian,Unknown,Not_pedestrian,Seat_belt,Used,Not a holiday,0
2421,201600001492,2016,1,17,Daylight,Built_up_area,Intersection_T,Normal,Rear_end_two_vehicles,Manual_entry,-0.89298,48.8013,True,2016-01-17,11,20,11:20,Morning,True,Winter,2.0,0.0,68.0,Departmental_road,Bidirectional,Unknown,Slope,Straight,Normal,Unknown,On_road,Not_near_school,A01,Other/Unknown,Car(Quad/Passenger),Cyclist,Front,other,0,1994.0,Male,Driver,Injured_Slight,Driver_seat,Leisure,Not_pedestrian,Unknown,Not_pedestrian,Seat_belt,Used,Not a holiday,0
2422,201600001492,2016,1,17,Daylight,Built_up_area,Intersection_T,Normal,Rear_end_two_vehicles,Manual_entry,-0.89298,48.8013,True,2016-01-17,11,20,11:20,Morning,True,Winter,2.0,0.0,68.0,Departmental_road,Bidirectional,Unknown,Slope,Straight,Normal,Unknown,On_road,Not_near_school,B02,Other/Unknown,Car(Quad/Passenger),Cyclist,Rear_right,Roundabout,0,1969.0,Male,Driver,Injured_Slight,Driver_seat,Leisure,Not_pedestrian,Unknown,Not_pedestrian,Seat_belt,Used,Not a holiday,0
2423,201600001493,2016,2,3,Twilight_or_dawn,Out_of_agglomeration,Out_of_intersection,Normal,Other_collision,Manual_entry,-1.03824,48.8541,True,2016-02-03,18,0,18:00,Evening,False,Winter,2.0,0.0,60.0,Departmental_road,Bidirectional,Unknown,Flat,Straight,Wet,Unknown,On_verge,Unknown,A01,Other/Unknown,Cycle,None,Right_side,Turning,0,1986.0,Female,Driver,Injured_Hospitalized,Driver_seat,Home-work,Not_pedestrian,Unknown,Not_pedestrian,Helmet,Used,Not a holiday,0
2424,201600001494,2016,2,14,Night_without_public_lighting,Built_up_area,Out_of_intersection,Light_rain,Other_collision,Manual_entry,-0.91406,48.8726,True,2016-02-14,5,30,05:30,Morning,True,Winter,2.0,0.0,0.0,Departmental_road,Bidirectional,Unknown,Flat,Curve_left,Wet,Unknown,On_sidewalk,Unknown,A01,Other/Unknown,Cycle,None,Front,Turning,0,1999.0,Male,Driver,Injured_Slight,Driver_seat,Leisure,Not_pedestrian,Unknown,Not_pedestrian,Helmet,Used,Not a holiday,0
2425,201600001495,2016,3,22,Night_without_public_lighting,Out_of_agglomeration,Out_of_intersection,Normal,Frontal_two_vehicles,Manual_entry,-1.04665,48.9612,True,2016-03-22,22,30,22:30,Night,False,Spring,2.0,0.0,0.0,Departmental_road,Bidirectional,Unknown,Flat,Curve_left,Wet,Unknown,On_road,Not_near_school,B02,Other/Unknown,Car(Quad/Passenger),Cyclist,Front,Straight_ahead,0,1992.0,Male,Driver,Uninjured,Driver_seat,Leisure,Not_pedestrian,Unknown,Not_pedestrian,Seat_belt,Used,Not a holiday,0
2426,201600001495,2016,3,22,Night_without_public_lighting,Out_of_agglomeration,Out_of_intersection,Normal,Frontal_two_vehicles,Manual_entry,-1.04665,48.9612,True,2016-03-22,22,30,22:30,Night,False,Spring,2.0,0.0,0.0,Departmental_road,Bidirectional,Unknown,Flat,Curve_left,Wet,Unknown,On_road,Not_near_school,A01,Opposite_direction,Car(Quad/Passenger),Cyclist,Front,Avoiding_obstacle,0,1944.0,Male,Driver,Uninjured,Driver_seat,Leisure,Not_pedestrian,Unknown,Not_pedestrian,Seat_belt,Used,Not a holiday,0
2427,201600001496,2016,5,18,Daylight,Built_up_area,Out_of_intersection,Heavy_rain,Other_collision,Manual_entry,-0.8853,48.8373,True,2016-05-18,14,0,14:00,Afternoon,False,Spring,2.0,0.0,70.0,Departmental_road,Bidirectional,Unknown,Flat,Straight,Wet,Unknown,On_road,Unknown,A01,Opposite_direction,Car(Quad/Passenger),Pedestrian,Front,Straight_ahead,0,1939.0,Male,Driver,Uninjured,Driver_seat,Leisure,Not_pedestrian,Unknown,Not_pedestrian,Seat_belt,Used,Not a holiday,0
2428,201600001497,2016,7,10,Daylight,Built_up_area,Out_of_intersection,Normal,Rear_end_two_vehicles,Unknown,,,False,2016-07-10,8,30,08:30,Morning,True,Summer,2.0,0.0,40.0,Departmental_road,Bidirectional,Unknown,Unknown,Straight,Unknown,Unknown,On_road,Not_near_school,B02,Opposite_direction,Motorcycle,Cyclist,Rear_right,Straight_ahead,0,1993.0,Male,Driver,Injured_Slight,Driver_seat,Leisure,Not_pedestrian,Unknown,Not_pedestrian,Helmet,Used,Not a holiday,0
2429,201600001497,2016,7,10,Daylight,Built_up_area,Out_of_intersection,Normal,Rear_end_two_vehicles,Unknown,,,False,2016-07-10,8,30,08:30,Morning,True,Summer,2.0,0.0,40.0,Departmental_road,Bidirectional,Unknown,Unknown,Straight,Unknown,Unknown,On_road,Not_near_school,A01,Opposite_direction,Motorcycle,Cyclist,Front,Straight_ahead,0,1992.0,Male,Driver,Uninjured,Driver_seat,Leisure,Not_pedestrian,Unknown,Not_pedestrian,Helmet,Used,Not a holiday,0
2430,201600001498,2016,8,9,Daylight,Out_of_agglomeration,Out_of_intersection,Normal,Frontal_two_vehicles,Unknown,,,False,2016-08-09,15,30,15:30,Afternoon,False,Summer,2.0,0.0,88.0,Departmental_road,Bidirectional,Unknown,Slope,Straight,Normal,Unknown,On_road,Not_near_school,A01,Other/Unknown,Car(Quad/Passenger),Cyclist,Right_side,Avoiding_obstacle,0,1946.0,Female,Driver,Injured_Hospitalized,Driver_seat,Leisure,Not_pedestrian,Unknown,Not_pedestrian,Seat_belt,Used,Not a holiday,0
2431,201600001498,2016,8,9,Daylight,Out_of_agglomeration,Out_of_intersection,Normal,Frontal_two_vehicles,Unknown,,,False,2016-08-09,15,30,15:30,Afternoon,False,Summer,2.0,0.0,88.0,Departmental_road,Bidirectional,Unknown,Slope,Straight,Normal,Unknown,On_road,Not_near_school,B02,Opposite_direction,Car(Quad/Passenger),Cyclist,Right_side,Straight_ahead,0,1942.0,Male,Driver,Injured_Hospitalized,Driver_seat,Leisure,Not_pedestrian,Unknown,Not_pedestrian,Seat_belt,Used,Not a holiday,0
2432,201600001499,2016,8,20,Daylight,Built_up_area,Out_of_intersection,Normal,Other_collision,Unknown,,,False,2016-08-20,10,0,10:00,Morning,True,Summer,0.0,0.0,0.0,other,Unknown,Unknown,Unknown,Unknown,Unknown,Unknown,Unknown,Not_near_school,A01,Opposite_direction,Motorcycle,Pedestrian,No_impact,Straight_ahead,0,1956.0,Male,Driver,Uninjured,Driver_seat,Leisure,Not_pedestrian,Unknown,Not_pedestrian,Seat_belt,Used,Not a holiday,0
2433,201600001500,2016,9,16,Daylight,Out_of_agglomeration,Out_of_intersection,Normal,Side_two_vehicles,Manual_entry,,,False,2016-09-16,14,15,14:15,Afternoon,False,Autumn,0.0,0.0,94.0,Departmental_road,Bidirectional,Unknown,Unknown,Straight,Normal,Unknown,On_road,Not_near_school,B02,Opposite_direction,Cycle,Cyclist,Front,Straight_ahead,0,1998.0,Male,Driver,Injured_Hospitalized,Driver_seat,Leisure,Not_pedestrian,Unknown,Not_pedestrian,Helmet,Used,Not a holiday,0
2434,201600001500,2016,9,16,Daylight,Out_of_agglomeration,Out_of_intersection,Normal,Side_two_vehicles,Manual_entry,,,False,2016-09-16,14,15,14:15,Afternoon,False,Autumn,0.0,0.0,94.0,Departmental_road,Bidirectional,Unknown,Unknown,Straight,Normal,Unknown,On_road,Not_near_school,A01,Other/Unknown,Motorcycle,Cyclist,Left_side,Roundabout,0,1941.0,Male,Driver,Uninjured,Driver_seat,Leisure,Not_pedestrian,Unknown,Not_pedestrian,Seat_belt,Used,Not a holiday,0
2435,201600001501,2016,11,10,Twilight_or_dawn,Out_of_agglomeration,Out_of_intersection,Light_rain,Frontal_two_vehicles,Unknown,,,False,2016-11-10,7,0,07:00,Morning,False,Autumn,0.0,70.0,0.0,Departmental_road,Bidirectional,Unknown,Unknown,Straight,Wet,Unknown,On_road,Unknown,A01,Same_direction,Car(Quad/Passenger),Cyclist,Front,other,0,1965.0,Male,Driver,Uninjured,Driver_seat,Leisure,Not_pedestrian,Unknown,Not_pedestrian,Seat_belt,Used,Not a holiday,0
2436,201600001501,2016,11,10,Twilight_or_dawn,Out_of_agglomeration,Out_of_intersection,Light_rain,Frontal_two_vehicles,Unknown,,,False,2016-11-10,7,0,07:00,Morning,False,Autumn,0.0,70.0,0.0,Departmental_road,Bidirectional,Unknown,Unknown,Straight,Wet,Unknown,On_road,Unknown,B02,Same_direction,Car(Quad/Passenger),Cyclist,Front,Straight_ahead,0,1977.0,Male,Driver,Injured_Hospitalized,Driver_seat,Home-work,Not_pedestrian,Unknown,Not_pedestrian,Seat_belt,Used,Not a holiday,0
2437,201600001502,2016,11,9,Daylight,Out_of_agglomeration,Out_of_intersection,Light_rain,Frontal_two_vehicles,Manual_entry,-0.97192,48.8521,True,2016-11-09,14,45,14:45,Afternoon,False,Autumn,2.0,0.0,58.0,Departmental_road,Bidirectional,Unknown,Flat,Straight,Wet,Unknown,On_road,Unknown,A01,Other/Unknown,Utility(Truck/Agri),Cyclist,Front_right,Roundabout,0,1959.0,Male,Driver,Injured_Slight,Driver_seat,Professional use,Not_pedestrian,Unknown,Not_pedestrian,Seat_belt,Used,Not a holiday,0
2438,201600001502,2016,11,9,Daylight,Out_of_agglomeration,Out_of_intersection,Light_rain,Frontal_two_vehicles,Manual_entry,-0.97192,48.8521,True,2016-11-09,14,45,14:45,Afternoon,False,Autumn,2.0,0.0,58.0,Departmental_road,Bidirectional,Unknown,Flat,Straight,Wet,Unknown,On_road,Unknown,B02,Opposite_direction,Car(Quad/Passenger),Cyclist,Right_side,Straight_ahead,0,1979.0,Female,Driver,Uninjured,Driver_seat,Leisure,Not_pedestrian,Unknown,Not_pedestrian,Seat_belt,Used,Not a holiday,0
2439,201600001503,2016,12,10,Night_with_public_lighting_not_functioning,Out_of_agglomeration,Out_of_intersection,Normal,Other_collision,Manual_entry,,,False,2016-12-10,4,0,04:00,Night,True,Winter,2.0,0.0,0.0,Communal_way,Bidirectional,Unknown,Unknown,Straight,Normal,Unknown,On_road,Not_near_school,A01,Same_direction,Utility(Truck/Agri),None,Front,Straight_ahead,0,1997.0,Female,Driver,Injured_Hospitalized,Driver_seat,Leisure,Not_pedestrian,Unknown,Not_pedestrian,Seat_belt,Used,Not a holiday,0
2440,201600001504,2016,12,14,Daylight,Out_of_agglomeration,Intersection_T,Normal,Side_two_vehicles,Manual_entry,-0.016,46.0,True,2016-12-14,13,15,13:15,Afternoon,False,Winter,0.0,0.0,60.0,Departmental_road,Bidirectional,Unknown,Flat,Straight,Normal,Unknown,On_road,Not_near_school,A01,Same_direction,Car(Quad/Passenger),Cyclist,Front_right,other,0,1969.0,Female,Driver,Injured_Hospitalized,Driver_seat,Home-work,Not_pedestrian,Unknown,Not_pedestrian,Seat_belt,Used,Not a holiday,0
2441,201600001504,2016,12,14,Daylight,Out_of_agglomeration,Intersection_T,Normal,Side_two_vehicles,Manual_entry,-0.016,46.0,True,2016-12-14,13,15,13:15,Afternoon,False,Winter,0.0,0.0,60.0,Departmental_road,Bidirectional,Unknown,Flat,Straight,Normal,Unknown,On_road,Not_near_school,B02,Same_direction,Car(Quad/Passenger),Cyclist,Front,Loss_of_control,0,1998.0,Male,Driver,Injured_Slight,Driver_seat,Home-school,Not_pedestrian,Unknown,Not_pedestrian,Seat_belt,Used,Not a holiday,0
2442,201600001505,2016,12,31,Daylight,Out_of_agglomeration,Out_of_intersection,Other,Other_collision,Manual_entry,,,False,2016-12-31,14,15,14:15,Afternoon,True,Winter,2.0,0.0,60.0,Departmental_road,Bidirectional,Unknown,Flat,Curve_left,Icy,Unknown,On_road,Unknown,A01,Opposite_direction,Car(Quad/Passenger),None,Front,Straight_ahead,0,1978.0,Male,Driver,Uninjured,Driver_seat,Leisure,Not_pedestrian,Unknown,Not_pedestrian,Seat_belt,Used,Not a holiday,0
2443,201600001506,2016,1,11,Daylight,Out_of_agglomeration,Out_of_intersection,Light_rain,Other_collision,Manual_entry,-0.6137,48.9666,True,2016-01-11,10,45,10:45,Morning,False,Winter,2.0,0.0,68.0,Departmental_road,Bidirectional,Unknown,Hill_bottom,Curve_left,Wet,Unknown,On_verge,Unknown,A01,Opposite_direction,Motorcycle,None,Front,Avoiding_obstacle,0,1972.0,Male,Driver,Injured_Hospitalized,Driver_seat,Leisure,Not_pedestrian,Unknown,Not_pedestrian,Seat_belt,Used,Not a holiday,0
2444,201600001507,2016,3,12,Daylight,Out_of_agglomeration,Out_of_intersection,Normal,No_collision,Manual_entry,-0.70563,48.9681,True,2016-03-12,14,45,14:45,Afternoon,True,Spring,2.0,0.0,0.0,Departmental_road,Bidirectional,Unknown,Hilltop,Curve_right,Normal,Unknown,On_road,Unknown,A01,Other/Unknown,Motorcycle,None,Front,Straight_ahead,0,1972.0,Male,Driver,Injured_Hospitalized,Driver_seat,Leisure,Not_pedestrian,Unknown,Not_pedestrian,Helmet,Used,Not a holiday,0
2445,201600001508,2016,5,25,Daylight,Out_of_agglomeration,Out_of_intersection,Normal,Other_collision,Manual_entry,-0.59458,49.0504,True,2016-05-25,11,15,11:15,Morning,False,Spring,2.0,0.0,0.0,Departmental_road,Bidirectional,Unknown,Slope,Straight,Normal,Unknown,On_road,Unknown,A01,Opposite_direction,Car(Quad/Passenger),None,Front,Straight_ahead,0,1995.0,Male,Driver,Injured_Hospitalized,Driver_seat,Home-work,Not_pedestrian,Unknown,Not_pedestrian,Seat_belt,Used,Not a holiday,0
2446,201600001509,2016,7,15,Twilight_or_dawn,Built_up_area,Intersection_X,Fog_or_smoke,Side_two_vehicles,Manual_entry,-0.8248,48.9139,True,2016-07-15,7,30,07:30,Morning,False,Summer,2.0,0.0,60.0,Departmental_road,Bidirectional,Unknown,Flat,Straight,Normal,Roundabout,On_road,Unknown,B02,Opposite_direction,Car(Quad/Passenger),Cyclist,Front_left,Roundabout,0,1946.0,Female,Driver,Uninjured,Driver_seat,Leisure,Not_pedestrian,Unknown,Not_pedestrian,Seat_belt,Used,Not a holiday,0
2447,201600001509,2016,7,15,Twilight_or_dawn,Built_up_area,Intersection_X,Fog_or_smoke,Side_two_vehicles,Manual_entry,-0.8248,48.9139,True,2016-07-15,7,30,07:30,Morning,False,Summer,2.0,0.0,60.0,Departmental_road,Bidirectional,Unknown,Flat,Straight,Normal,Roundabout,On_road,Unknown,A01,Other/Unknown,Motorcycle,Cyclist,Front,Straight_ahead,0,1993.0,Male,Driver,Killed,Driver_seat,Home-work,Not_pedestrian,Unknown,Not_pedestrian,Helmet,Used,Not a holiday,0
2448,201600001510,2016,9,3,Daylight,Built_up_area,Out_of_intersection,Normal,Other_collision,Manual_entry,,,False,2016-09-03,11,45,11:45,Morning,True,Autumn,0.0,0.0,48.0,Communal_way,Unknown,Unknown,Slope,Straight,Normal,Unknown,On_road,Not_near_school,A01,Same_direction,Car(Quad/Passenger),Pedestrian,Rear,Turning,0,1934.0,Female,Driver,Uninjured,Driver_seat,Leisure,Not_pedestrian,Unknown,Not_pedestrian,Seat_belt,Used,Not a holiday,0
2449,201600001511,2016,10,20,Daylight,Out_of_agglomeration,Out_of_intersection,Light_rain,No_collision,Manual_entry,-0.63329,49.0278,True,2016-10-20,16,45,16:45,Afternoon,False,Autumn,2.0,0.0,30.0,Departmental_road,Bidirectional,Unknown,Flat,Curve_left,Wet,Unknown,On_road,Unknown,A01,Other/Unknown,Motorcycle,None,Left_side,Straight_ahead,0,1999.0,Male,Driver,Injured_Slight,Driver_seat,Leisure,Not_pedestrian,Unknown,Not_pedestrian,Helmet,Used,Not a holiday,0
2450,201600001512,2016,4,11,Daylight,Built_up_area,Out_of_intersection,Light_rain,Other_collision,Manual_entry,-0.55573,48.8405,True,2016-04-11,15,45,15:45,Afternoon,False,Spring,2.0,0.0,60.0,Departmental_road,Bidirectional,Unknown,Flat,Straight,Wet,Unknown,On_verge,Not_near_school,A01,Other/Unknown,Car(Quad/Passenger),None,Front,Turning,0,1958.0,Male,Driver,Injured_Hospitalized,Driver_seat,Leisure,Not_pedestrian,Unknown,Not_pedestrian,Seat_belt,Used,Not a holiday,0
2451,201600001513,2016,4,30,Daylight,Built_up_area,Out_of_intersection,Normal,Side_two_vehicles,Manual_entry,-0.54949,48.8482,True,2016-04-30,14,30,14:30,Afternoon,True,Spring,2.0,0.0,35.0,Communal_way,Bidirectional,Unknown,Flat,Straight,Normal,Unknown,On_road,Not_near_school,A01,Same_direction,Motorcycle,Cyclist,Rear,other,0,1963.0,Male,Driver,Uninjured,Driver_seat,Leisure,Not_pedestrian,Unknown,Not_pedestrian,Helmet,Used,Not a holiday,0
2452,201600001513,2016,4,30,Daylight,Built_up_area,Out_of_intersection,Normal,Side_two_vehicles,Manual_entry,-0.54949,48.8482,True,2016-04-30,14,30,14:30,Afternoon,True,Spring,2.0,0.0,35.0,Communal_way,Bidirectional,Unknown,Flat,Straight,Normal,Unknown,On_road,Not_near_school,B02,Same_direction,Cycle,Cyclist,Right_side,Roundabout,0,2001.0,Male,Driver,Injured_Hospitalized,Driver_seat,Leisure,Not_pedestrian,Unknown,Not_pedestrian,Helmet,Not_used,Not a holiday,0
2453,201600001514,2016,5,28,Daylight,Out_of_agglomeration,Out_of_intersection,Normal,No_collision,Manual_entry,-0.48761,48.873,True,2016-05-28,12,30,12:30,Afternoon,True,Spring,2.0,0.0,55.0,Departmental_road,Bidirectional,Unknown,Slope,Curve_left,Mud,Unknown,On_verge,Unknown,A01,Other/Unknown,Motorcycle,None,Left_side,Straight_ahead,0,1991.0,Female,Driver,Injured_Hospitalized,Driver_seat,Leisure,Not_pedestrian,Unknown,Not_pedestrian,Helmet,Used,Not a holiday,0
2454,201600001515,2016,9,3,Daylight,Out_of_agglomeration,Out_of_intersection,Normal,Side_two_vehicles,Manual_entry,,,False,2016-09-03,17,45,17:45,Evening,True,Autumn,2.0,0.0,69.0,Departmental_road,Bidirectional,Unknown,Flat,Straight,Normal,Unknown,On_road,Unknown,A01,Other/Unknown,Car(Quad/Passenger),Cyclist,Right_side,Roundabout,0,1992.0,Female,Driver,Uninjured,Driver_seat,Leisure,Not_pedestrian,Unknown,Not_pedestrian,Seat_belt,Used,Not a holiday,0
2455,201600001515,2016,9,3,Daylight,Out_of_agglomeration,Out_of_intersection,Normal,Side_two_vehicles,Manual_entry,,,False,2016-09-03,17,45,17:45,Evening,True,Autumn,2.0,0.0,69.0,Departmental_road,Bidirectional,Unknown,Flat,Straight,Normal,Unknown,On_road,Unknown,B02,Other/Unknown,Motorcycle,Cyclist,Front_right,other,0,1990.0,Female,Driver,Injured_Hospitalized,Driver_seat,Leisure,Not_pedestrian,Unknown,Not_pedestrian,Helmet,Used,Not a holiday,0
2456,201600001516,2016,9,4,Daylight,Out_of_agglomeration,Out_of_intersection,Normal,Other_collision,Manual_entry,,,False,2016-09-04,15,45,15:45,Afternoon,True,Autumn,2.0,0.0,37.0,Departmental_road,Bidirectional,Unknown,Slope,Straight,Normal,Unknown,On_verge,Unknown,A01,Other/Unknown,Car(Quad/Passenger),None,Right_side,Turning,0,1946.0,Male,Driver,Uninjured,Driver_seat,Leisure,Not_pedestrian,Unknown,Not_pedestrian,Seat_belt,Used,Not a holiday,0
2457,201600001517,2016,9,23,Daylight,Built_up_area,Out_of_intersection,Normal,Side_two_vehicles,Manual_entry,,,False,2016-09-23,13,15,13:15,Afternoon,False,Autumn,0.0,0.0,30.0,Communal_way,Bidirectional,Unknown,Flat,Straight,Normal,Unknown,On_road,Unknown,A01,Same_direction,Car(Quad/Passenger),None,Front_right,Straight_ahead,0,1993.0,Female,Driver,Uninjured,Driver_seat,other,Not_pedestrian,Unknown,Not_pedestrian,Seat_belt,Used,Not a holiday,0
2458,201600001517,2016,9,23,Daylight,Built_up_area,Out_of_intersection,Normal,Side_two_vehicles,Manual_entry,,,False,2016-09-23,13,15,13:15,Afternoon,False,Autumn,0.0,0.0,30.0,Communal_way,Bidirectional,Unknown,Flat,Straight,Normal,Unknown,On_road,Unknown,B02,Same_direction,Car(Quad/Passenger),None,Front_left,Straight_ahead,0,1978.0,Male,Driver,Injured_Slight,Driver_seat,Home-school,Not_pedestrian,Unknown,Not_pedestrian,Seat_belt,Used,Not a holiday,0
2459,201600001518,2016,11,11,Night_with_public_lighting_on,Built_up_area,Out_of_intersection,Normal,Side_two_vehicles,Manual_entry,-0.73772,48.8988,True,2016-11-11,20,45,20:45,Evening,False,Autumn,2.0,0.0,0.0,Departmental_road,Bidirectional,Unknown,Flat,Straight,Normal,Unknown,On_road,Unknown,A01,Opposite_direction,Car(Quad/Passenger),Cyclist,Front_right,other,0,1992.0,Male,Driver,Injured_Hospitalized,Driver_seat,Home-work,Not_pedestrian,Unknown,Not_pedestrian,Seat_belt,Used,Armistice Day,1
2460,201600001518,2016,11,11,Night_with_public_lighting_on,Built_up_area,Out_of_intersection,Normal,Side_two_vehicles,Manual_entry,-0.73772,48.8988,True,2016-11-11,20,45,20:45,Evening,False,Autumn,2.0,0.0,0.0,Departmental_road,Bidirectional,Unknown,Flat,Straight,Normal,Unknown,On_road,Unknown,B02,Opposite_direction,Car(Quad/Passenger),Cyclist,Right_side,Roundabout,0,1976.0,Female,Driver,Uninjured,Driver_seat,Leisure,Not_pedestrian,Unknown,Not_pedestrian,Seat_belt,Used,Armistice Day,1
2461,201600001519,2016,11,18,Daylight,Out_of_agglomeration,Out_of_intersection,Strong_wind_or_storm,Rear_end_two_vehicles,Unknown,,,False,2016-11-18,11,30,11:30,Morning,False,Autumn,2.0,0.0,0.0,Departmental_road,Bidirectional,Unknown,Flat,Straight,Normal,Unknown,On_road,Not_near_school,A01,Other/Unknown,Motorcycle,Cyclist,Front,Turning,0,1981.0,Male,Driver,Injured_Hospitalized,Driver_seat,Home-work,Not_pedestrian,Unknown,Not_pedestrian,Helmet,Used,Not a holiday,0
2462,201600001519,2016,11,18,Daylight,Out_of_agglomeration,Out_of_intersection,Strong_wind_or_storm,Rear_end_two_vehicles,Unknown,,,False,2016-11-18,11,30,11:30,Morning,False,Autumn,2.0,0.0,0.0,Departmental_road,Bidirectional,Unknown,Flat,Straight,Normal,Unknown,On_road,Not_near_school,B02,Other/Unknown,Motorcycle,None,Rear,Turning,0,1969.0,Male,Driver,Uninjured,Driver_seat,Professional use,Not_pedestrian,Unknown,Not_pedestrian,Reflective_equipment,Used,Not a holiday,0
2463,201600001520,2016,11,23,Daylight,Built_up_area,Intersection_T,Normal,Multiple_three_plus,Manual_entry,-0.54572,48.8533,True,2016-11-23,12,15,12:15,Afternoon,False,Autumn,3.0,75.0,0.0,Departmental_road,Bidirectional,Unknown,Slope,Straight,Normal,Unknown,On_road,Unknown,A01,Other/Unknown,Car(Quad/Passenger),Cyclist,Rear,Roundabout,0,1996.0,Male,Driver,Uninjured,Driver_seat,Home-work,Not_pedestrian,Unknown,Not_pedestrian,Seat_belt,Used,Not a holiday,0