,accident_id,year,month,day,lighting_label,urban_label,intersection_label,weather_label,collision_label,gps_label,longitude_num,latitude_num,valid_geo,date,hour,minute,time_hhmm,time_of_day,is_weekend,season,num_lanes,pedestrian_crossing_width,road_width,road_category_label,traffic_regime_label,reserved_lane_label,road_profile_label,road_layout_label,surface_condition_label,infrastructure_label,situation_label,school_zone_label,vehicle_id,traffic_direction_label,vehicle_category_label,mobile_obstacle_label,impact_point_label,manoeuvre_label,occupants_group,birth_year,sex_label,user_category_label,injury_severity_label,seat_position_label,journey_purpose_label,pedestrian_location_label,pedestrian_action_label,pedestrian_state_label,safety_equipment_type,safety_equipment_usage,holiday_name,is_holiday
2464,201600001520,2016,11,23,Daylight,Built_up_area,Intersection_T,Normal,Multiple_three_plus,Manual_entry,-0.54572,48.8533,True,2016-11-23,12,15,12:15,Afternoon,False,Autumn,3.0,75.0,0.0,Departmental_road,Bidirectional,Unknown,Slope,Straight,Normal,Unknown,On_road,Unknown,B02,Other/Unknown,Car(Quad/Passenger),Cyclist,Right_side,Turning,0,1937.0,Male,Driver,Injured_Slight,Driver_seat,Leisure,Not_pedestrian,Unknown,Not_pedestrian,Seat_belt,Used,Not a holiday,0
2465,201600001520,2016,11,23,Daylight,Built_up_area,Intersection_T,Normal,Multiple_three_plus,Manual_entry,-0.54572,48.8533,True,2016-11-23,12,15,12:15,Afternoon,False,Autumn,3.0,75.0,0.0,Departmental_road,Bidirectional,Unknown,Slope,Straight,Normal,Unknown,On_road,Unknown,C03,Same_direction,Utility(Truck/Agri),None,Right_side,other,0,1973.0,Male,Driver,Uninjured,Driver_seat,Home-work,Not_pedestrian,Unknown,Not_pedestrian,Seat_belt,Used,Not a holiday,0
2466,201600001521,2016,6,1,Daylight,Out_of_agglomeration,Out_of_intersection,Light_rain,Multiple_three_plus,Manual_entry,-1.02077,49.1229,True,2016-06-01,18,45,18:45,Evening,False,Summer,2.0,0.0,720.0,Departmental_road,Bidirectional,Unknown,Flat,Straight,Wet,Unknown,On_road,Not_near_school,A01,Other/Unknown,Car(Quad/Passenger),Cyclist,Front,other,0,1966.0,Male,Driver,Uninjured,Driver_seat,Leisure,Not_pedestrian,Unknown,Not_pedestrian,Seat_belt,Used,Not a holiday,0
2467,201600001521,2016,6,1,Daylight,Out_of_agglomeration,Out_of_intersection,Light_rain,Multiple_three_plus,Manual_entry,-1.02077,49.1229,True,2016-06-01,18,45,18:45,Evening,False,Summer,2.0,0.0,720.0,Departmental_road,Bidirectional,Unknown,Flat,Straight,Wet,Unknown,On_road,Not_near_school,B01,Other/Unknown,Car(Quad/Passenger),Cyclist,Rear_right,Turning,0,1939.0,Female,Driver,Uninjured,Driver_seat,Leisure,Not_pedestrian,Unknown,Not_pedestrian,Seat_belt,Used,Not a holiday,0
2468,201600001521,2016,6,1,Daylight,Out_of_agglomeration,Out_of_intersection,Light_rain,Multiple_three_plus,Manual_entry,-1.02077,49.1229,True,2016-06-01,18,45,18:45,Evening,False,Summer,2.0,0.0,720.0,Departmental_road,Bidirectional,Unknown,Flat,Straight,Wet,Unknown,On_road,Not_near_school,C01,Other/Unknown,Car(Quad/Passenger),Cyclist,Rear_left,Turning,0,1937.0,Male,Driver,Killed,Driver_seat,Leisure,Not_pedestrian,Unknown,Not_pedestrian,Seat_belt,Used,Not a holiday,0
2469,201600001521,2016,6,1,Daylight,Out_of_agglomeration,Out_of_intersection,Light_rain,Multiple_three_plus,Manual_entry,-1.02077,49.1229,True,2016-06-01,18,45,18:45,Evening,False,Summer,2.0,0.0,720.0,Departmental_road,Bidirectional,Unknown,Flat,Straight,Wet,Unknown,On_road,Not_near_school,D01,Opposite_direction,other,Cyclist,Front_left,Straight_ahead,0,1965.0,Male,Driver,Uninjured,Driver_seat,Professional use,Not_pedestrian,Unknown,Not_pedestrian,Seat_belt,Used,Not a holiday,0
2470,201600001522,2016,1,7,Daylight,Built_up_area,Out_of_intersection,Normal,No_collision,Manual_entry,-1.24903,49.3038,True,2016-01-07,16,0,16:00,Afternoon,False,Winter,2.0,0.0,76.0,Departmental_road,Bidirectional,Unknown,Flat,Straight,Normal,Unknown,On_road,Unknown,A01,Same_direction,Car(Quad/Passenger),Pedestrian,Left_side,Straight_ahead,0,1958.0,Male,Driver,Uninjured,Driver_seat,other,Not_pedestrian,Unknown,Not_pedestrian,Seat_belt,Used,Not a holiday,0
2471,201600001523,2016,1,28,Night_without_public_lighting,Out_of_agglomeration,Intersection_X,Normal,Side_two_vehicles,Manual_entry,-1.18008,49.308,True,2016-01-28,7,30,07:30,Morning,False,Winter,2.0,0.0,0.0,Departmental_road,Bidirectional,Unknown,Hilltop,Straight,Wet,Unknown,On_road,Not_near_school,A01,Other/Unknown,Car(Quad/Passenger),Cyclist,Front,Loss_of_control,0,1962.0,Male,Driver,Killed,Driver_seat,Home-work,Not_pedestrian,Unknown,Not_pedestrian,Seat_belt,Used,Not a holiday,0
2472,201600001523,2016,1,28,Night_without_public_lighting,Out_of_agglomeration,Intersection_X,Normal,Side_two_vehicles,Manual_entry,-1.18008,49.308,True,2016-01-28,7,30,07:30,Morning,False,Winter,2.0,0.0,0.0,Departmental_road,Bidirectional,Unknown,Hilltop,Straight,Wet,Unknown,On_road,Not_near_school,B01,Other/Unknown,Car(Quad/Passenger),Cyclist,Front_left,Straight_ahead,0,1965.0,Male,Driver,Injured_Slight,Driver_seat,Home-work,Not_pedestrian,Unknown,Not_pedestrian,Seat_belt,Used,Not a holiday,0
2473,201600001524,2016,8,18,Daylight,Out_of_agglomeration,Intersection_T,Dazzling,Rear_end_two_vehicles,Manual_entry,-1.36117,49.2099,True,2016-08-18,17,45,17:45,Evening,False,Summer,2.0,60.0,0.0,Departmental_road,Bidirectional,Unknown,Slope,Straight,Normal,Unknown,On_road,Not_near_school,A01,Other/Unknown,Car(Quad/Passenger),Cyclist,Front,Turning,0,1930.0,Female,Driver,Killed,Driver_seat,Leisure,Not_pedestrian,Unknown,Not_pedestrian,Seat_belt,Used,Not a holiday,0
2474,201600001524,2016,8,18,Daylight,Out_of_agglomeration,Intersection_T,Dazzling,Rear_end_two_vehicles,Manual_entry,-1.36117,49.2099,True,2016-08-18,17,45,17:45,Evening,False,Summer,2.0,60.0,0.0,Departmental_road,Bidirectional,Unknown,Slope,Straight,Normal,Unknown,On_road,Not_near_school,B01,Other/Unknown,Car(Quad/Passenger),None,Rear_right,Roundabout,0,1953.0,Female,Driver,Injured_Slight,Driver_seat,Unknown,Not_pedestrian,Unknown,Not_pedestrian,Seat_belt,Used,Not a holiday,0
2475,201600001525,2016,12,28,Daylight,Built_up_area,Out_of_intersection,Dazzling,Other_collision,Manual_entry,-1.25727,49.3016,True,2016-12-28,11,45,11:45,Morning,False,Winter,2.0,0.0,9.0,Communal_way,Bidirectional,Reserved_channel,Slope,Curve_right,Normal,Unknown,On_road,Not_near_school,A01,Same_direction,Car(Quad/Passenger),Pedestrian,Front_right,Straight_ahead,0,1970.0,Female,Driver,Uninjured,Driver_seat,Unknown,Not_pedestrian,Unknown,Not_pedestrian,Seat_belt,Used,Not a holiday,0
2476,201600001526,2016,1,10,Night_with_public_lighting_on,Out_of_agglomeration,Intersection_X,Normal,Side_two_vehicles,Manual_entry,-1.25833,49.1744,True,2016-01-10,18,30,18:30,Evening,True,Winter,2.0,0.0,78.0,Departmental_road,Bidirectional,Unknown,Slope,Curve_left,Wet,Unknown,On_road,Unknown,A01,Other/Unknown,Car(Quad/Passenger),Cyclist,Front,Straight_ahead,0,1967.0,Male,Driver,Uninjured,Driver_seat,Leisure,Not_pedestrian,Unknown,Not_pedestrian,Seat_belt,Used,Not a holiday,0
2477,201600001526,2016,1,10,Night_with_public_lighting_on,Out_of_agglomeration,Intersection_X,Normal,Side_two_vehicles,Manual_entry,-1.25833,49.1744,True,2016-01-10,18,30,18:30,Evening,True,Winter,2.0,0.0,78.0,Departmental_road,Bidirectional,Unknown,Slope,Curve_left,Wet,Unknown,On_road,Unknown,B01,Opposite_direction,Car(Quad/Passenger),Cyclist,Front_left,Loss_of_control,0,1980.0,Male,Driver,Injured_Hospitalized,Driver_seat,Leisure,Not_pedestrian,Unknown,Not_pedestrian,Seat_belt,Used,Not a holiday,0
2478,201600001527,2016,1,13,Night_without_public_lighting,Out_of_agglomeration,Out_of_intersection,Normal,Multiple_three_plus,Manual_entry,-1.23459,49.1419,True,2016-01-13,18,15,18:15,Evening,False,Winter,2.0,0.0,35.0,Departmental_road,Bidirectional,Unknown,Unknown,Curve_right,Normal,Unknown,On_road,Unknown,B01,Opposite_direction,Bus/Coach,Cyclist,Right_side,Interaction,0,1969.0,Male,Driver,Uninjured,Driver_seat,Home-work,Not_pedestrian,Unknown,Not_pedestrian,Seat_belt,Used,Not a holiday,0
2479,201600001527,2016,1,13,Night_without_public_lighting,Out_of_agglomeration,Out_of_intersection,Normal,Multiple_three_plus,Manual_entry,-1.23459,49.1419,True,2016-01-13,18,15,18:15,Evening,False,Winter,2.0,0.0,35.0,Departmental_road,Bidirectional,Unknown,Unknown,Curve_right,Normal,Unknown,On_road,Unknown,C01,Opposite_direction,Car(Quad/Passenger),Cyclist,Front,Straight_ahead,0,1992.0,Male,Driver,Uninjured,Driver_seat,Home-work,Not_pedestrian,Unknown,Not_pedestrian,Seat_belt,Used,Not a holiday,0
2480,201600001527,2016,1,13,Night_without_public_lighting,Out_of_agglomeration,Out_of_intersection,Normal,Multiple_three_plus,Manual_entry,-1.23459,49.1419,True,2016-01-13,18,15,18:15,Evening,False,Winter,2.0,0.0,35.0,Departmental_road,Bidirectional,Unknown,Unknown,Curve_right,Normal,Unknown,On_road,Unknown,A01,Other/Unknown,Car(Quad/Passenger),None,Right_side,Avoiding_obstacle,0,1932.0,Female,Driver,Injured_Hospitalized,Driver_seat,Leisure,Not_pedestrian,Unknown,Not_pedestrian,Seat_belt,Used,Not a holiday,0
2481,201600001528,2016,1,22,Daylight,Out_of_agglomeration,Intersection_X,Light_rain,Multiple_three_plus,Manual_entry,-1.14558,49.184,True,2016-01-22,15,30,15:30,Afternoon,False,Winter,2.0,35.0,0.0,Departmental_road,Bidirectional,Unknown,Flat,Straight,Wet,Unknown,On_road,Unknown,C01,Other/Unknown,Motorcycle,Cyclist,Front,Straight_ahead,0,1958.0,Male,Driver,Killed,Driver_seat,Leisure,Not_pedestrian,Unknown,Not_pedestrian,Seat_belt,Used,Not a holiday,0
2482,201600001528,2016,1,22,Daylight,Out_of_agglomeration,Intersection_X,Light_rain,Multiple_three_plus,Manual_entry,-1.14558,49.184,True,2016-01-22,15,30,15:30,Afternoon,False,Winter,2.0,35.0,0.0,Departmental_road,Bidirectional,Unknown,Flat,Straight,Wet,Unknown,On_road,Unknown,B01,Other/Unknown,Car(Quad/Passenger),Cyclist,Rear_left,Interaction,0,1963.0,Male,Driver,Uninjured,Driver_seat,Home-work,Not_pedestrian,Unknown,Not_pedestrian,Seat_belt,Used,Not a holiday,0
2483,201600001528,2016,1,22,Daylight,Out_of_agglomeration,Intersection_X,Light_rain,Multiple_three_plus,Manual_entry,-1.14558,49.184,True,2016-01-22,15,30,15:30,Afternoon,False,Winter,2.0,35.0,0.0,Departmental_road,Bidirectional,Unknown,Flat,Straight,Wet,Unknown,On_road,Unknown,A01,Opposite_direction,Motorcycle,Cyclist,Left_side,Straight_ahead,0,1960.0,Male,Driver,Uninjured,Driver_seat,Professional use,Not_pedestrian,Unknown,Not_pedestrian,Seat_belt,Unspecified,Not a holiday,0
2484,201600001529,2016,4,1,Daylight,Built_up_area,Out_of_intersection,Normal,Frontal_two_vehicles,Manual_entry,-1.1316,49.1657,True,2016-04-01,7,45,07:45,Morning,False,Spring,2.0,70.0,0.0,Departmental_road,Bidirectional,Unknown,Slope,Straight,Normal,Unknown,On_road,Not_near_school,A01,Opposite_direction,Car(Quad/Passenger),Cyclist,Front,Turning,0,1989.0,Female,Driver,Uninjured,Driver_seat,Home-work,Not_pedestrian,Unknown,Not_pedestrian,Seat_belt,Used,Not a holiday,0
2485,201600001529,2016,4,1,Daylight,Built_up_area,Out_of_intersection,Normal,Frontal_two_vehicles,Manual_entry,-1.1316,49.1657,True,2016-04-01,7,45,07:45,Morning,False,Spring,2.0,70.0,0.0,Departmental_road,Bidirectional,Unknown,Slope,Straight,Normal,Unknown,On_road,Not_near_school,B01,Opposite_direction,Cycle,Cyclist,Rear_right,Straight_ahead,0,1970.0,Male,Driver,Injured_Slight,Driver_seat,Home-work,Not_pedestrian,Unknown,Not_pedestrian,Reflective_equipment,Used,Not a holiday,0
2486,201600001530,2016,4,7,Daylight,Out_of_agglomeration,Out_of_intersection,Snow_or_hail,Side_two_vehicles,Manual_entry,-0.96591,49.1375,True,2016-04-07,8,30,08:30,Morning,False,Spring,2.0,72.0,0.0,Departmental_road,Bidirectional,Unknown,Slope,Straight,Wet,Unknown,On_road,Unknown,A01,Opposite_direction,Car(Quad/Passenger),Cyclist,Left_side,None,0,1991.0,Female,Driver,Uninjured,Driver_seat,Home-work,Not_pedestrian,Unknown,Not_pedestrian,Seat_belt,Used,Not a holiday,0
2487,201600001530,2016,4,7,Daylight,Out_of_agglomeration,Out_of_intersection,Snow_or_hail,Side_two_vehicles,Manual_entry,-0.96591,49.1375,True,2016-04-07,8,30,08:30,Morning,False,Spring,2.0,72.0,0.0,Departmental_road,Bidirectional,Unknown,Slope,Straight,Wet,Unknown,On_road,Unknown,B01,Opposite_direction,Car(Quad/Passenger),Cyclist,Front,None,0,1974.0,Male,Driver,Uninjured,Driver_seat,Leisure,Not_pedestrian,Unknown,Not_pedestrian,Seat_belt,Used,Not a holiday,0
2488,201600001531,2016,7,5,Daylight,Out_of_agglomeration,Intersection_T,Normal,Rear_end_two_vehicles,Manual_entry,-1.15233,49.1035,True,2016-07-05,13,45,13:45,Afternoon,False,Summer,2.0,0.0,70.0,Departmental_road,Bidirectional,Unknown,Flat,Straight,Normal,Unknown,On_road,Not_near_school,A01,Other/Unknown,Utility(Truck/Agri),None,Front,Turning,0,1963.0,Male,Driver,Uninjured,Driver_seat,Professional use,Not_pedestrian,Unknown,Not_pedestrian,Seat_belt,Used,Not a holiday,0
2489,201600001531,2016,7,5,Daylight,Out_of_agglomeration,Intersection_T,Normal,Rear_end_two_vehicles,Manual_entry,-1.15233,49.1035,True,2016-07-05,13,45,13:45,Afternoon,False,Summer,2.0,0.0,70.0,Departmental_road,Bidirectional,Unknown,Flat,Straight,Normal,Unknown,On_road,Not_near_school,B02,Other/Unknown,Motorcycle,None,Rear_right,other,0,1978.0,Male,Driver,Injured_Slight,Driver_seat,Leisure,Not_pedestrian,Unknown,Not_pedestrian,Helmet,Used,Not a holiday,0
2490,201600001532,2016,10,9,Daylight,Out_of_agglomeration,Out_of_intersection,Normal,Frontal_two_vehicles,Manual_entry,-1.00564,49.1968,True,2016-10-09,18,30,18:30,Evening,True,Autumn,2.0,0.0,70.0,Departmental_road,Bidirectional,Unknown,Hilltop,Straight,Normal,Unknown,On_road,Unknown,A01,Opposite_direction,Car(Quad/Passenger),Cyclist,Right_side,Avoiding_obstacle,0,1973.0,Male,Driver,Uninjured,Driver_seat,Leisure,Not_pedestrian,Unknown,Not_pedestrian,Seat_belt,Used,Not a holiday,0
2491,201600001532,2016,10,9,Daylight,Out_of_agglomeration,Out_of_intersection,Normal,Frontal_two_vehicles,Manual_entry,-1.00564,49.1968,True,2016-10-09,18,30,18:30,Evening,True,Autumn,2.0,0.0,70.0,Departmental_road,Bidirectional,Unknown,Hilltop,Straight,Normal,Unknown,On_road,Unknown,B01,Other/Unknown,Car(Quad/Passenger),Cyclist,Right_side,Straight_ahead,0,1995.0,Female,Driver,Uninjured,Driver_seat,Leisure,Not_pedestrian,Unknown,Not_pedestrian,Seat_belt,Used,Not a holiday,0
2492,201600001533,2016,10,19,Daylight,Out_of_agglomeration,Out_of_intersection,Normal,Frontal_two_vehicles,Manual_entry,-1.12952,49.2314,True,2016-10-19,17,15,17:15,Evening,False,Autumn,2.0,0.0,35.0,Departmental_road,Bidirectional,Unknown,Flat,Straight,Normal,Unknown,On_road,Not_near_school,A01,Other/Unknown,Motorcycle,Cyclist,Front,Turning,0,1968.0,Male,Driver,Injured_Slight,Driver_seat,Leisure,Not_pedestrian,Unknown,Not_pedestrian,Helmet,Used,Not a holiday,0
2493,201600001533,2016,10,19,Daylight,Out_of_agglomeration,Out_of_intersection,Normal,Frontal_two_vehicles,Manual_entry,-1.12952,49.2314,True,2016-10-19,17,15,17:15,Evening,False,Autumn,2.0,0.0,35.0,Departmental_road,Bidirectional,Unknown,Flat,Straight,Normal,Unknown,On_road,Not_near_school,B01,Opposite_direction,Car(Quad/Passenger),Cyclist,Right_side,Straight_ahead,0,1981.0,Male,Driver,Uninjured,Driver_seat,other,Not_pedestrian,Unknown,Not_pedestrian,Seat_belt,Used,Not a holiday,0
2494,201600001534,2016,11,18,Night_without_public_lighting,Out_of_agglomeration,Out_of_intersection,Snow_or_hail,No_collision,Manual_entry,-1.15589,49.1194,True,2016-11-18,21,55,21:55,Night,False,Autumn,2.0,70.0,0.0,Departmental_road,Bidirectional,Unknown,Slope,Curve_left,Wet,Unknown,On_road,Not_near_school,A01,Opposite_direction,Car(Quad/Passenger),None,Front,Turning,0,1985.0,Male,Driver,Injured_Hospitalized,Driver_seat,Home-work,Not_pedestrian,Unknown,Not_pedestrian,Seat_belt,Used,Not a holiday,0
2495,201600001535,2016,12,8,Night_without_public_lighting,Out_of_agglomeration,Out_of_intersection,Normal,Other_collision,Manual_entry,-1.09976,49.1803,True,2016-12-08,20,30,20:30,Evening,False,Winter,2.0,0.0,60.0,Departmental_road,Bidirectional,Unknown,Slope,Curve_left,Normal,Unknown,On_verge,Unknown,A01,Same_direction,Car(Quad/Passenger),None,Front_left,Turning,0,1995.0,Female,Driver,Injured_Hospitalized,Driver_seat,Home-work,Not_pedestrian,Unknown,Not_pedestrian,Seat_belt,Used,Not a holiday,0
2496,201600001536,2016,12,18,Night_without_public_lighting,Out_of_agglomeration,Intersection_T,Fog_or_smoke,Side_two_vehicles,Manual_entry,-1.03008,49.2092,True,2016-12-18,18,0,18:00,Evening,True,Winter,2.0,70.0,0.0,Departmental_road,Bidirectional,Unknown,Slope,Straight,Wet,Unknown,On_road,Unknown,A01,Other/Unknown,Car(Quad/Passenger),None,Left_side,Roundabout,0,1952.0,Male,Driver,Uninjured,Driver_seat,Home-work,Not_pedestrian,Unknown,Not_pedestrian,Seat_belt,Used,Not a holiday,0
2497,201600001536,2016,12,18,Night_without_public_lighting,Out_of_agglomeration,Intersection_T,Fog_or_smoke,Side_two_vehicles,Manual_entry,-1.03008,49.2092,True,2016-12-18,18,0,18:00,Evening,True,Winter,2.0,70.0,0.0,Departmental_road,Bidirectional,Unknown,Slope,Straight,Wet,Unknown,On_road,Unknown,B01,Opposite_direction,Cycle,Cyclist,Front,Straight_ahead,0,2001.0,Male,Driver,Injured_Slight,Driver_seat,Leisure,Not_pedestrian,Unknown,Not_pedestrian,Helmet,Used,Not a holiday,0
2498,201600001537,2016,3,13,Twilight_or_dawn,Out_of_agglomeration,Out_of_intersection,Normal,No_collision,Manual_entry,-1.15103,49.009,True,2016-03-13,19,30,19:30,Evening,True,Spring,2.0,0.0,56.0,Departmental_road,Bidirectional,Unknown,Unknown,Straight,Normal,Unknown,On_verge,Unknown,A01,Opposite_direction,Car(Quad/Passenger),None,Right_side,Turning,0,1986.0,Female,Driver,Injured_Slight,Driver_seat,Leisure,Not_pedestrian,Unknown,Not_pedestrian,Seat_belt,Used,Not a holiday,0
2499,201600001538,2016,6,5,Daylight,Out_of_agglomeration,Out_of_intersection,Normal,Frontal_two_vehicles,Manual_entry,-1.23031,49.0387,True,2016-06-05,7,15,07:15,Morning,True,Summer,2.0,0.0,588.0,Departmental_road,Bidirectional,Unknown,Flat,S-bend,Normal,Unknown,On_road,Not_near_school,B01,Opposite_direction,Car(Quad/Passenger),Cyclist,Right_side,Straight_ahead,0,1966.0,Male,Driver,Uninjured,Driver_seat,Leisure,Not_pedestrian,Unknown,Not_pedestrian,Seat_belt,Used,Not a holiday,0
2500,201600001538,2016,6,5,Daylight,Out_of_agglomeration,Out_of_intersection,Normal,Frontal_two_vehicles,Manual_entry,-1.23031,49.0387,True,2016-06-05,7,15,07:15,Morning,True,Summer,2.0,0.0,588.0,Departmental_road,Bidirectional,Unknown,Flat,S-bend,Normal,Unknown,On_road,Not_near_school,A01,Other/Unknown,Motorcycle,Cyclist,Right_side,Reversing,0,1973.0,Male,Driver,Injured_Hospitalized,Driver_seat,Leisure,Not_pedestrian,Unknown,Not_pedestrian,Helmet,Used,Not a holiday,0
2501,201600001539,2016,6,12,Daylight,Out_of_agglomeration,Out_of_intersection,Cloudy,No_collision,Manual_entry,-1.17125,48.9485,True,2016-06-12,11,45,11:45,Morning,True,Summer,2.0,0.0,64.0,Departmental_road,Bidirectional,Unknown,Flat,Straight,Normal,Unknown,On_verge,Unknown,A01,Opposite_direction,Car(Quad/Passenger),None,Right_side,Straight_ahead,0,1937.0,Female,Driver,Injured_Hospitalized,Driver_seat,Leisure,Not_pedestrian,Unknown,Not_pedestrian,Seat_belt,Used,Not a holiday,0
2502,201600001540,2016,9,15,Daylight,Out_of_agglomeration,Out_of_intersection,Light_rain,No_collision,Manual_entry,-1.11547,48.9271,True,2016-09-15,9,45,09:45,Morning,False,Autumn,2.0,0.0,0.0,Departmental_road,Bidirectional,Unknown,Flat,Curve_left,Wet,Unknown,On_verge,Unknown,A01,Opposite_direction,Car(Quad/Passenger),None,Front_right,Straight_ahead,0,1934.0,Female,Driver,Injured_Hospitalized,Driver_seat,Leisure,Not_pedestrian,Unknown,Not_pedestrian,Seat_belt,Used,Not a holiday,0
2503,201600001541,2016,10,18,Daylight,Out_of_agglomeration,Out_of_intersection,Normal,Multiple_three_plus,Manual_entry,-1.17944,49.0869,True,2016-10-18,17,30,17:30,Evening,False,Autumn,2.0,0.0,53.0,Departmental_road,Bidirectional,Unknown,Slope,S-bend,Wet,Unknown,On_road,Not_near_school,C01,Opposite_direction,Motorcycle,Cyclist,Front,Straight_ahead,0,1962.0,Male,Driver,Injured_Slight,Driver_seat,Leisure,Not_pedestrian,Unknown,Not_pedestrian,Helmet,Used,Not a holiday,0
2504,201600001541,2016,10,18,Daylight,Out_of_agglomeration,Out_of_intersection,Normal,Multiple_three_plus,Manual_entry,-1.17944,49.0869,True,2016-10-18,17,30,17:30,Evening,False,Autumn,2.0,0.0,53.0,Departmental_road,Bidirectional,Unknown,Slope,S-bend,Wet,Unknown,On_road,Not_near_school,B01,Opposite_direction,Motorcycle,Cyclist,Front,Straight_ahead,0,1956.0,Male,Driver,Injured_Hospitalized,Driver_seat,Leisure,Not_pedestrian,Unknown,Not_pedestrian,Helmet,Used,Not a holiday,0
2505,201600001541,2016,10,18,Daylight,Out_of_agglomeration,Out_of_intersection,Normal,Multiple_three_plus,Manual_entry,-1.17944,49.0869,True,2016-10-18,17,30,17:30,Evening,False,Autumn,2.0,0.0,53.0,Departmental_road,Bidirectional,Unknown,Slope,S-bend,Wet,Unknown,On_road,Not_near_school,A01,Other/Unknown,Car(Quad/Passenger),Cyclist,Front,Avoiding_obstacle,0,1975.0,Male,Driver,Injured_Slight,Driver_seat,Home-work,Not_pedestrian,Unknown,Not_pedestrian,Seat_belt,Used,Not a holiday,0
2506,201600001542,2016,1,12,Daylight,Out_of_agglomeration,Out_of_intersection,Light_rain,Other_collision,Manual_entry,2.37109,48.7298,True,2016-01-12,8,55,08:55,Morning,False,Winter,1.0,0.0,70.0,Communal_way,One_way,Unknown,Slope,Curve_left,Wet,Unknown,On_road,Unknown,A01,Same_direction,Car(Quad/Passenger),Cyclist,Rear_right,other,0,1968.0,Male,Driver,Uninjured,Driver_seat,Leisure,Not_pedestrian,Unknown,Not_pedestrian,Seat_belt,Undetermined,Not a holiday,0
2507,201600001542,2016,1,12,Daylight,Out_of_agglomeration,Out_of_intersection,Light_rain,Other_collision,Manual_entry,2.37109,48.7298,True,2016-01-12,8,55,08:55,Morning,False,Winter,1.0,0.0,70.0,Communal_way,One_way,Unknown,Slope,Curve_left,Wet,Unknown,On_road,Unknown,B01,Same_direction,Cycle,None,Rear_right,Straight_ahead,0,1972.0,Male,Driver,Injured_Slight,Driver_seat,Home-work,Not_pedestrian,Unknown,Not_pedestrian,other,Undetermined,Not a holiday,0
2508,201600001543,2016,8,7,Daylight,Out_of_agglomeration,Out_of_intersection,Normal,Other_collision,Manual_entry,-0.9098,49.001,True,2016-08-07,11,30,11:30,Morning,True,Summer,2.0,0.0,60.0,Departmental_road,Bidirectional,Unknown,Flat,Straight,Normal,Bridge,On_road,Not_near_school,A01,Opposite_direction,Car(Quad/Passenger),Pedestrian,Front_right,Straight_ahead,0,1986.0,Female,Driver,Uninjured,Driver_seat,Leisure,Not_pedestrian,Unknown,Not_pedestrian,Seat_belt,Undetermined,Not a holiday,0
2509,201600001544,2016,9,9,Daylight,Out_of_agglomeration,Out_of_intersection,Normal,Side_two_vehicles,Manual_entry,-0.9546,48.9842,True,2016-09-09,19,30,19:30,Evening,False,Autumn,2.0,0.0,60.0,Departmental_road,Bidirectional,Unknown,Slope,Straight,Normal,Unknown,On_road,Not_near_school,A01,Opposite_direction,Car(Quad/Passenger),Cyclist,Right_side,Loss_of_control,0,1961.0,Male,Driver,Uninjured,Driver_seat,Leisure,Not_pedestrian,Unknown,Not_pedestrian,Seat_belt,Undetermined,Not a holiday,0
2510,201600001544,2016,9,9,Daylight,Out_of_agglomeration,Out_of_intersection,Normal,Side_two_vehicles,Manual_entry,-0.9546,48.9842,True,2016-09-09,19,30,19:30,Evening,False,Autumn,2.0,0.0,60.0,Departmental_road,Bidirectional,Unknown,Slope,Straight,Normal,Unknown,On_road,Not_near_school,B01,Opposite_direction,Car(Quad/Passenger),Cyclist,Front_right,Turning,0,1986.0,Male,Driver,Uninjured,Driver_seat,Leisure,Not_pedestrian,Unknown,Not_pedestrian,Seat_belt,Undetermined,Not a holiday,0
2511,201600001545,2016,10,19,Twilight_or_dawn,Out_of_agglomeration,Out_of_intersection,Normal,No_collision,Manual_entry,-0.92432,49.099,True,2016-10-19,7,30,07:30,Morning,False,Autumn,2.0,57.0,0.0,Departmental_road,Bidirectional,Unknown,Flat,Curve_right,Normal,Unknown,On_verge,Unknown,A01,Opposite_direction,Car(Quad/Passenger),None,Multiple impacts,Avoiding_obstacle,0,1991.0,Male,Driver,Injured_Hospitalized,Driver_seat,Home-work,Not_pedestrian,Unknown,Not_pedestrian,Seat_belt,Used,Not a holiday,0
2512,201600001546,2016,2,15,Daylight,Out_of_agglomeration,Out_of_intersection,Normal,Other_collision,Manual_entry,2.37131,48.7295,True,2016-02-15,12,30,12:30,Afternoon,False,Winter,1.0,0.0,37.0,Communal_way,One_way,Reserved_channel,Flat,Unknown,Normal,Unknown,On_road,Unknown,A01,Same_direction,Car(Quad/Passenger),Pedestrian,Front_right,Straight_ahead,0,1981.0,Male,Driver,Uninjured,Driver_seat,Professional use,Not_pedestrian,Unknown,Not_pedestrian,Seat_belt,Undetermined,Not a holiday,0
2513,201600001547,2016,3,6,Daylight,Out_of_agglomeration,Out_of_intersection,Normal,Other_collision,Manual_entry,2.35951,48.7288,True,2016-03-06,13,40,13:40,Afternoon,True,Spring,1.0,0.0,32.0,Communal_way,One_way,Unknown,Flat,Straight,Normal,Unknown,On_road,Unknown,A01,Opposite_direction,Car(Quad/Passenger),Pedestrian,Front_right,Straight_ahead,0,1981.0,Female,Driver,Uninjured,Driver_seat,Leisure,Not_pedestrian,Unknown,Not_pedestrian,Seat_belt,Used,Not a holiday,0