,accident_id,year,month,day,lighting_label,urban_label,intersection_label,weather_label,collision_label,gps_label,longitude_num,latitude_num,valid_geo,date,hour,minute,time_hhmm,time_of_day,is_weekend,season,num_lanes,pedestrian_crossing_width,road_width,road_category_label,traffic_regime_label,reserved_lane_label,road_profile_label,road_layout_label,surface_condition_label,infrastructure_label,situation_label,school_zone_label,vehicle_id,traffic_direction_label,vehicle_category_label,mobile_obstacle_label,impact_point_label,manoeuvre_label,occupants_group,birth_year,sex_label,user_category_label,injury_severity_label,seat_position_label,journey_purpose_label,pedestrian_location_label,pedestrian_action_label,pedestrian_state_label,safety_equipment_type,safety_equipment_usage,holiday_name,is_holiday
2514,201600001548,2016,11,3,Night_without_public_lighting,Out_of_agglomeration,Out_of_intersection,Normal,No_collision,Manual_entry,-0.92448,49.0971,True,2016-11-03,20,0,20:00,Evening,False,Autumn,2.0,0.0,58.0,Departmental_road,Bidirectional,Unknown,Slope,Straight,Normal,Unknown,On_verge,Unknown,A01,Other/Unknown,Car(Quad/Passenger),None,Front,Straight_ahead,0,1963.0,Male,Driver,Killed,Driver_seat,Leisure,Not_pedestrian,Unknown,Not_pedestrian,Seat_belt,Not_used,Not a holiday,0
2515,201600001549,2016,4,13,Daylight,Out_of_agglomeration,Out_of_intersection,Cloudy,Side_two_vehicles,Manual_entry,2.36503,48.7442,True,2016-04-13,8,20,08:20,Morning,False,Spring,2.0,0.0,66.0,Communal_way,Bidirectional,Unknown,Flat,S-bend,Wet,Unknown,On_road,Unknown,A01,Same_direction,Car(Quad/Passenger),Cyclist,Front_left,Park/Start/Stop,0,1966.0,Male,Driver,Uninjured,Driver_seat,Home-work,Not_pedestrian,Unknown,Not_pedestrian,Seat_belt,Used,Not a holiday,0
2516,201600001549,2016,4,13,Daylight,Out_of_agglomeration,Out_of_intersection,Cloudy,Side_two_vehicles,Manual_entry,2.36503,48.7442,True,2016-04-13,8,20,08:20,Morning,False,Spring,2.0,0.0,66.0,Communal_way,Bidirectional,Unknown,Flat,S-bend,Wet,Unknown,On_road,Unknown,B01,Same_direction,Motorcycle,Cyclist,Front,other,0,1984.0,Male,Driver,Injured_Slight,Driver_seat,Home-work,Not_pedestrian,Unknown,Not_pedestrian,Helmet,Used,Not a holiday,0
2517,201600001550,2016,5,8,Daylight,Out_of_agglomeration,Intersection_X,Normal,Side_two_vehicles,Manual_entry,2.36966,48.7391,True,2016-05-08,9,30,09:30,Morning,True,Spring,2.0,0.0,60.0,Communal_way,Bidirectional,Unknown,Flat,Straight,Normal,Unknown,On_road,Unknown,B01,Same_direction,Car(Quad/Passenger),Cyclist,Front,Straight_ahead,0,1993.0,Female,Driver,Injured_Slight,Driver_seat,Home-work,Not_pedestrian,Unknown,Not_pedestrian,Seat_belt,Used,Victory in Europe Day,1
2518,201600001550,2016,5,8,Daylight,Out_of_agglomeration,Intersection_X,Normal,Side_two_vehicles,Manual_entry,2.36966,48.7391,True,2016-05-08,9,30,09:30,Morning,True,Spring,2.0,0.0,60.0,Communal_way,Bidirectional,Unknown,Flat,Straight,Normal,Unknown,On_road,Unknown,A01,Same_direction,Car(Quad/Passenger),Cyclist,Left_side,Roundabout,0,1963.0,Female,Driver,Injured_Slight,Driver_seat,Home-work,Not_pedestrian,Unknown,Not_pedestrian,Seat_belt,Used,Victory in Europe Day,1
2519,201600001551,2016,5,24,Daylight,Out_of_agglomeration,Out_of_intersection,Normal,Rear_end_two_vehicles,Manual_entry,2.3691,48.7307,True,2016-05-24,14,30,14:30,Afternoon,False,Spring,2.0,17.0,74.0,Highway,Separated_carriageways,Unknown,Flat,Straight,Normal,Unknown,On_road,Unknown,A01,Opposite_direction,Car(Quad/Passenger),Cyclist,Right_side,Turning,0,1984.0,Female,Driver,Injured_Slight,Driver_seat,Leisure,Not_pedestrian,Unknown,Not_pedestrian,Seat_belt,Used,Not a holiday,0
2520,201600001551,2016,5,24,Daylight,Out_of_agglomeration,Out_of_intersection,Normal,Rear_end_two_vehicles,Manual_entry,2.3691,48.7307,True,2016-05-24,14,30,14:30,Afternoon,False,Spring,2.0,17.0,74.0,Highway,Separated_carriageways,Unknown,Flat,Straight,Normal,Unknown,On_road,Unknown,B01,Other/Unknown,Car(Quad/Passenger),Cyclist,Rear,Straight_ahead,0,1978.0,Male,Driver,Uninjured,Driver_seat,Professional use,Not_pedestrian,Unknown,Not_pedestrian,Seat_belt,Used,Not a holiday,0
2521,201600001552,2016,6,8,Daylight,Out_of_agglomeration,Intersection_T,Normal,Chain_three_plus,Manual_entry,2.37177,48.7346,True,2016-06-08,8,0,08:00,Morning,False,Summer,2.0,,,Communal_way,Bidirectional,Unknown,Flat,Straight,Normal,Unknown,On_road,Unknown,C01,Same_direction,Car(Quad/Passenger),Cyclist,Rear_right,other,0,1961.0,Female,Driver,Injured_Slight,Driver_seat,Home-work,Not_pedestrian,Unknown,Not_pedestrian,Seat_belt,Used,Not a holiday,0
2522,201600001552,2016,6,8,Daylight,Out_of_agglomeration,Intersection_T,Normal,Chain_three_plus,Manual_entry,2.37177,48.7346,True,2016-06-08,8,0,08:00,Morning,False,Summer,2.0,,,Communal_way,Bidirectional,Unknown,Flat,Straight,Normal,Unknown,On_road,Unknown,B01,Same_direction,Car(Quad/Passenger),Cyclist,Multiple impacts,other,0,1964.0,Male,Driver,Injured_Hospitalized,Driver_seat,Home-work,Not_pedestrian,Unknown,Not_pedestrian,Seat_belt,Used,Not a holiday,0
2523,201600001552,2016,6,8,Daylight,Out_of_agglomeration,Intersection_T,Normal,Chain_three_plus,Manual_entry,2.37177,48.7346,True,2016-06-08,8,0,08:00,Morning,False,Summer,2.0,,,Communal_way,Bidirectional,Unknown,Flat,Straight,Normal,Unknown,On_road,Unknown,A01,Same_direction,Utility(Truck/Agri),Cyclist,Front,Turning,0,1972.0,Male,Driver,Uninjured,Driver_seat,Professional use,Not_pedestrian,Unknown,Not_pedestrian,Seat_belt,Used,Not a holiday,0
2524,201600001553,2016,6,9,Daylight,Out_of_agglomeration,Out_of_intersection,Normal,Other_collision,Manual_entry,2.36756,48.7391,True,2016-06-09,14,15,14:15,Afternoon,False,Summer,2.0,0.0,84.0,Communal_way,Bidirectional,Unknown,Flat,Straight,Normal,Unknown,On_road,Unknown,A01,Same_direction,Motorcycle,None,Front_right,Straight_ahead,0,1953.0,Male,Driver,Injured_Hospitalized,Driver_seat,Home-work,Not_pedestrian,Unknown,Not_pedestrian,Helmet,Used,Not a holiday,0
2525,201600001554,2016,6,22,Night_with_public_lighting_on,Out_of_agglomeration,Out_of_intersection,Normal,Rear_end_two_vehicles,Manual_entry,2.36708,48.7291,True,2016-06-22,4,45,04:45,Night,False,Summer,1.0,53.0,60.0,Communal_way,One_way,Unknown,Slope,Straight,Normal,Unknown,On_road,Unknown,B01,Same_direction,Car(Quad/Passenger),Cyclist,Rear_right,Straight_ahead,0,1967.0,Male,Driver,Injured_Slight,Driver_seat,Professional use,Not_pedestrian,Unknown,Not_pedestrian,Seat_belt,Undetermined,Not a holiday,0
2526,201600001554,2016,6,22,Night_with_public_lighting_on,Out_of_agglomeration,Out_of_intersection,Normal,Rear_end_two_vehicles,Manual_entry,2.36708,48.7291,True,2016-06-22,4,45,04:45,Night,False,Summer,1.0,53.0,60.0,Communal_way,One_way,Unknown,Slope,Straight,Normal,Unknown,On_road,Unknown,A01,Same_direction,Car(Quad/Passenger),Cyclist,Front,Turning,0,1993.0,Female,Driver,Injured_Slight,Driver_seat,Home-work,Not_pedestrian,Unknown,Not_pedestrian,Seat_belt,Undetermined,Not a holiday,0
2527,201600001555,2016,6,25,Daylight,Out_of_agglomeration,Out_of_intersection,Normal,Side_two_vehicles,Manual_entry,2.37414,48.7351,True,2016-06-25,9,0,09:00,Morning,True,Summer,2.0,0.0,80.0,Communal_way,Bidirectional,Unknown,Flat,Straight,Normal,Unknown,On_road,Unknown,A01,Same_direction,Car(Quad/Passenger),Cyclist,Right_side,Avoiding_obstacle,0,1995.0,Male,Driver,Injured_Hospitalized,Driver_seat,Home-work,Not_pedestrian,Unknown,Not_pedestrian,Seat_belt,Used,Not a holiday,0
2528,201600001555,2016,6,25,Daylight,Out_of_agglomeration,Out_of_intersection,Normal,Side_two_vehicles,Manual_entry,2.37414,48.7351,True,2016-06-25,9,0,09:00,Morning,True,Summer,2.0,0.0,80.0,Communal_way,Bidirectional,Unknown,Flat,Straight,Normal,Unknown,On_road,Unknown,B01,Same_direction,Utility(Truck/Agri),Cyclist,Rear_left,Straight_ahead,0,1985.0,Male,Driver,Uninjured,Driver_seat,Professional use,Not_pedestrian,Unknown,Not_pedestrian,Seat_belt,Used,Not a holiday,0
2529,201600001556,2016,8,7,Daylight,Out_of_agglomeration,Out_of_intersection,Normal,Other_collision,Manual_entry,2.36574,48.7323,True,2016-08-07,8,0,08:00,Morning,True,Summer,0.0,0.0,35.0,Parking_lot,Unknown,Unknown,Flat,Straight,Normal,Unknown,On_road,Unknown,A01,Same_direction,Car(Quad/Passenger),Pedestrian,Right_side,Straight_ahead,0,1982.0,Male,Driver,Uninjured,Driver_seat,Professional use,Not_pedestrian,Unknown,Not_pedestrian,Seat_belt,Used,Not a holiday,0
2530,201600001557,2016,7,16,Night_with_public_lighting_not_functioning,Out_of_agglomeration,Roundabout,Normal,Rear_end_two_vehicles,Manual_entry,2.36315,48.7301,True,2016-07-16,21,30,21:30,Night,True,Summer,1.0,,,Communal_way,One_way,Unknown,Flat,Straight,Normal,Unknown,On_road,Unknown,Z02,Same_direction,Car(Quad/Passenger),Cyclist,Front,Turning,0,,,,,,,,,,,,Not a holiday,0
2531,201600001557,2016,7,16,Night_with_public_lighting_not_functioning,Out_of_agglomeration,Roundabout,Normal,Rear_end_two_vehicles,Manual_entry,2.36315,48.7301,True,2016-07-16,21,30,21:30,Night,True,Summer,1.0,,,Communal_way,One_way,Unknown,Flat,Straight,Normal,Unknown,On_road,Unknown,B01,Same_direction,Car(Quad/Passenger),Cyclist,Rear_right,other,0,1977.0,Female,Driver,Injured_Slight,Driver_seat,Home-work,Not_pedestrian,Unknown,Not_pedestrian,Seat_belt,Used,Not a holiday,0
2532,201600001558,2016,7,22,Daylight,Out_of_agglomeration,Out_of_intersection,Normal,Chain_three_plus,Manual_entry,2.36926,48.7294,True,2016-07-22,16,15,16:15,Afternoon,False,Summer,3.0,,,Communal_way,One_way,Unknown,Flat,Straight,Normal,Unknown,On_road,Unknown,C03,Same_direction,Car(Quad/Passenger),Cyclist,Rear_right,Straight_ahead,0,1989.0,Male,Driver,Uninjured,Driver_seat,Professional use,Not_pedestrian,Unknown,Not_pedestrian,Seat_belt,Used,Not a holiday,0
2533,201600001558,2016,7,22,Daylight,Out_of_agglomeration,Out_of_intersection,Normal,Chain_three_plus,Manual_entry,2.36926,48.7294,True,2016-07-22,16,15,16:15,Afternoon,False,Summer,3.0,,,Communal_way,One_way,Unknown,Flat,Straight,Normal,Unknown,On_road,Unknown,B02,Same_direction,Car(Quad/Passenger),Cyclist,Multiple impacts,Turning,0,1967.0,Male,Driver,Injured_Slight,Driver_seat,Professional use,Not_pedestrian,Unknown,Not_pedestrian,Seat_belt,Used,Not a holiday,0
2534,201600001558,2016,7,22,Daylight,Out_of_agglomeration,Out_of_intersection,Normal,Chain_three_plus,Manual_entry,2.36926,48.7294,True,2016-07-22,16,15,16:15,Afternoon,False,Summer,3.0,,,Communal_way,One_way,Unknown,Flat,Straight,Normal,Unknown,On_road,Unknown,A01,Same_direction,Car(Quad/Passenger),Cyclist,Front,Turning,0,1984.0,Male,Driver,Injured_Hospitalized,Driver_seat,Professional use,Not_pedestrian,Unknown,Not_pedestrian,Seat_belt,Used,Not a holiday,0
2535,201600001559,2016,9,5,Daylight,Out_of_agglomeration,Out_of_intersection,Cloudy,Other_collision,Manual_entry,2.36722,48.7391,True,2016-09-05,15,0,15:00,Afternoon,False,Autumn,2.0,0.0,72.0,Communal_way,Bidirectional,Unknown,Flat,Straight,Wet,Unknown,On_road,Unknown,A01,Same_direction,Car(Quad/Passenger),Pedestrian,Front_right,other,0,1968.0,Male,Driver,Uninjured,Driver_seat,Professional use,Not_pedestrian,Unknown,Not_pedestrian,Seat_belt,Used,Not a holiday,0
2536,201600001560,2016,9,7,Daylight,Out_of_agglomeration,Out_of_intersection,Normal,Rear_end_two_vehicles,Manual_entry,2.36765,48.73,True,2016-09-07,11,20,11:20,Morning,False,Autumn,2.0,0.0,69.0,Communal_way,One_way,Unknown,Flat,Straight,Normal,Tunnel,On_road,Unknown,A01,Same_direction,Car(Quad/Passenger),Cyclist,Front,Turning,0,1994.0,Male,Driver,Uninjured,Driver_seat,Leisure,Not_pedestrian,Unknown,Not_pedestrian,Seat_belt,Used,Not a holiday,0
2537,201600001560,2016,9,7,Daylight,Out_of_agglomeration,Out_of_intersection,Normal,Rear_end_two_vehicles,Manual_entry,2.36765,48.73,True,2016-09-07,11,20,11:20,Morning,False,Autumn,2.0,0.0,69.0,Communal_way,One_way,Unknown,Flat,Straight,Normal,Tunnel,On_road,Unknown,B01,Same_direction,Car(Quad/Passenger),Cyclist,Rear,other,0,1993.0,Female,Driver,Injured_Slight,Driver_seat,Home-work,Not_pedestrian,Unknown,Not_pedestrian,Seat_belt,Used,Not a holiday,0
2538,201600001561,2016,9,7,Daylight,Out_of_agglomeration,Out_of_intersection,Normal,Rear_end_two_vehicles,Manual_entry,2.36289,48.7409,True,2016-09-07,13,0,13:00,Afternoon,False,Autumn,2.0,0.0,0.0,Highway,One_way,Unknown,Flat,Straight,Normal,Unknown,On_road,Unknown,A01,Opposite_direction,Car(Quad/Passenger),Cyclist,Multiple impacts,other,0,1991.0,Male,Driver,Injured_Slight,Driver_seat,Leisure,Not_pedestrian,Unknown,Not_pedestrian,Seat_belt,Undetermined,Not a holiday,0
2539,201600001561,2016,9,7,Daylight,Out_of_agglomeration,Out_of_intersection,Normal,Rear_end_two_vehicles,Manual_entry,2.36289,48.7409,True,2016-09-07,13,0,13:00,Afternoon,False,Autumn,2.0,0.0,0.0,Highway,One_way,Unknown,Flat,Straight,Normal,Unknown,On_road,Unknown,B01,Opposite_direction,Utility(Truck/Agri),Cyclist,Rear_right,Straight_ahead,0,1985.0,Male,Driver,Injured_Slight,Driver_seat,Professional use,Not_pedestrian,Unknown,Not_pedestrian,Seat_belt,Undetermined,Not a holiday,0
2540,201600001562,2016,10,19,Twilight_or_dawn,Out_of_agglomeration,Intersection_T,Normal,Side_two_vehicles,Manual_entry,2.36051,48.7395,True,2016-10-19,7,55,07:55,Morning,False,Autumn,2.0,0.0,56.0,Communal_way,Bidirectional,Unknown,Flat,Straight,Normal,Unknown,On_road,Unknown,A01,Same_direction,Car(Quad/Passenger),Cyclist,Front_right,Roundabout,0,1965.0,Female,Driver,Uninjured,Driver_seat,Home-work,Not_pedestrian,Unknown,Not_pedestrian,Seat_belt,Used,Not a holiday,0
2541,201600001562,2016,10,19,Twilight_or_dawn,Out_of_agglomeration,Intersection_T,Normal,Side_two_vehicles,Manual_entry,2.36051,48.7395,True,2016-10-19,7,55,07:55,Morning,False,Autumn,2.0,0.0,56.0,Communal_way,Bidirectional,Unknown,Flat,Straight,Normal,Unknown,On_road,Unknown,B01,Same_direction,Motorcycle,Cyclist,Front_left,Straight_ahead,0,1956.0,Male,Driver,Injured_Hospitalized,Driver_seat,Home-work,Not_pedestrian,Unknown,Not_pedestrian,Helmet,Used,Not a holiday,0
2542,201600001563,2016,11,9,Night_with_public_lighting_on,Out_of_agglomeration,Out_of_intersection,Light_rain,Multiple_three_plus,Manual_entry,2.36399,48.7384,True,2016-11-09,18,30,18:30,Evening,False,Autumn,3.0,60.0,80.0,Highway,Separated_carriageways,Unknown,Flat,Straight,Wet,Unknown,On_road,Unknown,A01,Opposite_direction,Car(Quad/Passenger),Cyclist,Front_right,Avoiding_obstacle,0,1986.0,Male,Driver,Uninjured,Driver_seat,Leisure,Not_pedestrian,Unknown,Not_pedestrian,Seat_belt,Used,Not a holiday,0
2543,201600001563,2016,11,9,Night_with_public_lighting_on,Out_of_agglomeration,Out_of_intersection,Light_rain,Multiple_three_plus,Manual_entry,2.36399,48.7384,True,2016-11-09,18,30,18:30,Evening,False,Autumn,3.0,60.0,80.0,Highway,Separated_carriageways,Unknown,Flat,Straight,Wet,Unknown,On_road,Unknown,B01,Opposite_direction,Motorcycle,Cyclist,Front_left,Turning,0,1974.0,Male,Driver,Injured_Slight,Driver_seat,Leisure,Not_pedestrian,Unknown,Not_pedestrian,Helmet,Used,Not a holiday,0
2544,201600001563,2016,11,9,Night_with_public_lighting_on,Out_of_agglomeration,Out_of_intersection,Light_rain,Multiple_three_plus,Manual_entry,2.36399,48.7384,True,2016-11-09,18,30,18:30,Evening,False,Autumn,3.0,60.0,80.0,Highway,Separated_carriageways,Unknown,Flat,Straight,Wet,Unknown,On_road,Unknown,C01,Opposite_direction,Car(Quad/Passenger),Cyclist,Rear_left,Straight_ahead,0,1978.0,Female,Driver,Uninjured,Driver_seat,Home-work,Not_pedestrian,Unknown,Not_pedestrian,Seat_belt,Used,Not a holiday,0
2545,201600001564,2016,11,22,Night_with_public_lighting_not_functioning,Out_of_agglomeration,Out_of_intersection,Normal,Other_collision,Manual_entry,2.36007,48.7292,True,2016-11-22,18,25,18:25,Evening,False,Autumn,1.0,0.0,0.0,Communal_way,One_way,Unknown,Flat,Straight,Normal,Unknown,On_road,Unknown,A01,Same_direction,Car(Quad/Passenger),Pedestrian,Rear,Loss_of_control,0,1982.0,Male,Driver,Uninjured,Driver_seat,Professional use,Not_pedestrian,Unknown,Not_pedestrian,Seat_belt,Used,Not a holiday,0
2546,201600001565,2016,12,12,Night_with_public_lighting_on,Out_of_agglomeration,Intersection_Y,Light_rain,Chain_three_plus,Manual_entry,2.36691,48.7291,True,2016-12-12,20,0,20:00,Evening,False,Winter,1.0,0.0,114.0,Communal_way,One_way,Unknown,Slope,Straight,Wet,Roundabout,On_road,Unknown,D01,Same_direction,Car(Quad/Passenger),Cyclist,Front_right,other,0,1987.0,Male,Driver,Uninjured,Driver_seat,Leisure,Not_pedestrian,Unknown,Not_pedestrian,Seat_belt,Undetermined,Not a holiday,0
2547,201600001565,2016,12,12,Night_with_public_lighting_on,Out_of_agglomeration,Intersection_Y,Light_rain,Chain_three_plus,Manual_entry,2.36691,48.7291,True,2016-12-12,20,0,20:00,Evening,False,Winter,1.0,0.0,114.0,Communal_way,One_way,Unknown,Slope,Straight,Wet,Roundabout,On_road,Unknown,C01,Same_direction,Car(Quad/Passenger),Cyclist,Multiple impacts,other,0,1989.0,Female,Driver,Injured_Hospitalized,Driver_seat,Leisure,Not_pedestrian,Unknown,Not_pedestrian,Seat_belt,Undetermined,Not a holiday,0
2548,201600001565,2016,12,12,Night_with_public_lighting_on,Out_of_agglomeration,Intersection_Y,Light_rain,Chain_three_plus,Manual_entry,2.36691,48.7291,True,2016-12-12,20,0,20:00,Evening,False,Winter,1.0,0.0,114.0,Communal_way,One_way,Unknown,Slope,Straight,Wet,Roundabout,On_road,Unknown,B01,Same_direction,Car(Quad/Passenger),Cyclist,Multiple impacts,other,0,1979.0,Male,Driver,Uninjured,Driver_seat,Professional use,Not_pedestrian,Unknown,Not_pedestrian,Seat_belt,Undetermined,Not a holiday,0
2549,201600001565,2016,12,12,Night_with_public_lighting_on,Out_of_agglomeration,Intersection_Y,Light_rain,Chain_three_plus,Manual_entry,2.36691,48.7291,True,2016-12-12,20,0,20:00,Evening,False,Winter,1.0,0.0,114.0,Communal_way,One_way,Unknown,Slope,Straight,Wet,Roundabout,On_road,Unknown,A01,Same_direction,Car(Quad/Passenger),Cyclist,Front,Turning,0,1983.0,Male,Driver,Uninjured,Driver_seat,Leisure,Not_pedestrian,Unknown,Not_pedestrian,Seat_belt,Undetermined,Not a holiday,0
2550,201600001566,2016,12,26,Night_with_public_lighting_on,Out_of_agglomeration,Out_of_intersection,Cloudy,Other_collision,Manual_entry,2.37096,48.7301,True,2016-12-26,18,0,18:00,Evening,False,Winter,1.0,0.0,49.0,Communal_way,One_way,Unknown,Hilltop,Curve_right,Normal,Unknown,On_road,Unknown,A01,Same_direction,Car(Quad/Passenger),Pedestrian,Right_side,Straight_ahead,0,1960.0,Male,Driver,Uninjured,Driver_seat,Home-work,Not_pedestrian,Unknown,Not_pedestrian,Seat_belt,Used,Not a holiday,0
2551,201600001567,2016,12,28,Daylight,Out_of_agglomeration,Out_of_intersection,Normal,Chain_three_plus,Manual_entry,2.36808,48.7303,True,2016-12-28,9,15,09:15,Morning,False,Winter,1.0,0.0,75.0,Off_public_network,Bidirectional,Reserved_channel,Flat,Straight,Normal,Tunnel,On_road,Unknown,B01,Same_direction,Utility(Truck/Agri),Cyclist,Multiple impacts,Straight_ahead,0,1959.0,Male,Driver,Injured_Slight,Driver_seat,Professional use,Not_pedestrian,Unknown,Not_pedestrian,Seat_belt,Used,Not a holiday,0
2552,201600001567,2016,12,28,Daylight,Out_of_agglomeration,Out_of_intersection,Normal,Chain_three_plus,Manual_entry,2.36808,48.7303,True,2016-12-28,9,15,09:15,Morning,False,Winter,1.0,0.0,75.0,Off_public_network,Bidirectional,Reserved_channel,Flat,Straight,Normal,Tunnel,On_road,Unknown,C01,Same_direction,Car(Quad/Passenger),Cyclist,Rear_right,Straight_ahead,0,1956.0,Male,Driver,Uninjured,Driver_seat,Home-work,Not_pedestrian,Unknown,Not_pedestrian,Seat_belt,Used,Not a holiday,0
2553,201600001567,2016,12,28,Daylight,Out_of_agglomeration,Out_of_intersection,Normal,Chain_three_plus,Manual_entry,2.36808,48.7303,True,2016-12-28,9,15,09:15,Morning,False,Winter,1.0,0.0,75.0,Off_public_network,Bidirectional,Reserved_channel,Flat,Straight,Normal,Tunnel,On_road,Unknown,A01,Same_direction,Utility(Truck/Agri),Cyclist,Multiple impacts,Turning,0,1974.0,Male,Driver,Injured_Slight,Driver_seat,Professional use,Not_pedestrian,Unknown,Not_pedestrian,Seat_belt,Used,Not a holiday,0
2554,201600001568,2016,3,4,Daylight,Built_up_area,Out_of_intersection,Light_rain,Other_collision,Manual_entry,-1.35667,48.6826,True,2016-03-04,15,15,15:15,Afternoon,False,Spring,1.0,0.0,0.0,Communal_way,One_way,Unknown,Slope,Straight,Wet,Unknown,On_road,Not_near_school,A01,Same_direction,Car(Quad/Passenger),Pedestrian,No_impact,Straight_ahead,0,1969.0,Female,Driver,Uninjured,Driver_seat,Home-school,Not_pedestrian,Unknown,Not_pedestrian,Seat_belt,Used,Not a holiday,0
2555,201600001569,2016,3,12,Night_without_public_lighting,Out_of_agglomeration,Intersection_T,Normal,Frontal_two_vehicles,Manual_entry,-1.21058,48.6841,True,2016-03-12,19,15,19:15,Evening,True,Spring,0.0,0.0,0.0,Departmental_road,Unknown,Unknown,Hilltop,Straight,Normal,Unknown,On_road,Not_near_school,A01,Opposite_direction,Car(Quad/Passenger),Cyclist,Front_right,Roundabout,0,1927.0,Female,Driver,Injured_Hospitalized,Driver_seat,Shopping,Not_pedestrian,Unknown,Not_pedestrian,Seat_belt,Used,Not a holiday,0
2556,201600001569,2016,3,12,Night_without_public_lighting,Out_of_agglomeration,Intersection_T,Normal,Frontal_two_vehicles,Manual_entry,-1.21058,48.6841,True,2016-03-12,19,15,19:15,Evening,True,Spring,0.0,0.0,0.0,Departmental_road,Unknown,Unknown,Hilltop,Straight,Normal,Unknown,On_road,Not_near_school,B01,Other/Unknown,Car(Quad/Passenger),Cyclist,Right_side,Straight_ahead,0,1992.0,Male,Driver,Uninjured,Driver_seat,Leisure,Not_pedestrian,Unknown,Not_pedestrian,Seat_belt,Used,Not a holiday,0
2557,201600001570,2016,5,8,Daylight,Out_of_agglomeration,Intersection_T,Normal,Rear_end_two_vehicles,Manual_entry,-1.3624,48.6745,True,2016-05-08,16,15,16:15,Afternoon,True,Spring,2.0,0.0,0.0,Communal_way,Bidirectional,Unknown,Flat,Straight,Unknown,Unknown,On_road,Not_near_school,A01,Same_direction,Motorcycle,Cyclist,Front,Turning,0,2000.0,Male,Driver,Injured_Hospitalized,Driver_seat,Leisure,Not_pedestrian,Unknown,Not_pedestrian,Helmet,Used,Victory in Europe Day,1
2558,201600001570,2016,5,8,Daylight,Out_of_agglomeration,Intersection_T,Normal,Rear_end_two_vehicles,Manual_entry,-1.3624,48.6745,True,2016-05-08,16,15,16:15,Afternoon,True,Spring,2.0,0.0,0.0,Communal_way,Bidirectional,Unknown,Flat,Straight,Unknown,Unknown,On_road,Not_near_school,B01,Same_direction,Car(Quad/Passenger),Cyclist,Rear_right,Roundabout,0,1956.0,Female,Driver,Uninjured,Driver_seat,Leisure,Not_pedestrian,Unknown,Not_pedestrian,Seat_belt,Used,Victory in Europe Day,1
2559,201600001571,2016,6,14,Daylight,Built_up_area,Out_of_intersection,Dazzling,Other_collision,Manual_entry,-1.3436,48.6791,True,2016-06-14,16,45,16:45,Afternoon,False,Summer,2.0,37.0,124.0,Departmental_road,Bidirectional,Cycle_bank,Flat,Straight,Normal,Unknown,On_road,Not_near_school,A01,Other/Unknown,Motorcycle,Pedestrian,Front_right,Straight_ahead,0,1962.0,Male,Driver,Uninjured,Driver_seat,Home-work,Not_pedestrian,Unknown,Not_pedestrian,Seat_belt,Used,Not a holiday,0
2560,201600001572,2016,8,22,Daylight,Out_of_agglomeration,Intersection_T,Normal,Side_two_vehicles,Manual_entry,-1.28445,48.6789,True,2016-08-22,8,15,08:15,Morning,False,Summer,2.0,0.0,0.0,Departmental_road,Bidirectional,Unknown,Flat,Straight,Normal,Unknown,On_road,Unknown,A01,Other/Unknown,Car(Quad/Passenger),Cyclist,Front,Straight_ahead,0,1931.0,Male,Driver,Uninjured,Driver_seat,other,Not_pedestrian,Unknown,Not_pedestrian,Seat_belt,Used,Not a holiday,0
2561,201600001572,2016,8,22,Daylight,Out_of_agglomeration,Intersection_T,Normal,Side_two_vehicles,Manual_entry,-1.28445,48.6789,True,2016-08-22,8,15,08:15,Morning,False,Summer,2.0,0.0,0.0,Departmental_road,Bidirectional,Unknown,Flat,Straight,Normal,Unknown,On_road,Unknown,B01,Opposite_direction,Car(Quad/Passenger),Cyclist,Left_side,Roundabout,0,1994.0,Female,Driver,Uninjured,Driver_seat,Leisure,Not_pedestrian,Unknown,Not_pedestrian,Seat_belt,Used,Not a holiday,0
2562,201600001573,2016,10,21,Night_without_public_lighting,Out_of_agglomeration,Intersection_T,Normal,Other_collision,Manual_entry,-1.3275,48.6951,True,2016-10-21,22,15,22:15,Night,False,Autumn,2.0,0.0,74.0,Departmental_road,Bidirectional,Unknown,Hill_bottom,Curve_right,Normal,Unknown,On_verge,Not_near_school,A01,Other/Unknown,Car(Quad/Passenger),None,Front,Straight_ahead,0,1996.0,Male,Driver,Uninjured,Driver_seat,Leisure,Not_pedestrian,Unknown,Not_pedestrian,Seat_belt,Used,Not a holiday,0
2563,201600001574,2016,11,23,Night_without_public_lighting,Out_of_agglomeration,Out_of_intersection,Light_rain,Multiple_three_plus,Manual_entry,-1.27476,48.6698,True,2016-11-23,17,30,17:30,Evening,False,Autumn,2.0,0.0,64.0,Departmental_road,Bidirectional,Unknown,Unknown,Straight,Wet,Unknown,On_road,Not_near_school,B01,Opposite_direction,Car(Quad/Passenger),Cyclist,Right_side,Reversing,0,1949.0,Female,Driver,Injured_Hospitalized,Driver_seat,Leisure,Not_pedestrian,Unknown,Not_pedestrian,Seat_belt,Used,Not a holiday,0