,accident_id,year,month,day,lighting_label,urban_label,intersection_label,weather_label,collision_label,gps_label,longitude_num,latitude_num,valid_geo,date,hour,minute,time_hhmm,time_of_day,is_weekend,season,num_lanes,pedestrian_crossing_width,road_width,road_category_label,traffic_regime_label,reserved_lane_label,road_profile_label,road_layout_label,surface_condition_label,infrastructure_label,situation_label,school_zone_label,vehicle_id,traffic_direction_label,vehicle_category_label,mobile_obstacle_label,impact_point_label,manoeuvre_label,occupants_group,birth_year,sex_label,user_category_label,injury_severity_label,seat_position_label,journey_purpose_label,pedestrian_location_label,pedestrian_action_label,pedestrian_state_label,safety_equipment_type,safety_equipment_usage,holiday_name,is_holiday
2564,201600001574,2016,11,23,Night_without_public_lighting,Out_of_agglomeration,Out_of_intersection,Light_rain,Multiple_three_plus,Manual_entry,-1.27476,48.6698,True,2016-11-23,17,30,17:30,Evening,False,Autumn,2.0,0.0,64.0,Departmental_road,Bidirectional,Unknown,Unknown,Straight,Wet,Unknown,On_road,Not_near_school,A01,Other/Unknown,Car(Quad/Passenger),Cyclist,Right_side,Turning,0,1946.0,Male,Driver,Injured_Hospitalized,Driver_seat,Leisure,Not_pedestrian,Unknown,Not_pedestrian,Seat_belt,Used,Not a holiday,0
2565,201600001574,2016,11,23,Night_without_public_lighting,Out_of_agglomeration,Out_of_intersection,Light_rain,Multiple_three_plus,Manual_entry,-1.27476,48.6698,True,2016-11-23,17,30,17:30,Evening,False,Autumn,2.0,0.0,64.0,Departmental_road,Bidirectional,Unknown,Unknown,Straight,Wet,Unknown,On_road,Not_near_school,D01,Other/Unknown,Car(Quad/Passenger),Cyclist,Front_left,Turning,0,1962.0,Male,Driver,Uninjured,Driver_seat,other,Not_pedestrian,Unknown,Not_pedestrian,Seat_belt,Used,Not a holiday,0
2566,201600001574,2016,11,23,Night_without_public_lighting,Out_of_agglomeration,Out_of_intersection,Light_rain,Multiple_three_plus,Manual_entry,-1.27476,48.6698,True,2016-11-23,17,30,17:30,Evening,False,Autumn,2.0,0.0,64.0,Departmental_road,Bidirectional,Unknown,Unknown,Straight,Wet,Unknown,On_road,Not_near_school,C01,Other/Unknown,Car(Quad/Passenger),Cyclist,Front_left,Straight_ahead,0,1995.0,Female,Driver,Uninjured,Driver_seat,Shopping,Not_pedestrian,Unknown,Not_pedestrian,Seat_belt,Used,Not a holiday,0
2567,201600001575,2016,12,2,Twilight_or_dawn,Out_of_agglomeration,Out_of_intersection,Fog_or_smoke,Side_two_vehicles,Manual_entry,-1.33087,48.6946,True,2016-12-02,8,15,08:15,Morning,False,Winter,2.0,0.0,0.0,Departmental_road,Bidirectional,Unknown,Slope,Straight,Icy,Unknown,On_road,Unknown,A01,Other/Unknown,Car(Quad/Passenger),Cyclist,Rear_left,Avoiding_obstacle,0,1986.0,Male,Driver,Injured_Slight,Driver_seat,Home-work,Not_pedestrian,Unknown,Not_pedestrian,Seat_belt,Used,Not a holiday,0
2568,201600001575,2016,12,2,Twilight_or_dawn,Out_of_agglomeration,Out_of_intersection,Fog_or_smoke,Side_two_vehicles,Manual_entry,-1.33087,48.6946,True,2016-12-02,8,15,08:15,Morning,False,Winter,2.0,0.0,0.0,Departmental_road,Bidirectional,Unknown,Slope,Straight,Icy,Unknown,On_road,Unknown,B01,Opposite_direction,Car(Quad/Passenger),Cyclist,Right_side,Straight_ahead,0,1971.0,Male,Driver,Uninjured,Driver_seat,Home-work,Not_pedestrian,Unknown,Not_pedestrian,Seat_belt,Used,Not a holiday,0
2569,201600001576,2016,12,16,Night_without_public_lighting,Out_of_agglomeration,Intersection_T,Normal,Side_two_vehicles,Manual_entry,-1.3534,48.6628,True,2016-12-16,18,45,18:45,Evening,False,Winter,2.0,0.0,0.0,Departmental_road,Bidirectional,Unknown,Slope,Straight,Normal,Roundabout,On_road,Unknown,A01,Other/Unknown,Car(Quad/Passenger),Cyclist,Front,Roundabout,0,1990.0,Male,Driver,Uninjured,Driver_seat,Leisure,Not_pedestrian,Unknown,Not_pedestrian,Seat_belt,Used,Not a holiday,0
2570,201600001576,2016,12,16,Night_without_public_lighting,Out_of_agglomeration,Intersection_T,Normal,Side_two_vehicles,Manual_entry,-1.3534,48.6628,True,2016-12-16,18,45,18:45,Evening,False,Winter,2.0,0.0,0.0,Departmental_road,Bidirectional,Unknown,Slope,Straight,Normal,Roundabout,On_road,Unknown,B01,Opposite_direction,Cycle,Cyclist,Front_left,Straight_ahead,0,2001.0,Male,Driver,Injured_Hospitalized,Driver_seat,Leisure,Not_pedestrian,Unknown,Not_pedestrian,Helmet,Used,Not a holiday,0
2571,201600001577,2016,12,15,Daylight,Out_of_agglomeration,Out_of_intersection,Normal,Multiple_three_plus,Manual_entry,-1.48506,48.7728,True,2016-12-15,15,45,15:45,Afternoon,False,Winter,2.0,0.0,50.0,Departmental_road,Bidirectional,Unknown,Flat,Straight,Normal,Unknown,On_road,Unknown,D01,Same_direction,Utility(Truck/Agri),other,Front,Straight_ahead,0,1975.0,Male,Driver,Uninjured,Driver_seat,Professional use,Not_pedestrian,Unknown,Not_pedestrian,Seat_belt,Used,Not a holiday,0
2572,201600001577,2016,12,15,Daylight,Out_of_agglomeration,Out_of_intersection,Normal,Multiple_three_plus,Manual_entry,-1.48506,48.7728,True,2016-12-15,15,45,15:45,Afternoon,False,Winter,2.0,0.0,50.0,Departmental_road,Bidirectional,Unknown,Flat,Straight,Normal,Unknown,On_road,Unknown,A01,Same_direction,Car(Quad/Passenger),Cyclist,Right_side,Avoiding_obstacle,0,1972.0,Female,Driver,Uninjured,Driver_seat,Home-work,Not_pedestrian,Unknown,Not_pedestrian,Seat_belt,Used,Not a holiday,0
2573,201600001577,2016,12,15,Daylight,Out_of_agglomeration,Out_of_intersection,Normal,Multiple_three_plus,Manual_entry,-1.48506,48.7728,True,2016-12-15,15,45,15:45,Afternoon,False,Winter,2.0,0.0,50.0,Departmental_road,Bidirectional,Unknown,Flat,Straight,Normal,Unknown,On_road,Unknown,C01,Same_direction,Car(Quad/Passenger),Cyclist,Front,Straight_ahead,0,1931.0,Male,Driver,Injured_Slight,Driver_seat,Leisure,Not_pedestrian,Unknown,Not_pedestrian,Seat_belt,Used,Not a holiday,0
2574,201600001577,2016,12,15,Daylight,Out_of_agglomeration,Out_of_intersection,Normal,Multiple_three_plus,Manual_entry,-1.48506,48.7728,True,2016-12-15,15,45,15:45,Afternoon,False,Winter,2.0,0.0,50.0,Departmental_road,Bidirectional,Unknown,Flat,Straight,Normal,Unknown,On_road,Unknown,B01,Same_direction,Car(Quad/Passenger),Cyclist,Right_side,Straight_ahead,0,1981.0,Female,Driver,Injured_Slight,Driver_seat,Home-work,Not_pedestrian,Unknown,Not_pedestrian,Seat_belt,Used,Not a holiday,0
2575,201600001578,2016,1,12,Twilight_or_dawn,Out_of_agglomeration,Out_of_intersection,Snow_or_hail,Multiple_three_plus,Manual_entry,-1.50169,48.7843,True,2016-01-12,8,15,08:15,Morning,False,Winter,3.0,0.0,90.0,Departmental_road,Bidirectional,Unknown,Slope,Straight,Icy,Unknown,On_road,Not_near_school,C01,Other/Unknown,Car(Quad/Passenger),Cyclist,Front,Straight_ahead,0,1957.0,Female,Driver,Uninjured,Driver_seat,Home-work,Not_pedestrian,Unknown,Not_pedestrian,Seat_belt,Used,Not a holiday,0
2576,201600001578,2016,1,12,Twilight_or_dawn,Out_of_agglomeration,Out_of_intersection,Snow_or_hail,Multiple_three_plus,Manual_entry,-1.50169,48.7843,True,2016-01-12,8,15,08:15,Morning,False,Winter,3.0,0.0,90.0,Departmental_road,Bidirectional,Unknown,Slope,Straight,Icy,Unknown,On_road,Not_near_school,A01,Opposite_direction,Car(Quad/Passenger),Cyclist,Front,Avoiding_obstacle,0,1988.0,Female,Driver,Injured_Slight,Driver_seat,Home-work,Not_pedestrian,Unknown,Not_pedestrian,Seat_belt,Used,Not a holiday,0
2577,201600001578,2016,1,12,Twilight_or_dawn,Out_of_agglomeration,Out_of_intersection,Snow_or_hail,Multiple_three_plus,Manual_entry,-1.50169,48.7843,True,2016-01-12,8,15,08:15,Morning,False,Winter,3.0,0.0,90.0,Departmental_road,Bidirectional,Unknown,Slope,Straight,Icy,Unknown,On_road,Not_near_school,B01,Other/Unknown,Car(Quad/Passenger),Cyclist,Right_side,Straight_ahead,0,1969.0,Female,Driver,Injured_Slight,Driver_seat,Home-work,Not_pedestrian,Unknown,Not_pedestrian,Seat_belt,Used,Not a holiday,0
2578,201600001579,2016,1,16,Daylight,Built_up_area,Out_of_intersection,Dazzling,Rear_end_two_vehicles,Manual_entry,-1.55485,48.7481,True,2016-01-16,11,45,11:45,Morning,True,Winter,2.0,0.0,0.0,Communal_way,Bidirectional,Unknown,Flat,Straight,Normal,Unknown,On_road,Not_near_school,B01,Opposite_direction,Cycle,Cyclist,Rear_right,Straight_ahead,0,1933.0,Male,Driver,Injured_Hospitalized,Driver_seat,Leisure,Not_pedestrian,Unknown,Not_pedestrian,Helmet,Not_used,Not a holiday,0
2579,201600001579,2016,1,16,Daylight,Built_up_area,Out_of_intersection,Dazzling,Rear_end_two_vehicles,Manual_entry,-1.55485,48.7481,True,2016-01-16,11,45,11:45,Morning,True,Winter,2.0,0.0,0.0,Communal_way,Bidirectional,Unknown,Flat,Straight,Normal,Unknown,On_road,Not_near_school,A01,Opposite_direction,Car(Quad/Passenger),other,Front_right,Turning,0,1929.0,Male,Driver,Uninjured,Driver_seat,Leisure,Not_pedestrian,Unknown,Not_pedestrian,Seat_belt,Used,Not a holiday,0
2580,201600001580,2016,2,4,Daylight,Built_up_area,Out_of_intersection,Cloudy,Other_collision,Manual_entry,-1.45582,48.752,True,2016-02-04,10,30,10:30,Morning,False,Winter,2.0,0.0,63.0,Departmental_road,Bidirectional,Unknown,Flat,Straight,Wet,Unknown,On_road,Not_near_school,A01,Opposite_direction,Car(Quad/Passenger),Pedestrian,Front_right,Straight_ahead,0,1951.0,Male,Driver,Uninjured,Driver_seat,Leisure,Not_pedestrian,Unknown,Not_pedestrian,Seat_belt,Used,Not a holiday,0
2581,201600001581,2016,3,27,Night_without_public_lighting,Out_of_agglomeration,Out_of_intersection,Strong_wind_or_storm,Other_collision,Manual_entry,-1.51607,48.837,True,2016-03-27,23,45,23:45,Night,True,Spring,2.0,0.0,0.0,Departmental_road,Bidirectional,Unknown,Flat,Straight,Wet,Unknown,On_road,Not_near_school,A01,Other/Unknown,Car(Quad/Passenger),None,Front,Straight_ahead,0,1992.0,Female,Driver,Uninjured,Driver_seat,Leisure,Not_pedestrian,Unknown,Not_pedestrian,Seat_belt,Used,Not a holiday,0
2582,201600001582,2016,5,6,Night_without_public_lighting,Out_of_agglomeration,Out_of_intersection,Normal,Other_collision,Manual_entry,-1.4994,48.8369,True,2016-05-06,22,15,22:15,Night,False,Spring,2.0,20.0,72.0,Departmental_road,Bidirectional,Unknown,Flat,Straight,Normal,Unknown,On_road,Unknown,A01,Opposite_direction,Car(Quad/Passenger),None,Right_side,Straight_ahead,0,1960.0,Male,Driver,Killed,Driver_seat,Leisure,Not_pedestrian,Unknown,Not_pedestrian,Seat_belt,Not_used,Not a holiday,0
2583,201600001583,2016,6,10,Daylight,Out_of_agglomeration,Out_of_intersection,Cloudy,Frontal_two_vehicles,Manual_entry,-1.46943,48.7617,True,2016-06-10,20,15,20:15,Evening,False,Summer,2.0,0.0,80.0,Departmental_road,Bidirectional,Unknown,Flat,Straight,Normal,Unknown,On_road,Not_near_school,B01,Opposite_direction,Car(Quad/Passenger),None,Rear_right,Straight_ahead,0,1968.0,Male,Driver,Uninjured,Driver_seat,Leisure,Not_pedestrian,Unknown,Not_pedestrian,Seat_belt,Used,Not a holiday,0
2584,201600001583,2016,6,10,Daylight,Out_of_agglomeration,Out_of_intersection,Cloudy,Frontal_two_vehicles,Manual_entry,-1.46943,48.7617,True,2016-06-10,20,15,20:15,Evening,False,Summer,2.0,0.0,80.0,Departmental_road,Bidirectional,Unknown,Flat,Straight,Normal,Unknown,On_road,Not_near_school,A01,Opposite_direction,Car(Quad/Passenger),Cyclist,Front,Turning,0,1991.0,Female,Driver,Injured_Hospitalized,Driver_seat,Leisure,Not_pedestrian,Unknown,Not_pedestrian,Seat_belt,Used,Not a holiday,0
2585,201600001584,2016,7,6,Daylight,Out_of_agglomeration,Intersection_X,Normal,Side_two_vehicles,Manual_entry,-1.4985,48.8369,True,2016-07-06,19,30,19:30,Evening,False,Summer,2.0,0.0,68.0,Departmental_road,Bidirectional,Unknown,Unknown,Straight,Normal,Roundabout,On_road,Unknown,B02,Opposite_direction,Car(Quad/Passenger),None,Left_side,Loss_of_control,0,1938.0,Male,Driver,Uninjured,Driver_seat,Leisure,Not_pedestrian,Unknown,Not_pedestrian,Seat_belt,Used,Not a holiday,0
2586,201600001584,2016,7,6,Daylight,Out_of_agglomeration,Intersection_X,Normal,Side_two_vehicles,Manual_entry,-1.4985,48.8369,True,2016-07-06,19,30,19:30,Evening,False,Summer,2.0,0.0,68.0,Departmental_road,Bidirectional,Unknown,Unknown,Straight,Normal,Roundabout,On_road,Unknown,A01,Other/Unknown,Motorcycle,Cyclist,Front,Straight_ahead,0,1966.0,Male,Driver,Injured_Hospitalized,Driver_seat,Home-work,Not_pedestrian,Unknown,Not_pedestrian,Helmet,Used,Not a holiday,0
2587,201600001585,2016,8,7,Night_with_public_lighting_on,Built_up_area,Intersection_T,Normal,No_collision,Manual_entry,-1.56039,48.7766,True,2016-08-07,2,15,02:15,Night,True,Summer,2.0,0.0,0.0,Communal_way,Bidirectional,Unknown,Slope,Straight,Normal,Unknown,On_road,Not_near_school,A01,Same_direction,Motorcycle,None,Front,Avoiding_obstacle,0,1994.0,Male,Driver,Killed,Driver_seat,Leisure,Not_pedestrian,Unknown,Not_pedestrian,Helmet,Used,Not a holiday,0
2588,201600001586,2016,8,14,Twilight_or_dawn,Out_of_agglomeration,Out_of_intersection,Dazzling,Side_two_vehicles,Manual_entry,-1.51009,48.7482,True,2016-08-14,9,15,09:15,Morning,True,Summer,2.0,0.0,65.0,Departmental_road,Bidirectional,Unknown,Flat,Straight,Normal,Unknown,On_road,Not_near_school,A01,Same_direction,Car(Quad/Passenger),Cyclist,Front_right,Turning,0,1984.0,Male,Driver,Uninjured,Driver_seat,Leisure,Not_pedestrian,Unknown,Not_pedestrian,Seat_belt,Used,Not a holiday,0
2589,201600001586,2016,8,14,Twilight_or_dawn,Out_of_agglomeration,Out_of_intersection,Dazzling,Side_two_vehicles,Manual_entry,-1.51009,48.7482,True,2016-08-14,9,15,09:15,Morning,True,Summer,2.0,0.0,65.0,Departmental_road,Bidirectional,Unknown,Flat,Straight,Normal,Unknown,On_road,Not_near_school,B01,Same_direction,Cycle,Cyclist,Front_left,Straight_ahead,0,1934.0,Male,Driver,Injured_Slight,Driver_seat,Leisure,Not_pedestrian,Unknown,Not_pedestrian,Helmet,Used,Not a holiday,0
2590,201600001587,2016,9,17,Daylight,Out_of_agglomeration,Out_of_intersection,Normal,Multiple_three_plus,Manual_entry,-1.51216,48.837,True,2016-09-17,15,0,15:00,Afternoon,True,Autumn,2.0,0.0,92.0,Departmental_road,Bidirectional,Cycle_bank,Flat,Straight,Normal,Unknown,On_road,Unknown,C01,Other/Unknown,Car(Quad/Passenger),Cyclist,Front_left,Straight_ahead,0,1961.0,Male,Driver,Uninjured,Driver_seat,Leisure,Not_pedestrian,Unknown,Not_pedestrian,Seat_belt,Used,Not a holiday,0
2591,201600001587,2016,9,17,Daylight,Out_of_agglomeration,Out_of_intersection,Normal,Multiple_three_plus,Manual_entry,-1.51216,48.837,True,2016-09-17,15,0,15:00,Afternoon,True,Autumn,2.0,0.0,92.0,Departmental_road,Bidirectional,Cycle_bank,Flat,Straight,Normal,Unknown,On_road,Unknown,B01,Other/Unknown,Utility(Truck/Agri),Cyclist,Right_side,Straight_ahead,0,1995.0,Female,Driver,Injured_Slight,Driver_seat,Leisure,Not_pedestrian,Unknown,Not_pedestrian,Seat_belt,Used,Not a holiday,0
2592,201600001587,2016,9,17,Daylight,Out_of_agglomeration,Out_of_intersection,Normal,Multiple_three_plus,Manual_entry,-1.51216,48.837,True,2016-09-17,15,0,15:00,Afternoon,True,Autumn,2.0,0.0,92.0,Departmental_road,Bidirectional,Cycle_bank,Flat,Straight,Normal,Unknown,On_road,Unknown,A01,Opposite_direction,Car(Quad/Passenger),Cyclist,Right_side,Interaction,0,1935.0,Female,Driver,Uninjured,Driver_seat,Leisure,Not_pedestrian,Unknown,Not_pedestrian,Seat_belt,Used,Not a holiday,0
2593,201600001588,2016,9,28,Daylight,Built_up_area,Out_of_intersection,Normal,Other_collision,Manual_entry,-1.39852,48.7988,True,2016-09-28,10,15,10:15,Morning,False,Autumn,2.0,0.0,60.0,Departmental_road,Bidirectional,Unknown,Flat,Straight,Normal,Unknown,On_road,Unknown,A01,Other/Unknown,Car(Quad/Passenger),Pedestrian,Right_side,Straight_ahead,0,1948.0,Male,Driver,Uninjured,Driver_seat,Shopping,Not_pedestrian,Unknown,Not_pedestrian,Seat_belt,Used,Not a holiday,0
2594,201600001589,2016,10,17,Twilight_or_dawn,Built_up_area,Out_of_intersection,Fog_or_smoke,No_collision,Manual_entry,-1.48681,48.7493,True,2016-10-17,8,0,08:00,Morning,False,Autumn,2.0,0.0,0.0,Departmental_road,Bidirectional,Unknown,Flat,Straight,Wet,Unknown,On_road,Unknown,A01,Same_direction,Motorcycle,None,Front_left,Straight_ahead,0,1967.0,Male,Driver,Injured_Hospitalized,Driver_seat,Home-work,Not_pedestrian,Unknown,Not_pedestrian,Helmet,Used,Not a holiday,0
2595,201600001590,2016,11,14,Daylight,Built_up_area,Out_of_intersection,Normal,Other_collision,Manual_entry,-1.43947,48.7648,True,2016-11-14,15,0,15:00,Afternoon,False,Autumn,2.0,0.0,0.0,Departmental_road,Bidirectional,Unknown,Flat,Curve_right,Normal,Unknown,On_road,Unknown,A01,Opposite_direction,Cycle,None,No_impact,Straight_ahead,0,1945.0,Male,Driver,Injured_Hospitalized,Driver_seat,Leisure,Not_pedestrian,Unknown,Not_pedestrian,Helmet,Used,Not a holiday,0
2596,201600001591,2016,12,29,Daylight,Built_up_area,Out_of_intersection,Dazzling,Other_collision,Manual_entry,-1.55499,48.7472,True,2016-12-29,10,30,10:30,Morning,False,Winter,2.0,0.0,50.0,Departmental_road,Bidirectional,Unknown,Slope,Straight,Normal,Unknown,On_road,Not_near_school,A01,Opposite_direction,Car(Quad/Passenger),Pedestrian,Front_right,Straight_ahead,0,1950.0,Male,Driver,Uninjured,Driver_seat,Shopping,Not_pedestrian,Unknown,Not_pedestrian,Seat_belt,Used,Not a holiday,0
2597,201600001592,2016,2,16,Night_without_public_lighting,Out_of_agglomeration,Out_of_intersection,Normal,Rear_end_two_vehicles,Manual_entry,-1.46601,48.5695,True,2016-02-16,20,0,20:00,Evening,False,Winter,4.0,32.0,70.0,National_road,Separated_carriageways,Unknown,Flat,Straight,Normal,Unknown,On_road,Not_near_school,A01,Other/Unknown,Car(Quad/Passenger),Cyclist,Right_side,Turning,0,1963.0,Male,Driver,Injured_Hospitalized,Driver_seat,other,Not_pedestrian,Unknown,Not_pedestrian,Seat_belt,Used,Not a holiday,0
2598,201600001592,2016,2,16,Night_without_public_lighting,Out_of_agglomeration,Out_of_intersection,Normal,Rear_end_two_vehicles,Manual_entry,-1.46601,48.5695,True,2016-02-16,20,0,20:00,Evening,False,Winter,4.0,32.0,70.0,National_road,Separated_carriageways,Unknown,Flat,Straight,Normal,Unknown,On_road,Not_near_school,B01,Other/Unknown,Utility(Truck/Agri),Cyclist,Rear,Straight_ahead,0,1980.0,Male,Driver,Uninjured,Driver_seat,Unknown,Not_pedestrian,Unknown,Not_pedestrian,Seat_belt,Used,Not a holiday,0
2599,201600001593,2016,2,9,Daylight,Built_up_area,Intersection_X,Normal,Other_collision,Manual_entry,-1.29462,48.619,True,2016-02-09,15,15,15:15,Afternoon,False,Winter,2.0,0.0,0.0,Departmental_road,Bidirectional,Unknown,Flat,Straight,Normal,Unknown,On_road,Not_near_school,A01,Opposite_direction,Bus/Coach,Pedestrian,Front_right,Roundabout,0,1968.0,Female,Driver,Injured_Slight,Driver_seat,Home-work,Not_pedestrian,Unknown,Not_pedestrian,Seat_belt,Used,Not a holiday,0
2600,201600001594,2016,3,25,Daylight,Out_of_agglomeration,Out_of_intersection,Normal,Multiple_three_plus,Manual_entry,-1.50016,48.5614,True,2016-03-25,17,0,17:00,Evening,False,Spring,2.0,0.0,0.0,National_road,Bidirectional,Unknown,Flat,Straight,Normal,Unknown,On_road,Unknown,A01,Opposite_direction,Car(Quad/Passenger),Cyclist,Front,Avoiding_obstacle,0,1974.0,Male,Driver,Killed,Driver_seat,other,Not_pedestrian,Unknown,Not_pedestrian,Seat_belt,Used,Not a holiday,0
2601,201600001594,2016,3,25,Daylight,Out_of_agglomeration,Out_of_intersection,Normal,Multiple_three_plus,Manual_entry,-1.50016,48.5614,True,2016-03-25,17,0,17:00,Evening,False,Spring,2.0,0.0,0.0,National_road,Bidirectional,Unknown,Flat,Straight,Normal,Unknown,On_road,Unknown,B01,Other/Unknown,Bus/Coach,Cyclist,Front,Straight_ahead,0,1960.0,Female,Driver,Injured_Slight,Driver_seat,Professional use,Not_pedestrian,Unknown,Not_pedestrian,Seat_belt,Used,Not a holiday,0
2602,201600001594,2016,3,25,Daylight,Out_of_agglomeration,Out_of_intersection,Normal,Multiple_three_plus,Manual_entry,-1.50016,48.5614,True,2016-03-25,17,0,17:00,Evening,False,Spring,2.0,0.0,0.0,National_road,Bidirectional,Unknown,Flat,Straight,Normal,Unknown,On_road,Unknown,C01,Opposite_direction,Car(Quad/Passenger),Cyclist,Front,Straight_ahead,0,1973.0,Female,Driver,Injured_Hospitalized,Driver_seat,Leisure,Not_pedestrian,Unknown,Not_pedestrian,Seat_belt,Used,Not a holiday,0
2603,201600001594,2016,3,25,Daylight,Out_of_agglomeration,Out_of_intersection,Normal,Multiple_three_plus,Manual_entry,-1.50016,48.5614,True,2016-03-25,17,0,17:00,Evening,False,Spring,2.0,0.0,0.0,National_road,Bidirectional,Unknown,Flat,Straight,Normal,Unknown,On_road,Unknown,D01,Opposite_direction,Car(Quad/Passenger),Cyclist,Front_left,Straight_ahead,0,1946.0,Female,Driver,Uninjured,Driver_seat,Leisure,Not_pedestrian,Unknown,Not_pedestrian,Seat_belt,Used,Not a holiday,0
2604,201600001595,2016,7,23,Daylight,Out_of_agglomeration,Out_of_intersection,Normal,Chain_three_plus,Manual_entry,-1.37208,48.6122,True,2016-07-23,15,0,15:00,Afternoon,True,Summer,2.0,90.0,150.0,National_road,Separated_carriageways,Unknown,Flat,Straight,Normal,Unknown,On_road,Not_near_school,B02,Opposite_direction,Utility(Truck/Agri),Cyclist,Rear_right,Straight_ahead,0,1996.0,Female,Driver,Uninjured,Driver_seat,Unknown,Not_pedestrian,Unknown,Not_pedestrian,Seat_belt,Used,Not a holiday,0
2605,201600001595,2016,7,23,Daylight,Out_of_agglomeration,Out_of_intersection,Normal,Chain_three_plus,Manual_entry,-1.37208,48.6122,True,2016-07-23,15,0,15:00,Afternoon,True,Summer,2.0,90.0,150.0,National_road,Separated_carriageways,Unknown,Flat,Straight,Normal,Unknown,On_road,Not_near_school,C03,Opposite_direction,Utility(Truck/Agri),Cyclist,Rear_right,Turning,0,1959.0,Male,Driver,Uninjured,Driver_seat,Unknown,Not_pedestrian,Unknown,Not_pedestrian,Seat_belt,Used,Not a holiday,0
2606,201600001595,2016,7,23,Daylight,Out_of_agglomeration,Out_of_intersection,Normal,Chain_three_plus,Manual_entry,-1.37208,48.6122,True,2016-07-23,15,0,15:00,Afternoon,True,Summer,2.0,90.0,150.0,National_road,Separated_carriageways,Unknown,Flat,Straight,Normal,Unknown,On_road,Not_near_school,A01,Opposite_direction,Utility(Truck/Agri),Cyclist,Front,Turning,0,1955.0,Male,Driver,Uninjured,Driver_seat,Unknown,Not_pedestrian,Unknown,Not_pedestrian,Seat_belt,Used,Not a holiday,0
2607,201600001596,2016,2,27,Night_with_public_lighting_on,Built_up_area,Out_of_intersection,Normal,Side_two_vehicles,Manual_entry,-1.22154,48.8392,True,2016-02-27,19,0,19:00,Evening,True,Winter,2.0,0.0,58.0,Departmental_road,Bidirectional,Unknown,Flat,Curve_right,Normal,Unknown,On_road,Not_near_school,B01,Opposite_direction,Cycle,Cyclist,Right_side,Avoiding_obstacle,0,1990.0,Male,Driver,Injured_Hospitalized,Driver_seat,Shopping,Not_pedestrian,Unknown,Not_pedestrian,Helmet,Used,Not a holiday,0
2608,201600001596,2016,2,27,Night_with_public_lighting_on,Built_up_area,Out_of_intersection,Normal,Side_two_vehicles,Manual_entry,-1.22154,48.8392,True,2016-02-27,19,0,19:00,Evening,True,Winter,2.0,0.0,58.0,Departmental_road,Bidirectional,Unknown,Flat,Curve_right,Normal,Unknown,On_road,Not_near_school,A01,Other/Unknown,Car(Quad/Passenger),Cyclist,Front_left,other,0,1971.0,Male,Driver,Uninjured,Driver_seat,Professional use,Not_pedestrian,Unknown,Not_pedestrian,Seat_belt,Used,Not a holiday,0
2609,201600001597,2016,3,4,Night_without_public_lighting,Out_of_agglomeration,Out_of_intersection,Light_rain,Frontal_two_vehicles,Manual_entry,-1.34471,48.8358,True,2016-03-04,20,45,20:45,Evening,False,Spring,2.0,0.0,0.0,Departmental_road,Bidirectional,Unknown,Flat,Straight,Wet,Unknown,On_road,Not_near_school,A01,Opposite_direction,Car(Quad/Passenger),Cyclist,Front,Roundabout,0,1957.0,Male,Driver,Injured_Hospitalized,Driver_seat,Leisure,Not_pedestrian,Unknown,Not_pedestrian,Seat_belt,Undetermined,Not a holiday,0
2610,201600001597,2016,3,4,Night_without_public_lighting,Out_of_agglomeration,Out_of_intersection,Light_rain,Frontal_two_vehicles,Manual_entry,-1.34471,48.8358,True,2016-03-04,20,45,20:45,Evening,False,Spring,2.0,0.0,0.0,Departmental_road,Bidirectional,Unknown,Flat,Straight,Wet,Unknown,On_road,Not_near_school,B01,Other/Unknown,Car(Quad/Passenger),Cyclist,Front,Straight_ahead,0,1958.0,Male,Driver,Injured_Slight,Driver_seat,Leisure,Not_pedestrian,Unknown,Not_pedestrian,Seat_belt,Undetermined,Not a holiday,0
2611,201600001598,2016,6,12,Daylight,Out_of_agglomeration,Intersection_X,Light_rain,Frontal_two_vehicles,Manual_entry,-1.19663,48.8171,True,2016-06-12,12,0,12:00,Afternoon,True,Summer,2.0,0.0,63.0,Departmental_road,Bidirectional,Unknown,Flat,Straight,Wet,Roundabout,On_road,Not_near_school,B01,Other/Unknown,Car(Quad/Passenger),Cyclist,Front,Loss_of_control,0,1991.0,Male,Driver,Injured_Slight,Driver_seat,Leisure,Not_pedestrian,Unknown,Not_pedestrian,Seat_belt,Used,Not a holiday,0
2612,201600001598,2016,6,12,Daylight,Out_of_agglomeration,Intersection_X,Light_rain,Frontal_two_vehicles,Manual_entry,-1.19663,48.8171,True,2016-06-12,12,0,12:00,Afternoon,True,Summer,2.0,0.0,63.0,Departmental_road,Bidirectional,Unknown,Flat,Straight,Wet,Roundabout,On_road,Not_near_school,A01,Opposite_direction,Car(Quad/Passenger),Cyclist,Front_left,Roundabout,0,1987.0,Male,Driver,Injured_Slight,Driver_seat,Leisure,Not_pedestrian,Unknown,Not_pedestrian,Seat_belt,Used,Not a holiday,0