,accident_id,year,month,day,lighting_label,urban_label,intersection_label,weather_label,collision_label,gps_label,longitude_num,latitude_num,valid_geo,date,hour,minute,time_hhmm,time_of_day,is_weekend,season,num_lanes,pedestrian_crossing_width,road_width,road_category_label,traffic_regime_label,reserved_lane_label,road_profile_label,road_layout_label,surface_condition_label,infrastructure_label,situation_label,school_zone_label,vehicle_id,traffic_direction_label,vehicle_category_label,mobile_obstacle_label,impact_point_label,manoeuvre_label,occupants_group,birth_year,sex_label,user_category_label,injury_severity_label,seat_position_label,journey_purpose_label,pedestrian_location_label,pedestrian_action_label,pedestrian_state_label,safety_equipment_type,safety_equipment_usage,holiday_name,is_holiday
2613,201600001599,2016,10,8,Daylight,Built_up_area,Out_of_intersection,Normal,Other_collision,Manual_entry,-1.35832,48.7641,True,2016-10-08,12,15,12:15,Afternoon,True,Autumn,2.0,0.0,70.0,Departmental_road,Bidirectional,Unknown,Slope,Curve_left,Normal,Unknown,On_verge,Not_near_school,A01,Same_direction,Motorcycle,None,Front,Straight_ahead,0,1966.0,Female,Driver,Injured_Hospitalized,Driver_seat,Leisure,Not_pedestrian,Unknown,Not_pedestrian,Helmet,Used,Not a holiday,0
2614,201600001600,2016,10,16,Night_without_public_lighting,Out_of_agglomeration,Out_of_intersection,Cloudy,No_collision,Manual_entry,-1.21233,48.8317,True,2016-10-16,1,30,01:30,Night,True,Autumn,2.0,0.0,65.0,Departmental_road,Separated_carriageways,Unknown,Flat,Curve_left,Wet,Unknown,On_verge,Not_near_school,A01,Other/Unknown,Car(Quad/Passenger),None,Right_side,Straight_ahead,0,1992.0,Male,Driver,Injured_Hospitalized,Driver_seat,Leisure,Not_pedestrian,Unknown,Not_pedestrian,Seat_belt,Used,Not a holiday,0
2615,201600001601,2016,7,16,Daylight,Out_of_agglomeration,Out_of_intersection,Normal,Frontal_two_vehicles,Manual_entry,-1.83248,49.6591,True,2016-07-16,10,15,10:15,Morning,True,Summer,2.0,0.0,0.0,Departmental_road,Bidirectional,Unknown,Unknown,Unknown,Normal,Unknown,On_road,Not_near_school,A01,Same_direction,Car(Quad/Passenger),None,No_impact,None,0,1961.0,Male,Driver,Injured_Slight,Driver_seat,Unknown,Not_pedestrian,Unknown,Not_pedestrian,Seat_belt,Used,Not a holiday,0
2616,201600001601,2016,7,16,Daylight,Out_of_agglomeration,Out_of_intersection,Normal,Frontal_two_vehicles,Manual_entry,-1.83248,49.6591,True,2016-07-16,10,15,10:15,Morning,True,Summer,2.0,0.0,0.0,Departmental_road,Bidirectional,Unknown,Unknown,Unknown,Normal,Unknown,On_road,Not_near_school,B02,Same_direction,Car(Quad/Passenger),None,No_impact,None,0,1951.0,Male,Driver,Injured_Slight,Driver_seat,Unknown,Not_pedestrian,Unknown,Not_pedestrian,Seat_belt,Used,Not a holiday,0
2617,201600001602,2016,7,3,Night_without_public_lighting,Out_of_agglomeration,Out_of_intersection,Cloudy,Other_collision,Manual_entry,-1.88145,49.6616,True,2016-07-03,23,45,23:45,Night,True,Summer,2.0,0.0,32.0,Departmental_road,Bidirectional,Unknown,Slope,Curve_right,Normal,Unknown,On_road,Not_near_school,A01,Same_direction,Motorcycle,None,Front,Straight_ahead,0,1998.0,Male,Driver,Injured_Hospitalized,Driver_seat,Leisure,Not_pedestrian,Unknown,Not_pedestrian,Helmet,Used,Not a holiday,0
2618,201600001603,2016,8,2,Daylight,Out_of_agglomeration,Out_of_intersection,Heavy_rain,Frontal_two_vehicles,Manual_entry,-1.81499,49.6653,True,2016-08-02,17,15,17:15,Evening,False,Summer,2.0,0.0,53.0,Departmental_road,Bidirectional,Unknown,Flat,Straight,Wet,Unknown,On_road,Unknown,B01,Opposite_direction,Car(Quad/Passenger),Cyclist,Front,Straight_ahead,0,1980.0,Male,Driver,Injured_Slight,Driver_seat,Leisure,Not_pedestrian,Unknown,Not_pedestrian,Seat_belt,Used,Not a holiday,0
2619,201600001603,2016,8,2,Daylight,Out_of_agglomeration,Out_of_intersection,Heavy_rain,Frontal_two_vehicles,Manual_entry,-1.81499,49.6653,True,2016-08-02,17,15,17:15,Evening,False,Summer,2.0,0.0,53.0,Departmental_road,Bidirectional,Unknown,Flat,Straight,Wet,Unknown,On_road,Unknown,A01,Other/Unknown,Car(Quad/Passenger),Cyclist,Front,Reversing,0,1956.0,Male,Driver,Injured_Hospitalized,Driver_seat,other,Not_pedestrian,Unknown,Not_pedestrian,Seat_belt,Used,Not a holiday,0
2620,201600001604,2016,9,18,Daylight,Out_of_agglomeration,Out_of_intersection,Normal,Other_collision,Manual_entry,-1.83822,49.6889,True,2016-09-18,11,15,11:15,Morning,True,Autumn,2.0,0.0,51.0,Departmental_road,Bidirectional,Unknown,Flat,Straight,Normal,Unknown,On_verge,Unknown,A01,Opposite_direction,Car(Quad/Passenger),None,Front,Straight_ahead,0,1940.0,Female,Driver,Killed,Driver_seat,Leisure,Not_pedestrian,Unknown,Not_pedestrian,Seat_belt,Not_used,Not a holiday,0
2621,201600001605,2016,10,25,Daylight,Out_of_agglomeration,Out_of_intersection,Normal,Side_two_vehicles,Manual_entry,-1.70542,49.6334,True,2016-10-25,12,0,12:00,Afternoon,False,Autumn,2.0,0.0,50.0,Departmental_road,Bidirectional,Unknown,Unknown,Curve_left,Normal,Unknown,On_road,Not_near_school,A01,Opposite_direction,Car(Quad/Passenger),Cyclist,Right_side,Straight_ahead,0,1961.0,Male,Driver,Uninjured,Driver_seat,Home-work,Not_pedestrian,Unknown,Not_pedestrian,Seat_belt,Used,Not a holiday,0
2622,201600001605,2016,10,25,Daylight,Out_of_agglomeration,Out_of_intersection,Normal,Side_two_vehicles,Manual_entry,-1.70542,49.6334,True,2016-10-25,12,0,12:00,Afternoon,False,Autumn,2.0,0.0,50.0,Departmental_road,Bidirectional,Unknown,Unknown,Curve_left,Normal,Unknown,On_road,Not_near_school,B01,Other/Unknown,Cycle,Cyclist,Front_left,Roundabout,0,1968.0,Male,Driver,Injured_Hospitalized,Driver_seat,Leisure,Not_pedestrian,Unknown,Not_pedestrian,Helmet,Used,Not a holiday,0
2623,201600001606,2016,10,30,Daylight,Out_of_agglomeration,Out_of_intersection,Normal,Other_collision,Manual_entry,-1.7913,49.6085,True,2016-10-30,15,15,15:15,Afternoon,True,Autumn,2.0,0.0,66.0,Departmental_road,Bidirectional,Unknown,Unknown,Curve_left,Normal,Unknown,On_verge,Not_near_school,A01,Opposite_direction,Motorcycle,None,Front,Straight_ahead,0,1994.0,Male,Driver,Injured_Hospitalized,Driver_seat,Leisure,Not_pedestrian,Unknown,Not_pedestrian,Helmet,Used,Not a holiday,0
2624,201600001607,2016,12,4,Daylight,Out_of_agglomeration,Out_of_intersection,Normal,Frontal_two_vehicles,Manual_entry,-1.82226,49.6707,True,2016-12-04,17,0,17:00,Evening,True,Winter,2.0,0.0,52.0,Departmental_road,Bidirectional,Unknown,Unknown,Straight,Normal,Unknown,On_road,Not_near_school,A01,Same_direction,Car(Quad/Passenger),Cyclist,Right_side,Avoiding_obstacle,0,1994.0,Male,Driver,Uninjured,Driver_seat,Leisure,Not_pedestrian,Unknown,Not_pedestrian,Seat_belt,Used,Not a holiday,0
2625,201600001607,2016,12,4,Daylight,Out_of_agglomeration,Out_of_intersection,Normal,Frontal_two_vehicles,Manual_entry,-1.82226,49.6707,True,2016-12-04,17,0,17:00,Evening,True,Winter,2.0,0.0,52.0,Departmental_road,Bidirectional,Unknown,Unknown,Straight,Normal,Unknown,On_road,Not_near_school,B01,Same_direction,Car(Quad/Passenger),Cyclist,Right_side,Straight_ahead,0,1942.0,Female,Driver,Injured_Hospitalized,Driver_seat,Leisure,Not_pedestrian,Unknown,Not_pedestrian,Seat_belt,Used,Not a holiday,0
2626,201600001608,2016,2,4,Night_without_public_lighting,Built_up_area,Out_of_intersection,Strong_wind_or_storm,Other_collision,Manual_entry,-1.71154,49.3302,True,2016-02-04,7,15,07:15,Morning,False,Winter,2.0,0.0,0.0,Departmental_road,Bidirectional,Unknown,Flat,Straight,Wet,Unknown,On_road,Unknown,A01,Other/Unknown,Car(Quad/Passenger),Pedestrian,Right_side,Straight_ahead,0,1953.0,Male,Driver,Uninjured,Driver_seat,Leisure,Not_pedestrian,Unknown,Not_pedestrian,Seat_belt,Used,Not a holiday,0
2627,201600001609,2016,5,6,Daylight,Out_of_agglomeration,Intersection_X,Normal,Frontal_two_vehicles,Manual_entry,-1.7787,49.5117,True,2016-05-06,15,0,15:00,Afternoon,False,Spring,2.0,57.0,0.0,Departmental_road,Bidirectional,Unknown,Slope,Straight,Normal,Unknown,On_road,Not_near_school,A01,Other/Unknown,Car(Quad/Passenger),other,Front_right,other,0,1976.0,Male,Driver,Injured_Slight,Driver_seat,Professional use,Not_pedestrian,Unknown,Not_pedestrian,Seat_belt,Used,Not a holiday,0
2628,201600001609,2016,5,6,Daylight,Out_of_agglomeration,Intersection_X,Normal,Frontal_two_vehicles,Manual_entry,-1.7787,49.5117,True,2016-05-06,15,0,15:00,Afternoon,False,Spring,2.0,57.0,0.0,Departmental_road,Bidirectional,Unknown,Slope,Straight,Normal,Unknown,On_road,Not_near_school,B01,Other/Unknown,Cycle,Cyclist,No_impact,Avoiding_obstacle,0,1996.0,Male,Driver,Injured_Hospitalized,Driver_seat,Leisure,Not_pedestrian,Unknown,Not_pedestrian,Seat_belt,Unspecified,Not a holiday,0
2629,201600001610,2016,5,13,Daylight,Out_of_agglomeration,Intersection_T,Normal,Multiple_three_plus,Manual_entry,-1.7742,49.5741,True,2016-05-13,12,15,12:15,Afternoon,False,Spring,2.0,0.0,70.0,Departmental_road,Bidirectional,Unknown,Slope,Curve_right,Other,Unknown,On_road,Unknown,A01,Other/Unknown,Motorcycle,None,Front,Straight_ahead,0,1964.0,Male,Driver,Injured_Hospitalized,Driver_seat,Home-work,Not_pedestrian,Unknown,Not_pedestrian,Helmet,Used,Not a holiday,0
2630,201600001610,2016,5,13,Daylight,Out_of_agglomeration,Intersection_T,Normal,Multiple_three_plus,Manual_entry,-1.7742,49.5741,True,2016-05-13,12,15,12:15,Afternoon,False,Spring,2.0,0.0,70.0,Departmental_road,Bidirectional,Unknown,Slope,Curve_right,Other,Unknown,On_road,Unknown,B01,Other/Unknown,Motorcycle,None,Front,Straight_ahead,0,1992.0,Male,Driver,Injured_Hospitalized,Driver_seat,Home-work,Not_pedestrian,Unknown,Not_pedestrian,Helmet,Used,Not a holiday,0
2631,201600001610,2016,5,13,Daylight,Out_of_agglomeration,Intersection_T,Normal,Multiple_three_plus,Manual_entry,-1.7742,49.5741,True,2016-05-13,12,15,12:15,Afternoon,False,Spring,2.0,0.0,70.0,Departmental_road,Bidirectional,Unknown,Slope,Curve_right,Other,Unknown,On_road,Unknown,C01,Opposite_direction,Motorcycle,None,No_impact,Roundabout,0,1957.0,Male,Driver,Injured_Slight,Driver_seat,Home-work,Not_pedestrian,Unknown,Not_pedestrian,Seat_belt,Unspecified,Not a holiday,0
2632,201600001611,2016,5,15,Daylight,Built_up_area,Out_of_intersection,Normal,Other_collision,Manual_entry,-1.78695,49.3768,True,2016-05-15,18,0,18:00,Evening,True,Spring,2.0,86.0,57.0,Departmental_road,Bidirectional,Unknown,Flat,Straight,Normal,Unknown,On_road,Unknown,A01,Other/Unknown,Car(Quad/Passenger),Pedestrian,Front_left,Straight_ahead,0,1981.0,Female,Driver,Uninjured,Driver_seat,Leisure,Not_pedestrian,Unknown,Not_pedestrian,Seat_belt,Used,Not a holiday,0
2633,201600001612,2016,7,16,Twilight_or_dawn,Out_of_agglomeration,Intersection_X,Dazzling,Rear_end_two_vehicles,Manual_entry,-1.84359,49.5125,True,2016-07-16,21,15,21:15,Night,True,Summer,2.0,0.0,0.0,Departmental_road,Bidirectional,Unknown,Slope,Straight,Normal,Unknown,On_road,Unknown,A01,Opposite_direction,Car(Quad/Passenger),Cyclist,Front,other,0,1991.0,Male,Driver,Uninjured,Driver_seat,Home-work,Not_pedestrian,Unknown,Not_pedestrian,Seat_belt,Used,Not a holiday,0
2634,201600001612,2016,7,16,Twilight_or_dawn,Out_of_agglomeration,Intersection_X,Dazzling,Rear_end_two_vehicles,Manual_entry,-1.84359,49.5125,True,2016-07-16,21,15,21:15,Night,True,Summer,2.0,0.0,0.0,Departmental_road,Bidirectional,Unknown,Slope,Straight,Normal,Unknown,On_road,Unknown,B02,Opposite_direction,Cycle,Cyclist,Rear_right,Roundabout,0,1976.0,Male,Driver,Injured_Hospitalized,Driver_seat,Leisure,Not_pedestrian,Unknown,Not_pedestrian,Helmet,Used,Not a holiday,0
2635,201600001613,2016,7,23,Daylight,Out_of_agglomeration,Out_of_intersection,Normal,Side_two_vehicles,Manual_entry,-1.78879,49.427,True,2016-07-23,16,30,16:30,Afternoon,True,Summer,2.0,0.0,68.0,Departmental_road,Bidirectional,Unknown,Flat,Straight,Normal,Unknown,On_road,Not_near_school,B02,Other/Unknown,Motorcycle,Cyclist,Front,Straight_ahead,0,1981.0,Male,Driver,Injured_Hospitalized,Driver_seat,Leisure,Not_pedestrian,Unknown,Not_pedestrian,Helmet,Used,Not a holiday,0
2636,201600001613,2016,7,23,Daylight,Out_of_agglomeration,Out_of_intersection,Normal,Side_two_vehicles,Manual_entry,-1.78879,49.427,True,2016-07-23,16,30,16:30,Afternoon,True,Summer,2.0,0.0,68.0,Departmental_road,Bidirectional,Unknown,Flat,Straight,Normal,Unknown,On_road,Not_near_school,A01,Other/Unknown,Car(Quad/Passenger),Cyclist,Right_side,other,0,1978.0,Male,Driver,Uninjured,Driver_seat,Leisure,Not_pedestrian,Unknown,Not_pedestrian,Seat_belt,Undetermined,Not a holiday,0
2637,201600001614,2016,8,15,Daylight,Out_of_agglomeration,Intersection_X,Normal,Frontal_two_vehicles,Manual_entry,-1.70801,49.3638,True,2016-08-15,14,45,14:45,Afternoon,False,Summer,2.0,0.0,72.0,Departmental_road,Bidirectional,Unknown,Flat,Straight,Normal,Unknown,On_road,Not_near_school,A01,Opposite_direction,Car(Quad/Passenger),Cyclist,Front,Roundabout,0,1981.0,Female,Driver,Uninjured,Driver_seat,Leisure,Not_pedestrian,Unknown,Not_pedestrian,Seat_belt,Used,Assumption of Mary to Heaven,1
2638,201600001614,2016,8,15,Daylight,Out_of_agglomeration,Intersection_X,Normal,Frontal_two_vehicles,Manual_entry,-1.70801,49.3638,True,2016-08-15,14,45,14:45,Afternoon,False,Summer,2.0,0.0,72.0,Departmental_road,Bidirectional,Unknown,Flat,Straight,Normal,Unknown,On_road,Not_near_school,B01,Other/Unknown,Car(Quad/Passenger),Cyclist,Front,Straight_ahead,0,1936.0,Female,Driver,Injured_Hospitalized,Driver_seat,Leisure,Not_pedestrian,Unknown,Not_pedestrian,Seat_belt,Used,Assumption of Mary to Heaven,1
2639,201600001615,2016,8,28,Daylight,Built_up_area,Intersection_X,Normal,Side_two_vehicles,Manual_entry,-1.64118,49.47,True,2016-08-28,11,45,11:45,Morning,True,Summer,2.0,0.0,0.0,Departmental_road,Bidirectional,Unknown,Slope,Straight,Unknown,Unknown,Unknown,Not_near_school,A01,Other/Unknown,Motorcycle,Cyclist,Right_side,other,0,1957.0,Male,Driver,Injured_Hospitalized,Driver_seat,Leisure,Not_pedestrian,Unknown,Not_pedestrian,Helmet,Used,Not a holiday,0
2640,201600001615,2016,8,28,Daylight,Built_up_area,Intersection_X,Normal,Side_two_vehicles,Manual_entry,-1.64118,49.47,True,2016-08-28,11,45,11:45,Morning,True,Summer,2.0,0.0,0.0,Departmental_road,Bidirectional,Unknown,Slope,Straight,Unknown,Unknown,Unknown,Not_near_school,B01,Other/Unknown,Car(Quad/Passenger),Cyclist,Right_side,Roundabout,0,1960.0,Male,Driver,Uninjured,Driver_seat,Leisure,Not_pedestrian,Unknown,Not_pedestrian,Seat_belt,Used,Not a holiday,0
2641,201600001616,2016,10,16,Daylight,Out_of_agglomeration,Out_of_intersection,Normal,Rear_end_two_vehicles,Manual_entry,-1.62884,49.4787,True,2016-10-16,15,0,15:00,Afternoon,True,Autumn,2.0,0.0,68.0,Departmental_road,Bidirectional,Unknown,Flat,Straight,Normal,Unknown,On_road,Unknown,B01,Same_direction,Car(Quad/Passenger),Cyclist,Rear_left,Straight_ahead,0,1946.0,Male,Driver,Injured_Hospitalized,Driver_seat,Leisure,Not_pedestrian,Unknown,Not_pedestrian,Seat_belt,Used,Not a holiday,0
2642,201600001616,2016,10,16,Daylight,Out_of_agglomeration,Out_of_intersection,Normal,Rear_end_two_vehicles,Manual_entry,-1.62884,49.4787,True,2016-10-16,15,0,15:00,Afternoon,True,Autumn,2.0,0.0,68.0,Departmental_road,Bidirectional,Unknown,Flat,Straight,Normal,Unknown,On_road,Unknown,A01,Same_direction,Utility(Truck/Agri),Cyclist,Front_right,Turning,0,1984.0,Male,Driver,Uninjured,Driver_seat,Leisure,Not_pedestrian,Unknown,Not_pedestrian,Seat_belt,Used,Not a holiday,0
2643,201600001617,2016,11,5,Daylight,Built_up_area,Other,Cloudy,Other_collision,Manual_entry,-1.75267,49.3844,True,2016-11-05,14,45,14:45,Afternoon,True,Autumn,0.0,0.0,0.0,Parking_lot,Unknown,Unknown,Flat,Unknown,Normal,Unknown,Unknown,Not_near_school,A01,Same_direction,Car(Quad/Passenger),Pedestrian,Front_right,Loss_of_control,0,1973.0,Male,Driver,Uninjured,Driver_seat,Shopping,Not_pedestrian,Unknown,Not_pedestrian,Seat_belt,Used,Not a holiday,0
2644,201600001618,2016,12,15,Daylight,Out_of_agglomeration,Out_of_intersection,Normal,Rear_end_two_vehicles,Manual_entry,-1.77799,49.5317,True,2016-12-15,13,30,13:30,Afternoon,False,Winter,2.0,0.0,61.0,Departmental_road,Bidirectional,Unknown,Flat,Straight,Normal,Unknown,On_road,Unknown,A01,Opposite_direction,Car(Quad/Passenger),Cyclist,Front,Straight_ahead,0,1933.0,Male,Driver,Injured_Slight,Driver_seat,Leisure,Not_pedestrian,Unknown,Not_pedestrian,Seat_belt,Used,Not a holiday,0
2645,201600001618,2016,12,15,Daylight,Out_of_agglomeration,Out_of_intersection,Normal,Rear_end_two_vehicles,Manual_entry,-1.77799,49.5317,True,2016-12-15,13,30,13:30,Afternoon,False,Winter,2.0,0.0,61.0,Departmental_road,Bidirectional,Unknown,Flat,Straight,Normal,Unknown,On_road,Unknown,B01,Opposite_direction,Car(Quad/Passenger),None,Rear_right,other,0,1981.0,Female,Driver,Injured_Slight,Driver_seat,other,Not_pedestrian,Unknown,Not_pedestrian,Seat_belt,Used,Not a holiday,0
2646,201600001619,2016,12,23,Night_without_public_lighting,Out_of_agglomeration,Out_of_intersection,Fog_or_smoke,Rear_end_two_vehicles,Manual_entry,-1.62479,49.4651,True,2016-12-23,0,1,00:01,Night,False,Winter,2.0,0.0,64.0,Departmental_road,Bidirectional,Unknown,Unknown,Straight,Normal,Unknown,On_road,Not_near_school,A01,Same_direction,Car(Quad/Passenger),None,Front,Avoiding_obstacle,0,1986.0,Male,Driver,Killed,Driver_seat,Leisure,Not_pedestrian,Unknown,Not_pedestrian,Seat_belt,Undetermined,Not a holiday,0
2647,201600001619,2016,12,23,Night_without_public_lighting,Out_of_agglomeration,Out_of_intersection,Fog_or_smoke,Rear_end_two_vehicles,Manual_entry,-1.62479,49.4651,True,2016-12-23,0,1,00:01,Night,False,Winter,2.0,0.0,64.0,Departmental_road,Bidirectional,Unknown,Unknown,Straight,Normal,Unknown,On_road,Not_near_school,B01,Same_direction,Car(Quad/Passenger),Cyclist,Right_side,Straight_ahead,0,1993.0,Male,Driver,Uninjured,Driver_seat,Leisure,Not_pedestrian,Unknown,Not_pedestrian,Seat_belt,Undetermined,Not a holiday,0
2648,201600001620,2016,12,28,Daylight,Out_of_agglomeration,Out_of_intersection,Normal,Other_collision,Manual_entry,-1.6898,49.5158,True,2016-12-28,9,15,09:15,Morning,False,Winter,2.0,0.0,46.0,Departmental_road,Bidirectional,Unknown,Slope,Curve_left,Normal,Unknown,On_verge,Unknown,A01,Opposite_direction,Car(Quad/Passenger),None,Front,Straight_ahead,0,1993.0,Male,Driver,Injured_Hospitalized,Driver_seat,Leisure,Not_pedestrian,Unknown,Not_pedestrian,Seat_belt,Used,Not a holiday,0
2649,201600001621,2016,5,26,Daylight,Built_up_area,Out_of_intersection,Heavy_rain,Other_collision,Manual_entry,-1.53331,49.3844,True,2016-05-26,19,15,19:15,Evening,False,Spring,2.0,0.0,60.0,Departmental_road,Bidirectional,Unknown,Flat,Straight,Wet,Unknown,On_road,Near_school,A01,Other/Unknown,Car(Quad/Passenger),Pedestrian,Front,Straight_ahead,0,1952.0,Male,Driver,Uninjured,Driver_seat,Home-work,Not_pedestrian,Unknown,Not_pedestrian,Seat_belt,Used,Not a holiday,0
2650,201600001622,2016,9,7,Daylight,Out_of_agglomeration,Out_of_intersection,Normal,Other_collision,Manual_entry,-1.44164,49.4042,True,2016-09-07,20,30,20:30,Evening,False,Autumn,2.0,0.0,70.0,Departmental_road,Bidirectional,Unknown,Slope,Curve_left,Normal,Unknown,On_road,Not_near_school,A01,Other/Unknown,Motorcycle,None,Front,Straight_ahead,0,1996.0,Male,Driver,Injured_Hospitalized,Driver_seat,Leisure,Not_pedestrian,Unknown,Not_pedestrian,Helmet,Used,Not a holiday,0
2651,201600001623,2016,12,12,Daylight,Out_of_agglomeration,Out_of_intersection,Normal,Frontal_two_vehicles,Manual_entry,-1.36992,49.6006,True,2016-12-12,13,15,13:15,Afternoon,False,Winter,2.0,70.0,0.0,Departmental_road,Bidirectional,Unknown,Flat,Straight,Normal,Unknown,On_road,Not_near_school,A01,Opposite_direction,Car(Quad/Passenger),Cyclist,Right_side,Avoiding_obstacle,0,1990.0,Male,Driver,Uninjured,Driver_seat,Home-school,Not_pedestrian,Unknown,Not_pedestrian,Seat_belt,Used,Not a holiday,0
2652,201600001623,2016,12,12,Daylight,Out_of_agglomeration,Out_of_intersection,Normal,Frontal_two_vehicles,Manual_entry,-1.36992,49.6006,True,2016-12-12,13,15,13:15,Afternoon,False,Winter,2.0,70.0,0.0,Departmental_road,Bidirectional,Unknown,Flat,Straight,Normal,Unknown,On_road,Not_near_school,B01,Other/Unknown,Car(Quad/Passenger),Cyclist,Right_side,Straight_ahead,0,1948.0,Male,Driver,Injured_Hospitalized,Driver_seat,Leisure,Not_pedestrian,Unknown,Not_pedestrian,Seat_belt,Used,Not a holiday,0
2653,201600001624,2016,4,19,Daylight,Out_of_agglomeration,Out_of_intersection,Normal,Other_collision,Manual_entry,-1.43036,49.5422,True,2016-04-19,7,30,07:30,Morning,False,Spring,2.0,70.0,0.0,Departmental_road,Bidirectional,Unknown,Slope,Straight,Normal,Unknown,On_road,Not_near_school,A01,Opposite_direction,Motorcycle,Train,Front,Straight_ahead,0,1971.0,Male,Driver,Injured_Hospitalized,Driver_seat,Home-work,Not_pedestrian,Unknown,Not_pedestrian,Helmet,Used,Not a holiday,0
2654,201600001625,2016,9,29,Daylight,Out_of_agglomeration,Out_of_intersection,Normal,No_collision,Manual_entry,-1.52397,49.5208,True,2016-09-29,16,30,16:30,Afternoon,False,Autumn,2.0,30.0,0.0,Communal_way,Bidirectional,Unknown,Slope,Straight,Other,Unknown,On_road,Unknown,A01,Same_direction,Motorcycle,None,Front_left,Straight_ahead,0,1976.0,Male,Driver,Injured_Slight,Driver_seat,Leisure,Not_pedestrian,Unknown,Not_pedestrian,Helmet,Used,Not a holiday,0
2655,201600001626,2016,9,30,Daylight,Out_of_agglomeration,Intersection_T,Normal,Other_collision,Manual_entry,-1.31715,49.6706,True,2016-09-30,12,30,12:30,Afternoon,False,Autumn,2.0,0.0,0.0,Departmental_road,Bidirectional,Unknown,Hilltop,Straight,Normal,Unknown,On_road,Not_near_school,A01,Opposite_direction,Motorcycle,None,Front,Avoiding_obstacle,0,1948.0,Male,Driver,Injured_Hospitalized,Driver_seat,Shopping,Not_pedestrian,Unknown,Not_pedestrian,Seat_belt,Used,Not a holiday,0
2656,201600001627,2016,12,9,Night_without_public_lighting,Out_of_agglomeration,Out_of_intersection,Normal,Multiple_three_plus,Manual_entry,-1.4994,49.5005,True,2016-12-09,19,15,19:15,Evening,False,Winter,2.0,0.0,62.0,Departmental_road,Bidirectional,Unknown,Flat,Straight,Normal,Unknown,On_road,Unknown,A01,Same_direction,Bus/Coach,Pedestrian,Front,Straight_ahead,0,1981.0,Male,Driver,Uninjured,Driver_seat,Leisure,Not_pedestrian,Unknown,Not_pedestrian,Seat_belt,Undetermined,Not a holiday,0
2657,201600001627,2016,12,9,Night_without_public_lighting,Out_of_agglomeration,Out_of_intersection,Normal,Multiple_three_plus,Manual_entry,-1.4994,49.5005,True,2016-12-09,19,15,19:15,Evening,False,Winter,2.0,0.0,62.0,Departmental_road,Bidirectional,Unknown,Flat,Straight,Normal,Unknown,On_road,Unknown,B01,Same_direction,Car(Quad/Passenger),Pedestrian,Front,Straight_ahead,0,1963.0,Male,Driver,Uninjured,Driver_seat,Leisure,Not_pedestrian,Unknown,Not_pedestrian,Seat_belt,Used,Not a holiday,0
2658,201600001627,2016,12,9,Night_without_public_lighting,Out_of_agglomeration,Out_of_intersection,Normal,Multiple_three_plus,Manual_entry,-1.4994,49.5005,True,2016-12-09,19,15,19:15,Evening,False,Winter,2.0,0.0,62.0,Departmental_road,Bidirectional,Unknown,Flat,Straight,Normal,Unknown,On_road,Unknown,C01,Same_direction,Car(Quad/Passenger),Pedestrian,Front,Straight_ahead,0,1990.0,Male,Driver,Uninjured,Driver_seat,Leisure,Not_pedestrian,Unknown,Not_pedestrian,Seat_belt,Used,Not a holiday,0
2659,201600001628,2016,12,12,Daylight,Built_up_area,Out_of_intersection,Normal,Side_two_vehicles,Manual_entry,,,False,2016-12-12,11,15,11:15,Morning,False,Winter,1.0,40.0,0.0,Communal_way,One_way,Unknown,Flat,Curve_right,Normal,Unknown,On_road,Near_school,A01,Same_direction,Car(Quad/Passenger),Cyclist,Right_side,Reversing,0,,,,,,,,,,,,Not a holiday,0
2660,201600001628,2016,12,12,Daylight,Built_up_area,Out_of_intersection,Normal,Side_two_vehicles,Manual_entry,,,False,2016-12-12,11,15,11:15,Morning,False,Winter,1.0,40.0,0.0,Communal_way,One_way,Unknown,Flat,Curve_right,Normal,Unknown,On_road,Near_school,B02,Same_direction,Motorcycle,Cyclist,Front_left,other,0,1947.0,Female,Driver,Injured_Slight,Driver_seat,Shopping,Not_pedestrian,Unknown,Not_pedestrian,Helmet,Used,Not a holiday,0
2661,201600001629,2016,1,4,Twilight_or_dawn,Out_of_agglomeration,Out_of_intersection,Normal,Multiple_three_plus,Manual_entry,-1.38159,49.0684,True,2016-01-04,8,30,08:30,Morning,False,Winter,0.0,0.0,0.0,Departmental_road,Bidirectional,Unknown,Slope,Straight,Normal,Unknown,On_road,Unknown,C01,Other/Unknown,Car(Quad/Passenger),Cyclist,Front,Straight_ahead,0,1981.0,Female,Driver,Injured_Slight,Driver_seat,Home-school,Not_pedestrian,Unknown,Not_pedestrian,Seat_belt,Used,Not a holiday,0
2662,201600001629,2016,1,4,Twilight_or_dawn,Out_of_agglomeration,Out_of_intersection,Normal,Multiple_three_plus,Manual_entry,-1.38159,49.0684,True,2016-01-04,8,30,08:30,Morning,False,Winter,0.0,0.0,0.0,Departmental_road,Bidirectional,Unknown,Slope,Straight,Normal,Unknown,On_road,Unknown,A01,Other/Unknown,Car(Quad/Passenger),Cyclist,Front,Avoiding_obstacle,0,1974.0,Female,Driver,Injured_Hospitalized,Driver_seat,Home-work,Not_pedestrian,Unknown,Not_pedestrian,Seat_belt,Used,Not a holiday,0
2663,201600001629,2016,1,4,Twilight_or_dawn,Out_of_agglomeration,Out_of_intersection,Normal,Multiple_three_plus,Manual_entry,-1.38159,49.0684,True,2016-01-04,8,30,08:30,Morning,False,Winter,0.0,0.0,0.0,Departmental_road,Bidirectional,Unknown,Slope,Straight,Normal,Unknown,On_road,Unknown,B01,Opposite_direction,Bus/Coach,Cyclist,Front,Straight_ahead,0,1967.0,Male,Driver,Uninjured,Driver_seat,Professional use,Not_pedestrian,Unknown,Not_pedestrian,Seat_belt,Used,Not a holiday,0