,accident_id,year,month,day,lighting_label,urban_label,intersection_label,weather_label,collision_label,gps_label,longitude_num,latitude_num,valid_geo,date,hour,minute,time_hhmm,time_of_day,is_weekend,season,num_lanes,pedestrian_crossing_width,road_width,road_category_label,traffic_regime_label,reserved_lane_label,road_profile_label,road_layout_label,surface_condition_label,infrastructure_label,situation_label,school_zone_label,vehicle_id,traffic_direction_label,vehicle_category_label,mobile_obstacle_label,impact_point_label,manoeuvre_label,occupants_group,birth_year,sex_label,user_category_label,injury_severity_label,seat_position_label,journey_purpose_label,pedestrian_location_label,pedestrian_action_label,pedestrian_state_label,safety_equipment_type,safety_equipment_usage,holiday_name,is_holiday
2664,201600001630,2016,5,8,Night_without_public_lighting,Out_of_agglomeration,Out_of_intersection,Cloudy,Other_collision,Manual_entry,-1.54305,49.0841,True,2016-05-08,5,15,05:15,Morning,True,Spring,2.0,0.0,62.0,Departmental_road,Bidirectional,Unknown,Flat,Curve_right,Normal,Unknown,On_verge,Not_near_school,A01,Opposite_direction,Utility(Truck/Agri),None,Front,Straight_ahead,0,1990.0,Male,Driver,Injured_Hospitalized,Driver_seat,Leisure,Not_pedestrian,Unknown,Not_pedestrian,Seat_belt,Not_used,Victory in Europe Day,1
2665,201600001631,2016,7,9,Daylight,Built_up_area,Intersection_X,Normal,Side_two_vehicles,Manual_entry,-1.58234,49.093,True,2016-07-09,18,0,18:00,Evening,True,Summer,2.0,46.0,0.0,Communal_way,Bidirectional,Unknown,Slope,Straight,Normal,Unknown,On_road,Not_near_school,A01,Same_direction,Cycle,Cyclist,Front_left,Roundabout,0,2003.0,Male,Driver,Injured_Slight,Driver_seat,Leisure,Not_pedestrian,Unknown,Not_pedestrian,Seat_belt,Unspecified,Not a holiday,0
2666,201600001631,2016,7,9,Daylight,Built_up_area,Intersection_X,Normal,Side_two_vehicles,Manual_entry,-1.58234,49.093,True,2016-07-09,18,0,18:00,Evening,True,Summer,2.0,46.0,0.0,Communal_way,Bidirectional,Unknown,Slope,Straight,Normal,Unknown,On_road,Not_near_school,B02,Same_direction,Car(Quad/Passenger),Cyclist,Left_side,other,0,1996.0,Female,Driver,Uninjured,Driver_seat,Leisure,Not_pedestrian,Unknown,Not_pedestrian,Seat_belt,Used,Not a holiday,0
2667,201600001632,2016,8,7,Daylight,Built_up_area,Intersection_T,Normal,Other_collision,Manual_entry,-1.60061,49.051,True,2016-08-07,13,0,13:00,Afternoon,True,Summer,2.0,0.0,0.0,Departmental_road,Bidirectional,Unknown,Flat,Straight,Normal,Unknown,On_sidewalk,Unknown,A01,Opposite_direction,Car(Quad/Passenger),None,Front,Straight_ahead,0,1932.0,Female,Driver,Injured_Hospitalized,Driver_seat,Shopping,Not_pedestrian,Unknown,Not_pedestrian,Seat_belt,Used,Not a holiday,0
2668,201600001633,2016,11,24,Daylight,Out_of_agglomeration,Out_of_intersection,Normal,Other_collision,Manual_entry,-1.28223,49.0166,True,2016-11-24,11,45,11:45,Morning,False,Autumn,2.0,0.0,59.0,Departmental_road,Unknown,Unknown,Slope,Straight,Normal,Unknown,On_road,Unknown,A01,Other/Unknown,Car(Quad/Passenger),None,Right_side,Straight_ahead,0,1989.0,Female,Driver,Injured_Slight,Driver_seat,Home-school,Not_pedestrian,Unknown,Not_pedestrian,Seat_belt,Used,Not a holiday,0
2669,201600001634,2016,3,6,Daylight,Built_up_area,Out_of_intersection,Normal,Frontal_two_vehicles,Manual_entry,-1.53032,48.8813,True,2016-03-06,17,0,17:00,Evening,True,Spring,3.0,20.0,90.0,Departmental_road,Bidirectional,Unknown,Flat,Straight,Normal,Unknown,On_road,Unknown,B01,Other/Unknown,Car(Quad/Passenger),None,No_impact,Avoiding_obstacle,0,1969.0,Female,Driver,Uninjured,Driver_seat,Leisure,Not_pedestrian,Unknown,Not_pedestrian,Seat_belt,Used,Not a holiday,0
2670,201600001634,2016,3,6,Daylight,Built_up_area,Out_of_intersection,Normal,Frontal_two_vehicles,Manual_entry,-1.53032,48.8813,True,2016-03-06,17,0,17:00,Evening,True,Spring,3.0,20.0,90.0,Departmental_road,Bidirectional,Unknown,Flat,Straight,Normal,Unknown,On_road,Unknown,A01,Other/Unknown,Motorcycle,None,Front_left,Interaction,0,1944.0,Male,Driver,Killed,Driver_seat,Leisure,Not_pedestrian,Unknown,Not_pedestrian,Helmet,Used,Not a holiday,0
2671,201600001635,2016,3,12,Night_without_public_lighting,Out_of_agglomeration,Out_of_intersection,Normal,Other_collision,Manual_entry,-1.22487,48.9534,True,2016-03-12,22,0,22:00,Night,True,Spring,2.0,0.0,78.0,Departmental_road,Bidirectional,Unknown,Slope,Straight,Normal,Unknown,On_verge,Not_near_school,A01,Same_direction,Car(Quad/Passenger),None,Front,Straight_ahead,0,1976.0,Male,Driver,Injured_Hospitalized,Driver_seat,other,Not_pedestrian,Unknown,Not_pedestrian,Seat_belt,Used,Not a holiday,0
2672,201600001636,2016,5,4,Daylight,Out_of_agglomeration,Out_of_intersection,Normal,Rear_end_two_vehicles,Manual_entry,-1.36559,48.9224,True,2016-05-04,15,45,15:45,Afternoon,False,Spring,2.0,0.0,72.0,Departmental_road,Bidirectional,Unknown,Slope,Straight,Normal,Unknown,On_road,Not_near_school,A01,Other/Unknown,Car(Quad/Passenger),Cyclist,Front,Turning,0,1938.0,Female,Driver,Injured_Hospitalized,Driver_seat,Shopping,Not_pedestrian,Unknown,Not_pedestrian,Seat_belt,Used,Not a holiday,0
2673,201600001636,2016,5,4,Daylight,Out_of_agglomeration,Out_of_intersection,Normal,Rear_end_two_vehicles,Manual_entry,-1.36559,48.9224,True,2016-05-04,15,45,15:45,Afternoon,False,Spring,2.0,0.0,72.0,Departmental_road,Bidirectional,Unknown,Slope,Straight,Normal,Unknown,On_road,Not_near_school,B01,Other/Unknown,Car(Quad/Passenger),None,Rear_right,other,0,1980.0,Female,Driver,Uninjured,Driver_seat,Home-school,Not_pedestrian,Unknown,Not_pedestrian,Seat_belt,Used,Not a holiday,0
2674,201600001637,2016,5,13,Daylight,Out_of_agglomeration,Out_of_intersection,Normal,Frontal_two_vehicles,Manual_entry,-1.52256,48.926,True,2016-05-13,11,45,11:45,Morning,False,Spring,2.0,0.0,0.0,Departmental_road,Bidirectional,Unknown,Flat,Straight,Normal,Unknown,On_road,Unknown,A01,Opposite_direction,Car(Quad/Passenger),Cyclist,Right_side,other,0,1961.0,Male,Driver,Uninjured,Driver_seat,Home-work,Not_pedestrian,Unknown,Not_pedestrian,Seat_belt,Used,Not a holiday,0
2675,201600001637,2016,5,13,Daylight,Out_of_agglomeration,Out_of_intersection,Normal,Frontal_two_vehicles,Manual_entry,-1.52256,48.926,True,2016-05-13,11,45,11:45,Morning,False,Spring,2.0,0.0,0.0,Departmental_road,Bidirectional,Unknown,Flat,Straight,Normal,Unknown,On_road,Unknown,B01,Other/Unknown,Car(Quad/Passenger),Cyclist,Right_side,Straight_ahead,0,1996.0,Female,Driver,Injured_Slight,Driver_seat,other,Not_pedestrian,Unknown,Not_pedestrian,Seat_belt,Used,Not a holiday,0
2676,201600001638,2016,7,10,Daylight,Out_of_agglomeration,Out_of_intersection,Normal,Other_collision,Manual_entry,-1.33232,48.943,True,2016-07-10,7,15,07:15,Morning,True,Summer,2.0,0.0,50.0,Departmental_road,Bidirectional,Unknown,Flat,Curve_left,Normal,Unknown,On_road,Unknown,A01,Opposite_direction,Car(Quad/Passenger),None,Right_side,Turning,0,1939.0,Male,Driver,Injured_Hospitalized,Driver_seat,Leisure,Not_pedestrian,Unknown,Not_pedestrian,Seat_belt,Used,Not a holiday,0
2677,201600001639,2016,9,27,Night_without_public_lighting,Out_of_agglomeration,Intersection_X,Normal,Rear_end_two_vehicles,Manual_entry,-1.40793,48.9737,True,2016-09-27,6,45,06:45,Morning,False,Autumn,2.0,0.0,0.0,Departmental_road,Bidirectional,Unknown,Flat,Straight,Normal,Unknown,On_road,Not_near_school,A01,Opposite_direction,Car(Quad/Passenger),Cyclist,Front,other,0,1996.0,Male,Driver,Uninjured,Driver_seat,Home-work,Not_pedestrian,Unknown,Not_pedestrian,Seat_belt,Used,Not a holiday,0
2678,201600001639,2016,9,27,Night_without_public_lighting,Out_of_agglomeration,Intersection_X,Normal,Rear_end_two_vehicles,Manual_entry,-1.40793,48.9737,True,2016-09-27,6,45,06:45,Morning,False,Autumn,2.0,0.0,0.0,Departmental_road,Bidirectional,Unknown,Flat,Straight,Normal,Unknown,On_road,Not_near_school,B01,Opposite_direction,Car(Quad/Passenger),Cyclist,Rear_left,Roundabout,0,1994.0,Male,Driver,Injured_Hospitalized,Driver_seat,Home-work,Not_pedestrian,Unknown,Not_pedestrian,Seat_belt,Used,Not a holiday,0
2679,201600001640,2016,9,28,Daylight,Out_of_agglomeration,Intersection_X,Normal,Frontal_two_vehicles,Manual_entry,-1.44227,48.965,True,2016-09-28,12,45,12:45,Afternoon,False,Autumn,2.0,60.0,0.0,Departmental_road,Bidirectional,Unknown,Flat,Curve_right,Normal,Roundabout,On_road,Not_near_school,B01,Other/Unknown,Utility(Truck/Agri),Cyclist,Right_side,Straight_ahead,0,1964.0,Male,Driver,Uninjured,Driver_seat,Leisure,Not_pedestrian,Unknown,Not_pedestrian,Seat_belt,Used,Not a holiday,0
2680,201600001640,2016,9,28,Daylight,Out_of_agglomeration,Intersection_X,Normal,Frontal_two_vehicles,Manual_entry,-1.44227,48.965,True,2016-09-28,12,45,12:45,Afternoon,False,Autumn,2.0,60.0,0.0,Departmental_road,Bidirectional,Unknown,Flat,Curve_right,Normal,Roundabout,On_road,Not_near_school,A01,Opposite_direction,Car(Quad/Passenger),Cyclist,Right_side,Avoiding_obstacle,0,1954.0,Male,Driver,Injured_Hospitalized,Driver_seat,Leisure,Not_pedestrian,Unknown,Not_pedestrian,Seat_belt,Undetermined,Not a holiday,0
2681,201600001641,2016,10,15,Daylight,Out_of_agglomeration,Out_of_intersection,Light_rain,Other_collision,Manual_entry,-1.54331,48.8944,True,2016-10-15,15,0,15:00,Afternoon,True,Autumn,2.0,0.0,0.0,Departmental_road,Bidirectional,Unknown,Flat,Curve_right,Wet,Unknown,On_verge,Not_near_school,A01,Other/Unknown,Car(Quad/Passenger),None,Front_right,Avoiding_obstacle,0,1985.0,Female,Driver,Injured_Hospitalized,Driver_seat,Leisure,Not_pedestrian,Unknown,Not_pedestrian,Seat_belt,Used,Not a holiday,0
2682,201600001642,2016,11,1,Daylight,Out_of_agglomeration,Out_of_intersection,Normal,No_collision,Manual_entry,-1.53357,48.9086,True,2016-11-01,11,45,11:45,Morning,False,Autumn,2.0,0.0,60.0,Departmental_road,Bidirectional,Unknown,Flat,Straight,Normal,Unknown,On_road,Not_near_school,A01,Opposite_direction,Motorcycle,None,Front_left,Straight_ahead,0,1993.0,Female,Driver,Injured_Hospitalized,Driver_seat,Leisure,Not_pedestrian,Unknown,Not_pedestrian,Helmet,Used,All Saints Day,1
2683,201600001643,2016,11,20,Daylight,Out_of_agglomeration,Out_of_intersection,Normal,Other_collision,Manual_entry,-1.33267,48.9446,True,2016-11-20,13,0,13:00,Afternoon,True,Autumn,2.0,0.0,70.0,Departmental_road,Bidirectional,Unknown,Flat,Curve_left,Normal,Unknown,On_verge,Not_near_school,A01,Same_direction,Car(Quad/Passenger),None,Front,Straight_ahead,0,1991.0,Male,Driver,Injured_Slight,Driver_seat,Leisure,Not_pedestrian,Unknown,Not_pedestrian,Seat_belt,Used,Not a holiday,0
2684,201600001644,2016,12,19,Night_without_public_lighting,Out_of_agglomeration,Out_of_intersection,Light_rain,Other_collision,Manual_entry,-1.26535,48.9525,True,2016-12-19,19,45,19:45,Evening,False,Winter,2.0,0.0,0.0,Departmental_road,Bidirectional,Unknown,Flat,Curve_right,Wet,Unknown,On_verge,Unknown,A01,Other/Unknown,Car(Quad/Passenger),None,Left_side,Straight_ahead,0,1997.0,Female,Driver,Uninjured,Driver_seat,Leisure,Not_pedestrian,Unknown,Not_pedestrian,Seat_belt,Used,Not a holiday,0
2685,201600001645,2016,1,21,Night_with_public_lighting_not_functioning,Built_up_area,Out_of_intersection,Normal,Other_collision,Manual_entry,-1.54228,49.2834,True,2016-01-21,2,15,02:15,Night,False,Winter,2.0,0.0,50.0,Communal_way,Bidirectional,Unknown,Slope,Straight,Normal,Unknown,On_road,Not_near_school,A01,Same_direction,Utility(Truck/Agri),Cyclist,Right_side,Straight_ahead,0,1971.0,Male,Driver,Injured_Hospitalized,Driver_seat,Leisure,Not_pedestrian,Unknown,Not_pedestrian,Seat_belt,Used,Not a holiday,0
2686,201600001646,2016,2,14,Night_without_public_lighting,Out_of_agglomeration,Out_of_intersection,Normal,Other_collision,Manual_entry,-1.53497,49.3271,True,2016-02-14,0,45,00:45,Night,True,Winter,2.0,0.0,62.0,Departmental_road,Bidirectional,Unknown,Slope,Straight,Wet,Unknown,On_road,Unknown,A01,Opposite_direction,Car(Quad/Passenger),Pedestrian,Right_side,Straight_ahead,0,1943.0,Male,Driver,Uninjured,Driver_seat,Leisure,Not_pedestrian,Unknown,Not_pedestrian,Seat_belt,Used,Not a holiday,0
2687,201600001647,2016,2,29,Daylight,Built_up_area,Roundabout,Normal,Side_two_vehicles,Manual_entry,-1.56599,49.2013,True,2016-02-29,16,45,16:45,Afternoon,False,Winter,2.0,0.0,56.0,Departmental_road,Bidirectional,Unknown,Flat,Straight,Normal,Roundabout,On_road,Near_school,A01,Opposite_direction,Car(Quad/Passenger),Cyclist,Right_side,Park/Start/Stop,0,1979.0,Female,Driver,Uninjured,Driver_seat,Home-school,Not_pedestrian,Unknown,Not_pedestrian,Seat_belt,Used,Not a holiday,0
2688,201600001647,2016,2,29,Daylight,Built_up_area,Roundabout,Normal,Side_two_vehicles,Manual_entry,-1.56599,49.2013,True,2016-02-29,16,45,16:45,Afternoon,False,Winter,2.0,0.0,56.0,Departmental_road,Bidirectional,Unknown,Flat,Straight,Normal,Roundabout,On_road,Near_school,B01,Other/Unknown,Cycle,Cyclist,Front,Straight_ahead,0,1949.0,Male,Driver,Injured_Hospitalized,Driver_seat,Leisure,Not_pedestrian,Unknown,Not_pedestrian,Helmet,Used,Not a holiday,0
2689,201600001648,2016,8,21,Daylight,Out_of_agglomeration,Intersection_X,Normal,Side_two_vehicles,Manual_entry,-1.63632,49.3238,True,2016-08-21,14,0,14:00,Afternoon,True,Summer,2.0,0.0,0.0,Departmental_road,Bidirectional,Unknown,Flat,Straight,Normal,Unknown,On_road,Not_near_school,A01,Opposite_direction,Motorcycle,Cyclist,No_impact,Interaction,0,1978.0,Male,Driver,Injured_Hospitalized,Driver_seat,Leisure,Not_pedestrian,Unknown,Not_pedestrian,Helmet,Used,Not a holiday,0
2690,201600001648,2016,8,21,Daylight,Out_of_agglomeration,Intersection_X,Normal,Side_two_vehicles,Manual_entry,-1.63632,49.3238,True,2016-08-21,14,0,14:00,Afternoon,True,Summer,2.0,0.0,0.0,Departmental_road,Bidirectional,Unknown,Flat,Straight,Normal,Unknown,On_road,Not_near_school,B01,Opposite_direction,Car(Quad/Passenger),Cyclist,Rear_left,Roundabout,0,1951.0,Male,Driver,Uninjured,Driver_seat,Leisure,Not_pedestrian,Unknown,Not_pedestrian,Seat_belt,Used,Not a holiday,0
2691,201600001649,2016,9,11,Daylight,Out_of_agglomeration,Intersection_Y,Dazzling,Side_two_vehicles,Manual_entry,-1.4455,49.1963,True,2016-09-11,18,15,18:15,Evening,True,Autumn,2.0,0.0,63.0,Departmental_road,Bidirectional,Unknown,Slope,Straight,Normal,Unknown,On_road,Unknown,A01,Other/Unknown,Car(Quad/Passenger),None,Rear_left,Roundabout,0,1992.0,Female,Driver,Uninjured,Driver_seat,Leisure,Not_pedestrian,Unknown,Not_pedestrian,Seat_belt,Used,Not a holiday,0
2692,201600001649,2016,9,11,Daylight,Out_of_agglomeration,Intersection_Y,Dazzling,Side_two_vehicles,Manual_entry,-1.4455,49.1963,True,2016-09-11,18,15,18:15,Evening,True,Autumn,2.0,0.0,63.0,Departmental_road,Bidirectional,Unknown,Slope,Straight,Normal,Unknown,On_road,Unknown,B01,Other/Unknown,Motorcycle,Cyclist,Front,other,0,1993.0,Male,Driver,Injured_Hospitalized,Driver_seat,Leisure,Not_pedestrian,Unknown,Not_pedestrian,Helmet,Used,Not a holiday,0
2693,201600001650,2016,9,17,Night_without_public_lighting,Built_up_area,Out_of_intersection,Normal,Frontal_two_vehicles,Manual_entry,-1.41007,49.1746,True,2016-09-17,6,0,06:00,Morning,True,Autumn,2.0,0.0,0.0,Departmental_road,Bidirectional,Unknown,Slope,Straight,Normal,Unknown,On_road,Not_near_school,A01,Opposite_direction,Car(Quad/Passenger),Other vehicle,Front,Straight_ahead,0,1992.0,Male,Driver,Uninjured,Driver_seat,Home-work,Not_pedestrian,Unknown,Not_pedestrian,Seat_belt,Used,Not a holiday,0
2694,201600001650,2016,9,17,Night_without_public_lighting,Built_up_area,Out_of_intersection,Normal,Frontal_two_vehicles,Manual_entry,-1.41007,49.1746,True,2016-09-17,6,0,06:00,Morning,True,Autumn,2.0,0.0,0.0,Departmental_road,Bidirectional,Unknown,Slope,Straight,Normal,Unknown,On_road,Not_near_school,B01,Opposite_direction,Car(Quad/Passenger),Other vehicle,Front,Straight_ahead,0,1983.0,Female,Driver,Injured_Hospitalized,Driver_seat,Home-work,Not_pedestrian,Unknown,Not_pedestrian,Seat_belt,Used,Not a holiday,0
2695,201600001651,2016,9,23,Daylight,Out_of_agglomeration,Out_of_intersection,Normal,Side_two_vehicles,Manual_entry,-1.41482,49.123,True,2016-09-23,16,15,16:15,Afternoon,False,Autumn,2.0,0.0,60.0,Departmental_road,Bidirectional,Unknown,Slope,Straight,Normal,Unknown,On_road,Unknown,A01,Other/Unknown,Utility(Truck/Agri),Cyclist,Right_side,Avoiding_obstacle,0,1964.0,Female,Driver,Injured_Hospitalized,Driver_seat,Home-work,Not_pedestrian,Unknown,Not_pedestrian,Seat_belt,Used,Not a holiday,0
2696,201600001651,2016,9,23,Daylight,Out_of_agglomeration,Out_of_intersection,Normal,Side_two_vehicles,Manual_entry,-1.41482,49.123,True,2016-09-23,16,15,16:15,Afternoon,False,Autumn,2.0,0.0,60.0,Departmental_road,Bidirectional,Unknown,Slope,Straight,Normal,Unknown,On_road,Unknown,B01,Opposite_direction,Car(Quad/Passenger),Cyclist,Right_side,Straight_ahead,0,1979.0,Female,Driver,Uninjured,Driver_seat,Home-work,Not_pedestrian,Unknown,Not_pedestrian,Seat_belt,Used,Not a holiday,0
2697,201600001652,2016,10,1,Daylight,Built_up_area,Out_of_intersection,Normal,Chain_three_plus,Manual_entry,-1.54192,49.2856,True,2016-10-01,9,0,09:00,Morning,True,Autumn,2.0,0.0,63.0,Departmental_road,Bidirectional,Unknown,Flat,Straight,Normal,Unknown,On_road,Unknown,B01,Same_direction,Car(Quad/Passenger),Cyclist,Front,Loss_of_control,0,1945.0,Male,Driver,Uninjured,Driver_seat,Leisure,Not_pedestrian,Unknown,Not_pedestrian,Seat_belt,Used,Not a holiday,0
2698,201600001652,2016,10,1,Daylight,Built_up_area,Out_of_intersection,Normal,Chain_three_plus,Manual_entry,-1.54192,49.2856,True,2016-10-01,9,0,09:00,Morning,True,Autumn,2.0,0.0,63.0,Departmental_road,Bidirectional,Unknown,Flat,Straight,Normal,Unknown,On_road,Unknown,C01,Same_direction,Utility(Truck/Agri),Cyclist,Front_right,Straight_ahead,0,1970.0,Male,Driver,Uninjured,Driver_seat,Professional use,Not_pedestrian,Unknown,Not_pedestrian,Seat_belt,Used,Not a holiday,0
2699,201600001652,2016,10,1,Daylight,Built_up_area,Out_of_intersection,Normal,Chain_three_plus,Manual_entry,-1.54192,49.2856,True,2016-10-01,9,0,09:00,Morning,True,Autumn,2.0,0.0,63.0,Departmental_road,Bidirectional,Unknown,Flat,Straight,Normal,Unknown,On_road,Unknown,A01,Same_direction,Car(Quad/Passenger),Cyclist,Rear_right,other,0,1991.0,Female,Driver,Injured_Slight,Driver_seat,Leisure,Not_pedestrian,Unknown,Not_pedestrian,Seat_belt,Used,Not a holiday,0
2700,201600001653,2016,12,23,Twilight_or_dawn,Built_up_area,Intersection_X,Light_rain,Side_two_vehicles,Manual_entry,-1.34613,49.1637,True,2016-12-23,17,15,17:15,Evening,False,Winter,2.0,0.0,49.0,Departmental_road,Bidirectional,Unknown,Slope,Straight,Wet,Unknown,On_road,Not_near_school,A01,Opposite_direction,Car(Quad/Passenger),Cyclist,Front_right,Straight_ahead,0,1972.0,Male,Driver,Uninjured,Driver_seat,Home-work,Not_pedestrian,Unknown,Not_pedestrian,Seat_belt,Used,Not a holiday,0
2701,201600001653,2016,12,23,Twilight_or_dawn,Built_up_area,Intersection_X,Light_rain,Side_two_vehicles,Manual_entry,-1.34613,49.1637,True,2016-12-23,17,15,17:15,Evening,False,Winter,2.0,0.0,49.0,Departmental_road,Bidirectional,Unknown,Slope,Straight,Wet,Unknown,On_road,Not_near_school,B01,Opposite_direction,Cycle,Cyclist,Front_left,Roundabout,0,2005.0,Male,Driver,Injured_Hospitalized,Driver_seat,Leisure,Not_pedestrian,Unknown,Not_pedestrian,Seat_belt,Unspecified,Not a holiday,0
2702,201600001654,2016,1,3,Night_with_public_lighting_on,Built_up_area,Out_of_intersection,Heavy_rain,Other_collision,Manual_entry,-0.92289,48.7192,True,2016-01-03,5,30,05:30,Morning,True,Winter,2.0,0.0,66.0,Departmental_road,Bidirectional,Unknown,Slope,Straight,Wet,Unknown,On_road,Unknown,A01,Other/Unknown,Car(Quad/Passenger),None,Right_side,Straight_ahead,0,1986.0,Male,Driver,Injured_Hospitalized,Driver_seat,Leisure,Not_pedestrian,Unknown,Not_pedestrian,Seat_belt,Used,Not a holiday,0
2703,201600001655,2016,4,12,Daylight,Out_of_agglomeration,Out_of_intersection,Normal,Frontal_two_vehicles,Manual_entry,-0.7624,48.6025,True,2016-04-12,16,15,16:15,Afternoon,False,Spring,2.0,0.0,60.0,Departmental_road,Bidirectional,Unknown,Flat,Straight,Normal,Unknown,On_road,Not_near_school,A01,Other/Unknown,Car(Quad/Passenger),Cyclist,Front,Avoiding_obstacle,0,1969.0,Female,Driver,Injured_Hospitalized,Driver_seat,Leisure,Not_pedestrian,Unknown,Not_pedestrian,Seat_belt,Used,Not a holiday,0
2704,201600001655,2016,4,12,Daylight,Out_of_agglomeration,Out_of_intersection,Normal,Frontal_two_vehicles,Manual_entry,-0.7624,48.6025,True,2016-04-12,16,15,16:15,Afternoon,False,Spring,2.0,0.0,60.0,Departmental_road,Bidirectional,Unknown,Flat,Straight,Normal,Unknown,On_road,Not_near_school,B01,Opposite_direction,Car(Quad/Passenger),Cyclist,Front,Straight_ahead,0,1987.0,Female,Driver,Injured_Hospitalized,Driver_seat,Leisure,Not_pedestrian,Unknown,Not_pedestrian,Seat_belt,Used,Not a holiday,0
2705,201600001656,2016,6,20,Daylight,Out_of_agglomeration,Out_of_intersection,Heavy_rain,Frontal_two_vehicles,Manual_entry,-0.91908,48.7301,True,2016-06-20,15,45,15:45,Afternoon,False,Summer,2.0,0.0,76.0,Departmental_road,Bidirectional,Unknown,Slope,Straight,Wet,Unknown,On_road,Not_near_school,A01,Opposite_direction,Car(Quad/Passenger),Cyclist,Front,Avoiding_obstacle,0,1970.0,Male,Driver,Injured_Hospitalized,Driver_seat,Shopping,Not_pedestrian,Unknown,Not_pedestrian,Seat_belt,Used,Not a holiday,0
2706,201600001656,2016,6,20,Daylight,Out_of_agglomeration,Out_of_intersection,Heavy_rain,Frontal_two_vehicles,Manual_entry,-0.91908,48.7301,True,2016-06-20,15,45,15:45,Afternoon,False,Summer,2.0,0.0,76.0,Departmental_road,Bidirectional,Unknown,Slope,Straight,Wet,Unknown,On_road,Not_near_school,B01,Other/Unknown,Car(Quad/Passenger),Cyclist,Right_side,Straight_ahead,0,1980.0,Male,Driver,Killed,Driver_seat,Leisure,Not_pedestrian,Unknown,Not_pedestrian,Seat_belt,Used,Not a holiday,0
2707,201600001657,2016,7,14,Night_with_public_lighting_not_functioning,Out_of_agglomeration,Out_of_intersection,Normal,Rear_end_two_vehicles,Manual_entry,-0.9258,48.7095,True,2016-07-14,5,0,05:00,Morning,False,Summer,2.0,21.0,81.0,Departmental_road,Bidirectional,Unknown,Slope,Straight,Normal,Unknown,On_road,Not_near_school,A01,Other/Unknown,Motorcycle,Cyclist,Front,Turning,0,1988.0,Male,Driver,Injured_Slight,Driver_seat,Leisure,Not_pedestrian,Unknown,Not_pedestrian,Helmet,Used,Bastille Day,1
2708,201600001657,2016,7,14,Night_with_public_lighting_not_functioning,Out_of_agglomeration,Out_of_intersection,Normal,Rear_end_two_vehicles,Manual_entry,-0.9258,48.7095,True,2016-07-14,5,0,05:00,Morning,False,Summer,2.0,21.0,81.0,Departmental_road,Bidirectional,Unknown,Slope,Straight,Normal,Unknown,On_road,Not_near_school,B02,Other/Unknown,Motorcycle,None,Rear_right,Straight_ahead,0,1983.0,Male,Driver,Injured_Slight,Driver_seat,Home-work,Not_pedestrian,Unknown,Not_pedestrian,Seat_belt,Used,Bastille Day,1
2709,201600001658,2016,8,15,Night_with_public_lighting_on,Built_up_area,Out_of_intersection,Normal,Side_two_vehicles,Manual_entry,-0.93785,48.654,True,2016-08-15,23,15,23:15,Night,False,Summer,0.0,0.0,59.0,Departmental_road,Bidirectional,Unknown,Slope,Straight,Normal,Unknown,Unknown,Not_near_school,B01,Other/Unknown,Motorcycle,Cyclist,Right_side,Straight_ahead,0,1981.0,Male,Driver,Uninjured,Driver_seat,Leisure,Not_pedestrian,Unknown,Not_pedestrian,Seat_belt,Used,Assumption of Mary to Heaven,1
2710,201600001658,2016,8,15,Night_with_public_lighting_on,Built_up_area,Out_of_intersection,Normal,Side_two_vehicles,Manual_entry,-0.93785,48.654,True,2016-08-15,23,15,23:15,Night,False,Summer,0.0,0.0,59.0,Departmental_road,Bidirectional,Unknown,Slope,Straight,Normal,Unknown,Unknown,Not_near_school,A01,Other/Unknown,Motorcycle,Cyclist,Left_side,other,0,1973.0,Male,Driver,Killed,Driver_seat,Leisure,Not_pedestrian,Unknown,Not_pedestrian,Seat_belt,Used,Assumption of Mary to Heaven,1
2711,201600001659,2016,1,6,Twilight_or_dawn,Out_of_agglomeration,Out_of_intersection,Normal,Rear_end_two_vehicles,Manual_entry,-1.02703,48.612,True,2016-01-06,17,0,17:00,Evening,False,Winter,3.0,0.0,110.0,Departmental_road,Bidirectional,Unknown,Flat,Straight,Normal,Unknown,On_verge,Not_near_school,B01,Other/Unknown,Car(Quad/Passenger),Cyclist,Right_side,other,0,1959.0,Male,Driver,Uninjured,Driver_seat,Leisure,Not_pedestrian,Unknown,Not_pedestrian,Seat_belt,Used,Not a holiday,0
2712,201600001659,2016,1,6,Twilight_or_dawn,Out_of_agglomeration,Out_of_intersection,Normal,Rear_end_two_vehicles,Manual_entry,-1.02703,48.612,True,2016-01-06,17,0,17:00,Evening,False,Winter,3.0,0.0,110.0,Departmental_road,Bidirectional,Unknown,Flat,Straight,Normal,Unknown,On_verge,Not_near_school,A01,Other/Unknown,Motorcycle,Cyclist,Rear_right,Straight_ahead,0,1933.0,Female,Passenger,Injured_Hospitalized,Driver_seat,Unknown,Not_pedestrian,Unknown,Not_pedestrian,Seat_belt,Used,Not a holiday,0