,accident_id,year,month,day,lighting_label,urban_label,intersection_label,weather_label,collision_label,gps_label,longitude_num,latitude_num,valid_geo,date,hour,minute,time_hhmm,time_of_day,is_weekend,season,num_lanes,pedestrian_crossing_width,road_width,road_category_label,traffic_regime_label,reserved_lane_label,road_profile_label,road_layout_label,surface_condition_label,infrastructure_label,situation_label,school_zone_label,vehicle_id,traffic_direction_label,vehicle_category_label,mobile_obstacle_label,impact_point_label,manoeuvre_label,occupants_group,birth_year,sex_label,user_category_label,injury_severity_label,seat_position_label,journey_purpose_label,pedestrian_location_label,pedestrian_action_label,pedestrian_state_label,safety_equipment_type,safety_equipment_usage,holiday_name,is_holiday
2713,201600001660,2016,1,2,Daylight,Built_up_area,Out_of_intersection,Cloudy,No_collision,Manual_entry,5.21732,46.21402,True,2016-01-02,14,45,14:45,Afternoon,True,Winter,3.0,11.0,139.0,Departmental_road,Bidirectional,Unknown,Slope,Straight,Wet,Unknown,On_sidewalk,Unknown,A01,Other/Unknown,Utility(Truck/Agri),None,Right_side,Turning,0,1977.0,Female,Driver,Injured_Hospitalized,Driver_seat,Shopping,Not_pedestrian,Unknown,Not_pedestrian,Seat_belt,Undetermined,Not a holiday,0
2714,201600001661,2016,1,9,Daylight,Out_of_agglomeration,Out_of_intersection,Fog_or_smoke,Other_collision,Manual_entry,5.23116,46.28569,True,2016-01-09,9,30,09:30,Morning,True,Winter,2.0,0.0,0.0,Departmental_road,Bidirectional,Unknown,Flat,Curve_right,Wet,Bridge,On_verge,Unknown,A01,Opposite_direction,Car(Quad/Passenger),None,Front,Straight_ahead,0,1971.0,Male,Driver,Injured_Slight,Driver_seat,Leisure,Not_pedestrian,Unknown,Not_pedestrian,Seat_belt,Undetermined,Not a holiday,0
2715,201600001662,2016,1,13,Daylight,Built_up_area,Out_of_intersection,Normal,Other_collision,Manual_entry,5.20155,46.201,True,2016-01-13,15,45,15:45,Afternoon,False,Winter,2.0,0.0,59.0,Departmental_road,Bidirectional,Cycle_bank,Flat,Straight,Normal,Unknown,Unknown,Not_near_school,A01,Opposite_direction,Car(Quad/Passenger),Pedestrian,Front,Straight_ahead,0,1948.0,Male,Driver,Uninjured,Driver_seat,Unknown,Not_pedestrian,Unknown,Not_pedestrian,Seat_belt,Used,Not a holiday,0
2716,201600001663,2016,1,15,Twilight_or_dawn,Built_up_area,Intersection_T,Snow_or_hail,Other_collision,Manual_entry,5.22783,46.20475,True,2016-01-15,16,50,16:50,Afternoon,False,Winter,1.0,0.0,0.0,Communal_way,Bidirectional,Cycle_bank,Flat,Straight,Snow,Unknown,On_road,Near_school,A01,Opposite_direction,Car(Quad/Passenger),Pedestrian,Front_right,Roundabout,0,2003.0,Female,Pedestrian,Injured_Slight,Unknown,Home-school,Not_pedestrian,Playing_or_Running,Accompanied,Unknown,Unknown,Not a holiday,0
2717,201600001664,2016,1,18,Daylight,Out_of_agglomeration,Place,Normal,Side_two_vehicles,Manual_entry,5.22941,46.19516,True,2016-01-18,13,35,13:35,Afternoon,False,Winter,1.0,0.0,0.0,Departmental_road,One_way,Unknown,Flat,Curve_left,Normal,Roundabout,On_road,Near_school,B01,Other/Unknown,Cycle,Cyclist,Left_side,Straight_ahead,0,1966.0,Male,Driver,Injured_Slight,Driver_seat,Home-work,Not_pedestrian,Unknown,Not_pedestrian,Unknown,Unknown,Not a holiday,0
2718,201600001664,2016,1,18,Daylight,Out_of_agglomeration,Place,Normal,Side_two_vehicles,Manual_entry,5.22941,46.19516,True,2016-01-18,13,35,13:35,Afternoon,False,Winter,1.0,0.0,0.0,Departmental_road,One_way,Unknown,Flat,Curve_left,Normal,Roundabout,On_road,Near_school,A01,Same_direction,Utility(Truck/Agri),Cyclist,Front,Park/Start/Stop,0,1933.0,Male,Driver,Uninjured,Driver_seat,Leisure,Not_pedestrian,Unknown,Not_pedestrian,Seat_belt,Undetermined,Not a holiday,0
2719,201600001665,2016,1,20,Daylight,Out_of_agglomeration,Intersection_X,Fog_or_smoke,Side_two_vehicles,Manual_entry,5.19472,46.18044,True,2016-01-20,13,55,13:55,Afternoon,False,Winter,3.0,0.0,,Departmental_road,Bidirectional,Unknown,Flat,Straight,Normal,Roundabout,On_road,Unknown,B01,Opposite_direction,Car(Quad/Passenger),Cyclist,Front,Straight_ahead,0,1992.0,Male,Driver,Injured_Slight,Driver_seat,Home-work,Not_pedestrian,Unknown,Not_pedestrian,Seat_belt,Used,Not a holiday,0
2720,201600001665,2016,1,20,Daylight,Out_of_agglomeration,Intersection_X,Fog_or_smoke,Side_two_vehicles,Manual_entry,5.19472,46.18044,True,2016-01-20,13,55,13:55,Afternoon,False,Winter,3.0,0.0,,Departmental_road,Bidirectional,Unknown,Flat,Straight,Normal,Roundabout,On_road,Unknown,A01,Same_direction,Car(Quad/Passenger),Cyclist,Left_side,Loss_of_control,0,1968.0,Male,Driver,Uninjured,Driver_seat,Home-work,Not_pedestrian,Unknown,Not_pedestrian,Seat_belt,Used,Not a holiday,0
2721,201600001666,2016,1,21,Daylight,Built_up_area,Intersection_T,Normal,Side_two_vehicles,Manual_entry,5.24391,46.20944,True,2016-01-21,13,48,13:48,Afternoon,False,Winter,2.0,0.0,88.0,Communal_way,Bidirectional,Unknown,Slope,Straight,Normal,Unknown,On_road,Near_school,A01,Same_direction,Car(Quad/Passenger),Cyclist,Front_right,Roundabout,0,1984.0,Female,Driver,Uninjured,Driver_seat,Professional use,Not_pedestrian,Unknown,Not_pedestrian,Seat_belt,Used,Not a holiday,0
2722,201600001666,2016,1,21,Daylight,Built_up_area,Intersection_T,Normal,Side_two_vehicles,Manual_entry,5.24391,46.20944,True,2016-01-21,13,48,13:48,Afternoon,False,Winter,2.0,0.0,88.0,Communal_way,Bidirectional,Unknown,Slope,Straight,Normal,Unknown,On_road,Near_school,B01,Same_direction,Cycle,Cyclist,Front,Straight_ahead,0,2000.0,Male,Driver,Injured_Hospitalized,Driver_seat,Home-school,Not_pedestrian,Unknown,Not_pedestrian,Helmet,Used,Not a holiday,0
2723,201600001667,2016,2,10,Daylight,Out_of_agglomeration,Out_of_intersection,Normal,Multiple_three_plus,Manual_entry,5.19544,46.23794,True,2016-02-10,16,30,16:30,Afternoon,False,Winter,3.0,0.0,104.0,Departmental_road,Bidirectional,Unknown,Flat,Straight,Wet,Unknown,On_road,Unknown,A01,Opposite_direction,Car(Quad/Passenger),Cyclist,No_impact,None,0,1992.0,Male,Driver,Injured_Slight,Driver_seat,Unknown,Not_pedestrian,Unknown,Not_pedestrian,Seat_belt,Used,Not a holiday,0
2724,201600001667,2016,2,10,Daylight,Out_of_agglomeration,Out_of_intersection,Normal,Multiple_three_plus,Manual_entry,5.19544,46.23794,True,2016-02-10,16,30,16:30,Afternoon,False,Winter,3.0,0.0,104.0,Departmental_road,Bidirectional,Unknown,Flat,Straight,Wet,Unknown,On_road,Unknown,B01,Other/Unknown,Car(Quad/Passenger),Cyclist,Rear_left,Straight_ahead,0,1967.0,Female,Driver,Uninjured,Driver_seat,Leisure,Not_pedestrian,Unknown,Not_pedestrian,Seat_belt,Used,Not a holiday,0
2725,201600001667,2016,2,10,Daylight,Out_of_agglomeration,Out_of_intersection,Normal,Multiple_three_plus,Manual_entry,5.19544,46.23794,True,2016-02-10,16,30,16:30,Afternoon,False,Winter,3.0,0.0,104.0,Departmental_road,Bidirectional,Unknown,Flat,Straight,Wet,Unknown,On_road,Unknown,C01,Other/Unknown,Car(Quad/Passenger),Cyclist,Front,None,0,1960.0,Female,Driver,Injured_Hospitalized,Driver_seat,Unknown,Not_pedestrian,Unknown,Not_pedestrian,Seat_belt,Used,Not a holiday,0
2726,201600001668,2016,2,11,Daylight,Built_up_area,Roundabout,Cloudy,Frontal_two_vehicles,Manual_entry,5.24933,46.2015,True,2016-02-11,15,10,15:10,Afternoon,False,Winter,2.0,7.0,50.0,Departmental_road,Bidirectional,Cycle_bank,Flat,Straight,Normal,Roundabout,On_road,Unknown,B01,Other/Unknown,Utility(Truck/Agri),Cyclist,Right_side,Straight_ahead,0,1965.0,Male,Driver,Injured_Slight,Driver_seat,Professional use,Not_pedestrian,Unknown,Not_pedestrian,Seat_belt,Used,Not a holiday,0
2727,201600001668,2016,2,11,Daylight,Built_up_area,Roundabout,Cloudy,Frontal_two_vehicles,Manual_entry,5.24933,46.2015,True,2016-02-11,15,10,15:10,Afternoon,False,Winter,2.0,7.0,50.0,Departmental_road,Bidirectional,Cycle_bank,Flat,Straight,Normal,Roundabout,On_road,Unknown,A01,Opposite_direction,Car(Quad/Passenger),Cyclist,Right_side,Loss_of_control,0,1966.0,Female,Driver,Uninjured,Driver_seat,Leisure,Not_pedestrian,Unknown,Not_pedestrian,Seat_belt,Used,Not a holiday,0
2728,201600001669,2016,2,20,Daylight,Built_up_area,Roundabout,Cloudy,Other_collision,Manual_entry,,,False,2016-02-20,11,50,11:50,Morning,True,Winter,4.0,0.0,0.0,Departmental_road,Bidirectional,Unknown,Flat,Straight,Wet,Roundabout,On_road,Unknown,A01,Other/Unknown,Car(Quad/Passenger),Pedestrian,Front,Roundabout,0,1953.0,Male,Driver,Uninjured,Driver_seat,Leisure,Not_pedestrian,Unknown,Not_pedestrian,Seat_belt,Used,Not a holiday,0
2729,201600001670,2016,3,1,Night_with_public_lighting_on,Built_up_area,Intersection_X,Light_rain,Side_two_vehicles,Manual_entry,5.2425,46.20358,True,2016-03-01,22,30,22:30,Night,False,Spring,0.0,0.0,0.0,Departmental_road,Bidirectional,Unknown,Flat,Straight,Wet,Unknown,On_road,Not_near_school,A01,Opposite_direction,Car(Quad/Passenger),Cyclist,Front_right,Straight_ahead,0,1985.0,Female,Driver,Uninjured,Driver_seat,Home-work,Not_pedestrian,Unknown,Not_pedestrian,Seat_belt,Used,Not a holiday,0
2730,201600001670,2016,3,1,Night_with_public_lighting_on,Built_up_area,Intersection_X,Light_rain,Side_two_vehicles,Manual_entry,5.2425,46.20358,True,2016-03-01,22,30,22:30,Night,False,Spring,0.0,0.0,0.0,Departmental_road,Bidirectional,Unknown,Flat,Straight,Wet,Unknown,On_road,Not_near_school,B01,Other/Unknown,Car(Quad/Passenger),Cyclist,Rear,None,0,1959.0,Female,Driver,Uninjured,Driver_seat,Unknown,Not_pedestrian,Unknown,Not_pedestrian,Seat_belt,Used,Not a holiday,0
2731,201600001671,2016,3,2,Daylight,Built_up_area,Intersection_X,Normal,Side_two_vehicles,Manual_entry,5.2253,46.19536,True,2016-03-02,16,15,16:15,Afternoon,False,Spring,3.0,0.0,125.0,Communal_way,Bidirectional,Cycle_bank,Hill_bottom,Straight,Wet,Unknown,On_road,Near_school,B01,Other/Unknown,Car(Quad/Passenger),Cyclist,Front,Straight_ahead,0,1945.0,Male,Driver,Uninjured,Driver_seat,Leisure,Not_pedestrian,Unknown,Not_pedestrian,Seat_belt,Used,Not a holiday,0
2732,201600001671,2016,3,2,Daylight,Built_up_area,Intersection_X,Normal,Side_two_vehicles,Manual_entry,5.2253,46.19536,True,2016-03-02,16,15,16:15,Afternoon,False,Spring,3.0,0.0,125.0,Communal_way,Bidirectional,Cycle_bank,Hill_bottom,Straight,Wet,Unknown,On_road,Near_school,A01,Opposite_direction,Car(Quad/Passenger),Cyclist,Left_side,Roundabout,0,1995.0,Female,Driver,Injured_Slight,Driver_seat,Unknown,Not_pedestrian,Unknown,Not_pedestrian,Seat_belt,Used,Not a holiday,0
2733,201600001672,2016,3,19,Night_with_public_lighting_on,Built_up_area,Intersection_T,Normal,Side_two_vehicles,Manual_entry,5.21833,46.213,True,2016-03-19,19,40,19:40,Evening,True,Spring,4.0,0.0,158.0,Departmental_road,Separated_carriageways,Unknown,Flat,Straight,Normal,Unknown,On_road,Unknown,A01,Opposite_direction,Car(Quad/Passenger),Cyclist,Front,Roundabout,0,1996.0,Male,Driver,Uninjured,Driver_seat,Leisure,Not_pedestrian,Unknown,Not_pedestrian,Seat_belt,Undetermined,Not a holiday,0
2734,201600001672,2016,3,19,Night_with_public_lighting_on,Built_up_area,Intersection_T,Normal,Side_two_vehicles,Manual_entry,5.21833,46.213,True,2016-03-19,19,40,19:40,Evening,True,Spring,4.0,0.0,158.0,Departmental_road,Separated_carriageways,Unknown,Flat,Straight,Normal,Unknown,On_road,Unknown,B01,Other/Unknown,Motorcycle,Cyclist,Front,Straight_ahead,0,1964.0,Male,Driver,Injured_Hospitalized,Driver_seat,Leisure,Not_pedestrian,Unknown,Not_pedestrian,Helmet,Used,Not a holiday,0
2735,201600001673,2016,3,18,Daylight,Built_up_area,Out_of_intersection,Normal,Other_collision,Manual_entry,5.22852,46.19611,True,2016-03-18,7,55,07:55,Morning,False,Spring,0.0,0.0,0.0,other,Unknown,Unknown,Flat,Straight,Normal,Unknown,On_sidewalk,Unknown,A01,Opposite_direction,Car(Quad/Passenger),Pedestrian,Front_right,None,0,1987.0,Male,Driver,Uninjured,Driver_seat,Home-work,Not_pedestrian,Unknown,Not_pedestrian,Seat_belt,Used,Not a holiday,0
2736,201600001674,2016,3,22,Daylight,Built_up_area,Roundabout,Normal,Side_two_vehicles,Manual_entry,5.22886,46.23929,True,2016-03-22,17,15,17:15,Evening,False,Spring,2.0,0.0,0.0,Departmental_road,Bidirectional,Cycle_bank,Flat,S-bend,Normal,Roundabout,On_bike_path,Unknown,A01,Other/Unknown,Car(Quad/Passenger),Cyclist,Front,Roundabout,0,1926.0,Male,Driver,Uninjured,Driver_seat,Leisure,Not_pedestrian,Unknown,Not_pedestrian,Seat_belt,Used,Not a holiday,0
2737,201600001674,2016,3,22,Daylight,Built_up_area,Roundabout,Normal,Side_two_vehicles,Manual_entry,5.22886,46.23929,True,2016-03-22,17,15,17:15,Evening,False,Spring,2.0,0.0,0.0,Departmental_road,Bidirectional,Cycle_bank,Flat,S-bend,Normal,Roundabout,On_bike_path,Unknown,B01,Other/Unknown,Cycle,Cyclist,Front_left,Straight_ahead,0,1999.0,Male,Driver,Injured_Hospitalized,Driver_seat,Home-work,Not_pedestrian,Unknown,Not_pedestrian,other,Undetermined,Not a holiday,0
2738,201600001675,2016,3,24,Daylight,Built_up_area,Out_of_intersection,Normal,Side_two_vehicles,Manual_entry,5.213,46.20222,True,2016-03-24,16,55,16:55,Afternoon,False,Spring,1.0,0.0,0.0,Communal_way,Bidirectional,Unknown,Flat,Straight,Normal,Unknown,On_road,Unknown,A01,Same_direction,Motorcycle,Cyclist,Front_right,other,0,1975.0,Male,Driver,Injured_Slight,Driver_seat,Home-work,Not_pedestrian,Unknown,Not_pedestrian,Helmet,Used,Not a holiday,0
2739,201600001675,2016,3,24,Daylight,Built_up_area,Out_of_intersection,Normal,Side_two_vehicles,Manual_entry,5.213,46.20222,True,2016-03-24,16,55,16:55,Afternoon,False,Spring,1.0,0.0,0.0,Communal_way,Bidirectional,Unknown,Flat,Straight,Normal,Unknown,On_road,Unknown,B01,Same_direction,Car(Quad/Passenger),Cyclist,Right_side,Roundabout,0,1982.0,Male,Driver,Uninjured,Driver_seat,Home-work,Not_pedestrian,Unknown,Not_pedestrian,Seat_belt,Used,Not a holiday,0
2740,201600001676,2016,4,10,Daylight,Out_of_agglomeration,Intersection_T,Normal,Multiple_three_plus,Manual_entry,5.23022,46.24852,True,2016-04-10,9,0,09:00,Morning,True,Spring,2.0,0.0,65.0,Departmental_road,Bidirectional,Unknown,Unknown,Unknown,Normal,Unknown,On_road,Unknown,A01,Opposite_direction,Car(Quad/Passenger),Cyclist,Front_right,Roundabout,0,1929.0,Male,Driver,Injured_Slight,Driver_seat,Unknown,Not_pedestrian,Unknown,Not_pedestrian,Seat_belt,Used,Not a holiday,0
2741,201600001676,2016,4,10,Daylight,Out_of_agglomeration,Intersection_T,Normal,Multiple_three_plus,Manual_entry,5.23022,46.24852,True,2016-04-10,9,0,09:00,Morning,True,Spring,2.0,0.0,65.0,Departmental_road,Bidirectional,Unknown,Unknown,Unknown,Normal,Unknown,On_road,Unknown,B01,Other/Unknown,Motorcycle,Cyclist,Front,Straight_ahead,0,1969.0,Female,Driver,Killed,Driver_seat,Leisure,Not_pedestrian,Unknown,Not_pedestrian,Helmet,Used,Not a holiday,0
2742,201600001676,2016,4,10,Daylight,Out_of_agglomeration,Intersection_T,Normal,Multiple_three_plus,Manual_entry,5.23022,46.24852,True,2016-04-10,9,0,09:00,Morning,True,Spring,2.0,0.0,65.0,Departmental_road,Bidirectional,Unknown,Unknown,Unknown,Normal,Unknown,On_road,Unknown,C01,Other/Unknown,Motorcycle,Cyclist,Front,Straight_ahead,0,1989.0,Male,Driver,Injured_Hospitalized,Driver_seat,Leisure,Not_pedestrian,Unknown,Not_pedestrian,Helmet,Used,Not a holiday,0
2743,201600001677,2016,4,11,Daylight,Out_of_agglomeration,Out_of_intersection,Normal,Rear_end_two_vehicles,Manual_entry,5.26699,46.24149,True,2016-04-11,12,15,12:15,Afternoon,False,Spring,3.0,0.0,0.0,National_road,Bidirectional,Unknown,Flat,Straight,Normal,Unknown,On_road,Unknown,B01,Other/Unknown,Car(Quad/Passenger),Cyclist,Rear,Turning,0,1954.0,Male,Driver,Uninjured,Driver_seat,Unknown,Not_pedestrian,Unknown,Not_pedestrian,Seat_belt,Used,Not a holiday,0
2744,201600001677,2016,4,11,Daylight,Out_of_agglomeration,Out_of_intersection,Normal,Rear_end_two_vehicles,Manual_entry,5.26699,46.24149,True,2016-04-11,12,15,12:15,Afternoon,False,Spring,3.0,0.0,0.0,National_road,Bidirectional,Unknown,Flat,Straight,Normal,Unknown,On_road,Unknown,A01,Other/Unknown,Motorcycle,Cyclist,Front,Turning,0,1966.0,Male,Driver,Killed,Driver_seat,Leisure,Not_pedestrian,Unknown,Not_pedestrian,Helmet,Used,Not a holiday,0
2745,201600001678,2016,4,13,Twilight_or_dawn,Built_up_area,Roundabout,Light_rain,Side_two_vehicles,Manual_entry,5.22953,46.19532,True,2016-04-13,6,45,06:45,Morning,False,Spring,2.0,0.0,100.0,Departmental_road,Bidirectional,Unknown,Flat,Straight,Normal,Roundabout,On_road,Near_school,A01,Other/Unknown,Car(Quad/Passenger),Cyclist,Front,Park/Start/Stop,0,1978.0,Male,Driver,Uninjured,Driver_seat,Home-work,Not_pedestrian,Unknown,Not_pedestrian,Seat_belt,Used,Not a holiday,0
2746,201600001678,2016,4,13,Twilight_or_dawn,Built_up_area,Roundabout,Light_rain,Side_two_vehicles,Manual_entry,5.22953,46.19532,True,2016-04-13,6,45,06:45,Morning,False,Spring,2.0,0.0,100.0,Departmental_road,Bidirectional,Unknown,Flat,Straight,Normal,Roundabout,On_road,Near_school,B01,Opposite_direction,Cycle,Cyclist,Left_side,Straight_ahead,0,1979.0,Male,Driver,Injured_Slight,Driver_seat,Home-work,Not_pedestrian,Unknown,Not_pedestrian,Helmet,Not_used,Not a holiday,0
2747,201600001679,2016,4,26,Daylight,Built_up_area,Out_of_intersection,Light_rain,Other_collision,Manual_entry,5.2,46.1236,True,2016-04-26,18,35,18:35,Evening,False,Spring,1.0,0.0,30.0,Communal_way,One_way,Unknown,Flat,Straight,Wet,Unknown,On_verge,Unknown,A01,Other/Unknown,Car(Quad/Passenger),Pedestrian,Front_right,Straight_ahead,0,1973.0,Female,Driver,Uninjured,Driver_seat,Home-work,Not_pedestrian,Unknown,Not_pedestrian,Seat_belt,Used,Not a holiday,0
2748,201600001680,2016,4,28,Daylight,Built_up_area,Intersection_X,Normal,Side_two_vehicles,Manual_entry,5.19125,46.24946,True,2016-04-28,17,5,17:05,Evening,False,Spring,2.0,0.0,60.0,Departmental_road,Bidirectional,Unknown,Slope,Straight,Normal,Unknown,On_road,Not_near_school,B01,Other/Unknown,Motorcycle,Cyclist,Front,Straight_ahead,0,1962.0,Male,Driver,Injured_Hospitalized,Driver_seat,Home-work,Not_pedestrian,Unknown,Not_pedestrian,Helmet,Used,Not a holiday,0
2749,201600001680,2016,4,28,Daylight,Built_up_area,Intersection_X,Normal,Side_two_vehicles,Manual_entry,5.19125,46.24946,True,2016-04-28,17,5,17:05,Evening,False,Spring,2.0,0.0,60.0,Departmental_road,Bidirectional,Unknown,Slope,Straight,Normal,Unknown,On_road,Not_near_school,A01,Opposite_direction,Car(Quad/Passenger),Cyclist,Front_left,Loss_of_control,0,1969.0,Male,Driver,Uninjured,Driver_seat,Professional use,Not_pedestrian,Unknown,Not_pedestrian,Seat_belt,Used,Not a holiday,0
2750,201600001681,2016,4,28,Daylight,Built_up_area,Intersection_X,Normal,Frontal_two_vehicles,Manual_entry,5.22581,46.19834,True,2016-04-28,17,45,17:45,Evening,False,Spring,2.0,0.0,0.0,Communal_way,Bidirectional,Unknown,Flat,Straight,Normal,Unknown,On_road,Near_school,A01,Opposite_direction,Car(Quad/Passenger),Cyclist,Front,Roundabout,0,1989.0,Male,Driver,Uninjured,Driver_seat,Unknown,Not_pedestrian,Unknown,Not_pedestrian,Seat_belt,Used,Not a holiday,0
2751,201600001681,2016,4,28,Daylight,Built_up_area,Intersection_X,Normal,Frontal_two_vehicles,Manual_entry,5.22581,46.19834,True,2016-04-28,17,45,17:45,Evening,False,Spring,2.0,0.0,0.0,Communal_way,Bidirectional,Unknown,Flat,Straight,Normal,Unknown,On_road,Near_school,B01,Other/Unknown,Cycle,Cyclist,Front,Straight_ahead,0,1999.0,Male,Driver,Injured_Hospitalized,Driver_seat,Leisure,Not_pedestrian,Unknown,Not_pedestrian,Helmet,Used,Not a holiday,0
2752,201600001682,2016,5,3,Daylight,Out_of_agglomeration,Intersection_Y,Normal,Side_two_vehicles,Manual_entry,5.22937,46.1596,True,2016-05-03,17,30,17:30,Evening,False,Spring,2.0,0.0,47.0,Communal_way,Bidirectional,Unknown,Flat,Straight,Normal,Unknown,On_road,Unknown,A01,Other/Unknown,Utility(Truck/Agri),Cyclist,Left_side,Roundabout,0,1994.0,Male,Driver,Uninjured,Driver_seat,Home-work,Not_pedestrian,Unknown,Not_pedestrian,Seat_belt,Used,Not a holiday,0
2753,201600001682,2016,5,3,Daylight,Out_of_agglomeration,Intersection_Y,Normal,Side_two_vehicles,Manual_entry,5.22937,46.1596,True,2016-05-03,17,30,17:30,Evening,False,Spring,2.0,0.0,47.0,Communal_way,Bidirectional,Unknown,Flat,Straight,Normal,Unknown,On_road,Unknown,B01,Other/Unknown,Motorcycle,Cyclist,Front,None,0,1993.0,Male,Driver,Injured_Hospitalized,Driver_seat,Professional use,Not_pedestrian,Unknown,Not_pedestrian,Helmet,Used,Not a holiday,0
2754,201600001683,2016,5,3,Night_without_public_lighting,Out_of_agglomeration,Intersection_X,Normal,Side_two_vehicles,Manual_entry,5.18336,46.23573,True,2016-05-03,22,50,22:50,Night,False,Spring,2.0,0.0,0.0,Departmental_road,Bidirectional,Unknown,Flat,Straight,Normal,Unknown,On_road,Unknown,B01,Other/Unknown,Car(Quad/Passenger),Cyclist,Right_side,Straight_ahead,0,1970.0,Female,Driver,Injured_Slight,Driver_seat,Leisure,Not_pedestrian,Unknown,Not_pedestrian,Seat_belt,Used,Not a holiday,0
2755,201600001683,2016,5,3,Night_without_public_lighting,Out_of_agglomeration,Intersection_X,Normal,Side_two_vehicles,Manual_entry,5.18336,46.23573,True,2016-05-03,22,50,22:50,Night,False,Spring,2.0,0.0,0.0,Departmental_road,Bidirectional,Unknown,Flat,Straight,Normal,Unknown,On_road,Unknown,A01,Opposite_direction,Car(Quad/Passenger),Cyclist,Front,Straight_ahead,0,1972.0,Female,Driver,Injured_Slight,Driver_seat,Unknown,Not_pedestrian,Unknown,Not_pedestrian,Seat_belt,Used,Not a holiday,0
2756,201600001684,2016,5,6,Daylight,Built_up_area,Intersection_X,Normal,Rear_end_two_vehicles,Manual_entry,5.21093,46.21966,True,2016-05-06,12,0,12:00,Afternoon,False,Spring,1.0,0.0,0.0,Departmental_road,Separated_carriageways,Unknown,Unknown,Unknown,Unknown,Unknown,Unknown,Not_near_school,A01,Opposite_direction,Car(Quad/Passenger),Cyclist,Front,Turning,0,1966.0,Female,Driver,Uninjured,Driver_seat,other,Not_pedestrian,Unknown,Not_pedestrian,Seat_belt,Used,Not a holiday,0
2757,201600001684,2016,5,6,Daylight,Built_up_area,Intersection_X,Normal,Rear_end_two_vehicles,Manual_entry,5.21093,46.21966,True,2016-05-06,12,0,12:00,Afternoon,False,Spring,1.0,0.0,0.0,Departmental_road,Separated_carriageways,Unknown,Unknown,Unknown,Unknown,Unknown,Unknown,Not_near_school,B01,Opposite_direction,Car(Quad/Passenger),Cyclist,Rear_right,other,0,1985.0,Female,Driver,Injured_Hospitalized,Driver_seat,other,Not_pedestrian,Unknown,Not_pedestrian,Seat_belt,Used,Not a holiday,0
2758,201600001685,2016,5,11,Daylight,Out_of_agglomeration,Out_of_intersection,Cloudy,Side_two_vehicles,Manual_entry,5.23152,46.28598,True,2016-05-11,15,10,15:10,Afternoon,False,Spring,1.0,0.0,62.0,Departmental_road,Bidirectional,Unknown,Flat,Straight,Oil,Unknown,On_road,Unknown,A01,Other/Unknown,Car(Quad/Passenger),Cyclist,Left_side,Avoiding_obstacle,0,1991.0,Female,Driver,Killed,Driver_seat,Unknown,Not_pedestrian,Unknown,Not_pedestrian,Seat_belt,Used,Not a holiday,0
2759,201600001685,2016,5,11,Daylight,Out_of_agglomeration,Out_of_intersection,Cloudy,Side_two_vehicles,Manual_entry,5.23152,46.28598,True,2016-05-11,15,10,15:10,Afternoon,False,Spring,1.0,0.0,62.0,Departmental_road,Bidirectional,Unknown,Flat,Straight,Oil,Unknown,On_road,Unknown,B01,Opposite_direction,Car(Quad/Passenger),Cyclist,Front,Straight_ahead,0,1929.0,Male,Driver,Killed,Driver_seat,other,Not_pedestrian,Unknown,Not_pedestrian,Seat_belt,Used,Not a holiday,0
2760,201600001686,2016,5,17,Daylight,Built_up_area,Out_of_intersection,Normal,Side_two_vehicles,Manual_entry,5.22718,46.18944,True,2016-05-17,17,30,17:30,Evening,False,Spring,2.0,0.0,0.0,Communal_way,Bidirectional,Unknown,Flat,Straight,Normal,Unknown,On_road,Unknown,A01,Opposite_direction,Car(Quad/Passenger),Cyclist,Front_left,Park/Start/Stop,0,1983.0,Male,Driver,Uninjured,Driver_seat,Unknown,Not_pedestrian,Unknown,Not_pedestrian,Seat_belt,Undetermined,Not a holiday,0
2761,201600001686,2016,5,17,Daylight,Built_up_area,Out_of_intersection,Normal,Side_two_vehicles,Manual_entry,5.22718,46.18944,True,2016-05-17,17,30,17:30,Evening,False,Spring,2.0,0.0,0.0,Communal_way,Bidirectional,Unknown,Flat,Straight,Normal,Unknown,On_road,Unknown,B01,Other/Unknown,Cycle,Cyclist,Front,Straight_ahead,0,1987.0,Male,Driver,Injured_Slight,Driver_seat,Leisure,Not_pedestrian,Unknown,Not_pedestrian,Helmet,Used,Not a holiday,0
2762,201600001687,2016,5,23,Daylight,Built_up_area,Intersection_T,Light_rain,Side_two_vehicles,Manual_entry,5.22902,46.19845,True,2016-05-23,13,30,13:30,Afternoon,False,Spring,2.0,0.0,0.0,Communal_way,Bidirectional,Cycle_bank,Flat,Straight,Wet,Unknown,On_road,Not_near_school,A01,Other/Unknown,Car(Quad/Passenger),Cyclist,Front_right,Roundabout,0,1994.0,Female,Driver,Uninjured,Driver_seat,Home-work,Not_pedestrian,Unknown,Not_pedestrian,Seat_belt,Undetermined,Not a holiday,0
2763,201600001687,2016,5,23,Daylight,Built_up_area,Intersection_T,Light_rain,Side_two_vehicles,Manual_entry,5.22902,46.19845,True,2016-05-23,13,30,13:30,Afternoon,False,Spring,2.0,0.0,0.0,Communal_way,Bidirectional,Cycle_bank,Flat,Straight,Wet,Unknown,On_road,Not_near_school,B01,Opposite_direction,Cycle,Cyclist,Front_left,Straight_ahead,0,1999.0,Male,Driver,Injured_Slight,Driver_seat,Home-work,Not_pedestrian,Unknown,Not_pedestrian,Helmet,Not_used,Not a holiday,0