,accident_id,year,month,day,lighting_label,urban_label,intersection_label,weather_label,collision_label,gps_label,longitude_num,latitude_num,valid_geo,date,hour,minute,time_hhmm,time_of_day,is_weekend,season,num_lanes,pedestrian_crossing_width,road_width,road_category_label,traffic_regime_label,reserved_lane_label,road_profile_label,road_layout_label,surface_condition_label,infrastructure_label,situation_label,school_zone_label,vehicle_id,traffic_direction_label,vehicle_category_label,mobile_obstacle_label,impact_point_label,manoeuvre_label,occupants_group,birth_year,sex_label,user_category_label,injury_severity_label,seat_position_label,journey_purpose_label,pedestrian_location_label,pedestrian_action_label,pedestrian_state_label,safety_equipment_type,safety_equipment_usage,holiday_name,is_holiday
2764,201600001688,2016,5,31,Daylight,Out_of_agglomeration,Out_of_intersection,Heavy_rain,Frontal_two_vehicles,Manual_entry,5.27236,46.20872,True,2016-05-31,9,25,09:25,Morning,False,Spring,2.0,0.0,70.0,Departmental_road,Bidirectional,Unknown,Flat,Straight,Wet,Unknown,On_road,Unknown,A01,Opposite_direction,Car(Quad/Passenger),Cyclist,Right_side,Avoiding_obstacle,0,1987.0,Male,Driver,Killed,Driver_seat,Unknown,Not_pedestrian,Unknown,Not_pedestrian,Seat_belt,Used,Not a holiday,0
2765,201600001688,2016,5,31,Daylight,Out_of_agglomeration,Out_of_intersection,Heavy_rain,Frontal_two_vehicles,Manual_entry,5.27236,46.20872,True,2016-05-31,9,25,09:25,Morning,False,Spring,2.0,0.0,70.0,Departmental_road,Bidirectional,Unknown,Flat,Straight,Wet,Unknown,On_road,Unknown,B01,Other/Unknown,Bus/Coach,Cyclist,Right_side,Straight_ahead,0,1971.0,Male,Driver,Uninjured,Driver_seat,Unknown,Not_pedestrian,Unknown,Not_pedestrian,Seat_belt,Used,Not a holiday,0
2766,201600001689,2016,6,1,Daylight,Built_up_area,Out_of_intersection,Normal,Other_collision,Manual_entry,5.22689,46.20632,True,2016-06-01,12,25,12:25,Afternoon,False,Summer,2.0,0.0,62.0,Communal_way,Bidirectional,Unknown,Flat,Straight,Normal,Unknown,On_road,Not_near_school,A01,Opposite_direction,Personal mobility,Pedestrian,Front_right,None,1,1957.0,Male,Driver,Uninjured,Driver_seat,Professional use,Not_pedestrian,Unknown,Not_pedestrian,Seat_belt,Used,Not a holiday,0
2767,201600001690,2016,6,4,Daylight,Out_of_agglomeration,Out_of_intersection,Light_rain,Frontal_two_vehicles,Manual_entry,5.26,46.19,True,2016-06-04,11,0,11:00,Morning,True,Summer,2.0,0.0,86.0,Departmental_road,Bidirectional,Unknown,Slope,Straight,Wet,Unknown,On_road,Unknown,A01,Opposite_direction,Car(Quad/Passenger),Cyclist,Left_side,None,0,1996.0,Male,Driver,Injured_Slight,Driver_seat,Leisure,Not_pedestrian,Unknown,Not_pedestrian,Seat_belt,Used,Not a holiday,0
2768,201600001690,2016,6,4,Daylight,Out_of_agglomeration,Out_of_intersection,Light_rain,Frontal_two_vehicles,Manual_entry,5.26,46.19,True,2016-06-04,11,0,11:00,Morning,True,Summer,2.0,0.0,86.0,Departmental_road,Bidirectional,Unknown,Slope,Straight,Wet,Unknown,On_road,Unknown,B01,Opposite_direction,Car(Quad/Passenger),Cyclist,Front,Straight_ahead,0,1979.0,Male,Driver,Injured_Slight,Driver_seat,Leisure,Not_pedestrian,Unknown,Not_pedestrian,Seat_belt,Used,Not a holiday,0
2769,201600001691,2016,6,24,Daylight,Built_up_area,Intersection_T,Normal,Side_two_vehicles,Manual_entry,5.21353,46.19983,True,2016-06-24,16,25,16:25,Afternoon,False,Summer,2.0,0.0,60.0,Communal_way,Bidirectional,Unknown,Flat,Straight,Normal,Unknown,On_road,Unknown,A01,Opposite_direction,Cycle,Cyclist,Front,other,0,1979.0,Male,Driver,Injured_Slight,Driver_seat,Leisure,Not_pedestrian,Unknown,Not_pedestrian,Helmet,Used,Not a holiday,0
2770,201600001691,2016,6,24,Daylight,Built_up_area,Intersection_T,Normal,Side_two_vehicles,Manual_entry,5.21353,46.19983,True,2016-06-24,16,25,16:25,Afternoon,False,Summer,2.0,0.0,60.0,Communal_way,Bidirectional,Unknown,Flat,Straight,Normal,Unknown,On_road,Unknown,B01,Opposite_direction,Car(Quad/Passenger),Cyclist,Right_side,Roundabout,0,1987.0,Female,Driver,Uninjured,Driver_seat,Leisure,Not_pedestrian,Unknown,Not_pedestrian,Seat_belt,Used,Not a holiday,0
2771,201600001692,2016,6,28,Daylight,Built_up_area,Out_of_intersection,Normal,Other_collision,Manual_entry,5.23144,46.20963,True,2016-06-28,8,10,08:10,Morning,False,Summer,4.0,0.0,0.0,Departmental_road,Bidirectional,Unknown,Flat,Straight,Normal,Unknown,On_road,Not_near_school,A01,Opposite_direction,Car(Quad/Passenger),Pedestrian,Right_side,Straight_ahead,0,1988.0,Male,Driver,Uninjured,Driver_seat,Home-work,Not_pedestrian,Unknown,Not_pedestrian,Seat_belt,Used,Not a holiday,0
2772,201600001693,2016,7,1,Daylight,Built_up_area,Out_of_intersection,Normal,No_collision,Manual_entry,5.20079,46.19684,True,2016-07-01,17,0,17:00,Evening,False,Summer,2.0,0.0,49.0,Communal_way,Bidirectional,Unknown,Flat,Curve_left,Normal,Unknown,On_road,Unknown,A01,Other/Unknown,Car(Quad/Passenger),None,Front_right,Turning,0,1944.0,Male,Driver,Uninjured,Driver_seat,Leisure,Not_pedestrian,Unknown,Not_pedestrian,Seat_belt,Used,Not a holiday,0
2773,201600001694,2016,7,8,Daylight,Built_up_area,Intersection_T,Normal,Side_two_vehicles,Manual_entry,5.24709,46.21127,True,2016-07-08,8,5,08:05,Morning,False,Summer,2.0,0.0,30.0,Departmental_road,Bidirectional,Bike_path,Flat,Curve_right,Normal,Unknown,On_road,Unknown,B01,Other/Unknown,Cycle,Cyclist,Front,Straight_ahead,0,1998.0,Male,Driver,Injured_Slight,Driver_seat,Home-work,Not_pedestrian,Unknown,Not_pedestrian,Helmet,Used,Not a holiday,0
2774,201600001694,2016,7,8,Daylight,Built_up_area,Intersection_T,Normal,Side_two_vehicles,Manual_entry,5.24709,46.21127,True,2016-07-08,8,5,08:05,Morning,False,Summer,2.0,0.0,30.0,Departmental_road,Bidirectional,Bike_path,Flat,Curve_right,Normal,Unknown,On_road,Unknown,Z01,Other/Unknown,Car(Quad/Passenger),Cyclist,Front_right,None,0,,,,,,,,,,,,Not a holiday,0
2775,201600001695,2016,7,9,Daylight,Out_of_agglomeration,Out_of_intersection,Normal,Side_two_vehicles,Manual_entry,5.18951,46.16162,True,2016-07-09,20,50,20:50,Evening,True,Summer,2.0,0.0,60.0,Departmental_road,Bidirectional,Unknown,Slope,Curve_right,Normal,Unknown,On_road,Unknown,A01,Other/Unknown,Car(Quad/Passenger),Cyclist,Right_side,Avoiding_obstacle,0,1994.0,Female,Driver,Injured_Slight,Driver_seat,Leisure,Not_pedestrian,Unknown,Not_pedestrian,Seat_belt,Used,Not a holiday,0
2776,201600001695,2016,7,9,Daylight,Out_of_agglomeration,Out_of_intersection,Normal,Side_two_vehicles,Manual_entry,5.18951,46.16162,True,2016-07-09,20,50,20:50,Evening,True,Summer,2.0,0.0,60.0,Departmental_road,Bidirectional,Unknown,Slope,Curve_right,Normal,Unknown,On_road,Unknown,B01,Opposite_direction,Car(Quad/Passenger),Cyclist,Front_left,Straight_ahead,0,1990.0,Male,Driver,Uninjured,Driver_seat,Leisure,Not_pedestrian,Unknown,Not_pedestrian,Seat_belt,Used,Not a holiday,0
2777,201600001696,2016,7,21,Daylight,Built_up_area,Out_of_intersection,Normal,Side_two_vehicles,Manual_entry,5.24855,46.20019,True,2016-07-21,9,0,09:00,Morning,False,Summer,2.0,0.0,71.0,Communal_way,Bidirectional,Unknown,Flat,Straight,Normal,Unknown,On_road,Unknown,A01,Same_direction,Cycle,Cyclist,Front,Turning,0,1974.0,Female,Driver,Injured_Slight,Driver_seat,Home-work,Not_pedestrian,Unknown,Not_pedestrian,Helmet,Not_used,Not a holiday,0
2778,201600001696,2016,7,21,Daylight,Built_up_area,Out_of_intersection,Normal,Side_two_vehicles,Manual_entry,5.24855,46.20019,True,2016-07-21,9,0,09:00,Morning,False,Summer,2.0,0.0,71.0,Communal_way,Bidirectional,Unknown,Flat,Straight,Normal,Unknown,On_road,Unknown,B01,Same_direction,Car(Quad/Passenger),Cyclist,Front_right,Turning,0,1950.0,Male,Driver,Uninjured,Driver_seat,Leisure,Not_pedestrian,Unknown,Not_pedestrian,Seat_belt,Used,Not a holiday,0
2779,201600001697,2016,8,8,Daylight,Out_of_agglomeration,Out_of_intersection,Normal,Multiple_three_plus,Manual_entry,5.22747,46.22852,True,2016-08-08,7,23,07:23,Morning,False,Summer,2.0,0.0,113.0,Departmental_road,Bidirectional,Unknown,Flat,Unknown,Normal,Unknown,On_road,Not_near_school,A01,Other/Unknown,Car(Quad/Passenger),Cyclist,Right_side,None,0,1989.0,Female,Driver,Injured_Hospitalized,Driver_seat,Home-work,Not_pedestrian,Unknown,Not_pedestrian,Seat_belt,Used,Not a holiday,0
2780,201600001697,2016,8,8,Daylight,Out_of_agglomeration,Out_of_intersection,Normal,Multiple_three_plus,Manual_entry,5.22747,46.22852,True,2016-08-08,7,23,07:23,Morning,False,Summer,2.0,0.0,113.0,Departmental_road,Bidirectional,Unknown,Flat,Unknown,Normal,Unknown,On_road,Not_near_school,B01,Opposite_direction,Bus/Coach,Cyclist,Front_left,None,0,1991.0,Male,Driver,Uninjured,Driver_seat,Home-work,Not_pedestrian,Unknown,Not_pedestrian,Seat_belt,Used,Not a holiday,0
2781,201600001697,2016,8,8,Daylight,Out_of_agglomeration,Out_of_intersection,Normal,Multiple_three_plus,Manual_entry,5.22747,46.22852,True,2016-08-08,7,23,07:23,Morning,False,Summer,2.0,0.0,113.0,Departmental_road,Bidirectional,Unknown,Flat,Unknown,Normal,Unknown,On_road,Not_near_school,C01,Opposite_direction,Car(Quad/Passenger),Cyclist,Front,Straight_ahead,0,1990.0,Male,Driver,Injured_Slight,Driver_seat,Leisure,Not_pedestrian,Unknown,Not_pedestrian,Seat_belt,Used,Not a holiday,0
2782,201600001698,2016,8,24,Daylight,Out_of_agglomeration,Out_of_intersection,Normal,Frontal_two_vehicles,Manual_entry,5.25678,46.22894,True,2016-08-24,7,35,07:35,Morning,False,Summer,2.0,0.0,150.0,Departmental_road,Bidirectional,Unknown,Flat,Straight,Normal,Unknown,On_road,Unknown,A01,Other/Unknown,Car(Quad/Passenger),Cyclist,Front,Avoiding_obstacle,0,1970.0,Male,Driver,Injured_Slight,Driver_seat,Leisure,Not_pedestrian,Unknown,Not_pedestrian,Seat_belt,Used,Not a holiday,0
2783,201600001698,2016,8,24,Daylight,Out_of_agglomeration,Out_of_intersection,Normal,Frontal_two_vehicles,Manual_entry,5.25678,46.22894,True,2016-08-24,7,35,07:35,Morning,False,Summer,2.0,0.0,150.0,Departmental_road,Bidirectional,Unknown,Flat,Straight,Normal,Unknown,On_road,Unknown,B01,Opposite_direction,Car(Quad/Passenger),Cyclist,Front,Straight_ahead,0,1962.0,Male,Driver,Uninjured,Driver_seat,Home-work,Not_pedestrian,Unknown,Not_pedestrian,Seat_belt,Used,Not a holiday,0
2784,201600001699,2016,8,24,Daylight,Out_of_agglomeration,Intersection_X,Normal,Side_two_vehicles,Manual_entry,5.22072,46.16486,True,2016-08-24,15,45,15:45,Afternoon,False,Summer,2.0,0.0,0.0,Departmental_road,Bidirectional,Unknown,Flat,Straight,Normal,Unknown,On_road,Unknown,B01,Other/Unknown,Motorcycle,Cyclist,Front,Straight_ahead,0,1991.0,Male,Driver,Injured_Hospitalized,Driver_seat,Leisure,Not_pedestrian,Unknown,Not_pedestrian,Helmet,Used,Not a holiday,0
2785,201600001699,2016,8,24,Daylight,Out_of_agglomeration,Intersection_X,Normal,Side_two_vehicles,Manual_entry,5.22072,46.16486,True,2016-08-24,15,45,15:45,Afternoon,False,Summer,2.0,0.0,0.0,Departmental_road,Bidirectional,Unknown,Flat,Straight,Normal,Unknown,On_road,Unknown,A01,Other/Unknown,Car(Quad/Passenger),Cyclist,Right_side,Loss_of_control,0,1926.0,Female,Driver,Uninjured,Driver_seat,Leisure,Not_pedestrian,Unknown,Not_pedestrian,Seat_belt,Used,Not a holiday,0
2786,201600001700,2016,8,26,Daylight,Out_of_agglomeration,Intersection_T,Normal,Side_two_vehicles,Manual_entry,5.20411,46.21316,True,2016-08-26,17,30,17:30,Evening,False,Summer,3.0,0.0,110.0,Departmental_road,Bidirectional,Unknown,Flat,Straight,Normal,Unknown,On_road,Unknown,B01,Other/Unknown,Motorcycle,Cyclist,Front,Straight_ahead,0,1984.0,Male,Driver,Injured_Hospitalized,Driver_seat,Leisure,Not_pedestrian,Unknown,Not_pedestrian,Helmet,Used,Not a holiday,0
2787,201600001700,2016,8,26,Daylight,Out_of_agglomeration,Intersection_T,Normal,Side_two_vehicles,Manual_entry,5.20411,46.21316,True,2016-08-26,17,30,17:30,Evening,False,Summer,3.0,0.0,110.0,Departmental_road,Bidirectional,Unknown,Flat,Straight,Normal,Unknown,On_road,Unknown,A01,Opposite_direction,Car(Quad/Passenger),Cyclist,Right_side,Roundabout,0,1976.0,Female,Driver,Uninjured,Driver_seat,Shopping,Not_pedestrian,Unknown,Not_pedestrian,Seat_belt,Used,Not a holiday,0
2788,201600001701,2016,9,12,Daylight,Out_of_agglomeration,Out_of_intersection,Normal,Frontal_two_vehicles,Manual_entry,5.1944,46.17175,True,2016-09-12,19,0,19:00,Evening,False,Autumn,2.0,0.0,0.0,Communal_way,Bidirectional,Unknown,Flat,Curve_left,Normal,Unknown,On_road,Not_near_school,A01,Same_direction,Car(Quad/Passenger),Cyclist,Front,None,0,1995.0,Male,Driver,Injured_Slight,Driver_seat,Home-work,Not_pedestrian,Unknown,Not_pedestrian,Seat_belt,Used,Not a holiday,0
2789,201600001701,2016,9,12,Daylight,Out_of_agglomeration,Out_of_intersection,Normal,Frontal_two_vehicles,Manual_entry,5.1944,46.17175,True,2016-09-12,19,0,19:00,Evening,False,Autumn,2.0,0.0,0.0,Communal_way,Bidirectional,Unknown,Flat,Curve_left,Normal,Unknown,On_road,Not_near_school,B01,Same_direction,Car(Quad/Passenger),Cyclist,Front_right,None,0,1989.0,Male,Driver,Injured_Slight,Driver_seat,Unknown,Not_pedestrian,Unknown,Not_pedestrian,Seat_belt,Used,Not a holiday,0
2790,201600001702,2016,9,13,Daylight,Built_up_area,Intersection_X,Normal,Side_two_vehicles,Manual_entry,5.22752,46.20955,True,2016-09-13,16,33,16:33,Afternoon,False,Autumn,4.0,0.0,0.0,Departmental_road,Bidirectional,Unknown,Flat,Straight,Normal,Roundabout,On_road,Unknown,B01,Other/Unknown,Motorcycle,Cyclist,Front,Straight_ahead,0,1998.0,Male,Driver,Injured_Hospitalized,Driver_seat,Shopping,Not_pedestrian,Unknown,Not_pedestrian,Helmet,Used,Not a holiday,0
2791,201600001702,2016,9,13,Daylight,Built_up_area,Intersection_X,Normal,Side_two_vehicles,Manual_entry,5.22752,46.20955,True,2016-09-13,16,33,16:33,Afternoon,False,Autumn,4.0,0.0,0.0,Departmental_road,Bidirectional,Unknown,Flat,Straight,Normal,Roundabout,On_road,Unknown,A01,Other/Unknown,Car(Quad/Passenger),Cyclist,Left_side,Roundabout,0,1940.0,Male,Driver,Uninjured,Driver_seat,Unknown,Not_pedestrian,Unknown,Not_pedestrian,Seat_belt,Used,Not a holiday,0
2792,201600001703,2016,9,15,Daylight,Built_up_area,Out_of_intersection,Normal,Chain_three_plus,Manual_entry,5.20302,46.17931,True,2016-09-15,17,35,17:35,Evening,False,Autumn,2.0,0.0,0.0,Departmental_road,Bidirectional,Unknown,Flat,Straight,Normal,Unknown,On_road,Not_near_school,A01,Other/Unknown,Car(Quad/Passenger),Cyclist,Front,None,0,1993.0,Male,Driver,Injured_Hospitalized,Driver_seat,Home-work,Not_pedestrian,Unknown,Not_pedestrian,Seat_belt,Used,Not a holiday,0
2793,201600001703,2016,9,15,Daylight,Built_up_area,Out_of_intersection,Normal,Chain_three_plus,Manual_entry,5.20302,46.17931,True,2016-09-15,17,35,17:35,Evening,False,Autumn,2.0,0.0,0.0,Departmental_road,Bidirectional,Unknown,Flat,Straight,Normal,Unknown,On_road,Not_near_school,B01,Other/Unknown,Car(Quad/Passenger),Cyclist,Rear_right,Turning,0,1946.0,Male,Driver,Uninjured,Driver_seat,Unknown,Not_pedestrian,Unknown,Not_pedestrian,Seat_belt,Used,Not a holiday,0
2794,201600001703,2016,9,15,Daylight,Built_up_area,Out_of_intersection,Normal,Chain_three_plus,Manual_entry,5.20302,46.17931,True,2016-09-15,17,35,17:35,Evening,False,Autumn,2.0,0.0,0.0,Departmental_road,Bidirectional,Unknown,Flat,Straight,Normal,Unknown,On_road,Not_near_school,C01,Other/Unknown,Car(Quad/Passenger),Cyclist,Rear_right,Turning,0,1985.0,Male,Driver,Uninjured,Driver_seat,Unknown,Not_pedestrian,Unknown,Not_pedestrian,Seat_belt,Used,Not a holiday,0
2795,201600001704,2016,9,16,Daylight,Built_up_area,Intersection_X,Normal,Side_two_vehicles,Manual_entry,5.22533,46.19541,True,2016-09-16,17,15,17:15,Evening,False,Autumn,3.0,1.0,1.0,Communal_way,Bidirectional,Bike_path,Flat,Straight,Wet,Roundabout,On_road,Near_school,A01,Opposite_direction,Cycle,Cyclist,Front_left,Straight_ahead,0,1967.0,Male,Driver,Injured_Slight,Driver_seat,Unknown,Not_pedestrian,Unknown,Not_pedestrian,other,Not_used,Not a holiday,0
2796,201600001704,2016,9,16,Daylight,Built_up_area,Intersection_X,Normal,Side_two_vehicles,Manual_entry,5.22533,46.19541,True,2016-09-16,17,15,17:15,Evening,False,Autumn,3.0,1.0,1.0,Communal_way,Bidirectional,Bike_path,Flat,Straight,Wet,Roundabout,On_road,Near_school,B01,Opposite_direction,Car(Quad/Passenger),Cyclist,Left_side,Roundabout,0,1980.0,Male,Driver,Uninjured,Driver_seat,Shopping,Not_pedestrian,Unknown,Not_pedestrian,Seat_belt,Used,Not a holiday,0
2797,201600001705,2016,9,19,Night_with_public_lighting_on,Built_up_area,Out_of_intersection,Normal,Side_two_vehicles,Manual_entry,5.23936,46.19752,True,2016-09-19,6,30,06:30,Morning,False,Autumn,4.0,0.0,0.0,Departmental_road,Bidirectional,Unknown,Flat,Straight,Wet,Unknown,On_road,Unknown,A01,Other/Unknown,Car(Quad/Passenger),Cyclist,Front,None,0,1960.0,Male,Driver,Injured_Hospitalized,Driver_seat,Home-work,Not_pedestrian,Unknown,Not_pedestrian,Seat_belt,Used,Not a holiday,0
2798,201600001705,2016,9,19,Night_with_public_lighting_on,Built_up_area,Out_of_intersection,Normal,Side_two_vehicles,Manual_entry,5.23936,46.19752,True,2016-09-19,6,30,06:30,Morning,False,Autumn,4.0,0.0,0.0,Departmental_road,Bidirectional,Unknown,Flat,Straight,Wet,Unknown,On_road,Unknown,B01,Opposite_direction,Car(Quad/Passenger),Cyclist,Front,None,0,1961.0,Female,Driver,Injured_Hospitalized,Driver_seat,Home-work,Not_pedestrian,Unknown,Not_pedestrian,Seat_belt,Used,Not a holiday,0
2799,201600001706,2016,9,23,Daylight,Built_up_area,Out_of_intersection,Normal,Side_two_vehicles,Manual_entry,5.22749,46.21099,True,2016-09-23,17,59,17:59,Evening,False,Autumn,2.0,0.0,102.0,Communal_way,Bidirectional,Unknown,Flat,Straight,Normal,Unknown,On_road,Near_school,A01,Other/Unknown,Cycle,Cyclist,Front_left,Loss_of_control,0,2002.0,Male,Driver,Injured_Slight,Driver_seat,Leisure,Not_pedestrian,Unknown,Not_pedestrian,other,Used,Not a holiday,0
2800,201600001706,2016,9,23,Daylight,Built_up_area,Out_of_intersection,Normal,Side_two_vehicles,Manual_entry,5.22749,46.21099,True,2016-09-23,17,59,17:59,Evening,False,Autumn,2.0,0.0,102.0,Communal_way,Bidirectional,Unknown,Flat,Straight,Normal,Unknown,On_road,Near_school,B01,Other/Unknown,Car(Quad/Passenger),Cyclist,Front,Straight_ahead,0,1967.0,Male,Driver,Uninjured,Driver_seat,Leisure,Not_pedestrian,Unknown,Not_pedestrian,Seat_belt,Used,Not a holiday,0
2801,201600001707,2016,10,7,Daylight,Out_of_agglomeration,Out_of_intersection,Normal,Other_collision,Manual_entry,5.20933,46.22336,True,2016-10-07,14,0,14:00,Afternoon,False,Autumn,1.0,0.0,0.0,Parking_lot,One_way,Unknown,Flat,Straight,Normal,Unknown,On_road,Unknown,A01,Other/Unknown,Utility(Truck/Agri),Pedestrian,Right_side,Roundabout,0,1964.0,Male,Driver,Uninjured,Driver_seat,Professional use,Not_pedestrian,Unknown,Not_pedestrian,Seat_belt,Undetermined,Not a holiday,0
2802,201600001708,2016,10,10,Night_with_public_lighting_on,Out_of_agglomeration,Intersection_X,Normal,Side_two_vehicles,Manual_entry,5.19672,46.19072,True,2016-10-10,20,35,20:35,Evening,False,Autumn,2.0,0.0,0.0,Departmental_road,Unknown,Unknown,Unknown,Unknown,Unknown,Unknown,On_road,Not_near_school,A01,Other/Unknown,Car(Quad/Passenger),Cyclist,Front,Roundabout,0,1971.0,Male,Driver,Uninjured,Driver_seat,Shopping,Not_pedestrian,Unknown,Not_pedestrian,Seat_belt,Used,Not a holiday,0
2803,201600001708,2016,10,10,Night_with_public_lighting_on,Out_of_agglomeration,Intersection_X,Normal,Side_two_vehicles,Manual_entry,5.19672,46.19072,True,2016-10-10,20,35,20:35,Evening,False,Autumn,2.0,0.0,0.0,Departmental_road,Unknown,Unknown,Unknown,Unknown,Unknown,Unknown,On_road,Not_near_school,B01,Opposite_direction,Car(Quad/Passenger),Cyclist,Right_side,None,0,1973.0,Male,Driver,Injured_Slight,Driver_seat,Home-work,Not_pedestrian,Unknown,Not_pedestrian,Seat_belt,Used,Not a holiday,0
2804,201600001709,2016,10,14,Daylight,Built_up_area,Out_of_intersection,Light_rain,Other_collision,Manual_entry,5.24633,46.20236,True,2016-10-14,10,40,10:40,Morning,False,Autumn,2.0,0.0,0.0,Departmental_road,Bidirectional,Unknown,Flat,Straight,Wet,Unknown,On_road,Unknown,A01,Opposite_direction,Car(Quad/Passenger),Pedestrian,Front,Straight_ahead,0,1933.0,Male,Driver,Uninjured,Driver_seat,other,Not_pedestrian,Unknown,Not_pedestrian,Seat_belt,Undetermined,Not a holiday,0
2805,201600001710,2016,10,17,Night_with_public_lighting_on,Built_up_area,Other,Cloudy,Side_two_vehicles,Manual_entry,5.19969,46.20084,True,2016-10-17,7,20,07:20,Morning,False,Autumn,2.0,0.0,0.0,Departmental_road,Bidirectional,Unknown,Flat,Straight,Normal,Unknown,On_road,Unknown,A01,Other/Unknown,Car(Quad/Passenger),Cyclist,Front_left,Park/Start/Stop,0,1972.0,Male,Driver,Injured_Slight,Driver_seat,Home-work,Not_pedestrian,Unknown,Not_pedestrian,Seat_belt,Used,Not a holiday,0
2806,201600001710,2016,10,17,Night_with_public_lighting_on,Built_up_area,Other,Cloudy,Side_two_vehicles,Manual_entry,5.19969,46.20084,True,2016-10-17,7,20,07:20,Morning,False,Autumn,2.0,0.0,0.0,Departmental_road,Bidirectional,Unknown,Flat,Straight,Normal,Unknown,On_road,Unknown,B01,Other/Unknown,Motorcycle,Cyclist,Front,Straight_ahead,0,1971.0,Male,Driver,Injured_Slight,Driver_seat,Home-work,Not_pedestrian,Unknown,Not_pedestrian,Helmet,Used,Not a holiday,0
2807,201600001711,2016,10,22,Night_without_public_lighting,Out_of_agglomeration,Out_of_intersection,Normal,No_collision,Manual_entry,5.19673,46.23617,True,2016-10-22,20,50,20:50,Evening,True,Autumn,3.0,0.0,100.0,Departmental_road,Bidirectional,Unknown,Slope,Straight,Normal,Unknown,On_verge,Unknown,A01,Other/Unknown,Car(Quad/Passenger),None,Front,Turning,0,1993.0,Male,Driver,Injured_Slight,Driver_seat,Unknown,Not_pedestrian,Unknown,Not_pedestrian,Seat_belt,Used,Not a holiday,0
2808,201600001712,2016,10,29,Night_with_public_lighting_on,Built_up_area,Intersection_X,Cloudy,Side_two_vehicles,Manual_entry,5.23404,46.20901,True,2016-10-29,21,0,21:00,Night,True,Autumn,4.0,0.0,150.0,Departmental_road,Bidirectional,Unknown,Flat,Straight,Normal,Roundabout,On_road,Unknown,B01,Opposite_direction,Utility(Truck/Agri),Cyclist,Front,Straight_ahead,0,1965.0,Male,Driver,Injured_Slight,Driver_seat,Professional use,Not_pedestrian,Unknown,Not_pedestrian,Seat_belt,Used,Not a holiday,0
2809,201600001712,2016,10,29,Night_with_public_lighting_on,Built_up_area,Intersection_X,Cloudy,Side_two_vehicles,Manual_entry,5.23404,46.20901,True,2016-10-29,21,0,21:00,Night,True,Autumn,4.0,0.0,150.0,Departmental_road,Bidirectional,Unknown,Flat,Straight,Normal,Roundabout,On_road,Unknown,A01,Opposite_direction,Car(Quad/Passenger),Cyclist,Front_left,Straight_ahead,0,1958.0,Male,Driver,Injured_Slight,Driver_seat,Leisure,Not_pedestrian,Unknown,Not_pedestrian,Seat_belt,Used,Not a holiday,0
2810,201600001713,2016,11,4,Daylight,Built_up_area,Roundabout,Normal,Side_two_vehicles,Manual_entry,5.22898,46.22798,True,2016-11-04,9,0,09:00,Morning,False,Autumn,2.0,0.0,0.0,Departmental_road,Bidirectional,Unknown,Flat,Straight,Normal,Roundabout,On_road,Unknown,A01,Opposite_direction,Car(Quad/Passenger),Cyclist,Front,Straight_ahead,0,1975.0,Female,Driver,Uninjured,Driver_seat,Home-school,Not_pedestrian,Unknown,Not_pedestrian,Seat_belt,Used,Not a holiday,0
2811,201600001713,2016,11,4,Daylight,Built_up_area,Roundabout,Normal,Side_two_vehicles,Manual_entry,5.22898,46.22798,True,2016-11-04,9,0,09:00,Morning,False,Autumn,2.0,0.0,0.0,Departmental_road,Bidirectional,Unknown,Flat,Straight,Normal,Roundabout,On_road,Unknown,B01,Other/Unknown,Cycle,Cyclist,Front_right,Straight_ahead,0,1961.0,Male,Driver,Injured_Slight,Driver_seat,Home-school,Not_pedestrian,Unknown,Not_pedestrian,Helmet,Used,Not a holiday,0
2812,201600001714,2016,11,4,Night_without_public_lighting,Out_of_agglomeration,Out_of_intersection,Light_rain,Other_collision,Manual_entry,5.1921,46.17287,True,2016-11-04,23,30,23:30,Night,False,Autumn,2.0,0.0,70.0,Departmental_road,Bidirectional,Unknown,Flat,Straight,Wet,Unknown,On_verge,Unknown,A01,Other/Unknown,Car(Quad/Passenger),None,Front,Turning,0,1995.0,Female,Driver,Injured_Hospitalized,Driver_seat,Leisure,Not_pedestrian,Unknown,Not_pedestrian,Seat_belt,Used,Not a holiday,0
2813,201600001715,2016,11,18,Daylight,Built_up_area,Intersection_X,Light_rain,Side_two_vehicles,Manual_entry,5.22251,46.19814,True,2016-11-18,8,30,08:30,Morning,False,Autumn,2.0,0.0,91.0,Communal_way,Bidirectional,Reserved_channel,Slope,Straight,Wet,Unknown,On_road,Near_school,B01,Other/Unknown,Cycle,Cyclist,Left_side,Straight_ahead,0,1998.0,Female,Driver,Injured_Slight,Driver_seat,Home-work,Not_pedestrian,Unknown,Not_pedestrian,Helmet,Not_used,Not a holiday,0
2814,201600001715,2016,11,18,Daylight,Built_up_area,Intersection_X,Light_rain,Side_two_vehicles,Manual_entry,5.22251,46.19814,True,2016-11-18,8,30,08:30,Morning,False,Autumn,2.0,0.0,91.0,Communal_way,Bidirectional,Reserved_channel,Slope,Straight,Wet,Unknown,On_road,Near_school,A01,Other/Unknown,Car(Quad/Passenger),Cyclist,Front_right,Roundabout,0,1977.0,Female,Driver,Uninjured,Driver_seat,Home-work,Not_pedestrian,Unknown,Not_pedestrian,Seat_belt,Used,Not a holiday,0