,accident_id,year,month,day,lighting_label,urban_label,intersection_label,weather_label,collision_label,gps_label,longitude_num,latitude_num,valid_geo,date,hour,minute,time_hhmm,time_of_day,is_weekend,season,num_lanes,pedestrian_crossing_width,road_width,road_category_label,traffic_regime_label,reserved_lane_label,road_profile_label,road_layout_label,surface_condition_label,infrastructure_label,situation_label,school_zone_label,vehicle_id,traffic_direction_label,vehicle_category_label,mobile_obstacle_label,impact_point_label,manoeuvre_label,occupants_group,birth_year,sex_label,user_category_label,injury_severity_label,seat_position_label,journey_purpose_label,pedestrian_location_label,pedestrian_action_label,pedestrian_state_label,safety_equipment_type,safety_equipment_usage,holiday_name,is_holiday
2815,201600001716,2016,11,18,Twilight_or_dawn,Out_of_agglomeration,Out_of_intersection,Light_rain,Multiple_three_plus,Manual_entry,5.20318,46.20848,True,2016-11-18,9,35,09:35,Morning,False,Autumn,2.0,0.0,82.0,Departmental_road,Bidirectional,Unknown,Flat,Curve_left,Wet,Unknown,On_road,Unknown,A01,Other/Unknown,Car(Quad/Passenger),Cyclist,Front,Avoiding_obstacle,0,1978.0,Female,Driver,Injured_Slight,Driver_seat,Leisure,Not_pedestrian,Unknown,Not_pedestrian,Seat_belt,Used,Not a holiday,0
2816,201600001716,2016,11,18,Twilight_or_dawn,Out_of_agglomeration,Out_of_intersection,Light_rain,Multiple_three_plus,Manual_entry,5.20318,46.20848,True,2016-11-18,9,35,09:35,Morning,False,Autumn,2.0,0.0,82.0,Departmental_road,Bidirectional,Unknown,Flat,Curve_left,Wet,Unknown,On_road,Unknown,B01,Opposite_direction,Car(Quad/Passenger),Cyclist,Front_left,None,0,1946.0,Male,Driver,Uninjured,Driver_seat,Leisure,Not_pedestrian,Unknown,Not_pedestrian,Seat_belt,Used,Not a holiday,0
2817,201600001716,2016,11,18,Twilight_or_dawn,Out_of_agglomeration,Out_of_intersection,Light_rain,Multiple_three_plus,Manual_entry,5.20318,46.20848,True,2016-11-18,9,35,09:35,Morning,False,Autumn,2.0,0.0,82.0,Departmental_road,Bidirectional,Unknown,Flat,Curve_left,Wet,Unknown,On_road,Unknown,C01,Opposite_direction,Car(Quad/Passenger),Cyclist,Front,Straight_ahead,0,1960.0,Male,Driver,Injured_Slight,Driver_seat,Professional use,Not_pedestrian,Unknown,Not_pedestrian,Seat_belt,Used,Not a holiday,0
2818,201600001717,2016,11,20,Daylight,Built_up_area,Out_of_intersection,Normal,Side_two_vehicles,Manual_entry,5.13391,46.11429,True,2016-11-20,10,35,10:35,Morning,True,Autumn,3.0,0.0,0.0,Communal_way,Bidirectional,Unknown,Flat,Straight,Normal,Unknown,On_road,Near_school,A01,Opposite_direction,Motorcycle,Cyclist,Left_side,other,0,1952.0,Male,Driver,Injured_Hospitalized,Driver_seat,Leisure,Not_pedestrian,Unknown,Not_pedestrian,Helmet,Used,Not a holiday,0
2819,201600001717,2016,11,20,Daylight,Built_up_area,Out_of_intersection,Normal,Side_two_vehicles,Manual_entry,5.13391,46.11429,True,2016-11-20,10,35,10:35,Morning,True,Autumn,3.0,0.0,0.0,Communal_way,Bidirectional,Unknown,Flat,Straight,Normal,Unknown,On_road,Near_school,B01,Opposite_direction,Car(Quad/Passenger),Cyclist,Right_side,Roundabout,0,1947.0,Male,Driver,Uninjured,Driver_seat,Leisure,Not_pedestrian,Unknown,Not_pedestrian,Seat_belt,Used,Not a holiday,0
2820,201600001718,2016,11,21,Daylight,Out_of_agglomeration,Intersection_X,Normal,Side_two_vehicles,Manual_entry,5.22066,46.16483,True,2016-11-21,14,0,14:00,Afternoon,False,Autumn,2.0,0.0,0.0,Communal_way,Bidirectional,Unknown,Flat,Straight,Normal,Unknown,On_road,Unknown,B01,Same_direction,Car(Quad/Passenger),Cyclist,Front,Straight_ahead,0,1986.0,Female,Driver,Injured_Slight,Driver_seat,Unknown,Not_pedestrian,Unknown,Not_pedestrian,Seat_belt,Used,Not a holiday,0
2821,201600001718,2016,11,21,Daylight,Out_of_agglomeration,Intersection_X,Normal,Side_two_vehicles,Manual_entry,5.22066,46.16483,True,2016-11-21,14,0,14:00,Afternoon,False,Autumn,2.0,0.0,0.0,Communal_way,Bidirectional,Unknown,Flat,Straight,Normal,Unknown,On_road,Unknown,A01,Same_direction,Car(Quad/Passenger),Cyclist,Front_right,Straight_ahead,0,1968.0,Female,Driver,Injured_Slight,Driver_seat,Professional use,Not_pedestrian,Unknown,Not_pedestrian,Seat_belt,Used,Not a holiday,0
2822,201600001719,2016,11,26,Night_with_public_lighting_on,Built_up_area,Intersection_T,Normal,Side_two_vehicles,Manual_entry,5.21871,46.20019,True,2016-11-26,21,28,21:28,Night,True,Autumn,2.0,0.0,100.0,Communal_way,Bidirectional,Unknown,Flat,Straight,Normal,Roundabout,On_road,Unknown,A01,Opposite_direction,Car(Quad/Passenger),Cyclist,Front,Roundabout,0,1981.0,Male,Driver,Uninjured,Driver_seat,Professional use,Not_pedestrian,Unknown,Not_pedestrian,Seat_belt,Used,Not a holiday,0
2823,201600001719,2016,11,26,Night_with_public_lighting_on,Built_up_area,Intersection_T,Normal,Side_two_vehicles,Manual_entry,5.21871,46.20019,True,2016-11-26,21,28,21:28,Night,True,Autumn,2.0,0.0,100.0,Communal_way,Bidirectional,Unknown,Flat,Straight,Normal,Roundabout,On_road,Unknown,B01,Other/Unknown,Cycle,Cyclist,Front_left,Straight_ahead,0,1986.0,Male,Driver,Injured_Hospitalized,Driver_seat,Leisure,Not_pedestrian,Unknown,Not_pedestrian,Helmet,Used,Not a holiday,0
2824,201600001720,2016,11,30,Daylight,Built_up_area,Intersection_X,Normal,Side_two_vehicles,Manual_entry,5.21043,46.19683,True,2016-11-30,9,8,09:08,Morning,False,Autumn,2.0,0.0,0.0,Communal_way,Bidirectional,Unknown,Unknown,Unknown,Unknown,Unknown,On_road,Not_near_school,B01,Opposite_direction,Car(Quad/Passenger),None,No_impact,None,0,1987.0,Female,Driver,Injured_Slight,Driver_seat,Leisure,Not_pedestrian,Unknown,Not_pedestrian,Seat_belt,Used,Not a holiday,0
2825,201600001720,2016,11,30,Daylight,Built_up_area,Intersection_X,Normal,Side_two_vehicles,Manual_entry,5.21043,46.19683,True,2016-11-30,9,8,09:08,Morning,False,Autumn,2.0,0.0,0.0,Communal_way,Bidirectional,Unknown,Unknown,Unknown,Unknown,Unknown,On_road,Not_near_school,A01,Opposite_direction,Car(Quad/Passenger),None,No_impact,None,0,1995.0,Male,Driver,Injured_Slight,Driver_seat,Home-work,Not_pedestrian,Unknown,Not_pedestrian,Seat_belt,Used,Not a holiday,0
2826,201600001721,2016,12,1,Night_with_public_lighting_on,Built_up_area,Out_of_intersection,Normal,Other_collision,Manual_entry,5.22657,46.20026,True,2016-12-01,22,55,22:55,Night,False,Winter,2.0,0.0,70.0,Departmental_road,One_way,Unknown,Flat,Curve_left,Normal,Unknown,On_sidewalk,Near_school,A01,Opposite_direction,Car(Quad/Passenger),None,Left_side,Turning,0,1996.0,Male,Driver,Injured_Slight,Driver_seat,Leisure,Not_pedestrian,Unknown,Not_pedestrian,Seat_belt,Undetermined,Not a holiday,0
2827,201600001722,2016,11,24,Daylight,Built_up_area,Intersection_X,Normal,Other_collision,Manual_entry,5.22775,46.20952,True,2016-11-24,11,5,11:05,Morning,False,Autumn,5.0,5.0,50.0,Communal_way,Bidirectional,Unknown,Flat,Straight,Normal,Unknown,On_road,Unknown,A01,Opposite_direction,Car(Quad/Passenger),Pedestrian,No_impact,None,0,1985.0,Female,Driver,Uninjured,Driver_seat,Leisure,Not_pedestrian,Unknown,Not_pedestrian,Seat_belt,Used,Not a holiday,0
2828,201600001723,2016,12,12,Daylight,Built_up_area,Out_of_intersection,Cloudy,Other_collision,Manual_entry,5.23612,46.20562,True,2016-12-12,8,50,08:50,Morning,False,Winter,2.0,10.0,70.0,Communal_way,Bidirectional,Unknown,Flat,Straight,Normal,Unknown,On_road,Near_school,A01,Other/Unknown,Car(Quad/Passenger),Cyclist,Left_side,other,0,1980.0,Female,Driver,Uninjured,Driver_seat,Home-school,Not_pedestrian,Unknown,Not_pedestrian,Seat_belt,Used,Not a holiday,0
2829,201600001723,2016,12,12,Daylight,Built_up_area,Out_of_intersection,Cloudy,Other_collision,Manual_entry,5.23612,46.20562,True,2016-12-12,8,50,08:50,Morning,False,Winter,2.0,10.0,70.0,Communal_way,Bidirectional,Unknown,Flat,Straight,Normal,Unknown,On_road,Near_school,B01,Other/Unknown,Cycle,Cyclist,Front,Emergency_manoeuvre,0,1998.0,Male,Driver,Injured_Slight,Driver_seat,Home-school,Not_pedestrian,Unknown,Not_pedestrian,Helmet,Not_used,Not a holiday,0
2830,201600001724,2016,12,15,Daylight,Built_up_area,Out_of_intersection,Normal,Frontal_two_vehicles,Manual_entry,5.23752,46.20897,True,2016-12-15,12,40,12:40,Afternoon,False,Winter,4.0,0.0,0.0,Communal_way,Bidirectional,Bike_path,Flat,Straight,Normal,Unknown,On_bike_path,Unknown,A01,Opposite_direction,Cycle,Cyclist,Front_left,Roundabout,0,,,,,,,,,,,,Not a holiday,0
2831,201600001724,2016,12,15,Daylight,Built_up_area,Out_of_intersection,Normal,Frontal_two_vehicles,Manual_entry,5.23752,46.20897,True,2016-12-15,12,40,12:40,Afternoon,False,Winter,4.0,0.0,0.0,Communal_way,Bidirectional,Bike_path,Flat,Straight,Normal,Unknown,On_bike_path,Unknown,B01,Opposite_direction,Cycle,Cyclist,Front,Straight_ahead,0,1960.0,Male,Driver,Injured_Slight,Driver_seat,Home-work,Not_pedestrian,Unknown,Not_pedestrian,Helmet,Not_used,Not a holiday,0
2832,201600001725,2016,1,8,Night_with_public_lighting_not_functioning,Built_up_area,Out_of_intersection,Normal,Other_collision,Manual_entry,0.0165,48.46999,True,2016-01-08,23,30,23:30,Night,False,Winter,2.0,0.0,60.0,Departmental_road,Bidirectional,Unknown,Flat,S-bend,Wet,Unknown,On_sidewalk,Unknown,A01,Other/Unknown,Motorcycle,None,Front,Straight_ahead,0,1985.0,Male,Driver,Injured_Hospitalized,Driver_seat,Leisure,Not_pedestrian,Unknown,Not_pedestrian,Helmet,Used,Not a holiday,0
2833,201600001726,2016,5,29,Daylight,Out_of_agglomeration,Intersection_T,Light_rain,Rear_end_two_vehicles,Manual_entry,-0.09698,48.46714,True,2016-05-29,12,30,12:30,Afternoon,True,Spring,4.0,10.0,140.0,National_road,Separated_carriageways,Unknown,Hill_bottom,Straight,Wet,Unknown,On_road,Unknown,A01,Other/Unknown,Car(Quad/Passenger),Cyclist,Front,Straight_ahead,0,1934.0,Male,Driver,Injured_Hospitalized,Driver_seat,Leisure,Not_pedestrian,Unknown,Not_pedestrian,Seat_belt,Used,Not a holiday,0
2834,201600001726,2016,5,29,Daylight,Out_of_agglomeration,Intersection_T,Light_rain,Rear_end_two_vehicles,Manual_entry,-0.09698,48.46714,True,2016-05-29,12,30,12:30,Afternoon,True,Spring,4.0,10.0,140.0,National_road,Separated_carriageways,Unknown,Hill_bottom,Straight,Wet,Unknown,On_road,Unknown,B02,Other/Unknown,Car(Quad/Passenger),Cyclist,Rear_right,Roundabout,0,1939.0,Male,Driver,Injured_Hospitalized,Driver_seat,Leisure,Not_pedestrian,Unknown,Not_pedestrian,Seat_belt,Used,Not a holiday,0
2835,201600001727,2016,10,13,Daylight,Out_of_agglomeration,Out_of_intersection,Normal,Other_collision,Manual_entry,0.0078,48.53675,True,2016-10-13,8,0,08:00,Morning,False,Autumn,2.0,,,Departmental_road,Bidirectional,Unknown,Slope,Curve_right,Normal,Unknown,On_verge,Not_near_school,A01,Other/Unknown,Utility(Truck/Agri),Unknown,Front,Turning,0,1973.0,Male,Driver,Injured_Hospitalized,Driver_seat,Professional use,Not_pedestrian,Unknown,Not_pedestrian,Seat_belt,Used,Not a holiday,0
2836,201600001728,2016,11,24,Daylight,Out_of_agglomeration,Out_of_intersection,Normal,Other_collision,Manual_entry,-0.0905,48.54775,True,2016-11-24,17,0,17:00,Evening,False,Autumn,2.0,0.0,35.0,Departmental_road,Bidirectional,Unknown,Flat,Straight,Normal,Unknown,On_road,Unknown,A01,Opposite_direction,Motorcycle,None,Left_side,Straight_ahead,0,1964.0,Male,Driver,Killed,Driver_seat,Leisure,Not_pedestrian,Unknown,Not_pedestrian,Helmet,Not_used,Not a holiday,0
2837,201600001729,2016,2,4,Daylight,Out_of_agglomeration,Out_of_intersection,Light_rain,Frontal_two_vehicles,Manual_entry,0.36406,48.52102,True,2016-02-04,15,45,15:45,Afternoon,False,Winter,2.0,0.0,70.0,Departmental_road,Bidirectional,Unknown,Flat,Curve_right,Wet,Unknown,On_road,Not_near_school,B02,Opposite_direction,Car(Quad/Passenger),Cyclist,Front,Straight_ahead,0,1969.0,Male,Driver,Uninjured,Driver_seat,Leisure,Not_pedestrian,Unknown,Not_pedestrian,Seat_belt,Used,Not a holiday,0
2838,201600001729,2016,2,4,Daylight,Out_of_agglomeration,Out_of_intersection,Light_rain,Frontal_two_vehicles,Manual_entry,0.36406,48.52102,True,2016-02-04,15,45,15:45,Afternoon,False,Winter,2.0,0.0,70.0,Departmental_road,Bidirectional,Unknown,Flat,Curve_right,Wet,Unknown,On_road,Not_near_school,A01,Other/Unknown,Car(Quad/Passenger),Cyclist,Right_side,Avoiding_obstacle,0,1988.0,Male,Driver,Injured_Hospitalized,Driver_seat,Leisure,Not_pedestrian,Unknown,Not_pedestrian,Seat_belt,Used,Not a holiday,0
2839,201600001730,2016,6,9,Daylight,Out_of_agglomeration,Out_of_intersection,Normal,Frontal_two_vehicles,Manual_entry,0.15872,48.58954,True,2016-06-09,12,15,12:15,Afternoon,False,Summer,2.0,0.0,39.0,Communal_way,Bidirectional,Unknown,Flat,Straight,Normal,Unknown,On_road,Unknown,A01,Opposite_direction,Car(Quad/Passenger),Cyclist,Right_side,Straight_ahead,0,1991.0,Male,Driver,Uninjured,Driver_seat,Professional use,Not_pedestrian,Unknown,Not_pedestrian,Seat_belt,Used,Not a holiday,0
2840,201600001730,2016,6,9,Daylight,Out_of_agglomeration,Out_of_intersection,Normal,Frontal_two_vehicles,Manual_entry,0.15872,48.58954,True,2016-06-09,12,15,12:15,Afternoon,False,Summer,2.0,0.0,39.0,Communal_way,Bidirectional,Unknown,Flat,Straight,Normal,Unknown,On_road,Unknown,B02,Other/Unknown,Car(Quad/Passenger),Cyclist,Right_side,Straight_ahead,0,1981.0,Male,Driver,Injured_Hospitalized,Driver_seat,other,Not_pedestrian,Unknown,Not_pedestrian,Seat_belt,Used,Not a holiday,0
2841,201600001731,2016,7,12,Daylight,Built_up_area,Roundabout,Normal,Other_collision,Manual_entry,0.18583,48.60661,True,2016-07-12,10,0,10:00,Morning,False,Summer,2.0,0.0,0.0,Departmental_road,Bidirectional,Unknown,Flat,Curve_right,Normal,Roundabout,On_road,Not_near_school,A01,Opposite_direction,Utility(Truck/Agri),Pedestrian,Front,Park/Start/Stop,0,1983.0,Male,Driver,Uninjured,Driver_seat,Professional use,Not_pedestrian,Unknown,Not_pedestrian,Seat_belt,Used,Not a holiday,0
2842,201600001732,2016,9,3,Night_without_public_lighting,Out_of_agglomeration,Roundabout,Normal,Other_collision,Manual_entry,0.3448,48.59623,True,2016-09-03,21,30,21:30,Night,True,Autumn,2.0,,,Departmental_road,Bidirectional,Unknown,Flat,Straight,Normal,Roundabout,On_road,Unknown,A01,Other/Unknown,other,None,Front,Straight_ahead,0,1955.0,Male,Driver,Injured_Hospitalized,Driver_seat,Leisure,Not_pedestrian,Unknown,Not_pedestrian,other,Used,Not a holiday,0
2843,201600001733,2016,10,15,Daylight,Built_up_area,Intersection_T,Light_rain,Other_collision,Manual_entry,0.18046,48.60579,True,2016-10-15,9,45,09:45,Morning,True,Autumn,2.0,0.0,63.0,Departmental_road,Bidirectional,Unknown,Flat,Straight,Wet,Unknown,On_road,Near_school,A01,Opposite_direction,Car(Quad/Passenger),Pedestrian,Front_right,Straight_ahead,0,1944.0,Female,Driver,Uninjured,Driver_seat,Shopping,Not_pedestrian,Unknown,Not_pedestrian,Seat_belt,Used,Not a holiday,0
2844,201600001734,2016,11,15,Night_without_public_lighting,Out_of_agglomeration,Out_of_intersection,Fog_or_smoke,No_collision,Manual_entry,0.31447,48.6555,True,2016-11-15,18,45,18:45,Evening,False,Autumn,2.0,0.0,0.0,Departmental_road,Bidirectional,Unknown,Flat,Straight,Wet,Unknown,On_road,Unknown,A01,Other/Unknown,Car(Quad/Passenger),None,Front_right,Straight_ahead,0,1995.0,Female,Driver,Injured_Slight,Driver_seat,Home-work,Not_pedestrian,Unknown,Not_pedestrian,Seat_belt,Used,Not a holiday,0
2845,201600001735,2016,1,9,Night_with_public_lighting_on,Built_up_area,Intersection_T,Light_rain,Other_collision,Manual_entry,-0.17156,48.82128,True,2016-01-09,21,15,21:15,Night,True,Winter,2.0,0.0,50.0,Departmental_road,Bidirectional,Unknown,Flat,Straight,Wet,Unknown,On_verge,Not_near_school,A01,Other/Unknown,Car(Quad/Passenger),None,Right_side,Interaction,0,1985.0,Male,Driver,Injured_Hospitalized,Driver_seat,Home-work,Not_pedestrian,Unknown,Not_pedestrian,Seat_belt,Used,Not a holiday,0
2846,201600001736,2016,4,12,Daylight,Out_of_agglomeration,Out_of_intersection,Dazzling,Rear_end_two_vehicles,Manual_entry,-0.06127,48.77312,True,2016-04-12,7,45,07:45,Morning,False,Spring,2.0,0.0,89.0,Departmental_road,Bidirectional,Unknown,Slope,Straight,Normal,Unknown,On_road,Near_school,A01,Other/Unknown,Utility(Truck/Agri),Cyclist,Front,Straight_ahead,0,1964.0,Male,Driver,Injured_Slight,Driver_seat,Professional use,Not_pedestrian,Unknown,Not_pedestrian,Seat_belt,Used,Not a holiday,0
2847,201600001736,2016,4,12,Daylight,Out_of_agglomeration,Out_of_intersection,Dazzling,Rear_end_two_vehicles,Manual_entry,-0.06127,48.77312,True,2016-04-12,7,45,07:45,Morning,False,Spring,2.0,0.0,89.0,Departmental_road,Bidirectional,Unknown,Slope,Straight,Normal,Unknown,On_road,Near_school,B02,Other/Unknown,Motorcycle,Pedestrian,Rear_right,other,0,1974.0,Male,Driver,Uninjured,Driver_seat,Professional use,Not_pedestrian,Unknown,Not_pedestrian,Seat_belt,Used,Not a holiday,0
2848,201600001737,2016,5,5,Twilight_or_dawn,Out_of_agglomeration,Out_of_intersection,Dazzling,Other_collision,Manual_entry,0.06667,48.75588,True,2016-05-05,6,45,06:45,Morning,False,Spring,2.0,0.0,55.0,Departmental_road,Bidirectional,Unknown,Flat,Curve_left,Wet,Unknown,On_verge,Not_near_school,A01,Other/Unknown,Car(Quad/Passenger),None,Front,Straight_ahead,0,1990.0,Male,Driver,Injured_Hospitalized,Driver_seat,Leisure,Not_pedestrian,Unknown,Not_pedestrian,Seat_belt,Used,Ascension Thursday,1
2849,201600001738,2016,7,8,Daylight,Out_of_agglomeration,Out_of_intersection,Normal,Other_collision,Manual_entry,-0.35876,48.77279,True,2016-07-08,19,30,19:30,Evening,False,Summer,2.0,0.0,0.0,Departmental_road,Bidirectional,Unknown,Flat,Straight,Normal,Unknown,On_verge,Unknown,A01,Other/Unknown,Car(Quad/Passenger),Train,Right_side,Straight_ahead,0,1957.0,Male,Driver,Injured_Hospitalized,Driver_seat,Shopping,Not_pedestrian,Unknown,Not_pedestrian,Seat_belt,Used,Not a holiday,0
2850,201600001739,2016,7,9,Daylight,Out_of_agglomeration,Intersection_X,Normal,Side_two_vehicles,Manual_entry,0.07687,48.79469,True,2016-07-09,18,0,18:00,Evening,True,Summer,2.0,0.0,63.0,Departmental_road,Bidirectional,Unknown,Flat,Straight,Normal,Unknown,On_road,Unknown,B02,Opposite_direction,Car(Quad/Passenger),Cyclist,Front_right,Straight_ahead,0,1991.0,Male,Driver,Uninjured,Driver_seat,Leisure,Not_pedestrian,Unknown,Not_pedestrian,Seat_belt,Used,Not a holiday,0
2851,201600001739,2016,7,9,Daylight,Out_of_agglomeration,Intersection_X,Normal,Side_two_vehicles,Manual_entry,0.07687,48.79469,True,2016-07-09,18,0,18:00,Evening,True,Summer,2.0,0.0,63.0,Departmental_road,Bidirectional,Unknown,Flat,Straight,Normal,Unknown,On_road,Unknown,A01,Opposite_direction,Car(Quad/Passenger),Cyclist,Right_side,Loss_of_control,0,1943.0,Female,Driver,Injured_Hospitalized,Driver_seat,Leisure,Not_pedestrian,Unknown,Not_pedestrian,Seat_belt,Used,Not a holiday,0
2852,201600001740,2016,8,12,Daylight,Out_of_agglomeration,Intersection_X,Normal,Side_two_vehicles,Manual_entry,-0.11457,48.69125,True,2016-08-12,14,30,14:30,Afternoon,False,Summer,2.0,0.0,59.0,Departmental_road,Bidirectional,Unknown,Flat,Straight,Normal,Unknown,On_road,Unknown,A01,Opposite_direction,Car(Quad/Passenger),Cyclist,Front_right,Straight_ahead,0,1934.0,Female,Driver,Injured_Slight,Driver_seat,Leisure,Not_pedestrian,Unknown,Not_pedestrian,Seat_belt,Used,Not a holiday,0
2853,201600001740,2016,8,12,Daylight,Out_of_agglomeration,Intersection_X,Normal,Side_two_vehicles,Manual_entry,-0.11457,48.69125,True,2016-08-12,14,30,14:30,Afternoon,False,Summer,2.0,0.0,59.0,Departmental_road,Bidirectional,Unknown,Flat,Straight,Normal,Unknown,On_road,Unknown,B02,Other/Unknown,Car(Quad/Passenger),Cyclist,Right_side,Loss_of_control,0,1973.0,Male,Driver,Uninjured,Driver_seat,Leisure,Not_pedestrian,Unknown,Not_pedestrian,Seat_belt,Used,Not a holiday,0
2854,201600001741,2016,8,17,Daylight,Out_of_agglomeration,Out_of_intersection,Normal,Other_collision,Manual_entry,-0.27096,48.72365,True,2016-08-17,15,15,15:15,Afternoon,False,Summer,2.0,0.0,0.0,Departmental_road,Bidirectional,Unknown,Flat,Curve_right,Normal,Unknown,On_road,Not_near_school,A01,Opposite_direction,Car(Quad/Passenger),None,Multiple impacts,Straight_ahead,0,1986.0,Male,Driver,Injured_Hospitalized,Driver_seat,Leisure,Not_pedestrian,Unknown,Not_pedestrian,Seat_belt,Used,Not a holiday,0
2855,201600001742,2016,8,19,Daylight,Out_of_agglomeration,Out_of_intersection,Normal,Other_collision,Manual_entry,0.07692,48.80841,True,2016-08-19,10,30,10:30,Morning,False,Summer,2.0,0.0,0.0,Communal_way,Bidirectional,Unknown,Flat,Straight,Normal,Unknown,On_verge,Unknown,A01,Same_direction,Cycle,None,Front,Turning,0,1982.0,Male,Driver,Injured_Hospitalized,Driver_seat,Leisure,Not_pedestrian,Unknown,Not_pedestrian,Helmet,Used,Not a holiday,0
2856,201600001743,2016,11,20,Night_without_public_lighting,Out_of_agglomeration,Out_of_intersection,Heavy_rain,Other_collision,Manual_entry,-0.14135,48.70969,True,2016-11-20,19,45,19:45,Evening,True,Autumn,2.0,0.0,76.0,Departmental_road,Bidirectional,Unknown,Flat,Curve_right,Wet,Unknown,On_road,Unknown,A01,Other/Unknown,Car(Quad/Passenger),None,Front,Straight_ahead,0,1986.0,Male,Driver,Injured_Hospitalized,Driver_seat,Shopping,Not_pedestrian,Unknown,Not_pedestrian,Seat_belt,Used,Not a holiday,0
2857,201600001744,2016,12,17,Night_without_public_lighting,Out_of_agglomeration,Out_of_intersection,Fog_or_smoke,Frontal_two_vehicles,Manual_entry,-0.00331,48.76496,True,2016-12-17,23,45,23:45,Night,True,Winter,2.0,0.0,72.0,Departmental_road,Bidirectional,Unknown,Flat,Curve_right,Wet,Unknown,On_road,Unknown,A01,Opposite_direction,Car(Quad/Passenger),Cyclist,Rear,Avoiding_obstacle,0,1994.0,Female,Driver,Uninjured,Driver_seat,Leisure,Not_pedestrian,Unknown,Not_pedestrian,Seat_belt,Used,Not a holiday,0
2858,201600001744,2016,12,17,Night_without_public_lighting,Out_of_agglomeration,Out_of_intersection,Fog_or_smoke,Frontal_two_vehicles,Manual_entry,-0.00331,48.76496,True,2016-12-17,23,45,23:45,Night,True,Winter,2.0,0.0,72.0,Departmental_road,Bidirectional,Unknown,Flat,Curve_right,Wet,Unknown,On_road,Unknown,B02,Other/Unknown,Car(Quad/Passenger),Cyclist,Front,Straight_ahead,0,1959.0,Female,Driver,Uninjured,Driver_seat,Leisure,Not_pedestrian,Unknown,Not_pedestrian,Seat_belt,Used,Not a holiday,0
2859,201600001745,2016,2,11,Daylight,Out_of_agglomeration,Out_of_intersection,Normal,Frontal_two_vehicles,Manual_entry,0.19275,48.69784,True,2016-02-11,8,0,08:00,Morning,False,Winter,0.0,0.0,50.0,Departmental_road,Bidirectional,Unknown,Flat,Straight,Icy,Unknown,On_road,Unknown,A01,Opposite_direction,Utility(Truck/Agri),Cyclist,Front_left,Avoiding_obstacle,0,1994.0,Male,Driver,Killed,Driver_seat,Home-work,Not_pedestrian,Unknown,Not_pedestrian,Seat_belt,Used,Not a holiday,0
2860,201600001745,2016,2,11,Daylight,Out_of_agglomeration,Out_of_intersection,Normal,Frontal_two_vehicles,Manual_entry,0.19275,48.69784,True,2016-02-11,8,0,08:00,Morning,False,Winter,0.0,0.0,50.0,Departmental_road,Bidirectional,Unknown,Flat,Straight,Icy,Unknown,On_road,Unknown,B02,Other/Unknown,Bus/Coach,Cyclist,Front,other,0,1962.0,Male,Driver,Uninjured,Driver_seat,Professional use,Not_pedestrian,Unknown,Not_pedestrian,Seat_belt,Used,Not a holiday,0
2861,201600001746,2016,2,11,Daylight,Out_of_agglomeration,Out_of_intersection,Normal,Frontal_two_vehicles,Manual_entry,0.34487,48.68375,True,2016-02-11,12,15,12:15,Afternoon,False,Winter,0.0,0.0,40.0,Departmental_road,Bidirectional,Unknown,Flat,Curve_right,Wet,Unknown,On_road,Unknown,B02,Other/Unknown,Car(Quad/Passenger),Cyclist,Right_side,Straight_ahead,0,1990.0,Male,Driver,Injured_Hospitalized,Driver_seat,other,Not_pedestrian,Unknown,Not_pedestrian,Seat_belt,Used,Not a holiday,0
2862,201600001746,2016,2,11,Daylight,Out_of_agglomeration,Out_of_intersection,Normal,Frontal_two_vehicles,Manual_entry,0.34487,48.68375,True,2016-02-11,12,15,12:15,Afternoon,False,Winter,0.0,0.0,40.0,Departmental_road,Bidirectional,Unknown,Flat,Curve_right,Wet,Unknown,On_road,Unknown,A01,Opposite_direction,Utility(Truck/Agri),Cyclist,Front_left,Straight_ahead,0,1990.0,Male,Driver,Uninjured,Driver_seat,Home-work,Not_pedestrian,Unknown,Not_pedestrian,Seat_belt,Used,Not a holiday,0
2863,201600001747,2016,4,6,Daylight,Out_of_agglomeration,Out_of_intersection,Light_rain,Side_two_vehicles,Manual_entry,0.23063,48.72001,True,2016-04-06,14,0,14:00,Afternoon,False,Spring,0.0,0.0,0.0,Departmental_road,Bidirectional,Unknown,Flat,Straight,Wet,Unknown,On_road,Not_near_school,A01,Other/Unknown,Car(Quad/Passenger),Cyclist,Front_left,Roundabout,0,1977.0,Male,Driver,Uninjured,Driver_seat,Home-work,Not_pedestrian,Unknown,Not_pedestrian,Seat_belt,Used,Not a holiday,0
2864,201600001747,2016,4,6,Daylight,Out_of_agglomeration,Out_of_intersection,Light_rain,Side_two_vehicles,Manual_entry,0.23063,48.72001,True,2016-04-06,14,0,14:00,Afternoon,False,Spring,0.0,0.0,0.0,Departmental_road,Bidirectional,Unknown,Flat,Straight,Wet,Unknown,On_road,Not_near_school,B02,Other/Unknown,Motorcycle,Cyclist,Left_side,other,0,1953.0,Male,Driver,Uninjured,Driver_seat,Leisure,Not_pedestrian,Unknown,Not_pedestrian,Helmet,Used,Not a holiday,0
2865,201600001748,2016,5,28,Daylight,Out_of_agglomeration,Out_of_intersection,Normal,Other_collision,Manual_entry,0.19462,48.80191,True,2016-05-28,17,0,17:00,Evening,True,Spring,2.0,0.0,55.0,Departmental_road,Bidirectional,Unknown,Flat,Curve_left,Normal,Unknown,On_verge,Unknown,A01,Other/Unknown,Car(Quad/Passenger),None,Front,Turning,0,1941.0,Male,Driver,Injured_Slight,Driver_seat,Leisure,Not_pedestrian,Unknown,Not_pedestrian,Seat_belt,Used,Not a holiday,0