,accident_id,year,month,day,lighting_label,urban_label,intersection_label,weather_label,collision_label,gps_label,longitude_num,latitude_num,valid_geo,date,hour,minute,time_hhmm,time_of_day,is_weekend,season,num_lanes,pedestrian_crossing_width,road_width,road_category_label,traffic_regime_label,reserved_lane_label,road_profile_label,road_layout_label,surface_condition_label,infrastructure_label,situation_label,school_zone_label,vehicle_id,traffic_direction_label,vehicle_category_label,mobile_obstacle_label,impact_point_label,manoeuvre_label,occupants_group,birth_year,sex_label,user_category_label,injury_severity_label,seat_position_label,journey_purpose_label,pedestrian_location_label,pedestrian_action_label,pedestrian_state_label,safety_equipment_type,safety_equipment_usage,holiday_name,is_holiday
2866,201600001749,2016,6,20,Daylight,Out_of_agglomeration,Out_of_intersection,Light_rain,Other_collision,Manual_entry,0.17263,48.80271,True,2016-06-20,17,0,17:00,Evening,False,Summer,2.0,0.0,60.0,Departmental_road,Bidirectional,Unknown,Slope,Curve_right,Wet,Unknown,On_verge,Unknown,A01,Opposite_direction,Car(Quad/Passenger),None,Left_side,Avoiding_obstacle,0,1987.0,Male,Driver,Killed,Driver_seat,Leisure,Not_pedestrian,Unknown,Not_pedestrian,Seat_belt,Used,Not a holiday,0
2867,201600001750,2016,7,12,Daylight,Out_of_agglomeration,Out_of_intersection,Normal,Other_collision,Manual_entry,0.26451,48.78896,True,2016-07-12,13,0,13:00,Afternoon,False,Summer,2.0,0.0,0.0,Departmental_road,Bidirectional,Unknown,Hilltop,Curve_left,Normal,Unknown,On_verge,Not_near_school,A01,Opposite_direction,Car(Quad/Passenger),None,Front,Turning,0,1962.0,Male,Driver,Injured_Hospitalized,Driver_seat,other,Not_pedestrian,Unknown,Not_pedestrian,Seat_belt,Undetermined,Not a holiday,0
2868,201600001751,2016,8,9,Daylight,Out_of_agglomeration,Out_of_intersection,Normal,Frontal_two_vehicles,Manual_entry,0.40278,48.71103,True,2016-08-09,19,15,19:15,Evening,False,Summer,2.0,0.0,0.0,Departmental_road,Bidirectional,Unknown,Slope,Straight,Normal,Unknown,On_road,Unknown,A01,Opposite_direction,Car(Quad/Passenger),Cyclist,Right_side,Interaction,0,1964.0,Female,Driver,Uninjured,Driver_seat,Unknown,Not_pedestrian,Unknown,Not_pedestrian,Seat_belt,Used,Not a holiday,0
2869,201600001751,2016,8,9,Daylight,Out_of_agglomeration,Out_of_intersection,Normal,Frontal_two_vehicles,Manual_entry,0.40278,48.71103,True,2016-08-09,19,15,19:15,Evening,False,Summer,2.0,0.0,0.0,Departmental_road,Bidirectional,Unknown,Slope,Straight,Normal,Unknown,On_road,Unknown,B02,Other/Unknown,Motorcycle,Cyclist,Front_left,Straight_ahead,0,1987.0,Male,Driver,Injured_Hospitalized,Driver_seat,Unknown,Not_pedestrian,Unknown,Not_pedestrian,Helmet,Used,Not a holiday,0
2870,201600001752,2016,9,27,Daylight,Out_of_agglomeration,Out_of_intersection,Normal,Frontal_two_vehicles,Manual_entry,0.2752,48.72218,True,2016-09-27,16,15,16:15,Afternoon,False,Autumn,2.0,0.0,80.0,Departmental_road,Bidirectional,Unknown,Hill_bottom,Straight,Normal,Unknown,On_road,Unknown,A01,Opposite_direction,Car(Quad/Passenger),Cyclist,Right_side,Straight_ahead,0,1992.0,Male,Driver,Injured_Hospitalized,Driver_seat,Unknown,Not_pedestrian,Unknown,Not_pedestrian,Seat_belt,Used,Not a holiday,0
2871,201600001752,2016,9,27,Daylight,Out_of_agglomeration,Out_of_intersection,Normal,Frontal_two_vehicles,Manual_entry,0.2752,48.72218,True,2016-09-27,16,15,16:15,Afternoon,False,Autumn,2.0,0.0,80.0,Departmental_road,Bidirectional,Unknown,Hill_bottom,Straight,Normal,Unknown,On_road,Unknown,B02,Other/Unknown,Utility(Truck/Agri),Cyclist,Right_side,other,0,1995.0,Male,Driver,Injured_Slight,Driver_seat,Professional use,Not_pedestrian,Unknown,Not_pedestrian,Seat_belt,Used,Not a holiday,0
2872,201600001753,2016,1,10,Night_without_public_lighting,Out_of_agglomeration,Out_of_intersection,Normal,Other_collision,Manual_entry,-0.59366,48.66737,True,2016-01-10,2,15,02:15,Night,True,Winter,2.0,0.0,69.0,Departmental_road,Bidirectional,Unknown,Slope,Curve_left,Normal,Unknown,On_verge,Not_near_school,A01,Opposite_direction,Utility(Truck/Agri),None,Front,Turning,0,1963.0,Male,Driver,Injured_Hospitalized,Driver_seat,Leisure,Not_pedestrian,Unknown,Not_pedestrian,Seat_belt,Used,Not a holiday,0
2873,201600001754,2016,1,22,Twilight_or_dawn,Built_up_area,Out_of_intersection,Heavy_rain,Other_collision,Manual_entry,-0.64589,48.5918,True,2016-01-22,8,30,08:30,Morning,False,Winter,2.0,0.0,70.0,Departmental_road,Bidirectional,Unknown,Flat,Straight,Wet,Unknown,On_road,Near_school,A01,Opposite_direction,Utility(Truck/Agri),Pedestrian,Front,Straight_ahead,0,1957.0,Male,Driver,Uninjured,Driver_seat,Leisure,Not_pedestrian,Unknown,Not_pedestrian,Seat_belt,Used,Not a holiday,0
2874,201600001755,2016,2,26,Night_without_public_lighting,Out_of_agglomeration,Out_of_intersection,Normal,No_collision,Manual_entry,-0.69524,48.48916,True,2016-02-26,4,0,04:00,Night,False,Winter,2.0,0.0,57.0,Departmental_road,Bidirectional,Unknown,Hill_bottom,Curve_right,Normal,Bridge,On_verge,Unknown,A01,Other/Unknown,Car(Quad/Passenger),None,Multiple impacts,Avoiding_obstacle,0,1936.0,Male,Driver,Killed,Driver_seat,other,Not_pedestrian,Unknown,Not_pedestrian,Seat_belt,Not_used,Not a holiday,0
2875,201600001756,2016,3,20,Twilight_or_dawn,Out_of_agglomeration,Out_of_intersection,Normal,Other_collision,Manual_entry,-0.49214,48.72685,True,2016-03-20,7,15,07:15,Morning,True,Spring,2.0,0.0,57.0,Departmental_road,Bidirectional,Unknown,Slope,Straight,Normal,Unknown,On_verge,Not_near_school,A01,Other/Unknown,Cycle,None,Front_right,Avoiding_obstacle,0,1997.0,Male,Driver,Injured_Hospitalized,Driver_seat,Leisure,Not_pedestrian,Unknown,Not_pedestrian,Helmet,Used,Not a holiday,0
2876,201600001757,2016,4,12,Daylight,Built_up_area,Out_of_intersection,Normal,Frontal_two_vehicles,Manual_entry,-0.59806,48.71432,True,2016-04-12,14,0,14:00,Afternoon,False,Spring,2.0,0.0,0.0,Departmental_road,Bidirectional,Unknown,Slope,Curve_right,Normal,Unknown,On_road,Unknown,B02,Other/Unknown,Car(Quad/Passenger),Cyclist,Right_side,Straight_ahead,0,1938.0,Female,Driver,Uninjured,Driver_seat,Leisure,Not_pedestrian,Unknown,Not_pedestrian,Seat_belt,Used,Not a holiday,0
2877,201600001757,2016,4,12,Daylight,Built_up_area,Out_of_intersection,Normal,Frontal_two_vehicles,Manual_entry,-0.59806,48.71432,True,2016-04-12,14,0,14:00,Afternoon,False,Spring,2.0,0.0,0.0,Departmental_road,Bidirectional,Unknown,Slope,Curve_right,Normal,Unknown,On_road,Unknown,A01,Opposite_direction,Motorcycle,Cyclist,Front,other,0,1977.0,Male,Driver,Injured_Hospitalized,Driver_seat,Leisure,Not_pedestrian,Unknown,Not_pedestrian,Helmet,Used,Not a holiday,0
2878,201600001758,2016,5,8,Daylight,Out_of_agglomeration,Out_of_intersection,Normal,Other_collision,Manual_entry,-0.74926,48.48961,True,2016-05-08,18,0,18:00,Evening,True,Spring,2.0,0.0,54.0,Departmental_road,Bidirectional,Unknown,Hilltop,Straight,Normal,Unknown,On_verge,Unknown,A01,Opposite_direction,Car(Quad/Passenger),None,Front,Avoiding_obstacle,0,1983.0,Male,Driver,Killed,Driver_seat,Leisure,Not_pedestrian,Unknown,Not_pedestrian,Seat_belt,Not_used,Victory in Europe Day,1
2879,201600001759,2016,5,18,Daylight,Built_up_area,Out_of_intersection,Normal,Other_collision,Manual_entry,-0.6432,48.59133,True,2016-05-18,15,30,15:30,Afternoon,False,Spring,2.0,0.0,0.0,Departmental_road,Bidirectional,Unknown,Flat,Straight,Wet,Unknown,On_road,Unknown,A01,Opposite_direction,Car(Quad/Passenger),Pedestrian,Front_right,Straight_ahead,0,1964.0,Female,Driver,Uninjured,Driver_seat,Leisure,Not_pedestrian,Unknown,Not_pedestrian,Seat_belt,Used,Not a holiday,0
2880,201600001760,2016,6,12,Daylight,Out_of_agglomeration,Out_of_intersection,Normal,Other_collision,Manual_entry,-0.64494,48.52554,True,2016-06-12,17,45,17:45,Evening,True,Summer,2.0,0.0,75.0,Departmental_road,Bidirectional,Unknown,Flat,Straight,Normal,Unknown,On_road,Unknown,A01,Other/Unknown,Car(Quad/Passenger),None,Right_side,Avoiding_obstacle,0,1988.0,Male,Driver,Injured_Hospitalized,Driver_seat,Leisure,Not_pedestrian,Unknown,Not_pedestrian,Seat_belt,Used,Not a holiday,0
2881,201600001761,2016,7,18,Daylight,Out_of_agglomeration,Out_of_intersection,Normal,Frontal_two_vehicles,Manual_entry,-0.54369,48.58976,True,2016-07-18,17,0,17:00,Evening,False,Summer,2.0,0.0,70.0,Departmental_road,Bidirectional,Unknown,Slope,Straight,Normal,Unknown,On_road,Not_near_school,A01,Opposite_direction,Car(Quad/Passenger),Cyclist,Right_side,Straight_ahead,0,1935.0,Male,Driver,Uninjured,Driver_seat,Leisure,Not_pedestrian,Unknown,Not_pedestrian,Seat_belt,Used,Not a holiday,0
2882,201600001761,2016,7,18,Daylight,Out_of_agglomeration,Out_of_intersection,Normal,Frontal_two_vehicles,Manual_entry,-0.54369,48.58976,True,2016-07-18,17,0,17:00,Evening,False,Summer,2.0,0.0,70.0,Departmental_road,Bidirectional,Unknown,Slope,Straight,Normal,Unknown,On_road,Not_near_school,B02,Other/Unknown,Car(Quad/Passenger),Cyclist,Right_side,Avoiding_obstacle,0,1982.0,Male,Driver,Injured_Hospitalized,Driver_seat,Leisure,Not_pedestrian,Unknown,Not_pedestrian,Seat_belt,Used,Not a holiday,0
2883,201600001762,2016,9,4,Daylight,Out_of_agglomeration,Out_of_intersection,Normal,No_collision,Manual_entry,-0.67619,48.57859,True,2016-09-04,17,45,17:45,Evening,True,Autumn,2.0,0.0,91.0,Departmental_road,Bidirectional,Unknown,Flat,Straight,Normal,Unknown,On_road,Unknown,A01,Other/Unknown,Motorcycle,None,No_impact,Straight_ahead,0,1986.0,Male,Driver,Injured_Hospitalized,Driver_seat,Leisure,Not_pedestrian,Unknown,Not_pedestrian,Helmet,Used,Not a holiday,0
2884,201600001763,2016,1,9,Daylight,Built_up_area,Out_of_intersection,Normal,Other_collision,Manual_entry,-0.36093,48.59829,True,2016-01-09,14,45,14:45,Afternoon,True,Winter,2.0,26.0,39.0,Departmental_road,Separated_carriageways,Unknown,Flat,Straight,Normal,Unknown,On_road,Not_near_school,A01,Other/Unknown,Car(Quad/Passenger),Pedestrian,Front_right,Straight_ahead,0,1955.0,Male,Driver,Injured_Slight,Driver_seat,Home-work,Not_pedestrian,Unknown,Not_pedestrian,Seat_belt,Used,Not a holiday,0
2885,201600001764,2016,1,29,Night_without_public_lighting,Out_of_agglomeration,Out_of_intersection,Normal,Other_collision,Manual_entry,-0.4064,48.53068,True,2016-01-29,9,15,09:15,Morning,False,Winter,2.0,0.0,0.0,Departmental_road,Bidirectional,Unknown,Slope,Straight,Normal,Unknown,On_verge,Not_near_school,A01,Opposite_direction,Car(Quad/Passenger),None,Right_side,Avoiding_obstacle,0,1990.0,Male,Driver,Injured_Hospitalized,Driver_seat,Home-work,Not_pedestrian,Unknown,Not_pedestrian,Seat_belt,Used,Not a holiday,0
2886,201600001765,2016,4,18,Daylight,Out_of_agglomeration,Out_of_intersection,Normal,Other_collision,Manual_entry,-0.2797,48.70717,True,2016-04-18,19,30,19:30,Evening,False,Spring,2.0,0.0,0.0,Departmental_road,Bidirectional,Unknown,Slope,Straight,Normal,Unknown,On_road,Unknown,A01,Opposite_direction,Car(Quad/Passenger),None,Left_side,None,0,1997.0,Male,Driver,Injured_Slight,Driver_seat,Leisure,Not_pedestrian,Unknown,Not_pedestrian,Seat_belt,Used,Not a holiday,0
2887,201600001766,2016,1,17,Night_without_public_lighting,Built_up_area,Intersection_Y,Normal,Other_collision,Manual_entry,-0.62725,48.79524,True,2016-01-17,18,15,18:15,Evening,True,Winter,2.0,0.0,70.0,Departmental_road,Bidirectional,Unknown,Slope,Curve_left,Normal,Unknown,On_road,Not_near_school,A01,Other/Unknown,Car(Quad/Passenger),Pedestrian,Front_left,Park/Start/Stop,0,1980.0,Male,Driver,Uninjured,Driver_seat,Leisure,Not_pedestrian,Unknown,Not_pedestrian,Seat_belt,Used,Not a holiday,0
2888,201600001767,2016,1,29,Daylight,Out_of_agglomeration,Intersection_X,Normal,Multiple_three_plus,Manual_entry,-0.71046,48.77186,True,2016-01-29,16,15,16:15,Afternoon,False,Winter,2.0,0.0,82.0,Departmental_road,Bidirectional,Unknown,Slope,Curve_right,Normal,Unknown,On_road,Unknown,A01,Other/Unknown,Car(Quad/Passenger),Cyclist,Front,Avoiding_obstacle,0,1948.0,Male,Driver,Killed,Driver_seat,Leisure,Not_pedestrian,Unknown,Not_pedestrian,Seat_belt,Used,Not a holiday,0
2889,201600001767,2016,1,29,Daylight,Out_of_agglomeration,Intersection_X,Normal,Multiple_three_plus,Manual_entry,-0.71046,48.77186,True,2016-01-29,16,15,16:15,Afternoon,False,Winter,2.0,0.0,82.0,Departmental_road,Bidirectional,Unknown,Slope,Curve_right,Normal,Unknown,On_road,Unknown,B02,Opposite_direction,Car(Quad/Passenger),Cyclist,Front,Straight_ahead,0,1994.0,Male,Driver,Killed,Driver_seat,Home-work,Not_pedestrian,Unknown,Not_pedestrian,Seat_belt,Used,Not a holiday,0
2890,201600001767,2016,1,29,Daylight,Out_of_agglomeration,Intersection_X,Normal,Multiple_three_plus,Manual_entry,-0.71046,48.77186,True,2016-01-29,16,15,16:15,Afternoon,False,Winter,2.0,0.0,82.0,Departmental_road,Bidirectional,Unknown,Slope,Curve_right,Normal,Unknown,On_road,Unknown,C03,Opposite_direction,Car(Quad/Passenger),Cyclist,Front_left,Straight_ahead,0,1974.0,Female,Driver,Uninjured,Driver_seat,Leisure,Not_pedestrian,Unknown,Not_pedestrian,Seat_belt,Used,Not a holiday,0
2891,201600001768,2016,4,22,Daylight,Out_of_agglomeration,Intersection_X,Light_rain,Side_two_vehicles,Manual_entry,-0.61371,48.69835,True,2016-04-22,14,30,14:30,Afternoon,False,Spring,2.0,0.0,0.0,Departmental_road,Bidirectional,Unknown,Hilltop,Straight,Wet,Unknown,On_road,Unknown,B02,Opposite_direction,Motorcycle,Cyclist,Front,Straight_ahead,0,1976.0,Male,Driver,Injured_Hospitalized,Driver_seat,Leisure,Not_pedestrian,Unknown,Not_pedestrian,Helmet,Used,Not a holiday,0
2892,201600001768,2016,4,22,Daylight,Out_of_agglomeration,Intersection_X,Light_rain,Side_two_vehicles,Manual_entry,-0.61371,48.69835,True,2016-04-22,14,30,14:30,Afternoon,False,Spring,2.0,0.0,0.0,Departmental_road,Bidirectional,Unknown,Hilltop,Straight,Wet,Unknown,On_road,Unknown,A01,Other/Unknown,Car(Quad/Passenger),Cyclist,Front_left,Loss_of_control,0,1979.0,Female,Driver,Uninjured,Driver_seat,Leisure,Not_pedestrian,Unknown,Not_pedestrian,Seat_belt,Used,Not a holiday,0
2893,201600001769,2016,6,5,Night_without_public_lighting,Out_of_agglomeration,Out_of_intersection,Fog_or_smoke,No_collision,Manual_entry,-0.7118,48.77189,True,2016-06-05,2,0,02:00,Night,True,Summer,2.0,0.0,77.0,Departmental_road,Bidirectional,Unknown,Hill_bottom,Curve_left,Normal,Unknown,On_verge,Not_near_school,A01,Opposite_direction,Car(Quad/Passenger),None,Multiple impacts,Straight_ahead,0,1997.0,Male,Driver,Injured_Hospitalized,Driver_seat,Leisure,Not_pedestrian,Unknown,Not_pedestrian,Seat_belt,Used,Not a holiday,0
2894,201600001770,2016,7,6,Daylight,Out_of_agglomeration,Intersection_T,Normal,Side_two_vehicles,Manual_entry,-0.43128,48.78848,True,2016-07-06,18,30,18:30,Evening,False,Summer,2.0,0.0,51.0,Departmental_road,Bidirectional,Unknown,Flat,Straight,Normal,Unknown,On_road,Not_near_school,A01,Opposite_direction,Car(Quad/Passenger),Cyclist,Front_right,Roundabout,0,1947.0,Male,Driver,Uninjured,Driver_seat,Leisure,Not_pedestrian,Unknown,Not_pedestrian,Seat_belt,Used,Not a holiday,0
2895,201600001770,2016,7,6,Daylight,Out_of_agglomeration,Intersection_T,Normal,Side_two_vehicles,Manual_entry,-0.43128,48.78848,True,2016-07-06,18,30,18:30,Evening,False,Summer,2.0,0.0,51.0,Departmental_road,Bidirectional,Unknown,Flat,Straight,Normal,Unknown,On_road,Not_near_school,B02,Other/Unknown,Motorcycle,Cyclist,Front,Straight_ahead,0,1967.0,Male,Driver,Injured_Hospitalized,Driver_seat,Home-work,Not_pedestrian,Unknown,Not_pedestrian,Helmet,Used,Not a holiday,0
2896,201600001771,2016,7,13,Daylight,Out_of_agglomeration,Intersection_X,Normal,Side_two_vehicles,Manual_entry,-0.6044,48.70992,True,2016-07-13,10,30,10:30,Morning,False,Summer,2.0,0.0,0.0,Departmental_road,Bidirectional,Unknown,Flat,Straight,Normal,Unknown,On_road,Not_near_school,B02,Opposite_direction,Car(Quad/Passenger),Cyclist,Left_side,Straight_ahead,0,1927.0,Female,Driver,Injured_Slight,Driver_seat,Shopping,Not_pedestrian,Unknown,Not_pedestrian,Seat_belt,Used,Not a holiday,0
2897,201600001771,2016,7,13,Daylight,Out_of_agglomeration,Intersection_X,Normal,Side_two_vehicles,Manual_entry,-0.6044,48.70992,True,2016-07-13,10,30,10:30,Morning,False,Summer,2.0,0.0,0.0,Departmental_road,Bidirectional,Unknown,Flat,Straight,Normal,Unknown,On_road,Not_near_school,A01,Other/Unknown,Car(Quad/Passenger),Cyclist,Front_right,Loss_of_control,0,1936.0,Female,Driver,Uninjured,Driver_seat,Leisure,Not_pedestrian,Unknown,Not_pedestrian,Seat_belt,Used,Not a holiday,0
2898,201600001772,2016,7,17,Daylight,Built_up_area,Out_of_intersection,Dazzling,Other_collision,Manual_entry,-0.67447,48.79641,True,2016-07-17,18,15,18:15,Evening,True,Summer,2.0,0.0,41.0,Departmental_road,Bidirectional,Unknown,Flat,Curve_right,Normal,Unknown,On_road,Not_near_school,A01,Opposite_direction,Car(Quad/Passenger),None,Front,Straight_ahead,0,1928.0,Female,Driver,Injured_Hospitalized,Driver_seat,Leisure,Not_pedestrian,Unknown,Not_pedestrian,Seat_belt,Used,Not a holiday,0
2899,201600001773,2016,10,2,Night_without_public_lighting,Out_of_agglomeration,Out_of_intersection,Normal,Other_collision,Manual_entry,-0.50123,48.81196,True,2016-10-02,3,30,03:30,Night,True,Autumn,2.0,0.0,65.0,Departmental_road,Bidirectional,Unknown,Flat,Curve_right,Normal,Unknown,On_road,Not_near_school,A01,Opposite_direction,Car(Quad/Passenger),None,Front,Straight_ahead,0,1996.0,Male,Driver,Uninjured,Driver_seat,Leisure,Not_pedestrian,Unknown,Not_pedestrian,Seat_belt,Used,Not a holiday,0
2900,201600001774,2016,10,17,Night_without_public_lighting,Out_of_agglomeration,Out_of_intersection,Normal,Other_collision,Manual_entry,-0.52163,48.83381,True,2016-10-17,21,15,21:15,Night,False,Autumn,2.0,0.0,60.0,Departmental_road,Bidirectional,Unknown,Flat,Curve_right,Normal,Unknown,On_verge,Not_near_school,A01,Other/Unknown,Car(Quad/Passenger),Train,Front,Straight_ahead,0,1995.0,Male,Driver,Killed,Driver_seat,Home-work,Not_pedestrian,Unknown,Not_pedestrian,Seat_belt,Used,Not a holiday,0
2901,201600001775,2016,10,23,Daylight,Out_of_agglomeration,Intersection_X,Normal,Side_two_vehicles,Manual_entry,-0.684,48.74574,True,2016-10-23,11,15,11:15,Morning,True,Autumn,2.0,0.0,53.0,Departmental_road,Bidirectional,Unknown,Slope,Curve_left,Normal,Unknown,On_road,Unknown,A01,Other/Unknown,Car(Quad/Passenger),Cyclist,Front,Straight_ahead,0,1989.0,Male,Driver,Uninjured,Driver_seat,Leisure,Not_pedestrian,Unknown,Not_pedestrian,Seat_belt,Used,Not a holiday,0
2902,201600001775,2016,10,23,Daylight,Out_of_agglomeration,Intersection_X,Normal,Side_two_vehicles,Manual_entry,-0.684,48.74574,True,2016-10-23,11,15,11:15,Morning,True,Autumn,2.0,0.0,53.0,Departmental_road,Bidirectional,Unknown,Slope,Curve_left,Normal,Unknown,On_road,Unknown,B02,Opposite_direction,Motorcycle,Cyclist,Front_left,Roundabout,0,1965.0,Male,Driver,Injured_Hospitalized,Driver_seat,Leisure,Not_pedestrian,Unknown,Not_pedestrian,Helmet,Used,Not a holiday,0
2903,201600001776,2016,10,30,Daylight,Out_of_agglomeration,Intersection_X,Normal,Side_two_vehicles,Manual_entry,-0.61371,48.69835,True,2016-10-30,10,45,10:45,Morning,True,Autumn,2.0,,,Departmental_road,Bidirectional,Unknown,Hilltop,Straight,Normal,Unknown,On_road,Unknown,B02,Other/Unknown,Car(Quad/Passenger),Cyclist,Front_left,Straight_ahead,0,1931.0,Male,Driver,Injured_Hospitalized,Driver_seat,Leisure,Not_pedestrian,Unknown,Not_pedestrian,Seat_belt,Used,Not a holiday,0
2904,201600001776,2016,10,30,Daylight,Out_of_agglomeration,Intersection_X,Normal,Side_two_vehicles,Manual_entry,-0.61371,48.69835,True,2016-10-30,10,45,10:45,Morning,True,Autumn,2.0,,,Departmental_road,Bidirectional,Unknown,Hilltop,Straight,Normal,Unknown,On_road,Unknown,A01,Other/Unknown,Car(Quad/Passenger),Cyclist,Front,Loss_of_control,0,1965.0,Male,Driver,Uninjured,Driver_seat,Leisure,Not_pedestrian,Unknown,Not_pedestrian,Seat_belt,Used,Not a holiday,0
2905,201600001777,2016,11,8,Twilight_or_dawn,Out_of_agglomeration,Out_of_intersection,Normal,No_collision,Manual_entry,-0.66222,48.73142,True,2016-11-08,8,0,08:00,Morning,False,Autumn,2.0,0.0,70.0,Departmental_road,Bidirectional,Unknown,Slope,Curve_left,Icy,Unknown,On_verge,Not_near_school,A01,Other/Unknown,Car(Quad/Passenger),None,Multiple impacts,Straight_ahead,0,1961.0,Male,Driver,Injured_Hospitalized,Driver_seat,Home-work,Not_pedestrian,Unknown,Not_pedestrian,Seat_belt,Used,Not a holiday,0
2906,201600001778,2016,11,17,Night_without_public_lighting,Out_of_agglomeration,Intersection_X,Cloudy,Frontal_two_vehicles,Manual_entry,-0.63729,48.70667,True,2016-11-17,19,30,19:30,Evening,False,Autumn,2.0,,,Departmental_road,Bidirectional,Unknown,Flat,Straight,Wet,Unknown,On_road,Unknown,A01,Other/Unknown,Car(Quad/Passenger),Cyclist,Left_side,Loss_of_control,0,1947.0,Male,Driver,Injured_Hospitalized,Driver_seat,Home-work,Not_pedestrian,Unknown,Not_pedestrian,Seat_belt,Used,Not a holiday,0
2907,201600001778,2016,11,17,Night_without_public_lighting,Out_of_agglomeration,Intersection_X,Cloudy,Frontal_two_vehicles,Manual_entry,-0.63729,48.70667,True,2016-11-17,19,30,19:30,Evening,False,Autumn,2.0,,,Departmental_road,Bidirectional,Unknown,Flat,Straight,Wet,Unknown,On_road,Unknown,B02,Other/Unknown,Car(Quad/Passenger),Cyclist,Front,Straight_ahead,0,1961.0,Female,Driver,Injured_Slight,Driver_seat,Shopping,Not_pedestrian,Unknown,Not_pedestrian,Seat_belt,Used,Not a holiday,0
2908,201600001779,2016,8,3,Daylight,Built_up_area,Out_of_intersection,Normal,Other_collision,Manual_entry,-0.64141,48.59074,True,2016-08-03,14,45,14:45,Afternoon,False,Summer,2.0,0.0,0.0,Departmental_road,Bidirectional,Unknown,Slope,Straight,Normal,Unknown,On_road,Unknown,A01,Opposite_direction,Car(Quad/Passenger),Pedestrian,Front,Straight_ahead,0,1947.0,Male,Driver,Uninjured,Driver_seat,Shopping,Not_pedestrian,Unknown,Not_pedestrian,Seat_belt,Used,Not a holiday,0
2909,201600001780,2016,10,18,Daylight,Built_up_area,Out_of_intersection,Normal,Side_two_vehicles,Manual_entry,-0.63509,48.58865,True,2016-10-18,14,45,14:45,Afternoon,False,Autumn,2.0,0.0,0.0,Departmental_road,Bidirectional,Unknown,Flat,Straight,Normal,Unknown,On_road,Unknown,A01,Opposite_direction,Car(Quad/Passenger),Cyclist,Front_left,Loss_of_control,0,1954.0,Male,Driver,Injured_Hospitalized,Driver_seat,Professional use,Not_pedestrian,Unknown,Not_pedestrian,Seat_belt,Used,Not a holiday,0
2910,201600001780,2016,10,18,Daylight,Built_up_area,Out_of_intersection,Normal,Side_two_vehicles,Manual_entry,-0.63509,48.58865,True,2016-10-18,14,45,14:45,Afternoon,False,Autumn,2.0,0.0,0.0,Departmental_road,Bidirectional,Unknown,Flat,Straight,Normal,Unknown,On_road,Unknown,B02,Opposite_direction,Car(Quad/Passenger),Cyclist,Front_right,Straight_ahead,0,1948.0,Female,Driver,Uninjured,Driver_seat,Leisure,Not_pedestrian,Unknown,Not_pedestrian,Seat_belt,Used,Not a holiday,0
2911,201600001781,2016,11,12,Night_without_public_lighting,Out_of_agglomeration,Out_of_intersection,Normal,Other_collision,Manual_entry,-0.63902,48.60425,True,2016-11-12,3,45,03:45,Night,True,Autumn,2.0,0.0,70.0,Departmental_road,Bidirectional,Unknown,Slope,Curve_left,Normal,Unknown,On_verge,Unknown,A01,Opposite_direction,Motorcycle,None,Front,Straight_ahead,0,1993.0,Male,Driver,Killed,Driver_seat,Leisure,Not_pedestrian,Unknown,Not_pedestrian,Helmet,Used,Not a holiday,0
2912,201600001782,2016,12,1,Night_with_public_lighting_not_functioning,Built_up_area,Out_of_intersection,Normal,Other_collision,Manual_entry,-0.5227,48.69434,True,2016-12-01,23,30,23:30,Night,False,Winter,2.0,0.0,0.0,Departmental_road,Bidirectional,Unknown,Flat,Straight,Wet,Unknown,On_road,Unknown,A01,Opposite_direction,Motorcycle,None,Front,Straight_ahead,0,1994.0,Male,Driver,Injured_Hospitalized,Driver_seat,Leisure,Not_pedestrian,Unknown,Not_pedestrian,Helmet,Used,Not a holiday,0
2913,201600001783,2016,12,15,Night_without_public_lighting,Built_up_area,Out_of_intersection,Fog_or_smoke,Other_collision,Manual_entry,-0.52248,48.6433,True,2016-12-15,18,15,18:15,Evening,False,Winter,2.0,0.0,52.0,Departmental_road,Bidirectional,Unknown,Slope,Curve_right,Wet,Unknown,On_verge,Not_near_school,A01,Opposite_direction,Car(Quad/Passenger),None,Front_left,Avoiding_obstacle,0,1966.0,Male,Driver,Injured_Hospitalized,Driver_seat,other,Not_pedestrian,Unknown,Not_pedestrian,Seat_belt,Used,Not a holiday,0
2914,201600001784,2016,12,17,Night_with_public_lighting_on,Built_up_area,Out_of_intersection,Normal,Other_collision,Manual_entry,-0.64559,48.59207,True,2016-12-17,19,30,19:30,Evening,True,Winter,2.0,0.0,61.0,Communal_way,Bidirectional,Unknown,Slope,Straight,Normal,Unknown,On_road,Unknown,A01,Same_direction,Car(Quad/Passenger),Pedestrian,Right_side,Straight_ahead,0,1965.0,Male,Driver,Uninjured,Driver_seat,Leisure,Not_pedestrian,Unknown,Not_pedestrian,Seat_belt,Used,Not a holiday,0