,accident_id,year,month,day,lighting_label,urban_label,intersection_label,weather_label,collision_label,gps_label,longitude_num,latitude_num,valid_geo,date,hour,minute,time_hhmm,time_of_day,is_weekend,season,num_lanes,pedestrian_crossing_width,road_width,road_category_label,traffic_regime_label,reserved_lane_label,road_profile_label,road_layout_label,surface_condition_label,infrastructure_label,situation_label,school_zone_label,vehicle_id,traffic_direction_label,vehicle_category_label,mobile_obstacle_label,impact_point_label,manoeuvre_label,occupants_group,birth_year,sex_label,user_category_label,injury_severity_label,seat_position_label,journey_purpose_label,pedestrian_location_label,pedestrian_action_label,pedestrian_state_label,safety_equipment_type,safety_equipment_usage,holiday_name,is_holiday
2965,201600001816,2016,7,12,Daylight,Out_of_agglomeration,Out_of_intersection,Normal,Side_two_vehicles,Manual_entry,-1.42361,47.29237,True,2016-07-12,7,30,07:30,Morning,False,Summer,2.0,0.0,70.0,Departmental_road,Bidirectional,Unknown,Flat,Straight,Normal,Unknown,On_road,Not_near_school,A01,Other/Unknown,Car(Quad/Passenger),None,Rear_left,Roundabout,0,1996.0,Male,Driver,Uninjured,Driver_seat,Home-work,Not_pedestrian,Unknown,Not_pedestrian,Seat_belt,Used,Not a holiday,0
2966,201600001817,2016,9,4,Daylight,Out_of_agglomeration,Out_of_intersection,Normal,Other_collision,Manual_entry,-1.46777,47.27823,True,2016-09-04,20,15,20:15,Evening,True,Autumn,2.0,70.0,0.0,Communal_way,Unknown,Unknown,Unknown,Straight,Normal,Unknown,On_road,Unknown,A01,Same_direction,Car(Quad/Passenger),None,Right_side,Straight_ahead,0,1994.0,Male,Driver,Uninjured,Driver_seat,Leisure,Not_pedestrian,Unknown,Not_pedestrian,Seat_belt,Used,Not a holiday,0
2967,201600001818,2016,9,20,Daylight,Out_of_agglomeration,Out_of_intersection,Normal,Frontal_two_vehicles,Manual_entry,-1.43954,47.29278,True,2016-09-20,16,15,16:15,Afternoon,False,Autumn,2.0,0.0,60.0,Departmental_road,Bidirectional,Unknown,Unknown,Straight,Normal,Unknown,On_road,Not_near_school,B02,Opposite_direction,Cycle,None,Rear_right,Turning,0,1950.0,Male,Driver,Uninjured,Driver_seat,Leisure,Not_pedestrian,Unknown,Not_pedestrian,Helmet,Used,Not a holiday,0
2968,201600001818,2016,9,20,Daylight,Out_of_agglomeration,Out_of_intersection,Normal,Frontal_two_vehicles,Manual_entry,-1.43954,47.29278,True,2016-09-20,16,15,16:15,Afternoon,False,Autumn,2.0,0.0,60.0,Departmental_road,Bidirectional,Unknown,Unknown,Straight,Normal,Unknown,On_road,Not_near_school,A01,Opposite_direction,Cycle,Cyclist,Front,Turning,0,1951.0,Male,Driver,Killed,Driver_seat,Leisure,Not_pedestrian,Unknown,Not_pedestrian,Helmet,Used,Not a holiday,0
2969,201600001819,2016,11,15,Night_with_public_lighting_on,Built_up_area,Out_of_intersection,Normal,Frontal_two_vehicles,Manual_entry,-1.49859,47.28721,True,2016-11-15,20,25,20:25,Evening,False,Autumn,2.0,0.0,0.0,Communal_way,Bidirectional,Unknown,Flat,Curve_right,Normal,Unknown,On_road,Unknown,B01,Other/Unknown,Car(Quad/Passenger),Cyclist,Front,Straight_ahead,0,1973.0,Female,Driver,Uninjured,Driver_seat,Home-work,Not_pedestrian,Unknown,Not_pedestrian,Seat_belt,Used,Not a holiday,0
2970,201600001819,2016,11,15,Night_with_public_lighting_on,Built_up_area,Out_of_intersection,Normal,Frontal_two_vehicles,Manual_entry,-1.49859,47.28721,True,2016-11-15,20,25,20:25,Evening,False,Autumn,2.0,0.0,0.0,Communal_way,Bidirectional,Unknown,Flat,Curve_right,Normal,Unknown,On_road,Unknown,A01,Same_direction,Motorcycle,Cyclist,No_impact,Turning,0,1990.0,Male,Driver,Killed,Driver_seat,Leisure,Not_pedestrian,Unknown,Not_pedestrian,Helmet,Used,Not a holiday,0
2971,201600001820,2016,1,27,Daylight,Out_of_agglomeration,Out_of_intersection,Normal,Multiple_three_plus,Manual_entry,-1.28003,47.11037,True,2016-01-27,14,30,14:30,Afternoon,False,Winter,2.0,0.0,115.0,Departmental_road,Unknown,Unknown,Slope,Curve_left,Normal,Unknown,On_road,Not_near_school,C03,Opposite_direction,Car(Quad/Passenger),Cyclist,Front,None,0,1968.0,Male,Driver,Injured_Slight,Driver_seat,Home-work,Not_pedestrian,Unknown,Not_pedestrian,Seat_belt,Used,Not a holiday,0
2972,201600001820,2016,1,27,Daylight,Out_of_agglomeration,Out_of_intersection,Normal,Multiple_three_plus,Manual_entry,-1.28003,47.11037,True,2016-01-27,14,30,14:30,Afternoon,False,Winter,2.0,0.0,115.0,Departmental_road,Unknown,Unknown,Slope,Curve_left,Normal,Unknown,On_road,Not_near_school,A01,Other/Unknown,Car(Quad/Passenger),Cyclist,Left_side,Avoiding_obstacle,0,1984.0,Female,Driver,Injured_Hospitalized,Driver_seat,Leisure,Not_pedestrian,Unknown,Not_pedestrian,Seat_belt,Used,Not a holiday,0
2973,201600001820,2016,1,27,Daylight,Out_of_agglomeration,Out_of_intersection,Normal,Multiple_three_plus,Manual_entry,-1.28003,47.11037,True,2016-01-27,14,30,14:30,Afternoon,False,Winter,2.0,0.0,115.0,Departmental_road,Unknown,Unknown,Slope,Curve_left,Normal,Unknown,On_road,Not_near_school,B02,Opposite_direction,Car(Quad/Passenger),Cyclist,Front,Straight_ahead,0,1963.0,Male,Driver,Injured_Hospitalized,Driver_seat,Leisure,Not_pedestrian,Unknown,Not_pedestrian,Seat_belt,Used,Not a holiday,0
2974,201600001821,2016,3,13,Night_without_public_lighting,Out_of_agglomeration,Out_of_intersection,Light_rain,Rear_end_two_vehicles,Manual_entry,-1.43887,47.06292,True,2016-03-13,21,0,21:00,Night,True,Spring,2.0,0.0,64.0,Departmental_road,Unknown,Unknown,Flat,Straight,Wet,Unknown,On_road,Not_near_school,B02,Opposite_direction,Utility(Truck/Agri),None,Rear_left,Straight_ahead,0,1991.0,Male,Driver,Uninjured,Driver_seat,Leisure,Not_pedestrian,Unknown,Not_pedestrian,Seat_belt,Used,Not a holiday,0
2975,201600001821,2016,3,13,Night_without_public_lighting,Out_of_agglomeration,Out_of_intersection,Light_rain,Rear_end_two_vehicles,Manual_entry,-1.43887,47.06292,True,2016-03-13,21,0,21:00,Night,True,Spring,2.0,0.0,64.0,Departmental_road,Unknown,Unknown,Flat,Straight,Wet,Unknown,On_road,Not_near_school,A01,Opposite_direction,Motorcycle,Cyclist,Front,Straight_ahead,0,1992.0,Male,Driver,Injured_Hospitalized,Driver_seat,Leisure,Not_pedestrian,Unknown,Not_pedestrian,Helmet,Used,Not a holiday,0
2976,201600001822,2016,5,22,Daylight,Built_up_area,Out_of_intersection,Light_rain,Frontal_two_vehicles,Manual_entry,-1.31405,47.11496,True,2016-05-22,9,0,09:00,Morning,True,Spring,2.0,0.0,70.0,Communal_way,Bidirectional,Unknown,Flat,Curve_left,Wet,Unknown,On_road,Unknown,A01,Same_direction,Car(Quad/Passenger),Cyclist,Right_side,Straight_ahead,0,1988.0,Female,Driver,Injured_Hospitalized,Driver_seat,Home-work,Not_pedestrian,Unknown,Not_pedestrian,Seat_belt,Used,Not a holiday,0
2977,201600001822,2016,5,22,Daylight,Built_up_area,Out_of_intersection,Light_rain,Frontal_two_vehicles,Manual_entry,-1.31405,47.11496,True,2016-05-22,9,0,09:00,Morning,True,Spring,2.0,0.0,70.0,Communal_way,Bidirectional,Unknown,Flat,Curve_left,Wet,Unknown,On_road,Unknown,B02,Same_direction,Car(Quad/Passenger),Cyclist,Right_side,None,0,1932.0,Male,Driver,Injured_Slight,Driver_seat,Leisure,Not_pedestrian,Unknown,Not_pedestrian,Seat_belt,Used,Not a holiday,0
2978,201600001823,2016,7,20,Daylight,Out_of_agglomeration,Out_of_intersection,Normal,Frontal_two_vehicles,Manual_entry,-1.52431,47.07981,True,2016-07-20,15,15,15:15,Afternoon,False,Summer,0.0,0.0,70.0,Departmental_road,Bidirectional,Unknown,Flat,Straight,Normal,Unknown,On_road,Not_near_school,A01,Opposite_direction,Car(Quad/Passenger),Cyclist,Right_side,Avoiding_obstacle,0,1975.0,Male,Driver,Killed,Driver_seat,Leisure,Not_pedestrian,Unknown,Not_pedestrian,Seat_belt,Used,Not a holiday,0
2979,201600001823,2016,7,20,Daylight,Out_of_agglomeration,Out_of_intersection,Normal,Frontal_two_vehicles,Manual_entry,-1.52431,47.07981,True,2016-07-20,15,15,15:15,Afternoon,False,Summer,0.0,0.0,70.0,Departmental_road,Bidirectional,Unknown,Flat,Straight,Normal,Unknown,On_road,Not_near_school,B02,Other/Unknown,other,Cyclist,Right_side,Straight_ahead,0,1983.0,Male,Driver,Uninjured,Driver_seat,Professional use,Not_pedestrian,Unknown,Not_pedestrian,Seat_belt,Used,Not a holiday,0
2980,201600001824,2016,7,23,Daylight,Out_of_agglomeration,Out_of_intersection,Normal,Frontal_two_vehicles,Manual_entry,-1.51177,47.10733,True,2016-07-23,18,0,18:00,Evening,True,Summer,2.0,0.0,0.0,Departmental_road,Bidirectional,Unknown,Hilltop,Curve_right,Normal,Unknown,On_road,Not_near_school,B02,Opposite_direction,Car(Quad/Passenger),Cyclist,Front,None,0,1994.0,Male,Driver,Uninjured,Driver_seat,Leisure,Not_pedestrian,Unknown,Not_pedestrian,Seat_belt,Used,Not a holiday,0
2981,201600001824,2016,7,23,Daylight,Out_of_agglomeration,Out_of_intersection,Normal,Frontal_two_vehicles,Manual_entry,-1.51177,47.10733,True,2016-07-23,18,0,18:00,Evening,True,Summer,2.0,0.0,0.0,Departmental_road,Bidirectional,Unknown,Hilltop,Curve_right,Normal,Unknown,On_road,Not_near_school,A01,Other/Unknown,Motorcycle,Cyclist,Front,Straight_ahead,0,1994.0,Male,Driver,Injured_Hospitalized,Driver_seat,Unknown,Not_pedestrian,Unknown,Not_pedestrian,Helmet,Used,Not a holiday,0
2982,201600001825,2016,9,3,Twilight_or_dawn,Out_of_agglomeration,Out_of_intersection,Fog_or_smoke,Frontal_two_vehicles,Manual_entry,-1.53023,47.09208,True,2016-09-03,7,15,07:15,Morning,True,Autumn,1.0,0.0,77.0,Departmental_road,Bidirectional,Unknown,Flat,Straight,Normal,Unknown,On_road,Unknown,A01,Other/Unknown,Car(Quad/Passenger),Cyclist,Front,Straight_ahead,0,1992.0,Male,Driver,Injured_Slight,Driver_seat,Leisure,Not_pedestrian,Unknown,Not_pedestrian,Seat_belt,Used,Not a holiday,0
2983,201600001825,2016,9,3,Twilight_or_dawn,Out_of_agglomeration,Out_of_intersection,Fog_or_smoke,Frontal_two_vehicles,Manual_entry,-1.53023,47.09208,True,2016-09-03,7,15,07:15,Morning,True,Autumn,1.0,0.0,77.0,Departmental_road,Bidirectional,Unknown,Flat,Straight,Normal,Unknown,On_road,Unknown,B02,Opposite_direction,Car(Quad/Passenger),Cyclist,Front,Straight_ahead,0,1971.0,Male,Driver,Injured_Hospitalized,Driver_seat,Home-work,Not_pedestrian,Unknown,Not_pedestrian,Seat_belt,Used,Not a holiday,0
2984,201600001826,2016,2,1,Night_without_public_lighting,Out_of_agglomeration,Out_of_intersection,Other,No_collision,Manual_entry,-1.642,47.051,True,2016-02-01,20,45,20:45,Evening,False,Winter,2.0,26.0,77.0,Departmental_road,Separated_carriageways,Unknown,Flat,Curve_right,Wet,Unknown,On_verge,Unknown,A01,Opposite_direction,Motorcycle,None,No_impact,other,0,1987.0,Male,Driver,Killed,Driver_seat,Home-work,Not_pedestrian,Unknown,Not_pedestrian,Helmet,Used,Not a holiday,0
2985,201600001827,2016,4,26,Daylight,Out_of_agglomeration,Out_of_intersection,Normal,Multiple_three_plus,Manual_entry,,,False,2016-04-26,13,30,13:30,Afternoon,False,Spring,0.0,0.0,76.0,Departmental_road,Unknown,Unknown,Flat,Straight,Normal,Unknown,On_road,Not_near_school,B02,Opposite_direction,Car(Quad/Passenger),Cyclist,Right_side,Straight_ahead,0,1978.0,Male,Driver,Injured_Hospitalized,Driver_seat,Home-work,Not_pedestrian,Unknown,Not_pedestrian,Seat_belt,Used,Not a holiday,0
2986,201600001827,2016,4,26,Daylight,Out_of_agglomeration,Out_of_intersection,Normal,Multiple_three_plus,Manual_entry,,,False,2016-04-26,13,30,13:30,Afternoon,False,Spring,0.0,0.0,76.0,Departmental_road,Unknown,Unknown,Flat,Straight,Normal,Unknown,On_road,Not_near_school,A01,Other/Unknown,Car(Quad/Passenger),Cyclist,Right_side,Reversing,0,1940.0,Male,Driver,Injured_Hospitalized,Driver_seat,Home-work,Not_pedestrian,Unknown,Not_pedestrian,Seat_belt,Used,Not a holiday,0
2987,201600001827,2016,4,26,Daylight,Out_of_agglomeration,Out_of_intersection,Normal,Multiple_three_plus,Manual_entry,,,False,2016-04-26,13,30,13:30,Afternoon,False,Spring,0.0,0.0,76.0,Departmental_road,Unknown,Unknown,Flat,Straight,Normal,Unknown,On_road,Not_near_school,C03,Other/Unknown,Car(Quad/Passenger),Cyclist,Front,Turning,0,1995.0,Female,Driver,Uninjured,Driver_seat,Home-school,Not_pedestrian,Unknown,Not_pedestrian,Seat_belt,Used,Not a holiday,0
2988,201600001828,2016,5,6,Daylight,Out_of_agglomeration,Out_of_intersection,Normal,Frontal_two_vehicles,Manual_entry,-1.592,46.953,True,2016-05-06,16,15,16:15,Afternoon,False,Spring,2.0,0.0,0.0,Departmental_road,Bidirectional,Unknown,Unknown,Curve_left,Normal,Unknown,On_road,Not_near_school,A01,Opposite_direction,Motorcycle,Cyclist,Front,Avoiding_obstacle,0,1991.0,Male,Driver,Killed,Driver_seat,Leisure,Not_pedestrian,Unknown,Not_pedestrian,Helmet,Used,Not a holiday,0
2989,201600001828,2016,5,6,Daylight,Out_of_agglomeration,Out_of_intersection,Normal,Frontal_two_vehicles,Manual_entry,-1.592,46.953,True,2016-05-06,16,15,16:15,Afternoon,False,Spring,2.0,0.0,0.0,Departmental_road,Bidirectional,Unknown,Unknown,Curve_left,Normal,Unknown,On_road,Not_near_school,B02,Other/Unknown,Motorcycle,Cyclist,Front,Straight_ahead,0,1991.0,Male,Driver,Injured_Hospitalized,Driver_seat,Leisure,Not_pedestrian,Unknown,Not_pedestrian,Helmet,Used,Not a holiday,0
2990,201600001829,2016,5,13,Daylight,Built_up_area,Out_of_intersection,Light_rain,Other_collision,Manual_entry,-1.66922,47.03478,True,2016-05-13,13,30,13:30,Afternoon,False,Spring,2.0,0.0,0.0,Departmental_road,Bidirectional,Unknown,Unknown,Straight,Wet,Unknown,On_verge,Unknown,A01,Opposite_direction,Car(Quad/Passenger),None,Front_right,Turning,0,1935.0,Female,Driver,Injured_Slight,Driver_seat,Shopping,Not_pedestrian,Unknown,Not_pedestrian,Seat_belt,Used,Not a holiday,0
2991,201600001830,2016,4,27,Daylight,Out_of_agglomeration,Out_of_intersection,Normal,Side_two_vehicles,Manual_entry,-1.29857,47.15661,True,2016-04-27,11,30,11:30,Morning,False,Spring,4.0,0.0,72.0,National_road,Separated_carriageways,Unknown,Unknown,Straight,Normal,Unknown,On_road,Not_near_school,A01,Opposite_direction,Car(Quad/Passenger),Cyclist,Rear,other,0,1989.0,Female,Driver,Injured_Hospitalized,Driver_seat,Leisure,Not_pedestrian,Unknown,Not_pedestrian,Seat_belt,Used,Not a holiday,0
2992,201600001830,2016,4,27,Daylight,Out_of_agglomeration,Out_of_intersection,Normal,Side_two_vehicles,Manual_entry,-1.29857,47.15661,True,2016-04-27,11,30,11:30,Morning,False,Spring,4.0,0.0,72.0,National_road,Separated_carriageways,Unknown,Unknown,Straight,Normal,Unknown,On_road,Not_near_school,B02,Opposite_direction,Car(Quad/Passenger),Cyclist,Rear_left,Straight_ahead,0,1979.0,Female,Driver,Injured_Hospitalized,Driver_seat,Home-work,Not_pedestrian,Unknown,Not_pedestrian,Seat_belt,Used,Not a holiday,0
2993,201600001831,2016,8,20,Daylight,Built_up_area,Out_of_intersection,Normal,Other_collision,Manual_entry,-1.26567,47.16131,True,2016-08-20,10,0,10:00,Morning,True,Summer,2.0,0.0,58.0,Communal_way,Bidirectional,Unknown,Unknown,Straight,Normal,Unknown,On_road,Not_near_school,A01,Same_direction,Utility(Truck/Agri),Pedestrian,Rear_right,Turning,0,1979.0,Male,Driver,Uninjured,Driver_seat,Shopping,Not_pedestrian,Unknown,Not_pedestrian,Seat_belt,Used,Not a holiday,0
2994,201600001832,2016,2,15,Daylight,Out_of_agglomeration,Out_of_intersection,Normal,Frontal_two_vehicles,Manual_entry,-1.51422,47.135,True,2016-02-15,15,30,15:30,Afternoon,False,Winter,0.0,0.0,0.0,Communal_way,Bidirectional,Unknown,Unknown,Straight,Normal,Unknown,On_road,Not_near_school,B02,Same_direction,Car(Quad/Passenger),Cyclist,Right_side,Straight_ahead,0,1997.0,Male,Driver,Injured_Slight,Driver_seat,Leisure,Not_pedestrian,Unknown,Not_pedestrian,Seat_belt,Used,Not a holiday,0
2995,201600001832,2016,2,15,Daylight,Out_of_agglomeration,Out_of_intersection,Normal,Frontal_two_vehicles,Manual_entry,-1.51422,47.135,True,2016-02-15,15,30,15:30,Afternoon,False,Winter,0.0,0.0,0.0,Communal_way,Bidirectional,Unknown,Unknown,Straight,Normal,Unknown,On_road,Not_near_school,A01,Same_direction,Motorcycle,Cyclist,Front,Roundabout,0,1999.0,Male,Driver,Injured_Hospitalized,Driver_seat,Leisure,Not_pedestrian,Unknown,Not_pedestrian,Helmet,Used,Not a holiday,0
2996,201600001833,2016,2,27,Daylight,Out_of_agglomeration,Out_of_intersection,Normal,No_collision,Manual_entry,-1.53181,47.1405,True,2016-02-27,15,45,15:45,Afternoon,True,Winter,0.0,0.0,58.0,Departmental_road,Bidirectional,Unknown,Flat,Unknown,Normal,Unknown,On_road,Unknown,A01,Opposite_direction,Motorcycle,None,Left_side,Straight_ahead,0,1970.0,Male,Driver,Injured_Hospitalized,Driver_seat,Leisure,Not_pedestrian,Unknown,Not_pedestrian,Helmet,Used,Not a holiday,0
2997,201600001834,2016,3,17,Daylight,Built_up_area,Out_of_intersection,Normal,Other_collision,Manual_entry,-1.49047,47.1634,True,2016-03-17,17,15,17:15,Evening,False,Spring,2.0,0.0,68.0,Departmental_road,Bidirectional,Unknown,Flat,Straight,Normal,Unknown,On_road,Not_near_school,A01,Opposite_direction,Car(Quad/Passenger),Pedestrian,Front,Straight_ahead,0,1936.0,Male,Driver,Uninjured,Driver_seat,Shopping,Not_pedestrian,Unknown,Not_pedestrian,Seat_belt,Used,Not a holiday,0
2998,201600001835,2016,3,25,Daylight,Out_of_agglomeration,Out_of_intersection,Normal,Chain_three_plus,Manual_entry,-1.51327,47.1586,True,2016-03-25,17,15,17:15,Evening,False,Spring,0.0,0.0,0.0,Highway,Separated_carriageways,Unknown,Slope,Unknown,Normal,Unknown,On_road,Unknown,C03,Other/Unknown,Car(Quad/Passenger),None,Rear_right,None,0,1995.0,Male,Driver,Injured_Slight,Driver_seat,Unknown,Not_pedestrian,Unknown,Not_pedestrian,Seat_belt,Used,Not a holiday,0
2999,201600001835,2016,3,25,Daylight,Out_of_agglomeration,Out_of_intersection,Normal,Chain_three_plus,Manual_entry,-1.51327,47.1586,True,2016-03-25,17,15,17:15,Evening,False,Spring,0.0,0.0,0.0,Highway,Separated_carriageways,Unknown,Slope,Unknown,Normal,Unknown,On_road,Unknown,B02,Other/Unknown,Car(Quad/Passenger),None,Rear_right,None,0,1991.0,Male,Driver,Injured_Slight,Driver_seat,Home-work,Not_pedestrian,Unknown,Not_pedestrian,Seat_belt,Used,Not a holiday,0
3000,201600001835,2016,3,25,Daylight,Out_of_agglomeration,Out_of_intersection,Normal,Chain_three_plus,Manual_entry,-1.51327,47.1586,True,2016-03-25,17,15,17:15,Evening,False,Spring,0.0,0.0,0.0,Highway,Separated_carriageways,Unknown,Slope,Unknown,Normal,Unknown,On_road,Unknown,A01,Other/Unknown,Car(Quad/Passenger),None,Front,Straight_ahead,0,1937.0,Male,Driver,Injured_Hospitalized,Driver_seat,Unknown,Not_pedestrian,Unknown,Not_pedestrian,Seat_belt,Used,Not a holiday,0
3001,201600001836,2016,4,19,Daylight,Built_up_area,Roundabout,Normal,Frontal_two_vehicles,Manual_entry,-1.4605,47.1655,True,2016-04-19,17,15,17:15,Evening,False,Spring,0.0,0.0,0.0,Departmental_road,One_way,Unknown,Flat,Curve_left,Normal,Roundabout,On_road,Not_near_school,B02,Opposite_direction,Cycle,Cyclist,No_impact,Turning,0,1959.0,Male,Driver,Injured_Hospitalized,Driver_seat,Leisure,Not_pedestrian,Unknown,Not_pedestrian,Helmet,Not_used,Not a holiday,0
3002,201600001836,2016,4,19,Daylight,Built_up_area,Roundabout,Normal,Frontal_two_vehicles,Manual_entry,-1.4605,47.1655,True,2016-04-19,17,15,17:15,Evening,False,Spring,0.0,0.0,0.0,Departmental_road,One_way,Unknown,Flat,Curve_left,Normal,Roundabout,On_road,Not_near_school,A01,Opposite_direction,Car(Quad/Passenger),Cyclist,No_impact,Turning,0,1947.0,Female,Driver,Uninjured,Driver_seat,Shopping,Not_pedestrian,Unknown,Not_pedestrian,Seat_belt,Used,Not a holiday,0
3003,201600001837,2016,5,19,Daylight,Out_of_agglomeration,Out_of_intersection,Normal,Side_two_vehicles,Manual_entry,-1.52827,47.12475,True,2016-05-19,18,0,18:00,Evening,False,Spring,2.0,0.0,0.0,Departmental_road,Bidirectional,Unknown,Flat,Straight,Normal,Unknown,On_road,Not_near_school,A01,Other/Unknown,Car(Quad/Passenger),Cyclist,Right_side,Roundabout,0,1961.0,Female,Driver,Uninjured,Driver_seat,Home-work,Not_pedestrian,Unknown,Not_pedestrian,Seat_belt,Used,Not a holiday,0
3004,201600001837,2016,5,19,Daylight,Out_of_agglomeration,Out_of_intersection,Normal,Side_two_vehicles,Manual_entry,-1.52827,47.12475,True,2016-05-19,18,0,18:00,Evening,False,Spring,2.0,0.0,0.0,Departmental_road,Bidirectional,Unknown,Flat,Straight,Normal,Unknown,On_road,Not_near_school,B02,Opposite_direction,Motorcycle,Cyclist,Left_side,Straight_ahead,0,1953.0,Male,Driver,Injured_Hospitalized,Driver_seat,Leisure,Not_pedestrian,Unknown,Not_pedestrian,Helmet,Used,Not a holiday,0
3005,201600001838,2016,7,11,Daylight,Out_of_agglomeration,Out_of_intersection,Normal,Rear_end_two_vehicles,Manual_entry,-1.46626,47.15904,True,2016-07-11,17,0,17:00,Evening,False,Summer,0.0,0.0,0.0,Departmental_road,Bidirectional,Unknown,Flat,Straight,Normal,Unknown,On_road,Not_near_school,A01,Other/Unknown,Motorcycle,Cyclist,Front,Turning,0,1952.0,Male,Driver,Injured_Hospitalized,Driver_seat,Leisure,Not_pedestrian,Unknown,Not_pedestrian,Helmet,Used,Not a holiday,0
3006,201600001838,2016,7,11,Daylight,Out_of_agglomeration,Out_of_intersection,Normal,Rear_end_two_vehicles,Manual_entry,-1.46626,47.15904,True,2016-07-11,17,0,17:00,Evening,False,Summer,0.0,0.0,0.0,Departmental_road,Bidirectional,Unknown,Flat,Straight,Normal,Unknown,On_road,Not_near_school,B02,Other/Unknown,Utility(Truck/Agri),Cyclist,Rear_left,other,0,1971.0,Male,Driver,Uninjured,Driver_seat,Professional use,Not_pedestrian,Unknown,Not_pedestrian,Seat_belt,Used,Not a holiday,0
3007,201600001839,2016,8,12,Daylight,Out_of_agglomeration,Out_of_intersection,Normal,Side_two_vehicles,Manual_entry,-1.52827,47.12475,True,2016-08-12,12,45,12:45,Afternoon,False,Summer,0.0,0.0,59.0,Departmental_road,Bidirectional,Unknown,Slope,Curve_right,Normal,Unknown,On_road,Unknown,A01,Opposite_direction,Car(Quad/Passenger),None,Right_side,Loss_of_control,0,1996.0,Male,Driver,Uninjured,Driver_seat,Unknown,Not_pedestrian,Unknown,Not_pedestrian,Seat_belt,Used,Not a holiday,0
3008,201600001839,2016,8,12,Daylight,Out_of_agglomeration,Out_of_intersection,Normal,Side_two_vehicles,Manual_entry,-1.52827,47.12475,True,2016-08-12,12,45,12:45,Afternoon,False,Summer,0.0,0.0,59.0,Departmental_road,Bidirectional,Unknown,Slope,Curve_right,Normal,Unknown,On_road,Unknown,B02,Opposite_direction,Motorcycle,None,Front,Straight_ahead,0,1990.0,Male,Driver,Injured_Hospitalized,Driver_seat,Home-work,Not_pedestrian,Unknown,Not_pedestrian,Helmet,Used,Not a holiday,0
3009,201600001840,2016,9,13,Night_without_public_lighting,Out_of_agglomeration,Out_of_intersection,Heavy_rain,Other_collision,Manual_entry,-1.51462,47.14788,True,2016-09-13,21,45,21:45,Night,False,Autumn,4.0,12.0,70.0,Highway,Separated_carriageways,Unknown,Flat,Straight,Wet,Interchange,On_road,Not_near_school,A01,Opposite_direction,Motorcycle,None,Front,None,0,1981.0,Male,Driver,Injured_Slight,Driver_seat,Leisure,Not_pedestrian,Unknown,Not_pedestrian,Helmet,Used,Not a holiday,0
3010,201600001841,2016,12,10,Night_with_public_lighting_on,Built_up_area,Out_of_intersection,Fog_or_smoke,Other_collision,Manual_entry,-1.48842,47.18486,True,2016-12-10,17,0,17:00,Evening,True,Winter,2.0,0.0,78.0,Communal_way,Bidirectional,Unknown,Flat,Straight,Wet,Unknown,On_road,Unknown,A01,Same_direction,Car(Quad/Passenger),Cyclist,Right_side,other,0,1997.0,Male,Driver,Uninjured,Driver_seat,Leisure,Not_pedestrian,Unknown,Not_pedestrian,Seat_belt,Used,Not a holiday,0
3011,201600001841,2016,12,10,Night_with_public_lighting_on,Built_up_area,Out_of_intersection,Fog_or_smoke,Other_collision,Manual_entry,-1.48842,47.18486,True,2016-12-10,17,0,17:00,Evening,True,Winter,2.0,0.0,78.0,Communal_way,Bidirectional,Unknown,Flat,Straight,Wet,Unknown,On_road,Unknown,B01,Same_direction,Car(Quad/Passenger),Cyclist,Right_side,Straight_ahead,0,1989.0,Male,Driver,Injured_Slight,Driver_seat,Leisure,Not_pedestrian,Unknown,Not_pedestrian,Seat_belt,Used,Not a holiday,0
3012,201600001842,2016,12,27,Night_with_public_lighting_on,Built_up_area,Intersection_Y,Normal,Other_collision,Manual_entry,-1.47109,47.17251,True,2016-12-27,17,50,17:50,Evening,False,Winter,2.0,10.0,10.0,Communal_way,Bidirectional,Unknown,Flat,Unknown,Normal,Unknown,Unknown,Unknown,A01,Same_direction,Car(Quad/Passenger),Pedestrian,Right_side,Straight_ahead,0,1976.0,Male,Driver,Uninjured,Driver_seat,Unknown,Not_pedestrian,Unknown,Not_pedestrian,Seat_belt,Used,Not a holiday,0
3013,201600001843,2016,3,20,Night_without_public_lighting,Out_of_agglomeration,Out_of_intersection,Normal,Other_collision,Manual_entry,,,False,2016-03-20,4,0,04:00,Night,True,Spring,2.0,0.0,110.0,Departmental_road,Bidirectional,Unknown,Flat,Straight,Normal,Unknown,On_verge,Unknown,A01,Other/Unknown,Car(Quad/Passenger),None,Front_right,Straight_ahead,0,1995.0,Male,Driver,Injured_Hospitalized,Driver_seat,Leisure,Not_pedestrian,Unknown,Not_pedestrian,Seat_belt,Used,Not a holiday,0
3014,201600001844,2016,5,14,Daylight,Out_of_agglomeration,Out_of_intersection,Normal,Other_collision,Manual_entry,-1.00608,47.41385,True,2016-05-14,8,45,08:45,Morning,True,Spring,2.0,0.0,61.0,Departmental_road,Bidirectional,Unknown,Flat,Straight,Normal,Unknown,On_road,Unknown,A01,Opposite_direction,Car(Quad/Passenger),None,No_impact,Straight_ahead,0,1987.0,Male,Driver,Injured_Hospitalized,Driver_seat,Unknown,Not_pedestrian,Unknown,Not_pedestrian,Seat_belt,Undetermined,Not a holiday,0