,accident_id,year,month,day,lighting_label,urban_label,intersection_label,weather_label,collision_label,gps_label,longitude_num,latitude_num,valid_geo,date,hour,minute,time_hhmm,time_of_day,is_weekend,season,num_lanes,pedestrian_crossing_width,road_width,road_category_label,traffic_regime_label,reserved_lane_label,road_profile_label,road_layout_label,surface_condition_label,infrastructure_label,situation_label,school_zone_label,vehicle_id,traffic_direction_label,vehicle_category_label,mobile_obstacle_label,impact_point_label,manoeuvre_label,occupants_group,birth_year,sex_label,user_category_label,injury_severity_label,seat_position_label,journey_purpose_label,pedestrian_location_label,pedestrian_action_label,pedestrian_state_label,safety_equipment_type,safety_equipment_usage,holiday_name,is_holiday
3015,201600001845,2016,7,16,Night_without_public_lighting,Out_of_agglomeration,Out_of_intersection,Normal,Other_collision,Manual_entry,-1.06016,47.39363,True,2016-07-16,0,30,00:30,Night,True,Summer,1.0,0.0,0.0,Communal_way,Bidirectional,Unknown,Flat,Curve_right,Normal,Unknown,On_road,Not_near_school,A01,Same_direction,Car(Quad/Passenger),None,Right_side,Roundabout,0,1997.0,Male,Driver,Injured_Slight,Driver_seat,Leisure,Not_pedestrian,Unknown,Not_pedestrian,Seat_belt,Used,Not a holiday,0
3016,201600001846,2016,9,6,Daylight,Out_of_agglomeration,Out_of_intersection,Normal,Frontal_two_vehicles,Manual_entry,-1.18442,47.40901,True,2016-09-06,8,0,08:00,Morning,False,Autumn,2.0,0.0,64.0,Communal_way,Bidirectional,Unknown,Hilltop,Straight,Normal,Unknown,On_road,Unknown,A01,Other/Unknown,Motorcycle,Cyclist,Front,other,0,1960.0,Male,Driver,Injured_Hospitalized,Driver_seat,Home-work,Not_pedestrian,Unknown,Not_pedestrian,Helmet,Used,Not a holiday,0
3017,201600001846,2016,9,6,Daylight,Out_of_agglomeration,Out_of_intersection,Normal,Frontal_two_vehicles,Manual_entry,-1.18442,47.40901,True,2016-09-06,8,0,08:00,Morning,False,Autumn,2.0,0.0,64.0,Communal_way,Bidirectional,Unknown,Hilltop,Straight,Normal,Unknown,On_road,Unknown,B02,Other/Unknown,Car(Quad/Passenger),Cyclist,Front_right,Roundabout,0,1958.0,Male,Driver,Uninjured,Driver_seat,Home-work,Not_pedestrian,Unknown,Not_pedestrian,Seat_belt,Used,Not a holiday,0
3018,201600001847,2016,1,13,Daylight,Out_of_agglomeration,Out_of_intersection,Normal,Frontal_two_vehicles,Manual_entry,-1.43969,47.22692,True,2016-01-13,12,15,12:15,Afternoon,False,Winter,0.0,0.0,0.0,Communal_way,Bidirectional,Unknown,Flat,Straight,Normal,Unknown,On_road,Not_near_school,B02,Same_direction,Motorcycle,None,No_impact,other,0,2000.0,Male,Driver,Injured_Hospitalized,Driver_seat,Home-school,Not_pedestrian,Unknown,Not_pedestrian,Helmet,Used,Not a holiday,0
3019,201600001847,2016,1,13,Daylight,Out_of_agglomeration,Out_of_intersection,Normal,Frontal_two_vehicles,Manual_entry,-1.43969,47.22692,True,2016-01-13,12,15,12:15,Afternoon,False,Winter,0.0,0.0,0.0,Communal_way,Bidirectional,Unknown,Flat,Straight,Normal,Unknown,On_road,Not_near_school,A01,Same_direction,Motorcycle,None,No_impact,Roundabout,0,1985.0,Male,Driver,Uninjured,Driver_seat,Professional use,Not_pedestrian,Unknown,Not_pedestrian,Seat_belt,Used,Not a holiday,0
3020,201600001848,2016,6,9,Night_without_public_lighting,Out_of_agglomeration,Out_of_intersection,Normal,Frontal_two_vehicles,Manual_entry,-1.23954,47.1755,True,2016-06-09,22,45,22:45,Night,False,Summer,2.0,0.0,60.0,Departmental_road,Bidirectional,Unknown,Unknown,Curve_left,Normal,Unknown,On_road,Not_near_school,A01,Opposite_direction,Car(Quad/Passenger),Cyclist,Front_right,Straight_ahead,0,1989.0,Male,Driver,Injured_Hospitalized,Driver_seat,Leisure,Not_pedestrian,Unknown,Not_pedestrian,Seat_belt,Used,Not a holiday,0
3021,201600001848,2016,6,9,Night_without_public_lighting,Out_of_agglomeration,Out_of_intersection,Normal,Frontal_two_vehicles,Manual_entry,-1.23954,47.1755,True,2016-06-09,22,45,22:45,Night,False,Summer,2.0,0.0,60.0,Departmental_road,Bidirectional,Unknown,Unknown,Curve_left,Normal,Unknown,On_road,Not_near_school,B02,Other/Unknown,Car(Quad/Passenger),Cyclist,Front_right,Straight_ahead,0,1991.0,Female,Driver,Injured_Slight,Driver_seat,Leisure,Not_pedestrian,Unknown,Not_pedestrian,Seat_belt,Used,Not a holiday,0
3022,201600001849,2016,8,30,Daylight,Out_of_agglomeration,Out_of_intersection,Normal,Multiple_three_plus,Manual_entry,-1.40049,47.23213,True,2016-08-30,15,0,15:00,Afternoon,False,Summer,2.0,0.0,68.0,Departmental_road,Bidirectional,Unknown,Flat,Straight,Normal,Unknown,On_road,Not_near_school,C03,Opposite_direction,Car(Quad/Passenger),Cyclist,Front,Straight_ahead,0,1982.0,Female,Driver,Uninjured,Driver_seat,Leisure,Not_pedestrian,Unknown,Not_pedestrian,Seat_belt,Used,Not a holiday,0
3023,201600001849,2016,8,30,Daylight,Out_of_agglomeration,Out_of_intersection,Normal,Multiple_three_plus,Manual_entry,-1.40049,47.23213,True,2016-08-30,15,0,15:00,Afternoon,False,Summer,2.0,0.0,68.0,Departmental_road,Bidirectional,Unknown,Flat,Straight,Normal,Unknown,On_road,Not_near_school,B02,Opposite_direction,Motorcycle,Cyclist,Front,Straight_ahead,0,1950.0,Male,Driver,Uninjured,Driver_seat,Professional use,Not_pedestrian,Unknown,Not_pedestrian,Seat_belt,Not_used,Not a holiday,0
3024,201600001849,2016,8,30,Daylight,Out_of_agglomeration,Out_of_intersection,Normal,Multiple_three_plus,Manual_entry,-1.40049,47.23213,True,2016-08-30,15,0,15:00,Afternoon,False,Summer,2.0,0.0,68.0,Departmental_road,Bidirectional,Unknown,Flat,Straight,Normal,Unknown,On_road,Not_near_school,A01,Other/Unknown,Car(Quad/Passenger),Cyclist,Front,Straight_ahead,0,1938.0,Male,Driver,Injured_Hospitalized,Driver_seat,Leisure,Not_pedestrian,Unknown,Not_pedestrian,Seat_belt,Used,Not a holiday,0
3025,201600001850,2016,1,15,Night_with_public_lighting_on,Built_up_area,Other,Normal,Side_two_vehicles,Manual_entry,-1.28767,47.34811,True,2016-01-15,8,0,08:00,Morning,False,Winter,2.0,0.0,0.0,Departmental_road,Bidirectional,Unknown,Slope,Straight,Normal,Unknown,On_road,Near_school,A01,Other/Unknown,Car(Quad/Passenger),Cyclist,Right_side,Roundabout,0,1983.0,Female,Driver,Uninjured,Driver_seat,Home-school,Not_pedestrian,Unknown,Not_pedestrian,Seat_belt,Used,Not a holiday,0
3026,201600001850,2016,1,15,Night_with_public_lighting_on,Built_up_area,Other,Normal,Side_two_vehicles,Manual_entry,-1.28767,47.34811,True,2016-01-15,8,0,08:00,Morning,False,Winter,2.0,0.0,0.0,Departmental_road,Bidirectional,Unknown,Slope,Straight,Normal,Unknown,On_road,Near_school,B02,Opposite_direction,Motorcycle,Cyclist,Front_left,Straight_ahead,0,1996.0,Male,Driver,Injured_Hospitalized,Driver_seat,Home-work,Not_pedestrian,Unknown,Not_pedestrian,Helmet,Used,Not a holiday,0
3027,201600001851,2016,1,22,Night_without_public_lighting,Out_of_agglomeration,Intersection_X,Fog_or_smoke,Side_two_vehicles,Manual_entry,-1.48213,47.5031,True,2016-01-22,20,45,20:45,Evening,False,Winter,2.0,,,Departmental_road,Bidirectional,Unknown,Flat,Straight,Wet,Roundabout,On_road,Not_near_school,B02,Other/Unknown,Car(Quad/Passenger),Cyclist,Front_left,Straight_ahead,0,1981.0,Female,Driver,Injured_Slight,Driver_seat,Home-work,Not_pedestrian,Unknown,Not_pedestrian,Seat_belt,Used,Not a holiday,0
3028,201600001851,2016,1,22,Night_without_public_lighting,Out_of_agglomeration,Intersection_X,Fog_or_smoke,Side_two_vehicles,Manual_entry,-1.48213,47.5031,True,2016-01-22,20,45,20:45,Evening,False,Winter,2.0,,,Departmental_road,Bidirectional,Unknown,Flat,Straight,Wet,Roundabout,On_road,Not_near_school,A01,Opposite_direction,Car(Quad/Passenger),Cyclist,Front,Straight_ahead,0,1949.0,Male,Driver,Injured_Hospitalized,Driver_seat,Leisure,Not_pedestrian,Unknown,Not_pedestrian,Seat_belt,Used,Not a holiday,0
3029,201600001852,2016,8,26,Night_without_public_lighting,Out_of_agglomeration,Out_of_intersection,Normal,Other_collision,Manual_entry,-1.44873,47.48122,True,2016-08-26,21,45,21:45,Night,False,Summer,2.0,0.0,63.0,Departmental_road,Bidirectional,Unknown,Hilltop,Straight,Normal,Unknown,On_verge,Not_near_school,A01,Opposite_direction,Car(Quad/Passenger),None,Front,None,0,1967.0,Male,Driver,Injured_Hospitalized,Driver_seat,Leisure,Not_pedestrian,Unknown,Not_pedestrian,Seat_belt,Used,Not a holiday,0
3030,201600001853,2016,2,24,Daylight,Out_of_agglomeration,Out_of_intersection,Heavy_rain,Multiple_three_plus,Manual_entry,-1.16238,47.48959,True,2016-02-24,17,0,17:00,Evening,False,Winter,2.0,0.0,0.0,Departmental_road,Bidirectional,Unknown,Flat,Curve_right,Wet,Unknown,On_road,Unknown,B02,Other/Unknown,Car(Quad/Passenger),Cyclist,Front_left,Straight_ahead,0,1993.0,Male,Driver,Injured_Slight,Driver_seat,Home-work,Not_pedestrian,Unknown,Not_pedestrian,Seat_belt,Used,Not a holiday,0
3031,201600001853,2016,2,24,Daylight,Out_of_agglomeration,Out_of_intersection,Heavy_rain,Multiple_three_plus,Manual_entry,-1.16238,47.48959,True,2016-02-24,17,0,17:00,Evening,False,Winter,2.0,0.0,0.0,Departmental_road,Bidirectional,Unknown,Flat,Curve_right,Wet,Unknown,On_road,Unknown,A01,Opposite_direction,Car(Quad/Passenger),Cyclist,Front_left,Straight_ahead,0,1982.0,Male,Driver,Uninjured,Driver_seat,Professional use,Not_pedestrian,Unknown,Not_pedestrian,Seat_belt,Used,Not a holiday,0
3032,201600001853,2016,2,24,Daylight,Out_of_agglomeration,Out_of_intersection,Heavy_rain,Multiple_three_plus,Manual_entry,-1.16238,47.48959,True,2016-02-24,17,0,17:00,Evening,False,Winter,2.0,0.0,0.0,Departmental_road,Bidirectional,Unknown,Flat,Curve_right,Wet,Unknown,On_road,Unknown,C03,Opposite_direction,other,Cyclist,Front_left,Straight_ahead,0,1982.0,Male,Driver,Injured_Slight,Driver_seat,Professional use,Not_pedestrian,Unknown,Not_pedestrian,Seat_belt,Used,Not a holiday,0
3033,201600001854,2016,1,16,Night_with_public_lighting_on,Built_up_area,Out_of_intersection,Other,Other_collision,Manual_entry,-1.74799,47.52244,True,2016-01-16,1,0,01:00,Night,True,Winter,0.0,0.0,55.0,Communal_way,Bidirectional,Unknown,Flat,Straight,Icy,Unknown,On_road,Not_near_school,A01,Same_direction,Car(Quad/Passenger),None,Front_right,Avoiding_obstacle,0,1993.0,Male,Driver,Killed,Driver_seat,Leisure,Not_pedestrian,Unknown,Not_pedestrian,Seat_belt,Not_used,Not a holiday,0
3034,201600001855,2016,2,16,Night_without_public_lighting,Out_of_agglomeration,Out_of_intersection,Normal,Other_collision,Manual_entry,-1.85853,47.53475,True,2016-02-16,20,30,20:30,Evening,False,Winter,2.0,0.0,60.0,Departmental_road,Bidirectional,Unknown,Unknown,Curve_right,Normal,Unknown,On_road,Not_near_school,A01,Other/Unknown,Car(Quad/Passenger),None,Front,Roundabout,0,1945.0,Male,Driver,Injured_Hospitalized,Driver_seat,Leisure,Not_pedestrian,Unknown,Not_pedestrian,Seat_belt,Used,Not a holiday,0
3035,201600001856,2016,3,15,Daylight,Out_of_agglomeration,Intersection_X,Normal,Side_two_vehicles,Manual_entry,-1.90095,47.52704,True,2016-03-15,12,0,12:00,Afternoon,False,Spring,2.0,0.0,70.0,Departmental_road,Unknown,Unknown,Unknown,Straight,Normal,Unknown,On_emergency_stop_band,Not_near_school,B02,Opposite_direction,Utility(Truck/Agri),Cyclist,Front_left,Straight_ahead,0,1940.0,Male,Driver,Injured_Hospitalized,Driver_seat,Leisure,Not_pedestrian,Unknown,Not_pedestrian,Seat_belt,Used,Not a holiday,0
3036,201600001856,2016,3,15,Daylight,Out_of_agglomeration,Intersection_X,Normal,Side_two_vehicles,Manual_entry,-1.90095,47.52704,True,2016-03-15,12,0,12:00,Afternoon,False,Spring,2.0,0.0,70.0,Departmental_road,Unknown,Unknown,Unknown,Straight,Normal,Unknown,On_emergency_stop_band,Not_near_school,A01,Same_direction,Utility(Truck/Agri),Cyclist,Front,Straight_ahead,0,1979.0,Male,Driver,Injured_Slight,Driver_seat,Home-work,Not_pedestrian,Unknown,Not_pedestrian,Seat_belt,Used,Not a holiday,0
3037,201600001857,2016,4,28,Daylight,Out_of_agglomeration,Out_of_intersection,Light_rain,Side_two_vehicles,Manual_entry,-1.88951,47.54096,True,2016-04-28,17,30,17:30,Evening,False,Spring,0.0,66.0,0.0,Departmental_road,Bidirectional,Unknown,Unknown,Straight,Normal,Unknown,On_road,Not_near_school,A01,Opposite_direction,Motorcycle,Cyclist,Front_right,Straight_ahead,0,2000.0,Male,Driver,Injured_Hospitalized,Driver_seat,Leisure,Not_pedestrian,Unknown,Not_pedestrian,Helmet,Used,Not a holiday,0
3038,201600001857,2016,4,28,Daylight,Out_of_agglomeration,Out_of_intersection,Light_rain,Side_two_vehicles,Manual_entry,-1.88951,47.54096,True,2016-04-28,17,30,17:30,Evening,False,Spring,0.0,66.0,0.0,Departmental_road,Bidirectional,Unknown,Unknown,Straight,Normal,Unknown,On_road,Not_near_school,B02,Other/Unknown,Motorcycle,Cyclist,Right_side,Park/Start/Stop,0,1997.0,Female,Driver,Injured_Hospitalized,Driver_seat,Leisure,Not_pedestrian,Unknown,Not_pedestrian,Helmet,Used,Not a holiday,0
3039,201600001858,2016,6,1,Daylight,Built_up_area,Intersection_X,Normal,Side_two_vehicles,Manual_entry,-1.71003,47.38184,True,2016-06-01,11,45,11:45,Morning,False,Summer,1.0,0.0,0.0,Departmental_road,Bidirectional,Unknown,Unknown,Straight,Normal,Unknown,On_road,Not_near_school,A01,Opposite_direction,Motorcycle,None,Left_side,Interaction,0,1965.0,Male,Driver,Injured_Hospitalized,Driver_seat,Unknown,Not_pedestrian,Unknown,Not_pedestrian,Helmet,Used,Not a holiday,0
3040,201600001858,2016,6,1,Daylight,Built_up_area,Intersection_X,Normal,Side_two_vehicles,Manual_entry,-1.71003,47.38184,True,2016-06-01,11,45,11:45,Morning,False,Summer,1.0,0.0,0.0,Departmental_road,Bidirectional,Unknown,Unknown,Straight,Normal,Unknown,On_road,Not_near_school,B02,Same_direction,Car(Quad/Passenger),None,Front,Loss_of_control,0,1946.0,Male,Driver,Uninjured,Driver_seat,Unknown,Not_pedestrian,Unknown,Not_pedestrian,Seat_belt,Used,Not a holiday,0
3041,201600001859,2016,6,29,Daylight,Out_of_agglomeration,Intersection_X,Normal,Frontal_two_vehicles,Manual_entry,-1.94482,47.61202,True,2016-06-29,16,0,16:00,Afternoon,False,Summer,2.0,,,Departmental_road,Bidirectional,Unknown,Flat,Straight,Normal,Unknown,On_road,Not_near_school,B02,Other/Unknown,Car(Quad/Passenger),Cyclist,Front,Straight_ahead,0,1980.0,Female,Driver,Injured_Hospitalized,Driver_seat,Leisure,Not_pedestrian,Unknown,Not_pedestrian,Seat_belt,Used,Not a holiday,0
3042,201600001859,2016,6,29,Daylight,Out_of_agglomeration,Intersection_X,Normal,Frontal_two_vehicles,Manual_entry,-1.94482,47.61202,True,2016-06-29,16,0,16:00,Afternoon,False,Summer,2.0,,,Departmental_road,Bidirectional,Unknown,Flat,Straight,Normal,Unknown,On_road,Not_near_school,A01,Opposite_direction,Car(Quad/Passenger),Cyclist,Right_side,Park/Start/Stop,0,1983.0,Female,Driver,Injured_Hospitalized,Driver_seat,Leisure,Not_pedestrian,Unknown,Not_pedestrian,Seat_belt,Used,Not a holiday,0
3043,201600001860,2016,8,29,Daylight,Out_of_agglomeration,Out_of_intersection,Normal,Other_collision,Manual_entry,-1.78118,47.44367,True,2016-08-29,18,0,18:00,Evening,False,Summer,2.0,0.0,62.0,Departmental_road,Bidirectional,Unknown,Flat,Curve_left,Normal,Unknown,On_road,Not_near_school,A01,Opposite_direction,Motorcycle,None,Front,Roundabout,0,1986.0,Male,Driver,Injured_Hospitalized,Driver_seat,Leisure,Not_pedestrian,Unknown,Not_pedestrian,Helmet,Used,Not a holiday,0
3044,201600001861,2016,9,30,Night_without_public_lighting,Out_of_agglomeration,Intersection_Y,Normal,Side_two_vehicles,Manual_entry,-1.77068,47.4617,True,2016-09-30,22,0,22:00,Night,False,Autumn,2.0,0.0,0.0,Departmental_road,Bidirectional,Unknown,Flat,Straight,Wet,Unknown,On_road,Unknown,B02,Opposite_direction,Motorcycle,Cyclist,Front_right,Roundabout,0,1976.0,Male,Driver,Injured_Hospitalized,Driver_seat,Leisure,Not_pedestrian,Unknown,Not_pedestrian,Helmet,Used,Not a holiday,0
3045,201600001861,2016,9,30,Night_without_public_lighting,Out_of_agglomeration,Intersection_Y,Normal,Side_two_vehicles,Manual_entry,-1.77068,47.4617,True,2016-09-30,22,0,22:00,Night,False,Autumn,2.0,0.0,0.0,Departmental_road,Bidirectional,Unknown,Flat,Straight,Wet,Unknown,On_road,Unknown,A01,Other/Unknown,Car(Quad/Passenger),Cyclist,Right_side,Roundabout,0,1973.0,Male,Driver,Uninjured,Driver_seat,Leisure,Not_pedestrian,Unknown,Not_pedestrian,Seat_belt,Used,Not a holiday,0
3046,201600001862,2016,1,8,Night_without_public_lighting,Out_of_agglomeration,Out_of_intersection,Normal,Frontal_two_vehicles,Manual_entry,-1.6088,47.44915,True,2016-01-08,20,30,20:30,Evening,False,Winter,2.0,0.0,66.0,Departmental_road,Bidirectional,Unknown,Unknown,Curve_right,Wet,Unknown,Unknown,Not_near_school,B02,Opposite_direction,Car(Quad/Passenger),Cyclist,Right_side,None,0,1961.0,Male,Driver,Killed,Driver_seat,Home-work,Not_pedestrian,Unknown,Not_pedestrian,Seat_belt,Used,Not a holiday,0
3047,201600001862,2016,1,8,Night_without_public_lighting,Out_of_agglomeration,Out_of_intersection,Normal,Frontal_two_vehicles,Manual_entry,-1.6088,47.44915,True,2016-01-08,20,30,20:30,Evening,False,Winter,2.0,0.0,66.0,Departmental_road,Bidirectional,Unknown,Unknown,Curve_right,Wet,Unknown,Unknown,Not_near_school,A01,Other/Unknown,Car(Quad/Passenger),Cyclist,Right_side,Avoiding_obstacle,0,1990.0,Male,Driver,Injured_Hospitalized,Driver_seat,Leisure,Not_pedestrian,Unknown,Not_pedestrian,Seat_belt,Used,Not a holiday,0
3048,201600001863,2016,1,9,Daylight,Out_of_agglomeration,Intersection_X,Normal,Side_two_vehicles,Manual_entry,-1.61007,47.41132,True,2016-01-09,13,45,13:45,Afternoon,True,Winter,2.0,,,Departmental_road,Bidirectional,Unknown,Flat,Straight,Normal,Roundabout,On_road,Not_near_school,B02,Opposite_direction,Motorcycle,Cyclist,Front,Straight_ahead,0,1981.0,Male,Driver,Injured_Hospitalized,Driver_seat,Unknown,Not_pedestrian,Unknown,Not_pedestrian,Helmet,Used,Not a holiday,0
3049,201600001863,2016,1,9,Daylight,Out_of_agglomeration,Intersection_X,Normal,Side_two_vehicles,Manual_entry,-1.61007,47.41132,True,2016-01-09,13,45,13:45,Afternoon,True,Winter,2.0,,,Departmental_road,Bidirectional,Unknown,Flat,Straight,Normal,Roundabout,On_road,Not_near_school,A01,Opposite_direction,Car(Quad/Passenger),Cyclist,Left_side,Loss_of_control,0,1986.0,Male,Driver,Uninjured,Driver_seat,Leisure,Not_pedestrian,Unknown,Not_pedestrian,Seat_belt,Used,Not a holiday,0
3050,201600001864,2016,3,19,Daylight,Out_of_agglomeration,Out_of_intersection,Normal,Frontal_two_vehicles,Manual_entry,-1.55536,47.40991,True,2016-03-19,12,0,12:00,Afternoon,True,Spring,0.0,0.0,50.0,Communal_way,Unknown,Unknown,Flat,Straight,Normal,Unknown,On_road,Not_near_school,B02,Same_direction,Cycle,Cyclist,Front,Straight_ahead,0,2001.0,Male,Driver,Injured_Hospitalized,Driver_seat,Leisure,Not_pedestrian,Unknown,Not_pedestrian,Helmet,Used,Not a holiday,0
3051,201600001864,2016,3,19,Daylight,Out_of_agglomeration,Out_of_intersection,Normal,Frontal_two_vehicles,Manual_entry,-1.55536,47.40991,True,2016-03-19,12,0,12:00,Afternoon,True,Spring,0.0,0.0,50.0,Communal_way,Unknown,Unknown,Flat,Straight,Normal,Unknown,On_road,Not_near_school,A01,Same_direction,Car(Quad/Passenger),Cyclist,Front,Roundabout,0,1991.0,Female,Driver,Uninjured,Driver_seat,Leisure,Not_pedestrian,Unknown,Not_pedestrian,Seat_belt,Used,Not a holiday,0
3052,201600001865,2016,4,8,Twilight_or_dawn,Built_up_area,Out_of_intersection,Normal,Rear_end_two_vehicles,Manual_entry,-1.41032,47.35925,True,2016-04-08,21,0,21:00,Night,False,Spring,2.0,0.0,60.0,Departmental_road,Bidirectional,Unknown,Unknown,Straight,Normal,Unknown,On_road,Unknown,A01,Other/Unknown,Car(Quad/Passenger),None,Rear_right,Straight_ahead,0,1975.0,Male,Driver,Injured_Slight,Driver_seat,Leisure,Not_pedestrian,Unknown,Not_pedestrian,Seat_belt,Used,Not a holiday,0
3053,201600001865,2016,4,8,Twilight_or_dawn,Built_up_area,Out_of_intersection,Normal,Rear_end_two_vehicles,Manual_entry,-1.41032,47.35925,True,2016-04-08,21,0,21:00,Night,False,Spring,2.0,0.0,60.0,Departmental_road,Bidirectional,Unknown,Unknown,Straight,Normal,Unknown,On_road,Unknown,B02,Other/Unknown,Car(Quad/Passenger),Cyclist,Front,Straight_ahead,0,1995.0,Male,Driver,Injured_Slight,Driver_seat,Unknown,Not_pedestrian,Unknown,Not_pedestrian,Seat_belt,Used,Not a holiday,0
3054,201600001866,2016,6,12,Night_without_public_lighting,Out_of_agglomeration,Out_of_intersection,Cloudy,Rear_end_two_vehicles,Manual_entry,-1.66721,47.4301,True,2016-06-12,1,0,01:00,Night,True,Summer,0.0,0.0,56.0,Departmental_road,Bidirectional,Unknown,Flat,Straight,Normal,Unknown,On_road,Unknown,B02,Other/Unknown,Cycle,Cyclist,Rear_right,Straight_ahead,0,2000.0,Male,Driver,Injured_Hospitalized,Driver_seat,Leisure,Not_pedestrian,Unknown,Not_pedestrian,Helmet,Used,Not a holiday,0
3055,201600001866,2016,6,12,Night_without_public_lighting,Out_of_agglomeration,Out_of_intersection,Cloudy,Rear_end_two_vehicles,Manual_entry,-1.66721,47.4301,True,2016-06-12,1,0,01:00,Night,True,Summer,0.0,0.0,56.0,Departmental_road,Bidirectional,Unknown,Flat,Straight,Normal,Unknown,On_road,Unknown,A01,Other/Unknown,Car(Quad/Passenger),Cyclist,Front_right,Straight_ahead,0,1994.0,Male,Driver,Uninjured,Driver_seat,Leisure,Not_pedestrian,Unknown,Not_pedestrian,Seat_belt,Used,Not a holiday,0
3056,201600001867,2016,6,18,Daylight,Out_of_agglomeration,Out_of_intersection,Normal,Multiple_three_plus,Manual_entry,-1.52389,47.41703,True,2016-06-18,19,45,19:45,Evening,True,Summer,0.0,0.0,52.0,Departmental_road,Bidirectional,Unknown,Unknown,Curve_right,Normal,Unknown,On_road,Not_near_school,B02,Other/Unknown,Car(Quad/Passenger),Cyclist,Front,Straight_ahead,0,1993.0,Male,Driver,Injured_Hospitalized,Driver_seat,Leisure,Not_pedestrian,Unknown,Not_pedestrian,Seat_belt,Used,Not a holiday,0
3057,201600001867,2016,6,18,Daylight,Out_of_agglomeration,Out_of_intersection,Normal,Multiple_three_plus,Manual_entry,-1.52389,47.41703,True,2016-06-18,19,45,19:45,Evening,True,Summer,0.0,0.0,52.0,Departmental_road,Bidirectional,Unknown,Unknown,Curve_right,Normal,Unknown,On_road,Not_near_school,C03,Other/Unknown,Car(Quad/Passenger),Cyclist,Front_left,Straight_ahead,0,1992.0,Female,Driver,Uninjured,Driver_seat,Leisure,Not_pedestrian,Unknown,Not_pedestrian,Seat_belt,Used,Not a holiday,0
3058,201600001867,2016,6,18,Daylight,Out_of_agglomeration,Out_of_intersection,Normal,Multiple_three_plus,Manual_entry,-1.52389,47.41703,True,2016-06-18,19,45,19:45,Evening,True,Summer,0.0,0.0,52.0,Departmental_road,Bidirectional,Unknown,Unknown,Curve_right,Normal,Unknown,On_road,Not_near_school,A01,Opposite_direction,Car(Quad/Passenger),Cyclist,Front,Avoiding_obstacle,0,1983.0,Female,Driver,Uninjured,Driver_seat,Home-work,Not_pedestrian,Unknown,Not_pedestrian,Seat_belt,Used,Not a holiday,0
3059,201600001868,2016,6,17,Daylight,Out_of_agglomeration,Out_of_intersection,Normal,Chain_three_plus,Manual_entry,-1.52564,47.39554,True,2016-06-17,8,30,08:30,Morning,False,Summer,2.0,0.0,60.0,Departmental_road,Bidirectional,Unknown,Flat,Straight,Normal,Unknown,On_road,Not_near_school,C03,Opposite_direction,Car(Quad/Passenger),Cyclist,Front,Straight_ahead,0,1956.0,Female,Driver,Injured_Slight,Driver_seat,Home-work,Not_pedestrian,Unknown,Not_pedestrian,Seat_belt,Used,Not a holiday,0
3060,201600001868,2016,6,17,Daylight,Out_of_agglomeration,Out_of_intersection,Normal,Chain_three_plus,Manual_entry,-1.52564,47.39554,True,2016-06-17,8,30,08:30,Morning,False,Summer,2.0,0.0,60.0,Departmental_road,Bidirectional,Unknown,Flat,Straight,Normal,Unknown,On_road,Not_near_school,B02,Opposite_direction,Car(Quad/Passenger),Cyclist,Front,Straight_ahead,0,1975.0,Female,Driver,Uninjured,Driver_seat,Home-work,Not_pedestrian,Unknown,Not_pedestrian,Seat_belt,Used,Not a holiday,0
3061,201600001868,2016,6,17,Daylight,Out_of_agglomeration,Out_of_intersection,Normal,Chain_three_plus,Manual_entry,-1.52564,47.39554,True,2016-06-17,8,30,08:30,Morning,False,Summer,2.0,0.0,60.0,Departmental_road,Bidirectional,Unknown,Flat,Straight,Normal,Unknown,On_road,Not_near_school,A01,Other/Unknown,Car(Quad/Passenger),Cyclist,Rear_right,Avoiding_obstacle,0,1994.0,Male,Driver,Uninjured,Driver_seat,Home-work,Not_pedestrian,Unknown,Not_pedestrian,Seat_belt,Used,Not a holiday,0
3062,201600001869,2016,11,8,Night_without_public_lighting,Out_of_agglomeration,Out_of_intersection,Light_rain,Rear_end_two_vehicles,Manual_entry,-1.67318,47.43563,True,2016-11-08,19,25,19:25,Evening,False,Autumn,2.0,0.0,58.0,Departmental_road,Bidirectional,Unknown,Flat,Straight,Wet,Unknown,On_road,Unknown,B02,Opposite_direction,Car(Quad/Passenger),Cyclist,Front,Straight_ahead,0,1965.0,Male,Driver,Uninjured,Driver_seat,Unknown,Not_pedestrian,Unknown,Not_pedestrian,Seat_belt,Used,Not a holiday,0
3063,201600001869,2016,11,8,Night_without_public_lighting,Out_of_agglomeration,Out_of_intersection,Light_rain,Rear_end_two_vehicles,Manual_entry,-1.67318,47.43563,True,2016-11-08,19,25,19:25,Evening,False,Autumn,2.0,0.0,58.0,Departmental_road,Bidirectional,Unknown,Flat,Straight,Wet,Unknown,On_road,Unknown,A01,Opposite_direction,Car(Quad/Passenger),None,Front,Straight_ahead,0,1969.0,Male,Driver,Injured_Hospitalized,Driver_seat,Unknown,Not_pedestrian,Unknown,Not_pedestrian,Seat_belt,Undetermined,Not a holiday,0
3064,201600001870,2016,11,22,Night_with_public_lighting_on,Built_up_area,Out_of_intersection,Normal,Other_collision,Manual_entry,-1.50349,47.43735,True,2016-11-22,18,15,18:15,Evening,False,Autumn,2.0,0.0,0.0,Departmental_road,Bidirectional,Unknown,Flat,Straight,Wet,Unknown,On_road,Unknown,A01,Opposite_direction,Car(Quad/Passenger),Pedestrian,Front,Straight_ahead,0,1989.0,Male,Driver,Uninjured,Driver_seat,Home-work,Not_pedestrian,Unknown,Not_pedestrian,Seat_belt,Used,Not a holiday,0