,accident_id,year,month,day,lighting_label,urban_label,intersection_label,weather_label,collision_label,gps_label,longitude_num,latitude_num,valid_geo,date,hour,minute,time_hhmm,time_of_day,is_weekend,season,num_lanes,pedestrian_crossing_width,road_width,road_category_label,traffic_regime_label,reserved_lane_label,road_profile_label,road_layout_label,surface_condition_label,infrastructure_label,situation_label,school_zone_label,vehicle_id,traffic_direction_label,vehicle_category_label,mobile_obstacle_label,impact_point_label,manoeuvre_label,occupants_group,birth_year,sex_label,user_category_label,injury_severity_label,seat_position_label,journey_purpose_label,pedestrian_location_label,pedestrian_action_label,pedestrian_state_label,safety_equipment_type,safety_equipment_usage,holiday_name,is_holiday
3065,201600001871,2016,12,10,Daylight,Out_of_agglomeration,Out_of_intersection,Fog_or_smoke,Side_two_vehicles,Manual_entry,-1.5463,47.43755,True,2016-12-10,13,15,13:15,Afternoon,True,Winter,2.0,0.0,59.0,Departmental_road,Bidirectional,Unknown,Flat,Straight,Wet,Unknown,On_road,Unknown,A01,Opposite_direction,Car(Quad/Passenger),Cyclist,Left_side,Avoiding_obstacle,0,1998.0,Male,Driver,Uninjured,Driver_seat,Leisure,Not_pedestrian,Unknown,Not_pedestrian,Seat_belt,Used,Not a holiday,0
3066,201600001871,2016,12,10,Daylight,Out_of_agglomeration,Out_of_intersection,Fog_or_smoke,Side_two_vehicles,Manual_entry,-1.5463,47.43755,True,2016-12-10,13,15,13:15,Afternoon,True,Winter,2.0,0.0,59.0,Departmental_road,Bidirectional,Unknown,Flat,Straight,Wet,Unknown,On_road,Unknown,B02,Other/Unknown,Car(Quad/Passenger),None,Front_right,Straight_ahead,0,1951.0,Male,Driver,Injured_Slight,Driver_seat,Unknown,Not_pedestrian,Unknown,Not_pedestrian,Seat_belt,Used,Not a holiday,0
3067,201600001872,2016,12,12,Night_without_public_lighting,Out_of_agglomeration,Out_of_intersection,Light_rain,Other_collision,Manual_entry,-1.64618,47.40124,True,2016-12-12,17,30,17:30,Evening,False,Winter,2.0,5.0,825.0,Departmental_road,Bidirectional,Unknown,Flat,Unknown,Normal,Unknown,Unknown,Unknown,A01,Other/Unknown,Car(Quad/Passenger),Pedestrian,Front,Straight_ahead,0,1990.0,Female,Driver,Uninjured,Driver_seat,Home-work,Not_pedestrian,Unknown,Not_pedestrian,Seat_belt,Used,Not a holiday,0
3068,201600001873,2016,1,24,Daylight,Out_of_agglomeration,Intersection_X,Normal,Side_two_vehicles,Manual_entry,-1.49236,47.65472,True,2016-01-24,14,0,14:00,Afternoon,True,Winter,2.0,,,Departmental_road,Bidirectional,Unknown,Flat,Straight,Normal,Roundabout,On_road,Not_near_school,B02,Opposite_direction,Car(Quad/Passenger),None,Front,Straight_ahead,0,1995.0,Male,Driver,Injured_Hospitalized,Driver_seat,Unknown,Not_pedestrian,Unknown,Not_pedestrian,Seat_belt,Not_used,Not a holiday,0
3069,201600001873,2016,1,24,Daylight,Out_of_agglomeration,Intersection_X,Normal,Side_two_vehicles,Manual_entry,-1.49236,47.65472,True,2016-01-24,14,0,14:00,Afternoon,True,Winter,2.0,,,Departmental_road,Bidirectional,Unknown,Flat,Straight,Normal,Roundabout,On_road,Not_near_school,A01,Same_direction,Car(Quad/Passenger),None,Front_left,Loss_of_control,0,1953.0,Male,Driver,Injured_Slight,Driver_seat,Unknown,Not_pedestrian,Unknown,Not_pedestrian,Seat_belt,Used,Not a holiday,0
3070,201600001874,2016,1,27,Night_without_public_lighting,Out_of_agglomeration,Out_of_intersection,Light_rain,Other_collision,Manual_entry,-1.56151,47.7308,True,2016-01-27,20,15,20:15,Evening,False,Winter,2.0,0.0,0.0,Departmental_road,Bidirectional,Unknown,Flat,Straight,Wet,Unknown,On_verge,Not_near_school,A01,Opposite_direction,Car(Quad/Passenger),None,Front,Straight_ahead,0,1972.0,Female,Driver,Injured_Hospitalized,Driver_seat,Leisure,Not_pedestrian,Unknown,Not_pedestrian,Seat_belt,Used,Not a holiday,0
3071,201600001875,2016,7,3,Daylight,Out_of_agglomeration,Intersection_T,Light_rain,Other_collision,Manual_entry,-1.56488,47.49954,True,2016-07-03,9,15,09:15,Morning,True,Summer,1.0,0.0,0.0,Departmental_road,Bidirectional,Unknown,Flat,Straight,Wet,Roundabout,On_road,Not_near_school,A01,Opposite_direction,Car(Quad/Passenger),other,Front,None,0,1986.0,Female,Driver,Uninjured,Driver_seat,Leisure,Not_pedestrian,Unknown,Not_pedestrian,Seat_belt,Used,Not a holiday,0
3072,201600001875,2016,7,3,Daylight,Out_of_agglomeration,Intersection_T,Light_rain,Other_collision,Manual_entry,-1.56488,47.49954,True,2016-07-03,9,15,09:15,Morning,True,Summer,1.0,0.0,0.0,Departmental_road,Bidirectional,Unknown,Flat,Straight,Wet,Roundabout,On_road,Not_near_school,B01,Same_direction,Cycle,Cyclist,Front,Straight_ahead,0,1979.0,Male,Driver,Injured_Hospitalized,Driver_seat,Leisure,Not_pedestrian,Unknown,Not_pedestrian,Helmet,Used,Not a holiday,0
3073,201600001876,2016,1,6,Night_without_public_lighting,Built_up_area,Out_of_intersection,Light_rain,Other_collision,Manual_entry,-1.71408,47.1405,True,2016-01-06,1,45,01:45,Night,False,Winter,2.0,0.0,0.0,Departmental_road,Bidirectional,Unknown,Flat,Straight,Wet,Unknown,On_verge,Not_near_school,A01,Opposite_direction,Car(Quad/Passenger),None,Front,Turning,0,1976.0,Male,Driver,Injured_Hospitalized,Driver_seat,other,Not_pedestrian,Unknown,Not_pedestrian,Seat_belt,Used,Not a holiday,0
3074,201600001877,2016,2,14,Night_without_public_lighting,Out_of_agglomeration,Out_of_intersection,Cloudy,Side_two_vehicles,Manual_entry,-1.70002,47.14582,True,2016-02-14,3,0,03:00,Night,True,Winter,0.0,0.0,72.0,Departmental_road,Separated_carriageways,Unknown,Flat,Straight,Wet,Unknown,On_road,Not_near_school,B02,Opposite_direction,Car(Quad/Passenger),Cyclist,Right_side,Straight_ahead,0,1976.0,Female,Driver,Uninjured,Driver_seat,Leisure,Not_pedestrian,Unknown,Not_pedestrian,Seat_belt,Used,Not a holiday,0
3075,201600001877,2016,2,14,Night_without_public_lighting,Out_of_agglomeration,Out_of_intersection,Cloudy,Side_two_vehicles,Manual_entry,-1.70002,47.14582,True,2016-02-14,3,0,03:00,Night,True,Winter,0.0,0.0,72.0,Departmental_road,Separated_carriageways,Unknown,Flat,Straight,Wet,Unknown,On_road,Not_near_school,A01,Opposite_direction,Car(Quad/Passenger),Cyclist,Front_right,Avoiding_obstacle,0,1996.0,Male,Driver,Injured_Slight,Driver_seat,Home-work,Not_pedestrian,Unknown,Not_pedestrian,Seat_belt,Used,Not a holiday,0
3076,201600001878,2016,3,24,Daylight,Out_of_agglomeration,Out_of_intersection,Normal,Other_collision,Manual_entry,-1.66558,47.1507,True,2016-03-24,7,45,07:45,Morning,False,Spring,2.0,0.0,50.0,Communal_way,Bidirectional,Unknown,Flat,Straight,Normal,Unknown,On_road,Not_near_school,A01,Same_direction,Car(Quad/Passenger),Pedestrian,Left_side,Straight_ahead,0,1971.0,Female,Driver,Uninjured,Driver_seat,Home-work,Not_pedestrian,Unknown,Not_pedestrian,Seat_belt,Used,Not a holiday,0
3077,201600001879,2016,5,10,Twilight_or_dawn,Out_of_agglomeration,Out_of_intersection,Normal,Multiple_three_plus,Manual_entry,-1.59623,47.12433,True,2016-05-10,6,0,06:00,Morning,False,Spring,2.0,0.0,59.0,Departmental_road,Bidirectional,Unknown,Flat,Straight,Normal,Unknown,On_road,Not_near_school,A01,Opposite_direction,Car(Quad/Passenger),Cyclist,Front,Avoiding_obstacle,0,1966.0,Male,Driver,Injured_Hospitalized,Driver_seat,Home-work,Not_pedestrian,Unknown,Not_pedestrian,Seat_belt,Used,Not a holiday,0
3078,201600001879,2016,5,10,Twilight_or_dawn,Out_of_agglomeration,Out_of_intersection,Normal,Multiple_three_plus,Manual_entry,-1.59623,47.12433,True,2016-05-10,6,0,06:00,Morning,False,Spring,2.0,0.0,59.0,Departmental_road,Bidirectional,Unknown,Flat,Straight,Normal,Unknown,On_road,Not_near_school,B02,Other/Unknown,Car(Quad/Passenger),Cyclist,Right_side,Straight_ahead,0,1966.0,Female,Driver,Uninjured,Driver_seat,Home-work,Not_pedestrian,Unknown,Not_pedestrian,Seat_belt,Used,Not a holiday,0
3079,201600001879,2016,5,10,Twilight_or_dawn,Out_of_agglomeration,Out_of_intersection,Normal,Multiple_three_plus,Manual_entry,-1.59623,47.12433,True,2016-05-10,6,0,06:00,Morning,False,Spring,2.0,0.0,59.0,Departmental_road,Bidirectional,Unknown,Flat,Straight,Normal,Unknown,On_road,Not_near_school,C03,Other/Unknown,Car(Quad/Passenger),Cyclist,Right_side,Straight_ahead,0,1996.0,Male,Driver,Injured_Slight,Driver_seat,Home-work,Not_pedestrian,Unknown,Not_pedestrian,Seat_belt,Used,Not a holiday,0
3080,201600001880,2016,6,4,Night_with_public_lighting_not_functioning,Out_of_agglomeration,Intersection_X,Normal,Side_two_vehicles,Manual_entry,-1.57209,47.14279,True,2016-06-04,0,30,00:30,Night,True,Summer,1.0,0.0,0.0,Departmental_road,Unknown,Unknown,Flat,Straight,Normal,Unknown,On_road,Unknown,B02,Opposite_direction,Car(Quad/Passenger),Cyclist,Front_right,Straight_ahead,0,1990.0,Male,Driver,Uninjured,Driver_seat,Leisure,Not_pedestrian,Unknown,Not_pedestrian,Seat_belt,Used,Not a holiday,0
3081,201600001880,2016,6,4,Night_with_public_lighting_not_functioning,Out_of_agglomeration,Intersection_X,Normal,Side_two_vehicles,Manual_entry,-1.57209,47.14279,True,2016-06-04,0,30,00:30,Night,True,Summer,1.0,0.0,0.0,Departmental_road,Unknown,Unknown,Flat,Straight,Normal,Unknown,On_road,Unknown,A01,Same_direction,Utility(Truck/Agri),Cyclist,Right_side,Loss_of_control,0,1986.0,Male,Driver,Uninjured,Driver_seat,other,Not_pedestrian,Unknown,Not_pedestrian,Seat_belt,Undetermined,Not a holiday,0
3082,201600001881,2016,6,7,Daylight,Built_up_area,Out_of_intersection,Normal,Other_collision,Manual_entry,-1.55202,47.13876,True,2016-06-07,12,45,12:45,Afternoon,False,Summer,2.0,0.0,0.0,Departmental_road,Bidirectional,Unknown,Flat,Straight,Normal,Unknown,On_road,Not_near_school,A01,Opposite_direction,Utility(Truck/Agri),None,Right_side,Avoiding_obstacle,0,1994.0,Male,Driver,Injured_Slight,Driver_seat,Leisure,Not_pedestrian,Unknown,Not_pedestrian,Seat_belt,Used,Not a holiday,0
3083,201600001882,2016,6,16,Daylight,Built_up_area,Roundabout,Normal,Side_two_vehicles,Manual_entry,-1.68121,47.14374,True,2016-06-16,12,15,12:15,Afternoon,False,Summer,2.0,0.0,0.0,Departmental_road,Bidirectional,Unknown,Unknown,Unknown,Normal,Unknown,On_road,Not_near_school,A01,Opposite_direction,Car(Quad/Passenger),Cyclist,Right_side,Straight_ahead,0,1945.0,Male,Driver,Uninjured,Driver_seat,Leisure,Not_pedestrian,Unknown,Not_pedestrian,Seat_belt,Used,Not a holiday,0
3084,201600001882,2016,6,16,Daylight,Built_up_area,Roundabout,Normal,Side_two_vehicles,Manual_entry,-1.68121,47.14374,True,2016-06-16,12,15,12:15,Afternoon,False,Summer,2.0,0.0,0.0,Departmental_road,Bidirectional,Unknown,Unknown,Unknown,Normal,Unknown,On_road,Not_near_school,B02,Other/Unknown,Cycle,Cyclist,Left_side,Straight_ahead,0,1996.0,Male,Driver,Injured_Hospitalized,Driver_seat,Professional use,Not_pedestrian,Unknown,Not_pedestrian,Helmet,Used,Not a holiday,0
3085,201600001883,2016,6,21,Daylight,Out_of_agglomeration,Out_of_intersection,Light_rain,Frontal_two_vehicles,Manual_entry,-1.80335,47.19965,True,2016-06-21,7,15,07:15,Morning,False,Summer,0.0,56.0,0.0,Departmental_road,Bidirectional,Unknown,Flat,Curve_right,Wet,Unknown,On_road,Unknown,B02,Other/Unknown,Car(Quad/Passenger),Cyclist,Right_side,Straight_ahead,0,1988.0,Male,Driver,Injured_Hospitalized,Driver_seat,Home-work,Not_pedestrian,Unknown,Not_pedestrian,Seat_belt,Used,Not a holiday,0
3086,201600001883,2016,6,21,Daylight,Out_of_agglomeration,Out_of_intersection,Light_rain,Frontal_two_vehicles,Manual_entry,-1.80335,47.19965,True,2016-06-21,7,15,07:15,Morning,False,Summer,0.0,56.0,0.0,Departmental_road,Bidirectional,Unknown,Flat,Curve_right,Wet,Unknown,On_road,Unknown,A01,Opposite_direction,Car(Quad/Passenger),Cyclist,Right_side,Avoiding_obstacle,0,1977.0,Female,Driver,Injured_Hospitalized,Driver_seat,Home-work,Not_pedestrian,Unknown,Not_pedestrian,Seat_belt,Used,Not a holiday,0
3087,201600001884,2016,8,15,Daylight,Out_of_agglomeration,Out_of_intersection,Normal,No_collision,Manual_entry,-1.64869,47.14694,True,2016-08-15,17,30,17:30,Evening,False,Summer,2.0,70.0,0.0,Departmental_road,Bidirectional,Unknown,Unknown,Curve_right,Normal,Roundabout,On_road,Unknown,A01,Opposite_direction,Motorcycle,None,Front,Straight_ahead,0,1979.0,Male,Driver,Injured_Hospitalized,Driver_seat,Leisure,Not_pedestrian,Unknown,Not_pedestrian,Helmet,Used,Assumption of Mary to Heaven,1
3088,201600001885,2016,9,10,Daylight,Built_up_area,Out_of_intersection,Normal,Frontal_two_vehicles,Manual_entry,-1.72476,47.16725,True,2016-09-10,18,0,18:00,Evening,True,Autumn,2.0,45.0,0.0,Communal_way,Separated_carriageways,Unknown,Unknown,Straight,Normal,Roundabout,On_road,Unknown,B02,Same_direction,Cycle,Cyclist,Front,Reversing,0,2006.0,Male,Driver,Injured_Hospitalized,Driver_seat,Unknown,Not_pedestrian,Unknown,Not_pedestrian,other,Undetermined,Not a holiday,0
3089,201600001885,2016,9,10,Daylight,Built_up_area,Out_of_intersection,Normal,Frontal_two_vehicles,Manual_entry,-1.72476,47.16725,True,2016-09-10,18,0,18:00,Evening,True,Autumn,2.0,45.0,0.0,Communal_way,Separated_carriageways,Unknown,Unknown,Straight,Normal,Roundabout,On_road,Unknown,A01,Same_direction,Utility(Truck/Agri),None,No_impact,Straight_ahead,0,1976.0,Female,Driver,Uninjured,Driver_seat,Unknown,Not_pedestrian,Unknown,Not_pedestrian,Seat_belt,Undetermined,Not a holiday,0
3090,201600001886,2016,9,18,Night_with_public_lighting_on,Built_up_area,Out_of_intersection,Normal,Other_collision,Manual_entry,-1.58582,47.12352,True,2016-09-18,2,30,02:30,Night,True,Autumn,2.0,75.0,0.0,Departmental_road,Bidirectional,Unknown,Flat,Straight,Normal,Unknown,On_sidewalk,Unknown,A01,Opposite_direction,Car(Quad/Passenger),Cyclist,Rear_right,Turning,0,1995.0,Male,Driver,Uninjured,Driver_seat,Leisure,Not_pedestrian,Unknown,Not_pedestrian,Seat_belt,Undetermined,Not a holiday,0
3091,201600001886,2016,9,18,Night_with_public_lighting_on,Built_up_area,Out_of_intersection,Normal,Other_collision,Manual_entry,-1.58582,47.12352,True,2016-09-18,2,30,02:30,Night,True,Autumn,2.0,75.0,0.0,Departmental_road,Bidirectional,Unknown,Flat,Straight,Normal,Unknown,On_sidewalk,Unknown,B02,Opposite_direction,Car(Quad/Passenger),Pedestrian,Front,Turning,0,1995.0,Male,Driver,Uninjured,Driver_seat,Leisure,Not_pedestrian,Unknown,Not_pedestrian,Seat_belt,Used,Not a holiday,0
3092,201600001887,2016,5,1,Daylight,Built_up_area,Roundabout,Normal,Frontal_two_vehicles,Manual_entry,-2.19322,47.13379,True,2016-05-01,18,30,18:30,Evening,True,Spring,0.0,0.0,0.0,Departmental_road,Unknown,Unknown,Unknown,Unknown,Unknown,Unknown,Unknown,Not_near_school,B02,Other/Unknown,Cycle,Cyclist,Front_right,Park/Start/Stop,0,1975.0,Female,Driver,Injured_Hospitalized,Driver_seat,Leisure,Not_pedestrian,Unknown,Not_pedestrian,Helmet,Used,Labour Day,1
3093,201600001887,2016,5,1,Daylight,Built_up_area,Roundabout,Normal,Frontal_two_vehicles,Manual_entry,-2.19322,47.13379,True,2016-05-01,18,30,18:30,Evening,True,Spring,0.0,0.0,0.0,Departmental_road,Unknown,Unknown,Unknown,Unknown,Unknown,Unknown,Unknown,Not_near_school,A01,Same_direction,Car(Quad/Passenger),Train,Front_left,Park/Start/Stop,0,1938.0,Female,Driver,Uninjured,Driver_seat,Leisure,Not_pedestrian,Unknown,Not_pedestrian,Seat_belt,Used,Labour Day,1
3094,201600001888,2016,6,18,Daylight,Built_up_area,Out_of_intersection,Normal,Frontal_two_vehicles,Manual_entry,-1.94036,47.04426,True,2016-06-18,16,15,16:15,Afternoon,True,Summer,0.0,0.0,0.0,Communal_way,Bidirectional,Unknown,Unknown,Unknown,Normal,Unknown,On_road,Not_near_school,B02,Same_direction,Motorcycle,Cyclist,Front,None,0,1984.0,Male,Driver,Injured_Hospitalized,Driver_seat,Leisure,Not_pedestrian,Unknown,Not_pedestrian,Helmet,Used,Not a holiday,0
3095,201600001888,2016,6,18,Daylight,Built_up_area,Out_of_intersection,Normal,Frontal_two_vehicles,Manual_entry,-1.94036,47.04426,True,2016-06-18,16,15,16:15,Afternoon,True,Summer,0.0,0.0,0.0,Communal_way,Bidirectional,Unknown,Unknown,Unknown,Normal,Unknown,On_road,Not_near_school,A01,Same_direction,Car(Quad/Passenger),Cyclist,Right_side,Roundabout,0,1982.0,Male,Driver,Injured_Hospitalized,Driver_seat,Leisure,Not_pedestrian,Unknown,Not_pedestrian,Seat_belt,Used,Not a holiday,0
3096,201600001889,2016,6,22,Daylight,Out_of_agglomeration,Intersection_X,Normal,Side_two_vehicles,Manual_entry,,,False,2016-06-22,12,0,12:00,Afternoon,False,Summer,2.0,0.0,70.0,Departmental_road,Bidirectional,Unknown,Flat,Straight,Wet,Unknown,On_road,Not_near_school,A01,Other/Unknown,Car(Quad/Passenger),Cyclist,Front_right,Straight_ahead,0,1967.0,Female,Driver,Uninjured,Driver_seat,Home-work,Not_pedestrian,Unknown,Not_pedestrian,Seat_belt,Used,Not a holiday,0
3097,201600001889,2016,6,22,Daylight,Out_of_agglomeration,Intersection_X,Normal,Side_two_vehicles,Manual_entry,,,False,2016-06-22,12,0,12:00,Afternoon,False,Summer,2.0,0.0,70.0,Departmental_road,Bidirectional,Unknown,Flat,Straight,Wet,Unknown,On_road,Not_near_school,B02,Opposite_direction,Cycle,Cyclist,Right_side,Loss_of_control,0,1930.0,Male,Driver,Injured_Hospitalized,Driver_seat,Leisure,Not_pedestrian,Unknown,Not_pedestrian,Helmet,Used,Not a holiday,0
3098,201600001890,2016,6,22,Daylight,Out_of_agglomeration,Out_of_intersection,Cloudy,Frontal_two_vehicles,Manual_entry,-1.94472,47.11937,True,2016-06-22,19,0,19:00,Evening,False,Summer,2.0,70.0,0.0,Departmental_road,Bidirectional,Unknown,Flat,Straight,Wet,Unknown,On_road,Not_near_school,A01,Other/Unknown,Car(Quad/Passenger),Cyclist,Right_side,Avoiding_obstacle,0,1957.0,Male,Driver,Injured_Slight,Driver_seat,Unknown,Not_pedestrian,Unknown,Not_pedestrian,Seat_belt,Used,Not a holiday,0
3099,201600001890,2016,6,22,Daylight,Out_of_agglomeration,Out_of_intersection,Cloudy,Frontal_two_vehicles,Manual_entry,-1.94472,47.11937,True,2016-06-22,19,0,19:00,Evening,False,Summer,2.0,70.0,0.0,Departmental_road,Bidirectional,Unknown,Flat,Straight,Wet,Unknown,On_road,Not_near_school,B02,Opposite_direction,Car(Quad/Passenger),Cyclist,Front_right,Avoiding_obstacle,0,2000.0,Male,Driver,Uninjured,Driver_seat,Leisure,Not_pedestrian,Unknown,Not_pedestrian,Seat_belt,Used,Not a holiday,0
3100,201600001891,2016,7,14,Daylight,Out_of_agglomeration,Out_of_intersection,Normal,Chain_three_plus,Manual_entry,-2.02865,47.08779,True,2016-07-14,12,15,12:15,Afternoon,False,Summer,0.0,0.0,0.0,Departmental_road,Bidirectional,Unknown,Flat,Straight,Normal,Unknown,On_road,Unknown,C03,Opposite_direction,Utility(Truck/Agri),Cyclist,Front_left,Straight_ahead,0,1955.0,Male,Driver,Injured_Hospitalized,Driver_seat,Leisure,Not_pedestrian,Unknown,Not_pedestrian,Seat_belt,Used,Bastille Day,1
3101,201600001891,2016,7,14,Daylight,Out_of_agglomeration,Out_of_intersection,Normal,Chain_three_plus,Manual_entry,-2.02865,47.08779,True,2016-07-14,12,15,12:15,Afternoon,False,Summer,0.0,0.0,0.0,Departmental_road,Bidirectional,Unknown,Flat,Straight,Normal,Unknown,On_road,Unknown,B02,Opposite_direction,Car(Quad/Passenger),Cyclist,Front_left,Straight_ahead,0,1978.0,Male,Driver,Uninjured,Driver_seat,Leisure,Not_pedestrian,Unknown,Not_pedestrian,Seat_belt,Used,Bastille Day,1
3102,201600001891,2016,7,14,Daylight,Out_of_agglomeration,Out_of_intersection,Normal,Chain_three_plus,Manual_entry,-2.02865,47.08779,True,2016-07-14,12,15,12:15,Afternoon,False,Summer,0.0,0.0,0.0,Departmental_road,Bidirectional,Unknown,Flat,Straight,Normal,Unknown,On_road,Unknown,A01,Other/Unknown,Car(Quad/Passenger),Cyclist,Right_side,Avoiding_obstacle,0,1968.0,Male,Driver,Injured_Hospitalized,Driver_seat,Leisure,Not_pedestrian,Unknown,Not_pedestrian,Seat_belt,Used,Bastille Day,1
3103,201600001892,2016,8,22,Daylight,Out_of_agglomeration,Out_of_intersection,Normal,Multiple_three_plus,Manual_entry,-1.82109,47.12898,True,2016-08-22,14,0,14:00,Afternoon,False,Summer,2.0,0.0,0.0,Departmental_road,Bidirectional,Unknown,Unknown,Straight,Normal,Unknown,On_road,Not_near_school,B02,Opposite_direction,Car(Quad/Passenger),Cyclist,Front,Straight_ahead,0,1967.0,Male,Driver,Uninjured,Driver_seat,Leisure,Not_pedestrian,Unknown,Not_pedestrian,Seat_belt,Used,Not a holiday,0
3104,201600001892,2016,8,22,Daylight,Out_of_agglomeration,Out_of_intersection,Normal,Multiple_three_plus,Manual_entry,-1.82109,47.12898,True,2016-08-22,14,0,14:00,Afternoon,False,Summer,2.0,0.0,0.0,Departmental_road,Bidirectional,Unknown,Unknown,Straight,Normal,Unknown,On_road,Not_near_school,C03,Opposite_direction,Car(Quad/Passenger),Cyclist,Front_left,Straight_ahead,0,1951.0,Female,Driver,Injured_Slight,Driver_seat,Leisure,Not_pedestrian,Unknown,Not_pedestrian,Seat_belt,Used,Not a holiday,0
3105,201600001892,2016,8,22,Daylight,Out_of_agglomeration,Out_of_intersection,Normal,Multiple_three_plus,Manual_entry,-1.82109,47.12898,True,2016-08-22,14,0,14:00,Afternoon,False,Summer,2.0,0.0,0.0,Departmental_road,Bidirectional,Unknown,Unknown,Straight,Normal,Unknown,On_road,Not_near_school,A01,Opposite_direction,Car(Quad/Passenger),Cyclist,Front_left,Straight_ahead,0,1991.0,Male,Driver,Uninjured,Driver_seat,Leisure,Not_pedestrian,Unknown,Not_pedestrian,Seat_belt,Used,Not a holiday,0
3106,201600001892,2016,8,22,Daylight,Out_of_agglomeration,Out_of_intersection,Normal,Multiple_three_plus,Manual_entry,-1.82109,47.12898,True,2016-08-22,14,0,14:00,Afternoon,False,Summer,2.0,0.0,0.0,Departmental_road,Bidirectional,Unknown,Unknown,Straight,Normal,Unknown,On_road,Not_near_school,D04,Other/Unknown,Car(Quad/Passenger),Cyclist,Multiple impacts,Avoiding_obstacle,0,1944.0,Female,Driver,Injured_Hospitalized,Driver_seat,Unknown,Not_pedestrian,Unknown,Not_pedestrian,Seat_belt,Used,Not a holiday,0
3107,201600001893,2016,3,13,Daylight,Built_up_area,Out_of_intersection,Normal,Frontal_two_vehicles,Manual_entry,-2.0163,47.25808,True,2016-03-13,16,45,16:45,Afternoon,True,Spring,2.0,0.0,0.0,Communal_way,Bidirectional,Unknown,Flat,Straight,Normal,Unknown,On_road,Not_near_school,A01,Same_direction,Car(Quad/Passenger),Cyclist,Front_right,Straight_ahead,0,1993.0,Male,Driver,Uninjured,Driver_seat,Leisure,Not_pedestrian,Unknown,Not_pedestrian,Seat_belt,Used,Not a holiday,0
3108,201600001893,2016,3,13,Daylight,Built_up_area,Out_of_intersection,Normal,Frontal_two_vehicles,Manual_entry,-2.0163,47.25808,True,2016-03-13,16,45,16:45,Afternoon,True,Spring,2.0,0.0,0.0,Communal_way,Bidirectional,Unknown,Flat,Straight,Normal,Unknown,On_road,Not_near_school,B02,Same_direction,Motorcycle,Cyclist,Front,Avoiding_obstacle,0,1996.0,Male,Driver,Injured_Hospitalized,Driver_seat,Leisure,Not_pedestrian,Unknown,Not_pedestrian,Helmet,Used,Not a holiday,0
3109,201600001894,2016,6,11,Daylight,Out_of_agglomeration,Out_of_intersection,Normal,Other_collision,Manual_entry,-2.00264,47.16338,True,2016-06-11,7,30,07:30,Morning,True,Summer,2.0,0.0,0.0,Departmental_road,Bidirectional,Unknown,Flat,Curve_right,Normal,Unknown,On_verge,Not_near_school,A01,Opposite_direction,Car(Quad/Passenger),other,Right_side,Straight_ahead,0,1996.0,Male,Driver,Injured_Hospitalized,Driver_seat,Leisure,Not_pedestrian,Unknown,Not_pedestrian,Seat_belt,Used,Not a holiday,0
3110,201600001895,2016,6,15,Daylight,Out_of_agglomeration,Out_of_intersection,Normal,Frontal_two_vehicles,Manual_entry,-2.08184,47.25878,True,2016-06-15,18,0,18:00,Evening,False,Summer,2.0,0.0,0.0,Departmental_road,Bidirectional,Unknown,Flat,Curve_left,Normal,Unknown,On_road,Unknown,A01,Opposite_direction,Car(Quad/Passenger),Cyclist,Right_side,Straight_ahead,0,1971.0,Female,Driver,Uninjured,Driver_seat,Leisure,Not_pedestrian,Unknown,Not_pedestrian,Seat_belt,Used,Not a holiday,0
3111,201600001895,2016,6,15,Daylight,Out_of_agglomeration,Out_of_intersection,Normal,Frontal_two_vehicles,Manual_entry,-2.08184,47.25878,True,2016-06-15,18,0,18:00,Evening,False,Summer,2.0,0.0,0.0,Departmental_road,Bidirectional,Unknown,Flat,Curve_left,Normal,Unknown,On_road,Unknown,B02,Other/Unknown,Motorcycle,Cyclist,Front,Avoiding_obstacle,0,1960.0,Male,Driver,Injured_Slight,Driver_seat,Home-work,Not_pedestrian,Unknown,Not_pedestrian,Helmet,Used,Not a holiday,0
3112,201600001896,2016,7,13,Twilight_or_dawn,Built_up_area,Roundabout,Normal,Rear_end_two_vehicles,Manual_entry,-2.0423,47.28721,True,2016-07-13,20,15,20:15,Evening,False,Summer,4.0,0.0,0.0,Departmental_road,Bidirectional,Unknown,Unknown,Unknown,Normal,Roundabout,On_road,Not_near_school,A01,Same_direction,Car(Quad/Passenger),None,Rear,Straight_ahead,0,1981.0,Female,Driver,Uninjured,Driver_seat,Leisure,Not_pedestrian,Unknown,Not_pedestrian,Seat_belt,Used,Not a holiday,0
3113,201600001896,2016,7,13,Twilight_or_dawn,Built_up_area,Roundabout,Normal,Rear_end_two_vehicles,Manual_entry,-2.0423,47.28721,True,2016-07-13,20,15,20:15,Evening,False,Summer,4.0,0.0,0.0,Departmental_road,Bidirectional,Unknown,Unknown,Unknown,Normal,Roundabout,On_road,Not_near_school,B02,Opposite_direction,Motorcycle,Cyclist,Front,Park/Start/Stop,0,1975.0,Male,Driver,Injured_Slight,Driver_seat,Home-work,Not_pedestrian,Unknown,Not_pedestrian,Helmet,Used,Not a holiday,0