,accident_id,year,month,day,lighting_label,urban_label,intersection_label,weather_label,collision_label,gps_label,longitude_num,latitude_num,valid_geo,date,hour,minute,time_hhmm,time_of_day,is_weekend,season,num_lanes,pedestrian_crossing_width,road_width,road_category_label,traffic_regime_label,reserved_lane_label,road_profile_label,road_layout_label,surface_condition_label,infrastructure_label,situation_label,school_zone_label,vehicle_id,traffic_direction_label,vehicle_category_label,mobile_obstacle_label,impact_point_label,manoeuvre_label,occupants_group,birth_year,sex_label,user_category_label,injury_severity_label,seat_position_label,journey_purpose_label,pedestrian_location_label,pedestrian_action_label,pedestrian_state_label,safety_equipment_type,safety_equipment_usage,holiday_name,is_holiday
3114,201600001897,2016,8,17,Daylight,Out_of_agglomeration,Out_of_intersection,Normal,Rear_end_two_vehicles,Manual_entry,-2.16003,47.26239,True,2016-08-17,12,45,12:45,Afternoon,False,Summer,0.0,30.0,45.0,Departmental_road,One_way,Unknown,Unknown,Straight,Normal,Unknown,On_road,Not_near_school,A01,Opposite_direction,Car(Quad/Passenger),Cyclist,Rear_left,Straight_ahead,0,1978.0,Male,Driver,Uninjured,Driver_seat,Leisure,Not_pedestrian,Unknown,Not_pedestrian,Seat_belt,Used,Not a holiday,0
3115,201600001897,2016,8,17,Daylight,Out_of_agglomeration,Out_of_intersection,Normal,Rear_end_two_vehicles,Manual_entry,-2.16003,47.26239,True,2016-08-17,12,45,12:45,Afternoon,False,Summer,0.0,30.0,45.0,Departmental_road,One_way,Unknown,Unknown,Straight,Normal,Unknown,On_road,Not_near_school,B02,Opposite_direction,Motorcycle,Cyclist,Front,Straight_ahead,0,1990.0,Male,Driver,Injured_Hospitalized,Driver_seat,Unknown,Not_pedestrian,Unknown,Not_pedestrian,Helmet,Used,Not a holiday,0
3116,201600001898,2016,8,21,Night_with_public_lighting_on,Built_up_area,Out_of_intersection,Normal,Other_collision,Manual_entry,-2.14815,47.22367,True,2016-08-21,4,0,04:00,Night,True,Summer,0.0,0.0,0.0,Communal_way,Bidirectional,Unknown,Slope,Straight,Normal,Unknown,On_sidewalk,Not_near_school,A01,Same_direction,Car(Quad/Passenger),None,Front,Avoiding_obstacle,0,1995.0,Male,Driver,Injured_Hospitalized,Driver_seat,Leisure,Not_pedestrian,Unknown,Not_pedestrian,Seat_belt,Used,Not a holiday,0
3117,201600001899,2016,9,5,Night_without_public_lighting,Out_of_agglomeration,Out_of_intersection,Normal,Side_two_vehicles,Manual_entry,-2.1481,47.25199,True,2016-09-05,21,30,21:30,Night,False,Autumn,2.0,0.0,80.0,Departmental_road,Bidirectional,Unknown,Unknown,Straight,Normal,Unknown,On_road,Not_near_school,A01,Other/Unknown,Car(Quad/Passenger),Cyclist,Right_side,Roundabout,0,1994.0,Male,Driver,Uninjured,Driver_seat,Leisure,Not_pedestrian,Unknown,Not_pedestrian,Seat_belt,Used,Not a holiday,0
3118,201600001899,2016,9,5,Night_without_public_lighting,Out_of_agglomeration,Out_of_intersection,Normal,Side_two_vehicles,Manual_entry,-2.1481,47.25199,True,2016-09-05,21,30,21:30,Night,False,Autumn,2.0,0.0,80.0,Departmental_road,Bidirectional,Unknown,Unknown,Straight,Normal,Unknown,On_road,Not_near_school,B02,Other/Unknown,Motorcycle,Cyclist,Front,other,0,1993.0,Male,Driver,Injured_Hospitalized,Driver_seat,Home-work,Not_pedestrian,Unknown,Not_pedestrian,Helmet,Used,Not a holiday,0
3119,201600001900,2016,1,9,Daylight,Built_up_area,Roundabout,Normal,Side_two_vehicles,Manual_entry,-1.82551,46.99368,True,2016-01-09,9,30,09:30,Morning,True,Winter,2.0,0.0,0.0,Departmental_road,Bidirectional,Cycle_bank,Flat,Unknown,Normal,Roundabout,On_road,Not_near_school,A01,Opposite_direction,Car(Quad/Passenger),None,Right_side,Park/Start/Stop,0,1921.0,Male,Driver,Injured_Slight,Driver_seat,Shopping,Not_pedestrian,Unknown,Not_pedestrian,Seat_belt,Used,Not a holiday,0
3120,201600001900,2016,1,9,Daylight,Built_up_area,Roundabout,Normal,Side_two_vehicles,Manual_entry,-1.82551,46.99368,True,2016-01-09,9,30,09:30,Morning,True,Winter,2.0,0.0,0.0,Departmental_road,Bidirectional,Cycle_bank,Flat,Unknown,Normal,Roundabout,On_road,Not_near_school,B02,Opposite_direction,Cycle,None,No_impact,Straight_ahead,0,1934.0,Female,Driver,Injured_Slight,Driver_seat,Shopping,Not_pedestrian,Unknown,Not_pedestrian,Reflective_equipment,Used,Not a holiday,0
3121,201600001901,2016,4,17,Daylight,Out_of_agglomeration,Out_of_intersection,Normal,Other_collision,Manual_entry,-1.82698,47.20661,True,2016-04-17,17,30,17:30,Evening,True,Spring,2.0,0.0,47.0,Departmental_road,Bidirectional,Unknown,Flat,Curve_right,Normal,Unknown,On_verge,Not_near_school,A01,Other/Unknown,Cycle,None,Front,Straight_ahead,0,1973.0,Male,Driver,Killed,Driver_seat,Leisure,Not_pedestrian,Unknown,Not_pedestrian,Helmet,Used,Not a holiday,0
3122,201600001902,2016,5,5,Daylight,Out_of_agglomeration,Out_of_intersection,Normal,Other_collision,Manual_entry,-1.72082,46.92375,True,2016-05-05,17,30,17:30,Evening,False,Spring,1.0,0.0,0.0,Communal_way,Bidirectional,Unknown,Flat,Unknown,Normal,Unknown,On_verge,Not_near_school,A01,Same_direction,Motorcycle,None,Front,Straight_ahead,0,1971.0,Female,Driver,Injured_Hospitalized,Driver_seat,Leisure,Not_pedestrian,Unknown,Not_pedestrian,Helmet,Not_used,Ascension Thursday,1
3123,201600001903,2016,7,11,Daylight,Out_of_agglomeration,Out_of_intersection,Normal,Other_collision,Manual_entry,-1.84483,47.19941,True,2016-07-11,11,0,11:00,Morning,False,Summer,0.0,0.0,46.0,Communal_way,Bidirectional,Unknown,Flat,Straight,Normal,Unknown,On_road,Unknown,A01,Same_direction,Motorcycle,None,Right_side,Straight_ahead,0,1955.0,Male,Driver,Killed,Driver_seat,Leisure,Not_pedestrian,Unknown,Not_pedestrian,Seat_belt,Used,Not a holiday,0
3124,201600001904,2016,7,11,Daylight,Out_of_agglomeration,Out_of_intersection,Normal,Other_collision,Manual_entry,-1.83308,47.09102,True,2016-07-11,11,45,11:45,Morning,False,Summer,2.0,0.0,66.0,Departmental_road,Bidirectional,Unknown,Unknown,Straight,Normal,Unknown,On_road,Unknown,A01,Other/Unknown,Car(Quad/Passenger),Pedestrian,Front_right,Straight_ahead,0,1941.0,Male,Driver,Uninjured,Driver_seat,Leisure,Not_pedestrian,Unknown,Not_pedestrian,Seat_belt,Used,Not a holiday,0
3125,201600001905,2016,7,12,Night_without_public_lighting,Out_of_agglomeration,Out_of_intersection,Normal,Other_collision,Manual_entry,-1.754,47.081,True,2016-07-12,22,45,22:45,Night,False,Summer,2.0,60.0,0.0,Departmental_road,Bidirectional,Unknown,Flat,Straight,Normal,Unknown,On_road,Not_near_school,A01,Opposite_direction,Car(Quad/Passenger),Pedestrian,Front_right,Straight_ahead,0,1974.0,Female,Driver,Uninjured,Driver_seat,Leisure,Not_pedestrian,Unknown,Not_pedestrian,Seat_belt,Used,Not a holiday,0
3126,201600001906,2016,7,23,Daylight,Built_up_area,Roundabout,Normal,Side_two_vehicles,Manual_entry,-1.80344,47.1033,True,2016-07-23,11,45,11:45,Morning,True,Summer,2.0,0.0,60.0,Departmental_road,Bidirectional,Unknown,Unknown,Curve_left,Normal,Roundabout,On_road,Unknown,B02,Opposite_direction,Motorcycle,Cyclist,Left_side,Straight_ahead,0,1953.0,Male,Driver,Injured_Hospitalized,Driver_seat,Leisure,Not_pedestrian,Unknown,Not_pedestrian,Helmet,Used,Not a holiday,0
3127,201600001906,2016,7,23,Daylight,Built_up_area,Roundabout,Normal,Side_two_vehicles,Manual_entry,-1.80344,47.1033,True,2016-07-23,11,45,11:45,Morning,True,Summer,2.0,0.0,60.0,Departmental_road,Bidirectional,Unknown,Unknown,Curve_left,Normal,Roundabout,On_road,Unknown,A01,Same_direction,Utility(Truck/Agri),Cyclist,Right_side,Park/Start/Stop,0,1994.0,Male,Driver,Uninjured,Driver_seat,Leisure,Not_pedestrian,Unknown,Not_pedestrian,Seat_belt,Used,Not a holiday,0
3128,201600001907,2016,8,29,Daylight,Out_of_agglomeration,Out_of_intersection,Normal,Side_two_vehicles,Manual_entry,-1.78583,46.97042,True,2016-08-29,14,0,14:00,Afternoon,False,Summer,0.0,0.0,0.0,Communal_way,Bidirectional,Unknown,Unknown,Straight,Normal,Unknown,On_road,Not_near_school,A01,Same_direction,Motorcycle,Cyclist,Front,Straight_ahead,0,2001.0,Male,Driver,Injured_Hospitalized,Driver_seat,Leisure,Not_pedestrian,Unknown,Not_pedestrian,Helmet,Used,Not a holiday,0
3129,201600001907,2016,8,29,Daylight,Out_of_agglomeration,Out_of_intersection,Normal,Side_two_vehicles,Manual_entry,-1.78583,46.97042,True,2016-08-29,14,0,14:00,Afternoon,False,Summer,0.0,0.0,0.0,Communal_way,Bidirectional,Unknown,Unknown,Straight,Normal,Unknown,On_road,Not_near_school,B02,Same_direction,Car(Quad/Passenger),Cyclist,Right_side,Straight_ahead,0,1988.0,Male,Driver,Injured_Slight,Driver_seat,Home-work,Not_pedestrian,Unknown,Not_pedestrian,Seat_belt,Used,Not a holiday,0
3130,201600001908,2016,10,3,Daylight,Out_of_agglomeration,Intersection_T,Normal,Side_two_vehicles,Manual_entry,-1.72701,46.93389,True,2016-10-03,15,0,15:00,Afternoon,False,Autumn,0.0,0.0,40.0,Communal_way,Bidirectional,Unknown,Flat,Straight,Normal,Unknown,On_road,Unknown,A01,Same_direction,Car(Quad/Passenger),Cyclist,Front,Straight_ahead,0,1997.0,Male,Driver,Injured_Hospitalized,Driver_seat,Shopping,Not_pedestrian,Unknown,Not_pedestrian,Seat_belt,Undetermined,Not a holiday,0
3131,201600001908,2016,10,3,Daylight,Out_of_agglomeration,Intersection_T,Normal,Side_two_vehicles,Manual_entry,-1.72701,46.93389,True,2016-10-03,15,0,15:00,Afternoon,False,Autumn,0.0,0.0,40.0,Communal_way,Bidirectional,Unknown,Flat,Straight,Normal,Unknown,On_road,Unknown,B02,Same_direction,Car(Quad/Passenger),Cyclist,Front_left,Straight_ahead,0,1969.0,Female,Driver,Killed,Driver_seat,Leisure,Not_pedestrian,Unknown,Not_pedestrian,Seat_belt,Used,Not a holiday,0
3132,201600001909,2016,6,30,Daylight,Built_up_area,Out_of_intersection,Normal,Other_collision,Manual_entry,-1.71272,47.2125,True,2016-06-30,14,30,14:30,Afternoon,False,Summer,2.0,0.0,70.0,Departmental_road,Bidirectional,Unknown,Flat,Straight,Normal,Unknown,On_road,Unknown,A01,Opposite_direction,Car(Quad/Passenger),Pedestrian,Right_side,Straight_ahead,0,1996.0,Male,Driver,Uninjured,Driver_seat,Leisure,Not_pedestrian,Unknown,Not_pedestrian,Seat_belt,Used,Not a holiday,0
3133,201600001910,2016,7,3,Daylight,Out_of_agglomeration,Out_of_intersection,Normal,Side_two_vehicles,Manual_entry,,,False,2016-07-03,16,45,16:45,Afternoon,True,Summer,2.0,0.0,0.0,Departmental_road,Bidirectional,Unknown,Flat,Straight,Normal,Roundabout,On_road,Unknown,B02,Same_direction,Car(Quad/Passenger),None,Left_side,Straight_ahead,0,1970.0,Female,Driver,Injured_Slight,Driver_seat,Home-work,Not_pedestrian,Unknown,Not_pedestrian,Seat_belt,Used,Not a holiday,0
3134,201600001910,2016,7,3,Daylight,Out_of_agglomeration,Out_of_intersection,Normal,Side_two_vehicles,Manual_entry,,,False,2016-07-03,16,45,16:45,Afternoon,True,Summer,2.0,0.0,0.0,Departmental_road,Bidirectional,Unknown,Flat,Straight,Normal,Roundabout,On_road,Unknown,A01,Same_direction,Car(Quad/Passenger),None,Front,Park/Start/Stop,0,1977.0,Female,Driver,Injured_Slight,Driver_seat,Leisure,Not_pedestrian,Unknown,Not_pedestrian,Seat_belt,Used,Not a holiday,0
3135,201600001911,2016,9,26,Daylight,Out_of_agglomeration,Out_of_intersection,Normal,Frontal_two_vehicles,Manual_entry,-1.6659,47.24148,True,2016-09-26,9,15,09:15,Morning,False,Autumn,2.0,0.0,58.0,Communal_way,Bidirectional,Unknown,Flat,Straight,Normal,Unknown,On_road,Not_near_school,A01,Same_direction,Car(Quad/Passenger),Cyclist,Front,Roundabout,0,1989.0,Male,Driver,Uninjured,Driver_seat,Home-work,Not_pedestrian,Unknown,Not_pedestrian,Seat_belt,Used,Not a holiday,0
3136,201600001911,2016,9,26,Daylight,Out_of_agglomeration,Out_of_intersection,Normal,Frontal_two_vehicles,Manual_entry,-1.6659,47.24148,True,2016-09-26,9,15,09:15,Morning,False,Autumn,2.0,0.0,58.0,Communal_way,Bidirectional,Unknown,Flat,Straight,Normal,Unknown,On_road,Not_near_school,B02,Same_direction,Motorcycle,Cyclist,Front,Straight_ahead,0,1983.0,Male,Driver,Injured_Hospitalized,Driver_seat,Home-work,Not_pedestrian,Unknown,Not_pedestrian,Helmet,Used,Not a holiday,0
3137,201600001912,2016,11,25,Night_without_public_lighting,Out_of_agglomeration,Out_of_intersection,Normal,Frontal_two_vehicles,Manual_entry,-1.66614,47.20102,True,2016-11-25,20,0,20:00,Evening,False,Autumn,2.0,0.0,0.0,Departmental_road,Bidirectional,Unknown,Flat,Straight,Normal,Unknown,On_road,Unknown,B02,Opposite_direction,Car(Quad/Passenger),Cyclist,Right_side,Straight_ahead,0,1983.0,Male,Driver,Injured_Hospitalized,Driver_seat,Leisure,Not_pedestrian,Unknown,Not_pedestrian,Seat_belt,Used,Not a holiday,0
3138,201600001912,2016,11,25,Night_without_public_lighting,Out_of_agglomeration,Out_of_intersection,Normal,Frontal_two_vehicles,Manual_entry,-1.66614,47.20102,True,2016-11-25,20,0,20:00,Evening,False,Autumn,2.0,0.0,0.0,Departmental_road,Bidirectional,Unknown,Flat,Straight,Normal,Unknown,On_road,Unknown,A01,Other/Unknown,Car(Quad/Passenger),Cyclist,Right_side,Avoiding_obstacle,0,1976.0,Male,Driver,Injured_Hospitalized,Driver_seat,Leisure,Not_pedestrian,Unknown,Not_pedestrian,Seat_belt,Used,Not a holiday,0
3139,201600001913,2016,1,6,Daylight,Built_up_area,Out_of_intersection,Normal,Frontal_two_vehicles,Manual_entry,-2.246,47.4471,True,2016-01-06,9,0,09:00,Morning,False,Winter,2.0,0.0,61.0,Communal_way,Bidirectional,Unknown,Unknown,Straight,Normal,Unknown,On_road,Not_near_school,A01,Same_direction,Car(Quad/Passenger),Cyclist,Front,Straight_ahead,0,1946.0,Male,Driver,Uninjured,Driver_seat,Leisure,Not_pedestrian,Unknown,Not_pedestrian,Seat_belt,Used,Not a holiday,0
3140,201600001913,2016,1,6,Daylight,Built_up_area,Out_of_intersection,Normal,Frontal_two_vehicles,Manual_entry,-2.246,47.4471,True,2016-01-06,9,0,09:00,Morning,False,Winter,2.0,0.0,61.0,Communal_way,Bidirectional,Unknown,Unknown,Straight,Normal,Unknown,On_road,Not_near_school,B02,Same_direction,Cycle,Cyclist,Left_side,Straight_ahead,0,1935.0,Female,Driver,Injured_Hospitalized,Driver_seat,Leisure,Not_pedestrian,Unknown,Not_pedestrian,Helmet,Used,Not a holiday,0
3141,201600001914,2016,1,13,Daylight,Built_up_area,Out_of_intersection,Normal,Rear_end_two_vehicles,Manual_entry,-2.50936,47.35114,True,2016-01-13,16,0,16:00,Afternoon,False,Winter,2.0,0.0,60.0,Departmental_road,Bidirectional,Unknown,Flat,Straight,Wet,Unknown,On_road,Unknown,A01,Opposite_direction,Car(Quad/Passenger),Cyclist,Left_side,other,0,1935.0,Female,Driver,Uninjured,Driver_seat,Shopping,Not_pedestrian,Unknown,Not_pedestrian,Seat_belt,Used,Not a holiday,0
3142,201600001914,2016,1,13,Daylight,Built_up_area,Out_of_intersection,Normal,Rear_end_two_vehicles,Manual_entry,-2.50936,47.35114,True,2016-01-13,16,0,16:00,Afternoon,False,Winter,2.0,0.0,60.0,Departmental_road,Bidirectional,Unknown,Flat,Straight,Wet,Unknown,On_road,Unknown,B02,Opposite_direction,other,Cyclist,Front_left,Turning,0,1950.0,Male,Driver,Injured_Hospitalized,Driver_seat,Leisure,Not_pedestrian,Unknown,Not_pedestrian,Seat_belt,Used,Not a holiday,0
3143,201600001915,2016,1,27,Daylight,Out_of_agglomeration,Out_of_intersection,Normal,Frontal_two_vehicles,Manual_entry,-2.32077,47.31418,True,2016-01-27,19,0,19:00,Evening,False,Winter,2.0,72.0,0.0,Departmental_road,Bidirectional,Unknown,Unknown,Unknown,Wet,Unknown,Unknown,Not_near_school,A01,Opposite_direction,Car(Quad/Passenger),Cyclist,Right_side,Avoiding_obstacle,0,1962.0,Female,Driver,Injured_Hospitalized,Driver_seat,Home-work,Not_pedestrian,Unknown,Not_pedestrian,Seat_belt,Used,Not a holiday,0
3144,201600001915,2016,1,27,Daylight,Out_of_agglomeration,Out_of_intersection,Normal,Frontal_two_vehicles,Manual_entry,-2.32077,47.31418,True,2016-01-27,19,0,19:00,Evening,False,Winter,2.0,72.0,0.0,Departmental_road,Bidirectional,Unknown,Unknown,Unknown,Wet,Unknown,Unknown,Not_near_school,B02,Other/Unknown,Car(Quad/Passenger),Cyclist,Front,None,0,1964.0,Male,Driver,Killed,Driver_seat,Leisure,Not_pedestrian,Unknown,Not_pedestrian,Seat_belt,Used,Not a holiday,0
3145,201600001916,2016,3,14,Daylight,Built_up_area,Out_of_intersection,Dazzling,Other_collision,Manual_entry,-2.43614,47.32984,True,2016-03-14,9,0,09:00,Morning,False,Spring,0.0,0.0,0.0,Communal_way,Unknown,Unknown,Flat,Straight,Normal,Unknown,On_road,Unknown,A01,Same_direction,Car(Quad/Passenger),Pedestrian,Front,Roundabout,0,1978.0,Male,Driver,Uninjured,Driver_seat,Unknown,Not_pedestrian,Unknown,Not_pedestrian,Seat_belt,Used,Not a holiday,0
3146,201600001917,2016,3,26,Night_without_public_lighting,Out_of_agglomeration,Out_of_intersection,Light_rain,Other_collision,Manual_entry,-2.32742,47.43411,True,2016-03-26,21,0,21:00,Night,True,Spring,0.0,0.0,0.0,Departmental_road,Bidirectional,Unknown,Unknown,Straight,Wet,Unknown,On_road,Not_near_school,A01,Opposite_direction,Car(Quad/Passenger),None,Front,Straight_ahead,0,1988.0,Male,Driver,Injured_Hospitalized,Driver_seat,Leisure,Not_pedestrian,Unknown,Not_pedestrian,Seat_belt,Used,Not a holiday,0
3147,201600001918,2016,3,31,Daylight,Built_up_area,Out_of_intersection,Normal,Side_two_vehicles,Manual_entry,-2.24256,47.44724,True,2016-03-31,12,0,12:00,Afternoon,False,Spring,2.0,0.0,60.0,Communal_way,Bidirectional,Unknown,Flat,Curve_left,Normal,Roundabout,On_road,Unknown,A01,Opposite_direction,Car(Quad/Passenger),Cyclist,Right_side,Park/Start/Stop,0,1967.0,Male,Driver,Injured_Slight,Driver_seat,Leisure,Not_pedestrian,Unknown,Not_pedestrian,Seat_belt,Used,Not a holiday,0
3148,201600001918,2016,3,31,Daylight,Built_up_area,Out_of_intersection,Normal,Side_two_vehicles,Manual_entry,-2.24256,47.44724,True,2016-03-31,12,0,12:00,Afternoon,False,Spring,2.0,0.0,60.0,Communal_way,Bidirectional,Unknown,Flat,Curve_left,Normal,Roundabout,On_road,Unknown,B02,Opposite_direction,Cycle,Cyclist,Left_side,Straight_ahead,0,1958.0,Female,Driver,Injured_Hospitalized,Driver_seat,Leisure,Not_pedestrian,Unknown,Not_pedestrian,other,Used,Not a holiday,0
3149,201600001919,2016,4,8,Daylight,Built_up_area,Roundabout,Normal,Side_two_vehicles,Manual_entry,-2.31335,47.44886,True,2016-04-08,18,45,18:45,Evening,False,Spring,2.0,0.0,0.0,Departmental_road,Bidirectional,Unknown,Flat,Curve_left,Normal,Roundabout,On_road,Not_near_school,B02,Opposite_direction,Motorcycle,Cyclist,Left_side,Straight_ahead,0,2000.0,Male,Driver,Injured_Hospitalized,Driver_seat,Leisure,Not_pedestrian,Unknown,Not_pedestrian,Helmet,Used,Not a holiday,0
3150,201600001919,2016,4,8,Daylight,Built_up_area,Roundabout,Normal,Side_two_vehicles,Manual_entry,-2.31335,47.44886,True,2016-04-08,18,45,18:45,Evening,False,Spring,2.0,0.0,0.0,Departmental_road,Bidirectional,Unknown,Flat,Curve_left,Normal,Roundabout,On_road,Not_near_school,A01,Same_direction,Car(Quad/Passenger),Cyclist,Right_side,Park/Start/Stop,0,1954.0,Female,Driver,Uninjured,Driver_seat,Leisure,Not_pedestrian,Unknown,Not_pedestrian,Seat_belt,Used,Not a holiday,0
3151,201600001920,2016,4,17,Daylight,Built_up_area,Out_of_intersection,Normal,Other_collision,Manual_entry,-2.51426,47.294,True,2016-04-17,17,0,17:00,Evening,True,Spring,2.0,0.0,71.0,Communal_way,Bidirectional,Unknown,Flat,Straight,Normal,Unknown,On_road,Unknown,A01,Same_direction,Car(Quad/Passenger),Pedestrian,Front_right,Straight_ahead,0,1991.0,Female,Driver,Uninjured,Driver_seat,Leisure,Not_pedestrian,Unknown,Not_pedestrian,Seat_belt,Used,Not a holiday,0
3152,201600001921,2016,4,21,Daylight,Built_up_area,Out_of_intersection,Normal,No_collision,Manual_entry,-2.23164,47.45507,True,2016-04-21,12,0,12:00,Afternoon,False,Spring,0.0,70.0,0.0,Departmental_road,Bidirectional,Unknown,Unknown,Straight,Normal,Unknown,Unknown,Not_near_school,A01,Opposite_direction,Motorcycle,None,Rear,Straight_ahead,0,1965.0,Male,Driver,Killed,Driver_seat,Leisure,Not_pedestrian,Unknown,Not_pedestrian,Helmet,Used,Not a holiday,0
3153,201600001922,2016,4,19,Daylight,Out_of_agglomeration,Out_of_intersection,Normal,Other_collision,Manual_entry,-2.47826,47.33107,True,2016-04-19,19,30,19:30,Evening,False,Spring,2.0,0.0,49.0,Departmental_road,Bidirectional,Unknown,Unknown,Curve_left,Normal,Unknown,On_road,Not_near_school,A01,Other/Unknown,Motorcycle,None,Front,Straight_ahead,0,1960.0,Male,Driver,Injured_Hospitalized,Driver_seat,Leisure,Not_pedestrian,Unknown,Not_pedestrian,Helmet,Used,Not a holiday,0
3154,201600001923,2016,5,28,Daylight,Out_of_agglomeration,Out_of_intersection,Normal,Frontal_two_vehicles,Manual_entry,-2.48277,47.3823,True,2016-05-28,11,0,11:00,Morning,True,Spring,2.0,0.0,55.0,Communal_way,Bidirectional,Unknown,Unknown,Curve_right,Normal,Unknown,On_road,Unknown,B02,Same_direction,Cycle,Cyclist,Front,Straight_ahead,0,1948.0,Male,Driver,Injured_Hospitalized,Driver_seat,Unknown,Not_pedestrian,Unknown,Not_pedestrian,Helmet,Used,Not a holiday,0
3155,201600001923,2016,5,28,Daylight,Out_of_agglomeration,Out_of_intersection,Normal,Frontal_two_vehicles,Manual_entry,-2.48277,47.3823,True,2016-05-28,11,0,11:00,Morning,True,Spring,2.0,0.0,55.0,Communal_way,Bidirectional,Unknown,Unknown,Curve_right,Normal,Unknown,On_road,Unknown,A01,Same_direction,Car(Quad/Passenger),Cyclist,Front,Straight_ahead,0,1990.0,Female,Driver,Uninjured,Driver_seat,Unknown,Not_pedestrian,Unknown,Not_pedestrian,Seat_belt,Used,Not a holiday,0
3156,201600001924,2016,5,30,Daylight,Built_up_area,Out_of_intersection,Normal,Other_collision,Manual_entry,-2.50803,47.29079,True,2016-05-30,18,30,18:30,Evening,False,Spring,0.0,0.0,30.0,Departmental_road,One_way,Unknown,Unknown,Curve_right,Normal,Unknown,On_road,Unknown,A01,Opposite_direction,Motorcycle,Pedestrian,Front,None,0,1992.0,Male,Driver,Uninjured,Driver_seat,Unknown,Not_pedestrian,Unknown,Not_pedestrian,Helmet,Used,Not a holiday,0
3157,201600001925,2016,6,4,Daylight,Out_of_agglomeration,Out_of_intersection,Normal,No_collision,Manual_entry,-2.32363,47.32247,True,2016-06-04,6,15,06:15,Morning,True,Summer,0.0,0.0,60.0,Departmental_road,Bidirectional,Unknown,Unknown,Curve_left,Normal,Unknown,Unknown,Not_near_school,A01,Other/Unknown,Car(Quad/Passenger),None,Front,Straight_ahead,0,1991.0,Male,Driver,Injured_Slight,Driver_seat,Leisure,Not_pedestrian,Unknown,Not_pedestrian,Seat_belt,Used,Not a holiday,0
3158,201600001926,2016,6,7,Daylight,Built_up_area,Roundabout,Normal,Side_two_vehicles,Manual_entry,-2.41302,47.32986,True,2016-06-07,10,45,10:45,Morning,False,Summer,4.0,15.0,60.0,Communal_way,Bidirectional,Unknown,Flat,Straight,Normal,Roundabout,On_road,Not_near_school,B02,Same_direction,Motorcycle,Cyclist,Left_side,Roundabout,0,1956.0,Male,Driver,Uninjured,Driver_seat,Shopping,Not_pedestrian,Unknown,Not_pedestrian,Helmet,Used,Not a holiday,0
3159,201600001926,2016,6,7,Daylight,Built_up_area,Roundabout,Normal,Side_two_vehicles,Manual_entry,-2.41302,47.32986,True,2016-06-07,10,45,10:45,Morning,False,Summer,4.0,15.0,60.0,Communal_way,Bidirectional,Unknown,Flat,Straight,Normal,Roundabout,On_road,Not_near_school,A01,Same_direction,Car(Quad/Passenger),Cyclist,Front,Straight_ahead,0,1953.0,Female,Driver,Uninjured,Driver_seat,Shopping,Not_pedestrian,Unknown,Not_pedestrian,Seat_belt,Used,Not a holiday,0
3160,201600001927,2016,6,26,Night_without_public_lighting,Out_of_agglomeration,Other,Normal,Other_collision,Manual_entry,-2.40705,47.3145,True,2016-06-26,1,30,01:30,Night,True,Summer,3.0,0.0,0.0,Departmental_road,Variable_assignment,Unknown,Unknown,Straight,Normal,Interchange,On_verge,Not_near_school,A01,Other/Unknown,Car(Quad/Passenger),None,Right_side,Avoiding_obstacle,0,1992.0,Male,Driver,Injured_Hospitalized,Driver_seat,Leisure,Not_pedestrian,Unknown,Not_pedestrian,Seat_belt,Used,Not a holiday,0
3161,201600001928,2016,7,13,Daylight,Out_of_agglomeration,Out_of_intersection,Normal,Frontal_two_vehicles,Manual_entry,-2.45082,47.36022,True,2016-07-13,20,30,20:30,Evening,False,Summer,2.0,0.0,0.0,Departmental_road,Bidirectional,Unknown,Unknown,Unknown,Unknown,Unknown,Unknown,Not_near_school,B02,Opposite_direction,Motorcycle,Cyclist,Front,Straight_ahead,0,1963.0,Male,Driver,Killed,Driver_seat,Unknown,Not_pedestrian,Unknown,Not_pedestrian,Helmet,Used,Not a holiday,0
3162,201600001928,2016,7,13,Daylight,Out_of_agglomeration,Out_of_intersection,Normal,Frontal_two_vehicles,Manual_entry,-2.45082,47.36022,True,2016-07-13,20,30,20:30,Evening,False,Summer,2.0,0.0,0.0,Departmental_road,Bidirectional,Unknown,Unknown,Unknown,Unknown,Unknown,Unknown,Not_near_school,A01,Other/Unknown,Car(Quad/Passenger),Cyclist,Front_right,Straight_ahead,0,1997.0,Female,Driver,Injured_Hospitalized,Driver_seat,Unknown,Not_pedestrian,Unknown,Not_pedestrian,Seat_belt,Used,Not a holiday,0
3163,201600001929,2016,7,20,Daylight,Out_of_agglomeration,Out_of_intersection,Normal,Frontal_two_vehicles,Manual_entry,-2.26157,47.44622,True,2016-07-20,14,15,14:15,Afternoon,False,Summer,2.0,0.0,60.0,Departmental_road,Bidirectional,Unknown,Flat,Curve_right,Normal,Unknown,On_road,Unknown,B02,Other/Unknown,Car(Quad/Passenger),Cyclist,Front_left,Straight_ahead,0,1973.0,Male,Driver,Uninjured,Driver_seat,Leisure,Not_pedestrian,Unknown,Not_pedestrian,Seat_belt,Used,Not a holiday,0