,accident_id,year,month,day,lighting_label,urban_label,intersection_label,weather_label,collision_label,gps_label,longitude_num,latitude_num,valid_geo,date,hour,minute,time_hhmm,time_of_day,is_weekend,season,num_lanes,pedestrian_crossing_width,road_width,road_category_label,traffic_regime_label,reserved_lane_label,road_profile_label,road_layout_label,surface_condition_label,infrastructure_label,situation_label,school_zone_label,vehicle_id,traffic_direction_label,vehicle_category_label,mobile_obstacle_label,impact_point_label,manoeuvre_label,occupants_group,birth_year,sex_label,user_category_label,injury_severity_label,seat_position_label,journey_purpose_label,pedestrian_location_label,pedestrian_action_label,pedestrian_state_label,safety_equipment_type,safety_equipment_usage,holiday_name,is_holiday
3164,201600001929,2016,7,20,Daylight,Out_of_agglomeration,Out_of_intersection,Normal,Frontal_two_vehicles,Manual_entry,-2.26157,47.44622,True,2016-07-20,14,15,14:15,Afternoon,False,Summer,2.0,0.0,60.0,Departmental_road,Bidirectional,Unknown,Flat,Curve_right,Normal,Unknown,On_road,Unknown,A01,Opposite_direction,Motorcycle,Cyclist,Rear_left,other,0,1992.0,Male,Driver,Injured_Hospitalized,Driver_seat,other,Not_pedestrian,Unknown,Not_pedestrian,Helmet,Used,Not a holiday,0
3165,201600001930,2016,7,22,Daylight,Built_up_area,Out_of_intersection,Normal,Rear_end_two_vehicles,Manual_entry,-2.462,47.34,True,2016-07-22,17,30,17:30,Evening,False,Summer,0.0,0.0,0.0,Communal_way,Unknown,Unknown,Slope,Straight,Normal,Unknown,On_road,Not_near_school,B02,Same_direction,Car(Quad/Passenger),Cyclist,Rear,Roundabout,0,1984.0,Male,Driver,Injured_Slight,Driver_seat,Leisure,Not_pedestrian,Unknown,Not_pedestrian,Seat_belt,Undetermined,Not a holiday,0
3166,201600001930,2016,7,22,Daylight,Built_up_area,Out_of_intersection,Normal,Rear_end_two_vehicles,Manual_entry,-2.462,47.34,True,2016-07-22,17,30,17:30,Evening,False,Summer,0.0,0.0,0.0,Communal_way,Unknown,Unknown,Slope,Straight,Normal,Unknown,On_road,Not_near_school,A01,Same_direction,Motorcycle,Cyclist,Front,Straight_ahead,0,1994.0,Male,Driver,Injured_Hospitalized,Driver_seat,Home-work,Not_pedestrian,Unknown,Not_pedestrian,Helmet,Used,Not a holiday,0
3167,201600001931,2016,7,22,Daylight,Out_of_agglomeration,Out_of_intersection,Normal,Rear_end_two_vehicles,Manual_entry,-2.4082,47.30698,True,2016-07-22,15,30,15:30,Afternoon,False,Summer,2.0,0.0,0.0,Departmental_road,Unknown,Unknown,Flat,Straight,Normal,Unknown,On_road,Not_near_school,A01,Other/Unknown,Car(Quad/Passenger),Cyclist,Rear,Straight_ahead,0,1950.0,Male,Driver,Injured_Slight,Driver_seat,Unknown,Not_pedestrian,Unknown,Not_pedestrian,Seat_belt,Undetermined,Not a holiday,0
3168,201600001931,2016,7,22,Daylight,Out_of_agglomeration,Out_of_intersection,Normal,Rear_end_two_vehicles,Manual_entry,-2.4082,47.30698,True,2016-07-22,15,30,15:30,Afternoon,False,Summer,2.0,0.0,0.0,Departmental_road,Unknown,Unknown,Flat,Straight,Normal,Unknown,On_road,Not_near_school,B02,Other/Unknown,Cycle,Cyclist,Front,Turning,0,1989.0,Male,Driver,Injured_Hospitalized,Driver_seat,Home-work,Not_pedestrian,Unknown,Not_pedestrian,Helmet,Used,Not a holiday,0
3169,201600001932,2016,7,25,Daylight,Out_of_agglomeration,Out_of_intersection,Normal,Side_two_vehicles,Manual_entry,-2.39274,47.42877,True,2016-07-25,15,0,15:00,Afternoon,False,Summer,2.0,0.0,58.0,Departmental_road,Bidirectional,Unknown,Flat,Straight,Normal,Unknown,On_road,Unknown,B02,Other/Unknown,Cycle,Cyclist,Front_left,Straight_ahead,0,2003.0,Male,Driver,Injured_Hospitalized,Driver_seat,Leisure,Not_pedestrian,Unknown,Not_pedestrian,Helmet,Used,Not a holiday,0
3170,201600001932,2016,7,25,Daylight,Out_of_agglomeration,Out_of_intersection,Normal,Side_two_vehicles,Manual_entry,-2.39274,47.42877,True,2016-07-25,15,0,15:00,Afternoon,False,Summer,2.0,0.0,58.0,Departmental_road,Bidirectional,Unknown,Flat,Straight,Normal,Unknown,On_road,Unknown,A01,Opposite_direction,Car(Quad/Passenger),other,Front,Straight_ahead,0,1952.0,Male,Driver,Uninjured,Driver_seat,Leisure,Not_pedestrian,Unknown,Not_pedestrian,Seat_belt,Used,Not a holiday,0
3171,201600001933,2016,8,2,Daylight,Out_of_agglomeration,Out_of_intersection,Normal,Side_two_vehicles,Manual_entry,-2.42945,47.33058,True,2016-08-02,18,0,18:00,Evening,False,Summer,2.0,0.0,0.0,Communal_way,Bidirectional,Unknown,Unknown,Straight,Normal,Roundabout,On_road,Not_near_school,A01,Opposite_direction,Car(Quad/Passenger),Cyclist,Front,Straight_ahead,0,1968.0,Female,Driver,Uninjured,Driver_seat,Leisure,Not_pedestrian,Unknown,Not_pedestrian,Seat_belt,Used,Not a holiday,0
3172,201600001933,2016,8,2,Daylight,Out_of_agglomeration,Out_of_intersection,Normal,Side_two_vehicles,Manual_entry,-2.42945,47.33058,True,2016-08-02,18,0,18:00,Evening,False,Summer,2.0,0.0,0.0,Communal_way,Bidirectional,Unknown,Unknown,Straight,Normal,Roundabout,On_road,Not_near_school,B02,Same_direction,Cycle,None,No_impact,None,0,1955.0,Female,Driver,Injured_Hospitalized,Driver_seat,Leisure,Not_pedestrian,Unknown,Not_pedestrian,Helmet,Used,Not a holiday,0
3173,201600001934,2016,8,2,Daylight,Out_of_agglomeration,Roundabout,Normal,Frontal_two_vehicles,Manual_entry,-2.42415,47.33045,True,2016-08-02,18,45,18:45,Evening,False,Summer,0.0,0.0,0.0,Departmental_road,Unknown,Unknown,Unknown,Straight,Normal,Roundabout,On_road,Not_near_school,B02,Other/Unknown,Cycle,None,No_impact,None,0,1966.0,Female,Driver,Injured_Slight,Driver_seat,Unknown,Not_pedestrian,Unknown,Not_pedestrian,Helmet,Used,Not a holiday,0
3174,201600001934,2016,8,2,Daylight,Out_of_agglomeration,Roundabout,Normal,Frontal_two_vehicles,Manual_entry,-2.42415,47.33045,True,2016-08-02,18,45,18:45,Evening,False,Summer,0.0,0.0,0.0,Departmental_road,Unknown,Unknown,Unknown,Straight,Normal,Roundabout,On_road,Not_near_school,A01,Opposite_direction,Car(Quad/Passenger),None,No_impact,None,0,1964.0,Male,Driver,Uninjured,Driver_seat,Unknown,Not_pedestrian,Unknown,Not_pedestrian,Seat_belt,Used,Not a holiday,0
3175,201600001935,2016,8,5,Daylight,Out_of_agglomeration,Out_of_intersection,Normal,Multiple_three_plus,Manual_entry,-2.38869,47.30774,True,2016-08-05,12,15,12:15,Afternoon,False,Summer,4.0,80.0,168.0,Departmental_road,Separated_carriageways,Unknown,Flat,Straight,Normal,Interchange,On_road,Not_near_school,A01,Opposite_direction,Car(Quad/Passenger),Cyclist,Front,Park/Start/Stop,0,1940.0,Female,Driver,Injured_Hospitalized,Driver_seat,Leisure,Not_pedestrian,Unknown,Not_pedestrian,Seat_belt,Used,Not a holiday,0
3176,201600001935,2016,8,5,Daylight,Out_of_agglomeration,Out_of_intersection,Normal,Multiple_three_plus,Manual_entry,-2.38869,47.30774,True,2016-08-05,12,15,12:15,Afternoon,False,Summer,4.0,80.0,168.0,Departmental_road,Separated_carriageways,Unknown,Flat,Straight,Normal,Interchange,On_road,Not_near_school,C03,Opposite_direction,Car(Quad/Passenger),Cyclist,Right_side,Straight_ahead,0,1955.0,Female,Driver,Injured_Hospitalized,Driver_seat,Leisure,Not_pedestrian,Unknown,Not_pedestrian,Seat_belt,Used,Not a holiday,0
3177,201600001935,2016,8,5,Daylight,Out_of_agglomeration,Out_of_intersection,Normal,Multiple_three_plus,Manual_entry,-2.38869,47.30774,True,2016-08-05,12,15,12:15,Afternoon,False,Summer,4.0,80.0,168.0,Departmental_road,Separated_carriageways,Unknown,Flat,Straight,Normal,Interchange,On_road,Not_near_school,B02,Opposite_direction,Car(Quad/Passenger),Cyclist,Front,Straight_ahead,0,1942.0,Male,Driver,Injured_Hospitalized,Driver_seat,Leisure,Not_pedestrian,Unknown,Not_pedestrian,Seat_belt,Used,Not a holiday,0
3178,201600001936,2016,8,7,Daylight,Out_of_agglomeration,Out_of_intersection,Normal,Side_two_vehicles,Manual_entry,-2.32755,47.3716,True,2016-08-07,16,15,16:15,Afternoon,True,Summer,2.0,0.0,60.0,Departmental_road,Bidirectional,Unknown,Slope,Straight,Normal,Unknown,On_road,Not_near_school,B02,Opposite_direction,Car(Quad/Passenger),Cyclist,Front,Straight_ahead,0,1996.0,Male,Driver,Injured_Hospitalized,Driver_seat,Leisure,Not_pedestrian,Unknown,Not_pedestrian,Seat_belt,Used,Not a holiday,0
3179,201600001936,2016,8,7,Daylight,Out_of_agglomeration,Out_of_intersection,Normal,Side_two_vehicles,Manual_entry,-2.32755,47.3716,True,2016-08-07,16,15,16:15,Afternoon,True,Summer,2.0,0.0,60.0,Departmental_road,Bidirectional,Unknown,Slope,Straight,Normal,Unknown,On_road,Not_near_school,A01,Other/Unknown,Car(Quad/Passenger),Cyclist,Left_side,Roundabout,0,1939.0,Male,Driver,Injured_Hospitalized,Driver_seat,Leisure,Not_pedestrian,Unknown,Not_pedestrian,Seat_belt,Used,Not a holiday,0
3180,201600001937,2016,8,15,Daylight,Built_up_area,Out_of_intersection,Normal,Frontal_two_vehicles,Manual_entry,-2.5382,47.38013,True,2016-08-15,11,30,11:30,Morning,False,Summer,2.0,0.0,0.0,Departmental_road,Bidirectional,Reserved_channel,Unknown,Straight,Normal,Pedestrian_area,Unknown,Unknown,A01,Other/Unknown,Cycle,Pedestrian,Front,Straight_ahead,0,1948.0,Male,Driver,Injured_Slight,Driver_seat,Leisure,Not_pedestrian,Unknown,Not_pedestrian,Helmet,Used,Assumption of Mary to Heaven,1
3181,201600001937,2016,8,15,Daylight,Built_up_area,Out_of_intersection,Normal,Frontal_two_vehicles,Manual_entry,-2.5382,47.38013,True,2016-08-15,11,30,11:30,Morning,False,Summer,2.0,0.0,0.0,Departmental_road,Bidirectional,Reserved_channel,Unknown,Straight,Normal,Pedestrian_area,Unknown,Unknown,B02,Other/Unknown,Cycle,Pedestrian,Front,Straight_ahead,0,1989.0,Male,Driver,Uninjured,Driver_seat,Leisure,Not_pedestrian,Unknown,Not_pedestrian,Helmet,Used,Assumption of Mary to Heaven,1
3182,201600001938,2016,8,24,Daylight,Built_up_area,Other,Normal,Other_collision,Manual_entry,-2.50921,47.29203,True,2016-08-24,9,15,09:15,Morning,False,Summer,0.0,0.0,0.0,Parking_lot,Unknown,Unknown,Flat,Unknown,Normal,Unknown,Unknown,Unknown,A01,Same_direction,Car(Quad/Passenger),Pedestrian,Rear_right,Loss_of_control,0,1946.0,Female,Driver,Uninjured,Driver_seat,other,Not_pedestrian,Unknown,Not_pedestrian,Seat_belt,Used,Not a holiday,0
3183,201600001939,2016,8,16,Daylight,Out_of_agglomeration,Out_of_intersection,Normal,Side_two_vehicles,Manual_entry,-2.45408,47.26734,True,2016-08-16,12,0,12:00,Afternoon,False,Summer,0.0,0.0,56.0,Departmental_road,Bidirectional,Unknown,Unknown,Straight,Normal,Unknown,On_road,Not_near_school,A01,Other/Unknown,Car(Quad/Passenger),Cyclist,Left_side,Turning,0,1936.0,Male,Driver,Uninjured,Driver_seat,Leisure,Not_pedestrian,Unknown,Not_pedestrian,Seat_belt,Used,Not a holiday,0
3184,201600001939,2016,8,16,Daylight,Out_of_agglomeration,Out_of_intersection,Normal,Side_two_vehicles,Manual_entry,-2.45408,47.26734,True,2016-08-16,12,0,12:00,Afternoon,False,Summer,0.0,0.0,56.0,Departmental_road,Bidirectional,Unknown,Unknown,Straight,Normal,Unknown,On_road,Not_near_school,B02,Other/Unknown,Cycle,None,Front_left,Turning,0,1954.0,Female,Driver,Injured_Hospitalized,Driver_seat,Leisure,Not_pedestrian,Unknown,Not_pedestrian,Helmet,Used,Not a holiday,0
3185,201600001940,2016,9,26,Daylight,Out_of_agglomeration,Intersection_X,Normal,Side_two_vehicles,Manual_entry,-2.37459,47.35948,True,2016-09-26,18,0,18:00,Evening,False,Autumn,2.0,60.0,0.0,Departmental_road,Bidirectional,Unknown,Flat,Straight,Normal,Roundabout,On_road,Unknown,B02,Other/Unknown,Car(Quad/Passenger),Cyclist,Front_right,Loss_of_control,0,1946.0,Male,Driver,Uninjured,Driver_seat,Leisure,Not_pedestrian,Unknown,Not_pedestrian,Seat_belt,Used,Not a holiday,0
3186,201600001940,2016,9,26,Daylight,Out_of_agglomeration,Intersection_X,Normal,Side_two_vehicles,Manual_entry,-2.37459,47.35948,True,2016-09-26,18,0,18:00,Evening,False,Autumn,2.0,60.0,0.0,Departmental_road,Bidirectional,Unknown,Flat,Straight,Normal,Roundabout,On_road,Unknown,A01,Other/Unknown,Cycle,Cyclist,Right_side,Straight_ahead,0,1980.0,Male,Driver,Injured_Hospitalized,Driver_seat,Leisure,Not_pedestrian,Unknown,Not_pedestrian,Helmet,Used,Not a holiday,0
3187,201600001941,2016,2,21,Night_without_public_lighting,Built_up_area,Out_of_intersection,Normal,Rear_end_two_vehicles,Manual_entry,-2.21048,47.31116,True,2016-02-21,19,15,19:15,Evening,True,Winter,0.0,0.0,47.0,Communal_way,Unknown,Unknown,Flat,Curve_left,Normal,Unknown,On_road,Unknown,A01,Same_direction,Car(Quad/Passenger),Cyclist,Front_right,Straight_ahead,0,1996.0,Female,Driver,Injured_Slight,Driver_seat,Leisure,Not_pedestrian,Unknown,Not_pedestrian,Seat_belt,Used,Not a holiday,0
3188,201600001941,2016,2,21,Night_without_public_lighting,Built_up_area,Out_of_intersection,Normal,Rear_end_two_vehicles,Manual_entry,-2.21048,47.31116,True,2016-02-21,19,15,19:15,Evening,True,Winter,0.0,0.0,47.0,Communal_way,Unknown,Unknown,Flat,Curve_left,Normal,Unknown,On_road,Unknown,B02,Same_direction,Cycle,None,Rear_right,Straight_ahead,0,1968.0,Male,Driver,Injured_Hospitalized,Driver_seat,Leisure,Not_pedestrian,Unknown,Not_pedestrian,Reflective_equipment,Not_used,Not a holiday,0
3189,201600001942,2016,3,5,Daylight,Out_of_agglomeration,Out_of_intersection,Normal,Side_two_vehicles,Manual_entry,-2.025,47.333,True,2016-03-05,16,0,16:00,Afternoon,True,Spring,2.0,100.0,109.0,Departmental_road,Bidirectional,Unknown,Flat,Straight,Normal,Unknown,On_road,Not_near_school,A01,Other/Unknown,Motorcycle,Cyclist,Left_side,Park/Start/Stop,0,1956.0,Male,Driver,Injured_Hospitalized,Driver_seat,Leisure,Not_pedestrian,Unknown,Not_pedestrian,Helmet,Used,Not a holiday,0
3190,201600001942,2016,3,5,Daylight,Out_of_agglomeration,Out_of_intersection,Normal,Side_two_vehicles,Manual_entry,-2.025,47.333,True,2016-03-05,16,0,16:00,Afternoon,True,Spring,2.0,100.0,109.0,Departmental_road,Bidirectional,Unknown,Flat,Straight,Normal,Unknown,On_road,Not_near_school,B02,Opposite_direction,Car(Quad/Passenger),Cyclist,Front,Straight_ahead,0,1963.0,Female,Driver,Uninjured,Driver_seat,other,Not_pedestrian,Unknown,Not_pedestrian,Seat_belt,Used,Not a holiday,0
3191,201600001943,2016,3,25,Daylight,Built_up_area,Out_of_intersection,Normal,No_collision,Manual_entry,-2.18891,47.36661,True,2016-03-25,15,45,15:45,Afternoon,False,Spring,0.0,40.0,0.0,Departmental_road,Bidirectional,Unknown,Unknown,Straight,Normal,Unknown,On_road,Not_near_school,A01,Opposite_direction,Motorcycle,None,Multiple impacts,Straight_ahead,0,1997.0,Male,Driver,Injured_Hospitalized,Driver_seat,Leisure,Not_pedestrian,Unknown,Not_pedestrian,Helmet,Undetermined,Not a holiday,0
3192,201600001944,2016,8,24,Night_with_public_lighting_not_functioning,Built_up_area,Out_of_intersection,Normal,Other_collision,Manual_entry,-2.13974,47.33048,True,2016-08-24,2,30,02:30,Night,False,Summer,2.0,0.0,0.0,Communal_way,Bidirectional,Unknown,Flat,Straight,Normal,Unknown,On_road,Unknown,A01,Same_direction,Motorcycle,Pedestrian,Front,Straight_ahead,0,1997.0,Male,Driver,Injured_Hospitalized,Driver_seat,Leisure,Not_pedestrian,Unknown,Not_pedestrian,Helmet,Not_used,Not a holiday,0
3193,201600001945,2016,8,25,Daylight,Out_of_agglomeration,Out_of_intersection,Normal,Other_collision,Manual_entry,-2.11456,47.32008,True,2016-08-25,17,0,17:00,Evening,False,Summer,0.0,0.0,70.0,Departmental_road,Bidirectional,Unknown,Flat,Straight,Normal,Unknown,On_road,Not_near_school,B02,Other/Unknown,Cycle,Cyclist,Front,Straight_ahead,0,1975.0,Male,Driver,Injured_Hospitalized,Driver_seat,Home-work,Not_pedestrian,Unknown,Not_pedestrian,Helmet,Used,Not a holiday,0
3194,201600001945,2016,8,25,Daylight,Out_of_agglomeration,Out_of_intersection,Normal,Other_collision,Manual_entry,-2.11456,47.32008,True,2016-08-25,17,0,17:00,Evening,False,Summer,0.0,0.0,70.0,Departmental_road,Bidirectional,Unknown,Flat,Straight,Normal,Unknown,On_road,Not_near_school,A01,Opposite_direction,Car(Quad/Passenger),Cyclist,Front,Straight_ahead,0,1979.0,Male,Driver,Injured_Slight,Driver_seat,other,Not_pedestrian,Unknown,Not_pedestrian,Seat_belt,Used,Not a holiday,0
3195,201600001946,2016,10,4,Daylight,Out_of_agglomeration,Out_of_intersection,Normal,Other_collision,Manual_entry,-2.08026,47.34442,True,2016-10-04,18,25,18:25,Evening,False,Autumn,2.0,0.0,60.0,Communal_way,Bidirectional,Unknown,Flat,Straight,Normal,Unknown,On_road,Unknown,A01,Same_direction,Car(Quad/Passenger),Pedestrian,Left_side,other,0,1990.0,Female,Driver,Uninjured,Driver_seat,Leisure,Not_pedestrian,Unknown,Not_pedestrian,Seat_belt,Undetermined,Not a holiday,0
3196,201600001947,2016,11,5,Night_without_public_lighting,Out_of_agglomeration,Out_of_intersection,Normal,Other_collision,Manual_entry,-2.18784,47.36476,True,2016-11-05,3,35,03:35,Night,True,Autumn,2.0,0.0,0.0,Departmental_road,Bidirectional,Unknown,Flat,Curve_left,Wet,Unknown,On_verge,Unknown,A01,Opposite_direction,Car(Quad/Passenger),None,Front_right,Straight_ahead,0,1997.0,Male,Driver,Injured_Hospitalized,Driver_seat,Leisure,Not_pedestrian,Unknown,Not_pedestrian,Seat_belt,Undetermined,Not a holiday,0
3197,201600001948,2016,3,30,Daylight,Out_of_agglomeration,Out_of_intersection,Light_rain,No_collision,Manual_entry,-1.94005,47.45295,True,2016-03-30,16,30,16:30,Afternoon,False,Spring,2.0,0.0,60.0,Departmental_road,Bidirectional,Unknown,Unknown,Curve_right,Wet,Unknown,On_verge,Unknown,A01,Other/Unknown,Car(Quad/Passenger),None,Right_side,Reversing,0,1958.0,Male,Driver,Killed,Driver_seat,other,Not_pedestrian,Unknown,Not_pedestrian,Seat_belt,Not_used,Not a holiday,0
3198,201600001949,2016,6,29,Daylight,Built_up_area,Out_of_intersection,Dazzling,No_collision,Manual_entry,-2.19502,47.4502,True,2016-06-29,17,45,17:45,Evening,False,Summer,0.0,0.0,0.0,Departmental_road,Unknown,Unknown,Unknown,Unknown,Unknown,Unknown,Unknown,Not_near_school,A01,Opposite_direction,Motorcycle,None,No_impact,None,0,1992.0,Male,Driver,Injured_Hospitalized,Driver_seat,Unknown,Not_pedestrian,Unknown,Not_pedestrian,Helmet,Used,Not a holiday,0
3199,201600001950,2016,7,15,Daylight,Built_up_area,Roundabout,Normal,Side_two_vehicles,Manual_entry,-2.09904,47.43404,True,2016-07-15,9,0,09:00,Morning,False,Summer,1.0,0.0,70.0,Departmental_road,One_way,Unknown,Flat,Unknown,Normal,Unknown,On_road,Not_near_school,A01,Other/Unknown,Car(Quad/Passenger),Cyclist,Right_side,Straight_ahead,0,1955.0,Female,Driver,Uninjured,Driver_seat,Shopping,Not_pedestrian,Unknown,Not_pedestrian,Seat_belt,Used,Not a holiday,0
3200,201600001950,2016,7,15,Daylight,Built_up_area,Roundabout,Normal,Side_two_vehicles,Manual_entry,-2.09904,47.43404,True,2016-07-15,9,0,09:00,Morning,False,Summer,1.0,0.0,70.0,Departmental_road,One_way,Unknown,Flat,Unknown,Normal,Unknown,On_road,Not_near_school,B02,Other/Unknown,Cycle,Cyclist,Front,None,0,1956.0,Male,Driver,Killed,Driver_seat,Leisure,Not_pedestrian,Unknown,Not_pedestrian,Helmet,Not_used,Not a holiday,0
3201,201600001951,2016,8,1,Daylight,Out_of_agglomeration,Out_of_intersection,Normal,Multiple_three_plus,Manual_entry,-2.06506,47.55214,True,2016-08-01,15,0,15:00,Afternoon,False,Summer,1.0,0.0,0.0,Departmental_road,Bidirectional,Unknown,Flat,Straight,Normal,Unknown,On_road,Unknown,C03,Opposite_direction,Car(Quad/Passenger),Cyclist,Front,Straight_ahead,0,1984.0,Female,Driver,Injured_Hospitalized,Driver_seat,Leisure,Not_pedestrian,Unknown,Not_pedestrian,Seat_belt,Used,Not a holiday,0
3202,201600001951,2016,8,1,Daylight,Out_of_agglomeration,Out_of_intersection,Normal,Multiple_three_plus,Manual_entry,-2.06506,47.55214,True,2016-08-01,15,0,15:00,Afternoon,False,Summer,1.0,0.0,0.0,Departmental_road,Bidirectional,Unknown,Flat,Straight,Normal,Unknown,On_road,Unknown,B02,Opposite_direction,Car(Quad/Passenger),Cyclist,Front_left,Straight_ahead,0,1967.0,Male,Driver,Injured_Hospitalized,Driver_seat,Unknown,Not_pedestrian,Unknown,Not_pedestrian,Seat_belt,Used,Not a holiday,0
3203,201600001951,2016,8,1,Daylight,Out_of_agglomeration,Out_of_intersection,Normal,Multiple_three_plus,Manual_entry,-2.06506,47.55214,True,2016-08-01,15,0,15:00,Afternoon,False,Summer,1.0,0.0,0.0,Departmental_road,Bidirectional,Unknown,Flat,Straight,Normal,Unknown,On_road,Unknown,A01,Other/Unknown,Car(Quad/Passenger),Cyclist,Right_side,Avoiding_obstacle,0,1983.0,Male,Driver,Injured_Hospitalized,Driver_seat,Leisure,Not_pedestrian,Unknown,Not_pedestrian,Seat_belt,Used,Not a holiday,0
3204,201600001952,2016,8,16,Daylight,Built_up_area,Out_of_intersection,Normal,Other_collision,Manual_entry,-2.096,47.442,True,2016-08-16,19,15,19:15,Evening,False,Summer,0.0,60.0,0.0,Communal_way,Bidirectional,Unknown,Unknown,Unknown,Unknown,Unknown,Unknown,Not_near_school,A01,Same_direction,Car(Quad/Passenger),Pedestrian,Front,None,0,1974.0,Female,Driver,Uninjured,Driver_seat,Home-work,Not_pedestrian,Unknown,Not_pedestrian,Seat_belt,Used,Not a holiday,0
3205,201600001953,2016,3,13,Daylight,Out_of_agglomeration,Out_of_intersection,Normal,Other_collision,Manual_entry,-1.75405,47.30073,True,2016-03-13,9,15,09:15,Morning,True,Spring,0.0,0.0,0.0,Departmental_road,Bidirectional,Unknown,Unknown,Straight,Normal,Roundabout,On_verge,Not_near_school,A01,Other/Unknown,Motorcycle,None,Front,Straight_ahead,0,1984.0,Male,Driver,Injured_Hospitalized,Driver_seat,Home-work,Not_pedestrian,Unknown,Not_pedestrian,Helmet,Used,Not a holiday,0
3206,201600001954,2016,7,17,Daylight,Out_of_agglomeration,Out_of_intersection,Normal,No_collision,Manual_entry,-1.75929,47.29415,True,2016-07-17,14,30,14:30,Afternoon,True,Summer,2.0,0.0,54.0,Departmental_road,Bidirectional,Unknown,Flat,Straight,Normal,Unknown,On_verge,Unknown,A01,Other/Unknown,other,None,Front_right,Turning,0,1984.0,Male,Driver,Killed,Driver_seat,other,Not_pedestrian,Unknown,Not_pedestrian,Seat_belt,Not_used,Not a holiday,0
3207,201600001955,2016,6,11,Twilight_or_dawn,Out_of_agglomeration,Out_of_intersection,Normal,Other_collision,Manual_entry,-1.92007,47.41071,True,2016-06-11,6,0,06:00,Morning,True,Summer,0.0,0.0,58.0,Departmental_road,Bidirectional,Unknown,Flat,Curve_left,Normal,Unknown,On_verge,Unknown,A01,Other/Unknown,Car(Quad/Passenger),None,Front,Straight_ahead,0,1997.0,Male,Driver,Injured_Hospitalized,Driver_seat,Leisure,Not_pedestrian,Unknown,Not_pedestrian,Seat_belt,Used,Not a holiday,0
3208,201600001956,2016,11,25,Night_without_public_lighting,Out_of_agglomeration,Out_of_intersection,Cloudy,Other_collision,Manual_entry,-1.8982,47.36079,True,2016-11-25,18,50,18:50,Evening,False,Autumn,2.0,0.0,0.0,National_road,Bidirectional,Unknown,Flat,Straight,Wet,Unknown,On_verge,Unknown,A01,Other/Unknown,Utility(Truck/Agri),None,Front_right,Park/Start/Stop,0,1989.0,Male,Driver,Killed,Driver_seat,Home-work,Not_pedestrian,Unknown,Not_pedestrian,Seat_belt,Used,Not a holiday,0
3209,201600001957,2016,6,28,Daylight,Built_up_area,Out_of_intersection,Normal,Frontal_two_vehicles,Manual_entry,-0.57884,47.41905,True,2016-06-28,16,0,16:00,Afternoon,False,Summer,2.0,0.0,42.0,Communal_way,Bidirectional,Unknown,Flat,Straight,Normal,Unknown,On_road,Unknown,A01,Same_direction,Motorcycle,Cyclist,Front,Straight_ahead,0,1988.0,Male,Driver,Injured_Hospitalized,Driver_seat,Leisure,Not_pedestrian,Unknown,Not_pedestrian,Helmet,Used,Not a holiday,0
3210,201600001957,2016,6,28,Daylight,Built_up_area,Out_of_intersection,Normal,Frontal_two_vehicles,Manual_entry,-0.57884,47.41905,True,2016-06-28,16,0,16:00,Afternoon,False,Summer,2.0,0.0,42.0,Communal_way,Bidirectional,Unknown,Flat,Straight,Normal,Unknown,On_road,Unknown,B02,Same_direction,Car(Quad/Passenger),Cyclist,Right_side,Straight_ahead,0,1995.0,Female,Driver,Uninjured,Driver_seat,Leisure,Not_pedestrian,Unknown,Not_pedestrian,Seat_belt,Undetermined,Not a holiday,0
3211,201600001958,2016,7,13,Daylight,Built_up_area,Out_of_intersection,Normal,Other_collision,Manual_entry,-0.60472,47.52925,True,2016-07-13,11,15,11:15,Morning,False,Summer,2.0,0.0,60.0,Communal_way,Bidirectional,Unknown,Flat,Straight,Normal,Pedestrian_area,On_road,Unknown,A01,Same_direction,Car(Quad/Passenger),Pedestrian,Front_right,Straight_ahead,0,1949.0,Male,Driver,Uninjured,Driver_seat,Leisure,Not_pedestrian,Unknown,Not_pedestrian,Seat_belt,Used,Not a holiday,0
3212,201600001959,2016,7,15,Daylight,Built_up_area,Out_of_intersection,Normal,Frontal_two_vehicles,Manual_entry,-0.61629,47.41485,True,2016-07-15,12,0,12:00,Afternoon,False,Summer,2.0,0.0,70.0,Departmental_road,Bidirectional,Unknown,Flat,Straight,Normal,Unknown,On_road,Unknown,A01,Other/Unknown,Motorcycle,Cyclist,Right_side,Avoiding_obstacle,0,1962.0,Female,Driver,Injured_Hospitalized,Driver_seat,Professional use,Not_pedestrian,Unknown,Not_pedestrian,Seat_belt,Used,Not a holiday,0
3213,201600001959,2016,7,15,Daylight,Built_up_area,Out_of_intersection,Normal,Frontal_two_vehicles,Manual_entry,-0.61629,47.41485,True,2016-07-15,12,0,12:00,Afternoon,False,Summer,2.0,0.0,70.0,Departmental_road,Bidirectional,Unknown,Flat,Straight,Normal,Unknown,On_road,Unknown,B02,Opposite_direction,Car(Quad/Passenger),Cyclist,Right_side,Straight_ahead,0,1956.0,Female,Driver,Uninjured,Driver_seat,Leisure,Not_pedestrian,Unknown,Not_pedestrian,Seat_belt,Used,Not a holiday,0
3214,201600001960,2016,8,1,Daylight,Out_of_agglomeration,Out_of_intersection,Normal,Other_collision,Manual_entry,-0.55367,47.43661,True,2016-08-01,21,0,21:00,Night,False,Summer,2.0,0.0,0.0,Departmental_road,Bidirectional,Unknown,Flat,Straight,Normal,Unknown,On_road,Not_near_school,A01,Same_direction,Car(Quad/Passenger),None,Rear,Straight_ahead,0,1982.0,Male,Driver,Injured_Hospitalized,Driver_seat,Leisure,Not_pedestrian,Unknown,Not_pedestrian,Seat_belt,Undetermined,Not a holiday,0