,accident_id,year,month,day,lighting_label,urban_label,intersection_label,weather_label,collision_label,gps_label,longitude_num,latitude_num,valid_geo,date,hour,minute,time_hhmm,time_of_day,is_weekend,season,num_lanes,pedestrian_crossing_width,road_width,road_category_label,traffic_regime_label,reserved_lane_label,road_profile_label,road_layout_label,surface_condition_label,infrastructure_label,situation_label,school_zone_label,vehicle_id,traffic_direction_label,vehicle_category_label,mobile_obstacle_label,impact_point_label,manoeuvre_label,occupants_group,birth_year,sex_label,user_category_label,injury_severity_label,seat_position_label,journey_purpose_label,pedestrian_location_label,pedestrian_action_label,pedestrian_state_label,safety_equipment_type,safety_equipment_usage,holiday_name,is_holiday
3265,201600001993,2016,1,12,Twilight_or_dawn,Out_of_agglomeration,Out_of_intersection,Normal,Frontal_two_vehicles,Manual_entry,-0.76809,47.27073,True,2016-01-12,17,15,17:15,Evening,False,Winter,2.0,0.0,40.0,Departmental_road,Bidirectional,Unknown,Unknown,Curve_left,Normal,Unknown,On_road,Unknown,B02,Opposite_direction,Car(Quad/Passenger),Cyclist,Right_side,Straight_ahead,0,1978.0,Male,Driver,Injured_Hospitalized,Driver_seat,Home-work,Not_pedestrian,Unknown,Not_pedestrian,Seat_belt,Used,Not a holiday,0
3266,201600001994,2016,4,14,Daylight,Out_of_agglomeration,Out_of_intersection,Normal,No_collision,Manual_entry,-0.77829,47.25168,True,2016-04-14,17,0,17:00,Evening,False,Spring,2.0,0.0,0.0,Departmental_road,Bidirectional,Unknown,Flat,Curve_left,Wet,Unknown,On_road,Unknown,A01,Other/Unknown,Car(Quad/Passenger),None,Front,Straight_ahead,0,1971.0,Male,Driver,Injured_Hospitalized,Driver_seat,Leisure,Not_pedestrian,Unknown,Not_pedestrian,Seat_belt,Undetermined,Not a holiday,0
3267,201600001995,2016,5,28,Daylight,Built_up_area,Out_of_intersection,Normal,Side_two_vehicles,Manual_entry,-0.72202,47.21427,True,2016-05-28,13,0,13:00,Afternoon,True,Spring,2.0,40.0,0.0,Departmental_road,Bidirectional,Unknown,Flat,Straight,Normal,Unknown,On_road,Not_near_school,A01,Opposite_direction,Motorcycle,Cyclist,Front,other,0,1995.0,Male,Driver,Injured_Hospitalized,Driver_seat,Leisure,Not_pedestrian,Unknown,Not_pedestrian,Helmet,Used,Not a holiday,0
3268,201600001995,2016,5,28,Daylight,Built_up_area,Out_of_intersection,Normal,Side_two_vehicles,Manual_entry,-0.72202,47.21427,True,2016-05-28,13,0,13:00,Afternoon,True,Spring,2.0,40.0,0.0,Departmental_road,Bidirectional,Unknown,Flat,Straight,Normal,Unknown,On_road,Not_near_school,B02,Opposite_direction,Utility(Truck/Agri),Cyclist,Right_side,Roundabout,0,1986.0,Female,Driver,Injured_Slight,Driver_seat,Home-work,Not_pedestrian,Unknown,Not_pedestrian,Seat_belt,Used,Not a holiday,0
3269,201600001996,2016,5,30,Daylight,Built_up_area,Out_of_intersection,Normal,Rear_end_two_vehicles,Manual_entry,-0.84814,47.28972,True,2016-05-30,17,30,17:30,Evening,False,Spring,0.0,0.0,80.0,Departmental_road,Bidirectional,Unknown,Flat,Straight,Normal,Roundabout,On_road,Not_near_school,A01,Opposite_direction,Utility(Truck/Agri),Cyclist,Front,Straight_ahead,0,1987.0,Male,Driver,Uninjured,Driver_seat,Professional use,Not_pedestrian,Unknown,Not_pedestrian,Seat_belt,Used,Not a holiday,0
3270,201600001996,2016,5,30,Daylight,Built_up_area,Out_of_intersection,Normal,Rear_end_two_vehicles,Manual_entry,-0.84814,47.28972,True,2016-05-30,17,30,17:30,Evening,False,Spring,0.0,0.0,80.0,Departmental_road,Bidirectional,Unknown,Flat,Straight,Normal,Roundabout,On_road,Not_near_school,B02,Opposite_direction,Motorcycle,Cyclist,Rear_right,other,0,1983.0,Male,Driver,Injured_Hospitalized,Driver_seat,Professional use,Not_pedestrian,Unknown,Not_pedestrian,Helmet,Used,Not a holiday,0
3271,201600001997,2016,6,4,Twilight_or_dawn,Out_of_agglomeration,Intersection_X,Normal,Side_two_vehicles,Manual_entry,-0.78227,47.28121,True,2016-06-04,6,0,06:00,Morning,True,Summer,2.0,40.0,0.0,Departmental_road,Bidirectional,Unknown,Flat,Straight,Normal,Unknown,On_road,Unknown,B02,Opposite_direction,Motorcycle,Cyclist,Front,Straight_ahead,0,1994.0,Male,Driver,Injured_Hospitalized,Driver_seat,Home-work,Not_pedestrian,Unknown,Not_pedestrian,Helmet,Used,Not a holiday,0
3272,201600001997,2016,6,4,Twilight_or_dawn,Out_of_agglomeration,Intersection_X,Normal,Side_two_vehicles,Manual_entry,-0.78227,47.28121,True,2016-06-04,6,0,06:00,Morning,True,Summer,2.0,40.0,0.0,Departmental_road,Bidirectional,Unknown,Flat,Straight,Normal,Unknown,On_road,Unknown,A01,Same_direction,Car(Quad/Passenger),Cyclist,Front_left,Straight_ahead,0,1980.0,Male,Driver,Uninjured,Driver_seat,Home-work,Not_pedestrian,Unknown,Not_pedestrian,Seat_belt,Used,Not a holiday,0
3273,201600001998,2016,8,6,Daylight,Out_of_agglomeration,Out_of_intersection,Normal,Rear_end_two_vehicles,Manual_entry,-0.65817,47.16942,True,2016-08-06,16,15,16:15,Afternoon,True,Summer,2.0,0.0,56.0,Departmental_road,Bidirectional,Unknown,Flat,Straight,Normal,Unknown,On_road,Unknown,A01,Opposite_direction,Car(Quad/Passenger),Cyclist,Front_right,Straight_ahead,0,1947.0,Male,Driver,Uninjured,Driver_seat,Leisure,Not_pedestrian,Unknown,Not_pedestrian,Seat_belt,Used,Not a holiday,0
3274,201600001998,2016,8,6,Daylight,Out_of_agglomeration,Out_of_intersection,Normal,Rear_end_two_vehicles,Manual_entry,-0.65817,47.16942,True,2016-08-06,16,15,16:15,Afternoon,True,Summer,2.0,0.0,56.0,Departmental_road,Bidirectional,Unknown,Flat,Straight,Normal,Unknown,On_road,Unknown,B02,Opposite_direction,Cycle,None,Rear_left,Straight_ahead,0,1932.0,Male,Driver,Killed,Driver_seat,Leisure,Not_pedestrian,Unknown,Not_pedestrian,Reflective_equipment,Used,Not a holiday,0
3275,201600001999,2016,7,30,Daylight,Out_of_agglomeration,Out_of_intersection,Normal,Other_collision,Manual_entry,-0.80298,47.11564,True,2016-07-30,13,0,13:00,Afternoon,True,Summer,2.0,0.0,0.0,Departmental_road,Bidirectional,Unknown,Flat,Straight,Normal,Unknown,On_verge,Unknown,A01,Same_direction,Car(Quad/Passenger),None,Front_left,Avoiding_obstacle,0,1966.0,Female,Driver,Injured_Hospitalized,Driver_seat,Leisure,Not_pedestrian,Unknown,Not_pedestrian,Seat_belt,Used,Not a holiday,0
3276,201600002000,2016,9,14,Daylight,Out_of_agglomeration,Out_of_intersection,Normal,Other_collision,Manual_entry,-0.76333,47.24143,True,2016-09-14,17,15,17:15,Evening,False,Autumn,2.0,50.0,50.0,Departmental_road,Bidirectional,Unknown,Slope,Curve_left,Normal,Unknown,On_road,Unknown,A01,Same_direction,Car(Quad/Passenger),None,Multiple impacts,Straight_ahead,0,1995.0,Male,Driver,Injured_Hospitalized,Driver_seat,Home-school,Not_pedestrian,Unknown,Not_pedestrian,Seat_belt,Used,Not a holiday,0
3277,201600002001,2016,10,6,Daylight,Out_of_agglomeration,Out_of_intersection,Normal,Frontal_two_vehicles,Manual_entry,-0.71945,47.1992,True,2016-10-06,8,0,08:00,Morning,False,Autumn,2.0,0.0,70.0,Departmental_road,Bidirectional,Unknown,Flat,Straight,Normal,Unknown,On_road,Unknown,A01,Other/Unknown,Motorcycle,Cyclist,No_impact,Straight_ahead,0,1977.0,Male,Driver,Injured_Hospitalized,Driver_seat,Home-work,Not_pedestrian,Unknown,Not_pedestrian,Helmet,Used,Not a holiday,0
3278,201600002001,2016,10,6,Daylight,Out_of_agglomeration,Out_of_intersection,Normal,Frontal_two_vehicles,Manual_entry,-0.71945,47.1992,True,2016-10-06,8,0,08:00,Morning,False,Autumn,2.0,0.0,70.0,Departmental_road,Bidirectional,Unknown,Flat,Straight,Normal,Unknown,On_road,Unknown,B02,Opposite_direction,Car(Quad/Passenger),Cyclist,Left_side,Roundabout,0,1938.0,Male,Driver,Injured_Slight,Driver_seat,Leisure,Not_pedestrian,Unknown,Not_pedestrian,Seat_belt,Used,Not a holiday,0
3279,201600002002,2016,10,12,Daylight,Out_of_agglomeration,Out_of_intersection,Normal,Other_collision,Manual_entry,-0.77654,47.13441,True,2016-10-12,16,0,16:00,Afternoon,False,Autumn,2.0,0.0,70.0,Departmental_road,Bidirectional,Unknown,Flat,Straight,Normal,Unknown,On_road,Not_near_school,A01,Other/Unknown,Cycle,Train,Front,Straight_ahead,0,1984.0,Male,Driver,Injured_Hospitalized,Driver_seat,Leisure,Not_pedestrian,Unknown,Not_pedestrian,Helmet,Used,Not a holiday,0
3280,201600002003,2016,10,31,Daylight,Built_up_area,Out_of_intersection,Normal,Other_collision,Manual_entry,-0.72449,47.20763,True,2016-10-31,13,30,13:30,Afternoon,False,Autumn,2.0,0.0,0.0,Departmental_road,Bidirectional,Unknown,Slope,Straight,Normal,Unknown,On_road,Unknown,A01,Other/Unknown,Car(Quad/Passenger),Pedestrian,Front,Straight_ahead,0,1949.0,Female,Driver,Uninjured,Driver_seat,Shopping,Not_pedestrian,Unknown,Not_pedestrian,Seat_belt,Used,Not a holiday,0
3281,201600002004,2016,11,18,Night_without_public_lighting,Out_of_agglomeration,Out_of_intersection,Heavy_rain,No_collision,Manual_entry,-0.83631,46.9947,True,2016-11-18,21,0,21:00,Night,False,Autumn,2.0,0.0,47.0,Departmental_road,Bidirectional,Unknown,Slope,Curve_right,Wet,Unknown,On_verge,Unknown,A01,Opposite_direction,Car(Quad/Passenger),None,Front,Straight_ahead,0,1970.0,Female,Driver,Injured_Hospitalized,Driver_seat,Home-work,Not_pedestrian,Unknown,Not_pedestrian,Seat_belt,Used,Not a holiday,0
3282,201600002005,2016,11,20,Night_without_public_lighting,Out_of_agglomeration,Out_of_intersection,Strong_wind_or_storm,No_collision,Manual_entry,-0.79484,47.18966,True,2016-11-20,2,0,02:00,Night,True,Autumn,2.0,0.0,60.0,Departmental_road,Bidirectional,Unknown,Flat,Straight,Wet,Unknown,On_road,Unknown,A01,Opposite_direction,Motorcycle,None,No_impact,Straight_ahead,0,1999.0,Male,Driver,Injured_Slight,Driver_seat,Leisure,Not_pedestrian,Unknown,Not_pedestrian,Helmet,Used,Not a holiday,0
3283,201600002006,2016,1,14,Daylight,Out_of_agglomeration,Intersection_X,Normal,Side_two_vehicles,Manual_entry,-1.08324,47.13145,True,2016-01-14,15,45,15:45,Afternoon,False,Winter,0.0,77.0,249.0,Departmental_road,Bidirectional,Unknown,Unknown,Straight,Normal,Roundabout,On_road,Not_near_school,A01,Opposite_direction,Motorcycle,Cyclist,Front_left,Straight_ahead,0,1958.0,Female,Driver,Injured_Hospitalized,Driver_seat,Leisure,Not_pedestrian,Unknown,Not_pedestrian,Seat_belt,Used,Not a holiday,0
3284,201600002006,2016,1,14,Daylight,Out_of_agglomeration,Intersection_X,Normal,Side_two_vehicles,Manual_entry,-1.08324,47.13145,True,2016-01-14,15,45,15:45,Afternoon,False,Winter,0.0,77.0,249.0,Departmental_road,Bidirectional,Unknown,Unknown,Straight,Normal,Roundabout,On_road,Not_near_school,B02,Other/Unknown,Car(Quad/Passenger),Cyclist,Front,Straight_ahead,0,1942.0,Male,Driver,Uninjured,Driver_seat,Leisure,Not_pedestrian,Unknown,Not_pedestrian,Seat_belt,Used,Not a holiday,0
3285,201600002007,2016,2,8,Daylight,Out_of_agglomeration,Out_of_intersection,Strong_wind_or_storm,Other_collision,Manual_entry,-0.93307,47.1551,True,2016-02-08,13,0,13:00,Afternoon,False,Winter,2.0,0.0,45.0,Communal_way,Bidirectional,Unknown,Slope,Straight,Wet,Unknown,On_verge,Unknown,A01,Same_direction,Car(Quad/Passenger),None,Front_right,Straight_ahead,0,1982.0,Female,Driver,Killed,Driver_seat,Leisure,Not_pedestrian,Unknown,Not_pedestrian,Seat_belt,Undetermined,Not a holiday,0
3286,201600002008,2016,3,6,Daylight,Out_of_agglomeration,Out_of_intersection,Normal,Frontal_two_vehicles,Manual_entry,-0.96874,47.1337,True,2016-03-06,7,45,07:45,Morning,True,Spring,2.0,0.0,62.0,Departmental_road,Bidirectional,Unknown,Flat,Curve_left,Normal,Unknown,On_road,Unknown,A01,Other/Unknown,Car(Quad/Passenger),Cyclist,Right_side,Avoiding_obstacle,0,1995.0,Female,Driver,Injured_Hospitalized,Driver_seat,Leisure,Not_pedestrian,Unknown,Not_pedestrian,Seat_belt,Used,Not a holiday,0
3287,201600002008,2016,3,6,Daylight,Out_of_agglomeration,Out_of_intersection,Normal,Frontal_two_vehicles,Manual_entry,-0.96874,47.1337,True,2016-03-06,7,45,07:45,Morning,True,Spring,2.0,0.0,62.0,Departmental_road,Bidirectional,Unknown,Flat,Curve_left,Normal,Unknown,On_road,Unknown,B02,Opposite_direction,Car(Quad/Passenger),Cyclist,Right_side,Straight_ahead,0,1953.0,Male,Driver,Injured_Hospitalized,Driver_seat,Leisure,Not_pedestrian,Unknown,Not_pedestrian,Seat_belt,Used,Not a holiday,0
3288,201600002009,2016,5,3,Daylight,Built_up_area,Out_of_intersection,Normal,Other_collision,Manual_entry,-1.13132,47.12307,True,2016-05-03,19,0,19:00,Evening,False,Spring,2.0,0.0,60.0,Departmental_road,Bidirectional,Unknown,Flat,Straight,Normal,Unknown,On_sidewalk,Unknown,A01,Same_direction,Motorcycle,None,Right_side,Straight_ahead,0,1999.0,Male,Driver,Injured_Hospitalized,Driver_seat,Leisure,Not_pedestrian,Unknown,Not_pedestrian,Helmet,Used,Not a holiday,0
3289,201600002010,2016,6,8,Daylight,Out_of_agglomeration,Intersection_T,Normal,Side_two_vehicles,Manual_entry,-0.86566,47.11128,True,2016-06-08,18,15,18:15,Evening,False,Summer,0.0,,,Communal_way,Unknown,Unknown,Unknown,Unknown,Unknown,Unknown,On_road,Unknown,A01,Same_direction,Motorcycle,Cyclist,Front,Straight_ahead,0,1968.0,Male,Driver,Injured_Hospitalized,Driver_seat,other,Not_pedestrian,Unknown,Not_pedestrian,Helmet,Used,Not a holiday,0
3290,201600002010,2016,6,8,Daylight,Out_of_agglomeration,Intersection_T,Normal,Side_two_vehicles,Manual_entry,-0.86566,47.11128,True,2016-06-08,18,15,18:15,Evening,False,Summer,0.0,,,Communal_way,Unknown,Unknown,Unknown,Unknown,Unknown,Unknown,On_road,Unknown,B02,Same_direction,Motorcycle,Cyclist,Front_left,Roundabout,0,1957.0,Male,Driver,Injured_Slight,Driver_seat,Professional use,Not_pedestrian,Unknown,Not_pedestrian,Seat_belt,Unspecified,Not a holiday,0
3291,201600002011,2016,6,25,Daylight,Built_up_area,Out_of_intersection,Normal,Rear_end_two_vehicles,Manual_entry,-0.97377,47.11886,True,2016-06-25,16,15,16:15,Afternoon,True,Summer,2.0,0.0,70.0,Departmental_road,Bidirectional,Unknown,Flat,Straight,Normal,Unknown,On_road,Unknown,A01,Other/Unknown,Motorcycle,Cyclist,Front,Turning,0,1990.0,Male,Driver,Injured_Slight,Driver_seat,Leisure,Not_pedestrian,Unknown,Not_pedestrian,Helmet,Used,Not a holiday,0
3292,201600002011,2016,6,25,Daylight,Built_up_area,Out_of_intersection,Normal,Rear_end_two_vehicles,Manual_entry,-0.97377,47.11886,True,2016-06-25,16,15,16:15,Afternoon,True,Summer,2.0,0.0,70.0,Departmental_road,Bidirectional,Unknown,Flat,Straight,Normal,Unknown,On_road,Unknown,B02,Other/Unknown,Car(Quad/Passenger),None,Rear_right,Turning,0,1958.0,Male,Driver,Uninjured,Driver_seat,Leisure,Not_pedestrian,Unknown,Not_pedestrian,Seat_belt,Used,Not a holiday,0
3293,201600002012,2016,7,11,Daylight,Built_up_area,Out_of_intersection,Normal,Frontal_two_vehicles,Manual_entry,-1.129,47.10378,True,2016-07-11,19,15,19:15,Evening,False,Summer,2.0,40.0,0.0,Communal_way,Bidirectional,Unknown,Slope,Curve_left,Normal,Unknown,On_road,Unknown,A01,Same_direction,Motorcycle,Cyclist,Front_left,Avoiding_obstacle,0,1998.0,Female,Driver,Injured_Hospitalized,Driver_seat,Leisure,Not_pedestrian,Unknown,Not_pedestrian,Helmet,Used,Not a holiday,0
3294,201600002012,2016,7,11,Daylight,Built_up_area,Out_of_intersection,Normal,Frontal_two_vehicles,Manual_entry,-1.129,47.10378,True,2016-07-11,19,15,19:15,Evening,False,Summer,2.0,40.0,0.0,Communal_way,Bidirectional,Unknown,Slope,Curve_left,Normal,Unknown,On_road,Unknown,B02,Same_direction,Car(Quad/Passenger),None,Right_side,Straight_ahead,0,1951.0,Male,Driver,Uninjured,Driver_seat,Leisure,Not_pedestrian,Unknown,Not_pedestrian,Seat_belt,Used,Not a holiday,0
3295,201600002013,2016,7,22,Night_without_public_lighting,Out_of_agglomeration,Out_of_intersection,Normal,Multiple_three_plus,Manual_entry,-0.93002,47.06579,True,2016-07-22,1,0,01:00,Night,False,Summer,4.0,45.0,149.0,National_road,Separated_carriageways,Unknown,Flat,Straight,Normal,Unknown,On_road,Unknown,A01,Opposite_direction,Motorcycle,Cyclist,Front,Straight_ahead,0,1991.0,Male,Driver,Killed,Driver_seat,Leisure,Not_pedestrian,Unknown,Not_pedestrian,Helmet,Used,Not a holiday,0
3296,201600002013,2016,7,22,Night_without_public_lighting,Out_of_agglomeration,Out_of_intersection,Normal,Multiple_three_plus,Manual_entry,-0.93002,47.06579,True,2016-07-22,1,0,01:00,Night,False,Summer,4.0,45.0,149.0,National_road,Separated_carriageways,Unknown,Flat,Straight,Normal,Unknown,On_road,Unknown,B02,Opposite_direction,Car(Quad/Passenger),Cyclist,Right_side,Straight_ahead,0,1977.0,Female,Driver,Injured_Hospitalized,Driver_seat,Leisure,Not_pedestrian,Unknown,Not_pedestrian,Seat_belt,Used,Not a holiday,0
3297,201600002013,2016,7,22,Night_without_public_lighting,Out_of_agglomeration,Out_of_intersection,Normal,Multiple_three_plus,Manual_entry,-0.93002,47.06579,True,2016-07-22,1,0,01:00,Night,False,Summer,4.0,45.0,149.0,National_road,Separated_carriageways,Unknown,Flat,Straight,Normal,Unknown,On_road,Unknown,C03,Opposite_direction,Motorcycle,Cyclist,Front_right,Straight_ahead,0,1987.0,Male,Driver,Injured_Hospitalized,Driver_seat,Leisure,Not_pedestrian,Unknown,Not_pedestrian,Helmet,Used,Not a holiday,0
3298,201600002014,2016,7,21,Daylight,Out_of_agglomeration,Out_of_intersection,Normal,Other_collision,Manual_entry,-0.93615,47.0072,True,2016-07-21,11,30,11:30,Morning,False,Summer,4.0,20.0,200.0,Departmental_road,Separated_carriageways,Unknown,Flat,Straight,Normal,Unknown,On_road,Unknown,A01,Opposite_direction,Car(Quad/Passenger),None,Right_side,Straight_ahead,0,1982.0,Female,Driver,Injured_Hospitalized,Driver_seat,Leisure,Not_pedestrian,Unknown,Not_pedestrian,Seat_belt,Used,Not a holiday,0
3299,201600002015,2016,8,21,Daylight,Out_of_agglomeration,Out_of_intersection,Normal,Other_collision,Manual_entry,-1.06719,47.10416,True,2016-08-21,17,0,17:00,Evening,True,Summer,0.0,0.0,0.0,Communal_way,Unknown,Unknown,Slope,Straight,Normal,Unknown,On_road,Unknown,A01,Same_direction,Cycle,None,No_impact,Straight_ahead,0,1970.0,Male,Driver,Killed,Driver_seat,Leisure,Not_pedestrian,Unknown,Not_pedestrian,Helmet,Used,Not a holiday,0
3300,201600002016,2016,9,4,Daylight,Out_of_agglomeration,Out_of_intersection,Normal,No_collision,Manual_entry,-0.87345,47.11481,True,2016-09-04,11,15,11:15,Morning,True,Autumn,2.0,0.0,0.0,Communal_way,Bidirectional,Unknown,Flat,Straight,Normal,Unknown,On_road,Unknown,A01,Same_direction,Motorcycle,None,No_impact,Roundabout,0,1957.0,Male,Driver,Uninjured,Driver_seat,Professional use,Not_pedestrian,Unknown,Not_pedestrian,other,Used,Not a holiday,0
3301,201600002017,2016,10,1,Daylight,Built_up_area,Out_of_intersection,Light_rain,Side_two_vehicles,Manual_entry,-0.90967,47.09054,True,2016-10-01,9,45,09:45,Morning,True,Autumn,2.0,0.0,54.0,Departmental_road,Bidirectional,Unknown,Flat,Straight,Wet,Unknown,On_road,Near_school,A01,Same_direction,Car(Quad/Passenger),Cyclist,Front,Roundabout,0,1962.0,Female,Driver,Uninjured,Driver_seat,Shopping,Not_pedestrian,Unknown,Not_pedestrian,Seat_belt,Used,Not a holiday,0
3302,201600002017,2016,10,1,Daylight,Built_up_area,Out_of_intersection,Light_rain,Side_two_vehicles,Manual_entry,-0.90967,47.09054,True,2016-10-01,9,45,09:45,Morning,True,Autumn,2.0,0.0,54.0,Departmental_road,Bidirectional,Unknown,Flat,Straight,Wet,Unknown,On_road,Near_school,B02,Same_direction,Cycle,Cyclist,Front_right,Straight_ahead,0,2000.0,Male,Driver,Injured_Slight,Driver_seat,Leisure,Not_pedestrian,Unknown,Not_pedestrian,Helmet,Used,Not a holiday,0
3303,201600002018,2016,10,8,Night_without_public_lighting,Out_of_agglomeration,Out_of_intersection,Normal,No_collision,Manual_entry,-0.95748,47.06769,True,2016-10-08,20,30,20:30,Evening,True,Autumn,2.0,0.0,0.0,Communal_way,Bidirectional,Unknown,Unknown,Unknown,Normal,Unknown,On_road,Unknown,A01,Same_direction,Cycle,None,No_impact,None,0,1957.0,Male,Driver,Injured_Slight,Driver_seat,Leisure,Not_pedestrian,Unknown,Not_pedestrian,Helmet,Used,Not a holiday,0
3304,201600002019,2016,10,12,Daylight,Built_up_area,Out_of_intersection,Normal,Other_collision,Manual_entry,-0.99324,47.1219,True,2016-10-12,8,15,08:15,Morning,False,Autumn,2.0,0.0,77.0,Departmental_road,Bidirectional,Unknown,Flat,Straight,Normal,Unknown,On_road,Not_near_school,A01,Opposite_direction,Car(Quad/Passenger),Pedestrian,Front,Roundabout,0,1986.0,Female,Driver,Uninjured,Driver_seat,Home-school,Not_pedestrian,Unknown,Not_pedestrian,Seat_belt,Used,Not a holiday,0
3305,201600002020,2016,10,14,Daylight,Out_of_agglomeration,Out_of_intersection,Normal,No_collision,Manual_entry,-0.91069,47.1503,True,2016-10-14,13,15,13:15,Afternoon,False,Autumn,2.0,0.0,45.0,Communal_way,Bidirectional,Unknown,Flat,Curve_left,Normal,Unknown,On_verge,Unknown,A01,Same_direction,Car(Quad/Passenger),None,Front,Avoiding_obstacle,0,1990.0,Male,Driver,Injured_Hospitalized,Driver_seat,Home-work,Not_pedestrian,Unknown,Not_pedestrian,Seat_belt,Used,Not a holiday,0
3306,201600002021,2016,11,16,Daylight,Built_up_area,Out_of_intersection,Normal,Other_collision,Manual_entry,-1.12569,47.09715,True,2016-11-16,11,30,11:30,Morning,False,Autumn,0.0,0.0,0.0,Parking_lot,Unknown,Reserved_channel,Flat,Straight,Normal,Unknown,On_verge,Unknown,A01,Same_direction,Car(Quad/Passenger),Pedestrian,Rear,None,0,1945.0,Female,Driver,Uninjured,Driver_seat,Shopping,Not_pedestrian,Unknown,Not_pedestrian,Seat_belt,Used,Not a holiday,0
3307,201600002022,2016,12,3,Night_without_public_lighting,Out_of_agglomeration,Out_of_intersection,Normal,Other_collision,Manual_entry,-0.93614,47.04335,True,2016-12-03,7,45,07:45,Morning,True,Winter,2.0,0.0,50.0,Communal_way,Bidirectional,Unknown,Flat,Curve_left,Other,Unknown,On_verge,Unknown,A01,Same_direction,Utility(Truck/Agri),None,Right_side,Avoiding_obstacle,0,1986.0,Male,Driver,Injured_Hospitalized,Driver_seat,Leisure,Not_pedestrian,Unknown,Not_pedestrian,Seat_belt,Used,Not a holiday,0
3308,201600002023,2016,12,5,Night_without_public_lighting,Out_of_agglomeration,Out_of_intersection,Light_rain,No_collision,Manual_entry,-0.84861,47.14121,True,2016-12-05,21,30,21:30,Night,False,Winter,2.0,49.0,49.0,Departmental_road,Bidirectional,Unknown,Flat,Straight,Wet,Unknown,On_verge,Unknown,A01,Opposite_direction,Car(Quad/Passenger),None,Left_side,Straight_ahead,0,1990.0,Male,Driver,Injured_Hospitalized,Driver_seat,Leisure,Not_pedestrian,Unknown,Not_pedestrian,Seat_belt,Used,Not a holiday,0
3309,201600002024,2016,12,9,Night_with_public_lighting_on,Out_of_agglomeration,Roundabout,Normal,Other_collision,Manual_entry,-0.99356,47.1139,True,2016-12-09,17,30,17:30,Evening,False,Winter,2.0,30.0,60.0,Departmental_road,Bidirectional,Unknown,Flat,Curve_right,Normal,Roundabout,On_road,Unknown,A01,Other/Unknown,Utility(Truck/Agri),Pedestrian,Right_side,Roundabout,0,1980.0,Male,Driver,Uninjured,Driver_seat,Home-work,Not_pedestrian,Unknown,Not_pedestrian,Seat_belt,Used,Not a holiday,0
3310,201600002025,2016,12,11,Daylight,Out_of_agglomeration,Out_of_intersection,Light_rain,No_collision,Manual_entry,-1.07697,47.11877,True,2016-12-11,16,15,16:15,Afternoon,True,Winter,4.0,0.0,70.0,National_road,Separated_carriageways,Unknown,Flat,Straight,Wet,Unknown,On_verge,Unknown,A01,Other/Unknown,Car(Quad/Passenger),None,Multiple impacts,Straight_ahead,0,1995.0,Male,Driver,Uninjured,Driver_seat,Leisure,Not_pedestrian,Unknown,Not_pedestrian,Seat_belt,Used,Not a holiday,0
3311,201600002026,2016,1,23,Night_without_public_lighting,Out_of_agglomeration,Out_of_intersection,Light_rain,Frontal_two_vehicles,Manual_entry,-0.97209,47.29559,True,2016-01-23,19,15,19:15,Evening,True,Winter,0.0,42.0,0.0,Communal_way,Bidirectional,Unknown,Slope,Unknown,Wet,Unknown,On_road,Unknown,A01,Other/Unknown,Cycle,None,Front,Avoiding_obstacle,0,2001.0,Male,Driver,Injured_Hospitalized,Driver_seat,Leisure,Not_pedestrian,Unknown,Not_pedestrian,Helmet,Used,Not a holiday,0
3312,201600002026,2016,1,23,Night_without_public_lighting,Out_of_agglomeration,Out_of_intersection,Light_rain,Frontal_two_vehicles,Manual_entry,-0.97209,47.29559,True,2016-01-23,19,15,19:15,Evening,True,Winter,0.0,42.0,0.0,Communal_way,Bidirectional,Unknown,Slope,Unknown,Wet,Unknown,On_road,Unknown,B02,Opposite_direction,Car(Quad/Passenger),None,Right_side,Straight_ahead,0,1984.0,Male,Driver,Uninjured,Driver_seat,Leisure,Not_pedestrian,Unknown,Not_pedestrian,Seat_belt,Used,Not a holiday,0
3313,201600002027,2016,2,2,Twilight_or_dawn,Out_of_agglomeration,Out_of_intersection,Light_rain,No_collision,Manual_entry,-0.97434,47.37083,True,2016-02-02,7,45,07:45,Morning,False,Winter,2.0,0.0,0.0,Departmental_road,Bidirectional,Unknown,Flat,Straight,Wet,Unknown,On_verge,Unknown,A01,Opposite_direction,Car(Quad/Passenger),None,No_impact,Straight_ahead,0,1995.0,Male,Driver,Killed,Driver_seat,Home-work,Not_pedestrian,Unknown,Not_pedestrian,Seat_belt,Undetermined,Not a holiday,0
3314,201600002028,2016,3,6,Daylight,Built_up_area,Out_of_intersection,Normal,Other_collision,Manual_entry,-1.01608,47.36068,True,2016-03-06,16,15,16:15,Afternoon,True,Spring,2.0,0.0,70.0,Departmental_road,Bidirectional,Unknown,Flat,Straight,Normal,Unknown,On_road,Not_near_school,A01,Other/Unknown,Motorcycle,Pedestrian,Front,Straight_ahead,0,2001.0,Male,Driver,Uninjured,Driver_seat,Leisure,Not_pedestrian,Unknown,Not_pedestrian,Helmet,Used,Not a holiday,0