,accident_id,year,month,day,lighting_label,urban_label,intersection_label,weather_label,collision_label,gps_label,longitude_num,latitude_num,valid_geo,date,hour,minute,time_hhmm,time_of_day,is_weekend,season,num_lanes,pedestrian_crossing_width,road_width,road_category_label,traffic_regime_label,reserved_lane_label,road_profile_label,road_layout_label,surface_condition_label,infrastructure_label,situation_label,school_zone_label,vehicle_id,traffic_direction_label,vehicle_category_label,mobile_obstacle_label,impact_point_label,manoeuvre_label,occupants_group,birth_year,sex_label,user_category_label,injury_severity_label,seat_position_label,journey_purpose_label,pedestrian_location_label,pedestrian_action_label,pedestrian_state_label,safety_equipment_type,safety_equipment_usage,holiday_name,is_holiday
3315,201600002029,2016,4,25,Twilight_or_dawn,Built_up_area,Out_of_intersection,Dazzling,Side_two_vehicles,Manual_entry,-1.204,47.34401,True,2016-04-25,7,30,07:30,Morning,False,Spring,2.0,0.0,60.0,Departmental_road,Bidirectional,Unknown,Flat,Curve_right,Normal,Unknown,On_road,Unknown,A01,Other/Unknown,Car(Quad/Passenger),Cyclist,Front_right,Roundabout,0,1996.0,Female,Driver,Uninjured,Driver_seat,Home-school,Not_pedestrian,Unknown,Not_pedestrian,Seat_belt,Used,Not a holiday,0
3316,201600002029,2016,4,25,Twilight_or_dawn,Built_up_area,Out_of_intersection,Dazzling,Side_two_vehicles,Manual_entry,-1.204,47.34401,True,2016-04-25,7,30,07:30,Morning,False,Spring,2.0,0.0,60.0,Departmental_road,Bidirectional,Unknown,Flat,Curve_right,Normal,Unknown,On_road,Unknown,B02,Opposite_direction,Cycle,Cyclist,Front,Straight_ahead,0,1991.0,Male,Driver,Injured_Hospitalized,Driver_seat,Home-work,Not_pedestrian,Unknown,Not_pedestrian,Helmet,Used,Not a holiday,0
3317,201600002030,2016,5,6,Daylight,Built_up_area,Intersection_T,Normal,Side_two_vehicles,Manual_entry,-1.00984,47.36067,True,2016-05-06,20,15,20:15,Evening,False,Spring,0.0,0.0,65.0,Departmental_road,Bidirectional,Unknown,Flat,Straight,Normal,Unknown,On_road,Not_near_school,B02,Opposite_direction,Cycle,Cyclist,Front,Straight_ahead,0,2001.0,Male,Driver,Injured_Hospitalized,Driver_seat,Unknown,Not_pedestrian,Unknown,Not_pedestrian,Helmet,Used,Not a holiday,0
3318,201600002030,2016,5,6,Daylight,Built_up_area,Intersection_T,Normal,Side_two_vehicles,Manual_entry,-1.00984,47.36067,True,2016-05-06,20,15,20:15,Evening,False,Spring,0.0,0.0,65.0,Departmental_road,Bidirectional,Unknown,Flat,Straight,Normal,Unknown,On_road,Not_near_school,A01,Other/Unknown,Car(Quad/Passenger),Cyclist,Rear_left,Loss_of_control,0,1985.0,Male,Driver,Uninjured,Driver_seat,Unknown,Not_pedestrian,Unknown,Not_pedestrian,Seat_belt,Used,Not a holiday,0
3319,201600002031,2016,5,16,Night_with_public_lighting_not_functioning,Built_up_area,Out_of_intersection,Normal,Other_collision,Manual_entry,-1.23811,47.26685,True,2016-05-16,1,30,01:30,Night,False,Spring,2.0,0.0,60.0,Departmental_road,Bidirectional,Unknown,Flat,Curve_right,Normal,Unknown,On_road,Unknown,A01,Opposite_direction,Car(Quad/Passenger),None,Left_side,Straight_ahead,0,1987.0,Male,Driver,Injured_Hospitalized,Driver_seat,Leisure,Not_pedestrian,Unknown,Not_pedestrian,Seat_belt,Used,Whit Monday,1
3320,201600002032,2016,5,21,Daylight,Built_up_area,Out_of_intersection,Normal,Rear_end_two_vehicles,Manual_entry,-1.08023,47.27293,True,2016-05-21,8,45,08:45,Morning,True,Spring,2.0,0.0,36.0,Departmental_road,Bidirectional,Unknown,Flat,Straight,Normal,Unknown,On_road,Unknown,A01,Opposite_direction,Motorcycle,None,Front,Straight_ahead,0,1995.0,Male,Driver,Injured_Hospitalized,Driver_seat,Leisure,Not_pedestrian,Unknown,Not_pedestrian,Helmet,Used,Not a holiday,0
3321,201600002032,2016,5,21,Daylight,Built_up_area,Out_of_intersection,Normal,Rear_end_two_vehicles,Manual_entry,-1.08023,47.27293,True,2016-05-21,8,45,08:45,Morning,True,Spring,2.0,0.0,36.0,Departmental_road,Bidirectional,Unknown,Flat,Straight,Normal,Unknown,On_road,Unknown,B02,Opposite_direction,Car(Quad/Passenger),None,Rear_right,Lane_change/Overtaking,0,1941.0,Male,Driver,Injured_Slight,Driver_seat,Leisure,Not_pedestrian,Unknown,Not_pedestrian,Seat_belt,Used,Not a holiday,0
3322,201600002033,2016,6,25,Night_with_public_lighting_on,Built_up_area,Out_of_intersection,Normal,Other_collision,Manual_entry,-1.16285,47.34464,True,2016-06-25,1,45,01:45,Night,True,Summer,2.0,0.0,63.0,Departmental_road,Bidirectional,Unknown,Unknown,Curve_right,Normal,Unknown,On_road,Unknown,A01,Opposite_direction,Car(Quad/Passenger),None,Front,Straight_ahead,0,1962.0,Male,Driver,Killed,Driver_seat,Leisure,Not_pedestrian,Unknown,Not_pedestrian,Seat_belt,Used,Not a holiday,0
3323,201600002034,2016,8,28,Daylight,Out_of_agglomeration,Out_of_intersection,Normal,Other_collision,Manual_entry,-1.25576,47.33879,True,2016-08-28,18,15,18:15,Evening,True,Summer,2.0,0.0,6.0,Departmental_road,Bidirectional,Unknown,Slope,Curve_left,Normal,Unknown,On_verge,Not_near_school,A01,Opposite_direction,Motorcycle,None,Front,Straight_ahead,0,1988.0,Male,Driver,Injured_Slight,Driver_seat,Leisure,Not_pedestrian,Unknown,Not_pedestrian,Helmet,Used,Not a holiday,0
3324,201600002035,2016,9,3,Daylight,Out_of_agglomeration,Out_of_intersection,Normal,No_collision,Manual_entry,-1.00108,47.28086,True,2016-09-03,14,30,14:30,Afternoon,True,Autumn,2.0,0.0,0.0,Departmental_road,Bidirectional,Unknown,Slope,Straight,Normal,Unknown,On_road,Unknown,A01,Opposite_direction,Cycle,None,Front_left,Straight_ahead,0,2000.0,Male,Driver,Uninjured,Driver_seat,Leisure,Not_pedestrian,Unknown,Not_pedestrian,Helmet,Used,Not a holiday,0
3325,201600002036,2016,9,17,Daylight,Out_of_agglomeration,Out_of_intersection,Normal,Multiple_three_plus,Manual_entry,-1.19301,47.31426,True,2016-09-17,17,0,17:00,Evening,True,Autumn,2.0,0.0,0.0,Communal_way,Bidirectional,Unknown,Slope,Straight,Normal,Unknown,On_road,Unknown,C03,Same_direction,Cycle,None,Front,Straight_ahead,0,2004.0,Male,Driver,Killed,Driver_seat,Leisure,Not_pedestrian,Unknown,Not_pedestrian,Helmet,Not_used,Not a holiday,0
3326,201600002036,2016,9,17,Daylight,Out_of_agglomeration,Out_of_intersection,Normal,Multiple_three_plus,Manual_entry,-1.19301,47.31426,True,2016-09-17,17,0,17:00,Evening,True,Autumn,2.0,0.0,0.0,Communal_way,Bidirectional,Unknown,Slope,Straight,Normal,Unknown,On_road,Unknown,B02,Same_direction,Cycle,None,Front,Straight_ahead,0,2005.0,Male,Driver,Injured_Hospitalized,Driver_seat,Leisure,Not_pedestrian,Unknown,Not_pedestrian,Helmet,Not_used,Not a holiday,0
3327,201600002036,2016,9,17,Daylight,Out_of_agglomeration,Out_of_intersection,Normal,Multiple_three_plus,Manual_entry,-1.19301,47.31426,True,2016-09-17,17,0,17:00,Evening,True,Autumn,2.0,0.0,0.0,Communal_way,Bidirectional,Unknown,Slope,Straight,Normal,Unknown,On_road,Unknown,A01,Same_direction,Utility(Truck/Agri),other,Front,Straight_ahead,0,1990.0,Male,Driver,Uninjured,Driver_seat,Leisure,Not_pedestrian,Unknown,Not_pedestrian,Seat_belt,Used,Not a holiday,0
3328,201600002037,2016,10,3,Night_without_public_lighting,Out_of_agglomeration,Out_of_intersection,Normal,Frontal_two_vehicles,Manual_entry,-1.12888,47.3658,True,2016-10-03,21,45,21:45,Night,False,Autumn,2.0,0.0,0.0,Communal_way,Bidirectional,Unknown,Slope,S-bend,Normal,Unknown,On_road,Unknown,A01,Same_direction,Utility(Truck/Agri),Cyclist,Right_side,Straight_ahead,0,1980.0,Male,Driver,Injured_Slight,Driver_seat,Leisure,Not_pedestrian,Unknown,Not_pedestrian,Seat_belt,Used,Not a holiday,0
3329,201600002037,2016,10,3,Night_without_public_lighting,Out_of_agglomeration,Out_of_intersection,Normal,Frontal_two_vehicles,Manual_entry,-1.12888,47.3658,True,2016-10-03,21,45,21:45,Night,False,Autumn,2.0,0.0,0.0,Communal_way,Bidirectional,Unknown,Slope,S-bend,Normal,Unknown,On_road,Unknown,B02,Same_direction,Car(Quad/Passenger),Cyclist,Right_side,Straight_ahead,0,1987.0,Male,Driver,Injured_Hospitalized,Driver_seat,Home-work,Not_pedestrian,Unknown,Not_pedestrian,Seat_belt,Used,Not a holiday,0
3330,201600002038,2016,10,8,Daylight,Out_of_agglomeration,Out_of_intersection,Normal,No_collision,Manual_entry,-1.04464,47.20254,True,2016-10-08,13,0,13:00,Afternoon,True,Autumn,2.0,0.0,6.0,Departmental_road,Bidirectional,Unknown,Flat,Straight,Normal,Unknown,On_road,Unknown,A01,Opposite_direction,Cycle,None,Front,Straight_ahead,0,1961.0,Male,Driver,Injured_Slight,Driver_seat,Home-work,Not_pedestrian,Unknown,Not_pedestrian,Helmet,Used,Not a holiday,0
3331,201600002039,2016,11,23,Night_with_public_lighting_on,Built_up_area,Out_of_intersection,Normal,Other_collision,Manual_entry,-1.01477,47.36359,True,2016-11-23,18,15,18:15,Evening,False,Autumn,2.0,0.0,6.0,Departmental_road,Bidirectional,Unknown,Flat,Straight,Normal,Unknown,On_road,Not_near_school,A01,Opposite_direction,Car(Quad/Passenger),Pedestrian,Front,Straight_ahead,0,1969.0,Male,Driver,Uninjured,Driver_seat,Home-work,Not_pedestrian,Unknown,Not_pedestrian,Seat_belt,Used,Not a holiday,0
3332,201600002040,2016,11,26,Daylight,Built_up_area,Out_of_intersection,Normal,Other_collision,Manual_entry,-1.25819,47.33612,True,2016-11-26,11,45,11:45,Morning,True,Autumn,2.0,0.0,6.0,Communal_way,Bidirectional,Unknown,Flat,Straight,Normal,Unknown,On_road,Unknown,A01,Same_direction,Car(Quad/Passenger),Pedestrian,Front_right,Straight_ahead,0,1985.0,Female,Driver,Uninjured,Driver_seat,Leisure,Not_pedestrian,Unknown,Not_pedestrian,Seat_belt,Used,Not a holiday,0
3333,201600002041,2016,11,28,Twilight_or_dawn,Out_of_agglomeration,Intersection_T,Normal,Side_two_vehicles,Manual_entry,-1.01344,47.26939,True,2016-11-28,7,45,07:45,Morning,False,Autumn,2.0,0.0,6.0,Departmental_road,Bidirectional,Unknown,Slope,Straight,Normal,Unknown,On_road,Not_near_school,B02,Opposite_direction,Car(Quad/Passenger),Cyclist,Front_right,Roundabout,0,1953.0,Female,Driver,Uninjured,Driver_seat,Leisure,Not_pedestrian,Unknown,Not_pedestrian,Seat_belt,Used,Not a holiday,0
3334,201600002041,2016,11,28,Twilight_or_dawn,Out_of_agglomeration,Intersection_T,Normal,Side_two_vehicles,Manual_entry,-1.01344,47.26939,True,2016-11-28,7,45,07:45,Morning,False,Autumn,2.0,0.0,6.0,Departmental_road,Bidirectional,Unknown,Slope,Straight,Normal,Unknown,On_road,Not_near_school,A01,Other/Unknown,Cycle,Cyclist,Front_right,Interaction,0,1999.0,Male,Driver,Injured_Slight,Driver_seat,Home-school,Not_pedestrian,Unknown,Not_pedestrian,Helmet,Used,Not a holiday,0
3335,201600002042,2016,10,27,Night_with_public_lighting_on,Built_up_area,Out_of_intersection,Normal,No_collision,Manual_entry,-1.03798,47.2213,True,2016-10-27,7,30,07:30,Morning,False,Autumn,2.0,0.0,6.0,Departmental_road,Bidirectional,Unknown,Flat,Straight,Normal,Unknown,On_road,Not_near_school,A01,Same_direction,Cycle,None,Front,Straight_ahead,0,2000.0,Male,Driver,Injured_Slight,Driver_seat,Home-work,Not_pedestrian,Unknown,Not_pedestrian,Helmet,Used,Not a holiday,0
3336,201600002043,2016,12,3,Daylight,Out_of_agglomeration,Out_of_intersection,Normal,No_collision,Manual_entry,-1.01833,47.25265,True,2016-12-03,15,0,15:00,Afternoon,True,Winter,2.0,230.0,440.0,Departmental_road,Bidirectional,Unknown,Flat,Straight,Normal,Unknown,On_road,Unknown,A01,Other/Unknown,Car(Quad/Passenger),None,Front_right,Straight_ahead,0,1997.0,Male,Driver,Injured_Slight,Driver_seat,Leisure,Not_pedestrian,Unknown,Not_pedestrian,Seat_belt,Used,Not a holiday,0
3337,201600002044,2016,12,5,Night_without_public_lighting,Out_of_agglomeration,Out_of_intersection,Normal,No_collision,Manual_entry,-1.21222,47.27767,True,2016-12-05,0,45,00:45,Night,False,Winter,2.0,0.0,6.0,Departmental_road,Bidirectional,Unknown,Flat,Straight,Normal,Unknown,On_road,Unknown,A01,Same_direction,other,None,Left_side,Straight_ahead,0,1973.0,Male,Driver,Injured_Slight,Driver_seat,Professional use,Not_pedestrian,Unknown,Not_pedestrian,Seat_belt,Used,Not a holiday,0
3338,201600002045,2016,12,29,Daylight,Out_of_agglomeration,Intersection_X,Normal,Side_two_vehicles,Manual_entry,-1.05265,47.35536,True,2016-12-29,14,45,14:45,Afternoon,False,Winter,2.0,0.0,6.0,Departmental_road,Bidirectional,Unknown,Flat,Straight,Normal,Unknown,On_road,Not_near_school,A01,Opposite_direction,Motorcycle,Cyclist,Front_right,other,0,1955.0,Male,Driver,Injured_Hospitalized,Driver_seat,Leisure,Not_pedestrian,Unknown,Not_pedestrian,Helmet,Used,Not a holiday,0
3339,201600002045,2016,12,29,Daylight,Out_of_agglomeration,Intersection_X,Normal,Side_two_vehicles,Manual_entry,-1.05265,47.35536,True,2016-12-29,14,45,14:45,Afternoon,False,Winter,2.0,0.0,6.0,Departmental_road,Bidirectional,Unknown,Flat,Straight,Normal,Unknown,On_road,Not_near_school,B02,Opposite_direction,Car(Quad/Passenger),Cyclist,Front_left,Straight_ahead,0,1971.0,Male,Driver,Uninjured,Driver_seat,Professional use,Not_pedestrian,Unknown,Not_pedestrian,Seat_belt,Used,Not a holiday,0
3340,201600002046,2016,9,13,Daylight,Out_of_agglomeration,Out_of_intersection,Heavy_rain,No_collision,Manual_entry,-1.04893,47.35493,True,2016-09-13,9,0,09:00,Morning,False,Autumn,2.0,0.0,0.0,Departmental_road,Bidirectional,Unknown,Flat,Curve_left,Wet,Unknown,On_road,Unknown,A01,Other/Unknown,Motorcycle,None,Front,Straight_ahead,0,1996.0,Male,Driver,Injured_Slight,Driver_seat,Leisure,Not_pedestrian,Unknown,Not_pedestrian,Helmet,Used,Not a holiday,0
3341,201600002047,2016,4,13,Daylight,Out_of_agglomeration,Out_of_intersection,Normal,No_collision,Manual_entry,-0.75131,47.03561,True,2016-04-13,11,45,11:45,Morning,False,Spring,2.0,44.0,0.0,Communal_way,Bidirectional,Unknown,Flat,Straight,Normal,Unknown,On_verge,Not_near_school,A01,Same_direction,Cycle,None,Front,None,0,2000.0,Male,Driver,Injured_Hospitalized,Driver_seat,Leisure,Not_pedestrian,Unknown,Not_pedestrian,Helmet,Used,Not a holiday,0
3342,201600002048,2016,4,20,Daylight,Out_of_agglomeration,Intersection_X,Normal,Side_two_vehicles,Manual_entry,-0.74417,47.01533,True,2016-04-20,12,45,12:45,Afternoon,False,Spring,2.0,10.0,130.0,Departmental_road,Bidirectional,Unknown,Flat,Straight,Normal,Roundabout,On_road,Unknown,A01,Other/Unknown,Car(Quad/Passenger),Cyclist,Left_side,Loss_of_control,0,1981.0,Male,Driver,Uninjured,Driver_seat,Professional use,Not_pedestrian,Unknown,Not_pedestrian,Seat_belt,Used,Not a holiday,0
3343,201600002048,2016,4,20,Daylight,Out_of_agglomeration,Intersection_X,Normal,Side_two_vehicles,Manual_entry,-0.74417,47.01533,True,2016-04-20,12,45,12:45,Afternoon,False,Spring,2.0,10.0,130.0,Departmental_road,Bidirectional,Unknown,Flat,Straight,Normal,Roundabout,On_road,Unknown,B02,Same_direction,Car(Quad/Passenger),Cyclist,Front,Straight_ahead,0,1974.0,Female,Driver,Injured_Slight,Driver_seat,Unknown,Not_pedestrian,Unknown,Not_pedestrian,Seat_belt,Used,Not a holiday,0
3344,201600002049,2016,4,23,Daylight,Out_of_agglomeration,Intersection_X,Normal,Frontal_two_vehicles,Manual_entry,-0.8126,47.1352,True,2016-04-23,15,45,15:45,Afternoon,True,Spring,2.0,50.0,0.0,Departmental_road,Bidirectional,Unknown,Unknown,Curve_right,Normal,Roundabout,On_road,Unknown,A01,Other/Unknown,Car(Quad/Passenger),Cyclist,Front,Roundabout,0,1993.0,Female,Driver,Injured_Hospitalized,Driver_seat,Leisure,Not_pedestrian,Unknown,Not_pedestrian,Seat_belt,Used,Not a holiday,0
3345,201600002049,2016,4,23,Daylight,Out_of_agglomeration,Intersection_X,Normal,Frontal_two_vehicles,Manual_entry,-0.8126,47.1352,True,2016-04-23,15,45,15:45,Afternoon,True,Spring,2.0,50.0,0.0,Departmental_road,Bidirectional,Unknown,Unknown,Curve_right,Normal,Roundabout,On_road,Unknown,B02,Opposite_direction,Car(Quad/Passenger),Cyclist,Front,Straight_ahead,0,1995.0,Female,Driver,Uninjured,Driver_seat,Leisure,Not_pedestrian,Unknown,Not_pedestrian,Seat_belt,Used,Not a holiday,0
3346,201600002050,2016,7,14,Twilight_or_dawn,Built_up_area,Out_of_intersection,Normal,Frontal_two_vehicles,Manual_entry,-0.76276,47.01438,True,2016-07-14,5,0,05:00,Morning,False,Summer,2.0,55.0,0.0,Departmental_road,Bidirectional,Unknown,Flat,Curve_right,Normal,Unknown,On_road,Not_near_school,A01,Other/Unknown,Car(Quad/Passenger),Cyclist,Front,Avoiding_obstacle,0,1991.0,Male,Driver,Injured_Slight,Driver_seat,Leisure,Not_pedestrian,Unknown,Not_pedestrian,Seat_belt,Used,Bastille Day,1
3347,201600002050,2016,7,14,Twilight_or_dawn,Built_up_area,Out_of_intersection,Normal,Frontal_two_vehicles,Manual_entry,-0.76276,47.01438,True,2016-07-14,5,0,05:00,Morning,False,Summer,2.0,55.0,0.0,Departmental_road,Bidirectional,Unknown,Flat,Curve_right,Normal,Unknown,On_road,Not_near_school,B02,Same_direction,Car(Quad/Passenger),None,Front,Straight_ahead,0,1980.0,Male,Driver,Injured_Hospitalized,Driver_seat,Home-work,Not_pedestrian,Unknown,Not_pedestrian,Seat_belt,Used,Bastille Day,1
3348,201600002051,2016,8,23,Daylight,Built_up_area,Out_of_intersection,Normal,Frontal_two_vehicles,Manual_entry,-0.76432,47.05381,True,2016-08-23,7,0,07:00,Morning,False,Summer,2.0,0.0,0.0,Departmental_road,Bidirectional,Unknown,Flat,Straight,Normal,Unknown,On_road,Not_near_school,A01,Same_direction,Utility(Truck/Agri),None,No_impact,None,0,1990.0,Male,Driver,Uninjured,Driver_seat,Home-work,Not_pedestrian,Unknown,Not_pedestrian,Seat_belt,Used,Not a holiday,0
3349,201600002051,2016,8,23,Daylight,Built_up_area,Out_of_intersection,Normal,Frontal_two_vehicles,Manual_entry,-0.76432,47.05381,True,2016-08-23,7,0,07:00,Morning,False,Summer,2.0,0.0,0.0,Departmental_road,Bidirectional,Unknown,Flat,Straight,Normal,Unknown,On_road,Not_near_school,B02,Same_direction,Motorcycle,None,No_impact,None,0,1988.0,Male,Driver,Injured_Slight,Driver_seat,Unknown,Not_pedestrian,Unknown,Not_pedestrian,Helmet,Used,Not a holiday,0
3350,201600002052,2016,11,25,Daylight,Out_of_agglomeration,Out_of_intersection,Normal,Other_collision,Manual_entry,-0.68655,47.1227,True,2016-11-25,13,15,13:15,Afternoon,False,Autumn,2.0,0.0,75.0,Departmental_road,Bidirectional,Unknown,Flat,Straight,Normal,Unknown,On_verge,Unknown,A01,Other/Unknown,Car(Quad/Passenger),None,Front,Straight_ahead,0,1971.0,Female,Driver,Injured_Hospitalized,Driver_seat,Home-work,Not_pedestrian,Unknown,Not_pedestrian,Seat_belt,Used,Not a holiday,0
3351,201600002053,2016,1,4,Daylight,Out_of_agglomeration,Out_of_intersection,Normal,Other_collision,Manual_entry,0.05725,47.40373,True,2016-01-04,1,15,01:15,Night,False,Winter,2.0,50.0,10.0,Departmental_road,Bidirectional,Unknown,Flat,Straight,Wet,Unknown,On_verge,Unknown,A01,Opposite_direction,Car(Quad/Passenger),None,Front,Avoiding_obstacle,0,1996.0,Male,Driver,Uninjured,Driver_seat,Leisure,Not_pedestrian,Unknown,Not_pedestrian,Seat_belt,Used,Not a holiday,0
3352,201600002054,2016,1,30,Night_without_public_lighting,Out_of_agglomeration,Out_of_intersection,Light_rain,Other_collision,Manual_entry,-0.12645,47.52156,True,2016-01-30,5,0,05:00,Morning,True,Winter,2.0,0.0,50.0,Departmental_road,Bidirectional,Unknown,Flat,Straight,Wet,Unknown,On_road,Unknown,A01,Opposite_direction,Car(Quad/Passenger),Pedestrian,Front,Straight_ahead,0,1976.0,Male,Driver,Uninjured,Driver_seat,Professional use,Not_pedestrian,Unknown,Not_pedestrian,Seat_belt,Used,Not a holiday,0
3353,201600002055,2016,2,18,Daylight,Out_of_agglomeration,Out_of_intersection,Normal,Multiple_three_plus,Manual_entry,-0.07259,47.65074,True,2016-02-18,14,15,14:15,Afternoon,False,Winter,2.0,0.0,70.0,Departmental_road,Bidirectional,Unknown,Flat,Straight,Normal,Unknown,On_road,Unknown,A01,Opposite_direction,Car(Quad/Passenger),Cyclist,Front,Avoiding_obstacle,0,1965.0,Male,Driver,Injured_Hospitalized,Driver_seat,Home-work,Not_pedestrian,Unknown,Not_pedestrian,Seat_belt,Used,Not a holiday,0
3354,201600002055,2016,2,18,Daylight,Out_of_agglomeration,Out_of_intersection,Normal,Multiple_three_plus,Manual_entry,-0.07259,47.65074,True,2016-02-18,14,15,14:15,Afternoon,False,Winter,2.0,0.0,70.0,Departmental_road,Bidirectional,Unknown,Flat,Straight,Normal,Unknown,On_road,Unknown,B02,Other/Unknown,Car(Quad/Passenger),Cyclist,Front,Straight_ahead,0,1948.0,Male,Driver,Injured_Hospitalized,Driver_seat,Leisure,Not_pedestrian,Unknown,Not_pedestrian,Seat_belt,Used,Not a holiday,0
3355,201600002055,2016,2,18,Daylight,Out_of_agglomeration,Out_of_intersection,Normal,Multiple_three_plus,Manual_entry,-0.07259,47.65074,True,2016-02-18,14,15,14:15,Afternoon,False,Winter,2.0,0.0,70.0,Departmental_road,Bidirectional,Unknown,Flat,Straight,Normal,Unknown,On_road,Unknown,C03,Opposite_direction,Car(Quad/Passenger),Cyclist,Front,Straight_ahead,0,1987.0,Male,Driver,Injured_Slight,Driver_seat,other,Not_pedestrian,Unknown,Not_pedestrian,Seat_belt,Used,Not a holiday,0
3356,201600002056,2016,3,17,Daylight,Out_of_agglomeration,Out_of_intersection,Normal,Other_collision,Manual_entry,0.04268,47.39089,True,2016-03-17,18,30,18:30,Evening,False,Spring,2.0,0.0,51.0,Departmental_road,Bidirectional,Unknown,Slope,Curve_left,Normal,Unknown,On_verge,Unknown,A01,Opposite_direction,Car(Quad/Passenger),None,Left_side,Straight_ahead,0,1997.0,Female,Driver,Injured_Hospitalized,Driver_seat,Leisure,Not_pedestrian,Unknown,Not_pedestrian,Seat_belt,Used,Not a holiday,0
3357,201600002057,2016,8,4,Daylight,Out_of_agglomeration,Intersection_X,Normal,Side_two_vehicles,Manual_entry,0.06962,47.55257,True,2016-08-04,17,0,17:00,Evening,False,Summer,2.0,0.0,0.0,Departmental_road,Bidirectional,Unknown,Flat,Straight,Normal,Roundabout,On_road,Not_near_school,A01,Same_direction,Car(Quad/Passenger),Cyclist,Front_right,Loss_of_control,0,1934.0,Female,Driver,Uninjured,Driver_seat,Unknown,Not_pedestrian,Unknown,Not_pedestrian,Seat_belt,Used,Not a holiday,0
3358,201600002057,2016,8,4,Daylight,Out_of_agglomeration,Intersection_X,Normal,Side_two_vehicles,Manual_entry,0.06962,47.55257,True,2016-08-04,17,0,17:00,Evening,False,Summer,2.0,0.0,0.0,Departmental_road,Bidirectional,Unknown,Flat,Straight,Normal,Roundabout,On_road,Not_near_school,B02,Same_direction,Car(Quad/Passenger),Cyclist,Front,Straight_ahead,0,1984.0,Male,Driver,Uninjured,Driver_seat,Leisure,Not_pedestrian,Unknown,Not_pedestrian,Seat_belt,Used,Not a holiday,0
3359,201600002058,2016,9,25,Night_without_public_lighting,Out_of_agglomeration,Out_of_intersection,Normal,No_collision,Manual_entry,-0.13759,47.62701,True,2016-09-25,20,15,20:15,Evening,True,Autumn,2.0,0.0,48.0,Departmental_road,Bidirectional,Unknown,Flat,Curve_right,Normal,Unknown,On_verge,Unknown,A01,Opposite_direction,Motorcycle,None,Left_side,Straight_ahead,0,1983.0,Male,Driver,Injured_Hospitalized,Driver_seat,Leisure,Not_pedestrian,Unknown,Not_pedestrian,Helmet,Used,Not a holiday,0
3360,201600002059,2016,10,18,Night_without_public_lighting,Out_of_agglomeration,Out_of_intersection,Normal,No_collision,Manual_entry,0.07618,47.51585,True,2016-10-18,0,30,00:30,Night,False,Autumn,2.0,0.0,70.0,Departmental_road,Bidirectional,Unknown,Flat,Straight,Normal,Unknown,On_road,Unknown,A01,Opposite_direction,Cycle,None,Right_side,Straight_ahead,0,1962.0,Male,Driver,Injured_Hospitalized,Driver_seat,Unknown,Not_pedestrian,Unknown,Not_pedestrian,Helmet,Used,Not a holiday,0
3361,201600002060,2016,11,10,Daylight,Out_of_agglomeration,Out_of_intersection,Normal,Rear_end_two_vehicles,Manual_entry,-0.15413,47.55032,True,2016-11-10,16,15,16:15,Afternoon,False,Autumn,2.0,0.0,0.0,Departmental_road,Bidirectional,Unknown,Flat,Straight,Normal,Unknown,On_road,Unknown,A01,Opposite_direction,Car(Quad/Passenger),Cyclist,Front,Turning,0,1977.0,Female,Driver,Uninjured,Driver_seat,Leisure,Not_pedestrian,Unknown,Not_pedestrian,Seat_belt,Used,Not a holiday,0
3362,201600002060,2016,11,10,Daylight,Out_of_agglomeration,Out_of_intersection,Normal,Rear_end_two_vehicles,Manual_entry,-0.15413,47.55032,True,2016-11-10,16,15,16:15,Afternoon,False,Autumn,2.0,0.0,0.0,Departmental_road,Bidirectional,Unknown,Flat,Straight,Normal,Unknown,On_road,Unknown,B02,Opposite_direction,Motorcycle,None,Rear_right,Turning,0,1928.0,Male,Driver,Killed,Driver_seat,Leisure,Not_pedestrian,Unknown,Not_pedestrian,Seat_belt,Used,Not a holiday,0
3363,201600002061,2016,12,10,Daylight,Out_of_agglomeration,Out_of_intersection,Normal,Other_collision,Manual_entry,0.17807,47.53015,True,2016-12-10,16,30,16:30,Afternoon,True,Winter,0.0,0.0,0.0,Communal_way,Unknown,Unknown,Unknown,Straight,Normal,Unknown,On_road,Not_near_school,A01,Opposite_direction,Car(Quad/Passenger),None,Front,Straight_ahead,0,1965.0,Female,Driver,Injured_Hospitalized,Driver_seat,Home-work,Not_pedestrian,Unknown,Not_pedestrian,Seat_belt,Used,Not a holiday,0
3364,201600002062,2016,1,24,Daylight,Out_of_agglomeration,Intersection_X,Normal,Side_two_vehicles,Manual_entry,-0.47691,47.15012,True,2016-01-24,17,15,17:15,Evening,True,Winter,3.0,0.0,70.0,Departmental_road,Bidirectional,Reserved_channel,Unknown,Straight,Normal,Roundabout,On_road,Not_near_school,A01,Opposite_direction,Car(Quad/Passenger),Cyclist,Front_right,Straight_ahead,0,1955.0,Male,Driver,Uninjured,Driver_seat,Leisure,Not_pedestrian,Unknown,Not_pedestrian,Seat_belt,Used,Not a holiday,0