,accident_id,year,month,day,lighting_label,urban_label,intersection_label,weather_label,collision_label,gps_label,longitude_num,latitude_num,valid_geo,date,hour,minute,time_hhmm,time_of_day,is_weekend,season,num_lanes,pedestrian_crossing_width,road_width,road_category_label,traffic_regime_label,reserved_lane_label,road_profile_label,road_layout_label,surface_condition_label,infrastructure_label,situation_label,school_zone_label,vehicle_id,traffic_direction_label,vehicle_category_label,mobile_obstacle_label,impact_point_label,manoeuvre_label,occupants_group,birth_year,sex_label,user_category_label,injury_severity_label,seat_position_label,journey_purpose_label,pedestrian_location_label,pedestrian_action_label,pedestrian_state_label,safety_equipment_type,safety_equipment_usage,holiday_name,is_holiday
3365,201600002062,2016,1,24,Daylight,Out_of_agglomeration,Intersection_X,Normal,Side_two_vehicles,Manual_entry,-0.47691,47.15012,True,2016-01-24,17,15,17:15,Evening,True,Winter,3.0,0.0,70.0,Departmental_road,Bidirectional,Reserved_channel,Unknown,Straight,Normal,Roundabout,On_road,Not_near_school,B02,Same_direction,Motorcycle,Cyclist,Front_left,Roundabout,0,2001.0,Male,Driver,Injured_Hospitalized,Driver_seat,Leisure,Not_pedestrian,Unknown,Not_pedestrian,Helmet,Used,Not a holiday,0
3366,201600002063,2016,3,4,Twilight_or_dawn,Out_of_agglomeration,Out_of_intersection,Heavy_rain,Side_two_vehicles,Manual_entry,-0.52236,47.15403,True,2016-03-04,7,45,07:45,Morning,False,Spring,2.0,0.0,0.0,Departmental_road,Bidirectional,Unknown,Flat,Curve_right,Wet,Unknown,On_road,Unknown,A01,Other/Unknown,Car(Quad/Passenger),None,Front,Avoiding_obstacle,0,1997.0,Male,Driver,Injured_Hospitalized,Driver_seat,Home-work,Not_pedestrian,Unknown,Not_pedestrian,Seat_belt,Used,Not a holiday,0
3367,201600002063,2016,3,4,Twilight_or_dawn,Out_of_agglomeration,Out_of_intersection,Heavy_rain,Side_two_vehicles,Manual_entry,-0.52236,47.15403,True,2016-03-04,7,45,07:45,Morning,False,Spring,2.0,0.0,0.0,Departmental_road,Bidirectional,Unknown,Flat,Curve_right,Wet,Unknown,On_road,Unknown,B02,Opposite_direction,Car(Quad/Passenger),None,Front,Avoiding_obstacle,0,1957.0,Female,Driver,Injured_Hospitalized,Driver_seat,Home-work,Not_pedestrian,Unknown,Not_pedestrian,Seat_belt,Used,Not a holiday,0
3368,201600002064,2016,3,6,Daylight,Built_up_area,Out_of_intersection,Normal,Side_two_vehicles,Manual_entry,-0.63372,47.06895,True,2016-03-06,13,15,13:15,Afternoon,True,Spring,2.0,0.0,47.0,Departmental_road,Bidirectional,Unknown,Flat,Straight,Normal,Unknown,On_road,Unknown,A01,Opposite_direction,Car(Quad/Passenger),None,No_impact,None,0,1985.0,Male,Driver,Uninjured,Driver_seat,Unknown,Not_pedestrian,Unknown,Not_pedestrian,Seat_belt,Used,Not a holiday,0
3369,201600002064,2016,3,6,Daylight,Built_up_area,Out_of_intersection,Normal,Side_two_vehicles,Manual_entry,-0.63372,47.06895,True,2016-03-06,13,15,13:15,Afternoon,True,Spring,2.0,0.0,47.0,Departmental_road,Bidirectional,Unknown,Flat,Straight,Normal,Unknown,On_road,Unknown,B02,Opposite_direction,Motorcycle,None,Front,Straight_ahead,0,1979.0,Male,Driver,Injured_Hospitalized,Driver_seat,Leisure,Not_pedestrian,Unknown,Not_pedestrian,Seat_belt,Unspecified,Not a holiday,0
3370,201600002065,2016,3,9,Night_without_public_lighting,Out_of_agglomeration,Out_of_intersection,Heavy_rain,Other_collision,Manual_entry,-0.51508,47.16837,True,2016-03-09,19,45,19:45,Evening,False,Spring,2.0,13.0,48.0,Departmental_road,Bidirectional,Unknown,Flat,Straight,Wet,Unknown,On_road,Unknown,A01,Opposite_direction,Car(Quad/Passenger),None,Multiple impacts,Straight_ahead,0,1976.0,Male,Driver,Injured_Hospitalized,Driver_seat,Leisure,Not_pedestrian,Unknown,Not_pedestrian,Seat_belt,Used,Not a holiday,0
3371,201600002066,2016,4,8,Daylight,Out_of_agglomeration,Out_of_intersection,Cloudy,Side_two_vehicles,Manual_entry,-0.51935,47.19829,True,2016-04-08,12,30,12:30,Afternoon,False,Spring,2.0,0.0,47.0,Departmental_road,Bidirectional,Unknown,Flat,Curve_left,Normal,Unknown,On_road,Unknown,A01,Opposite_direction,Motorcycle,Cyclist,Rear_left,Avoiding_obstacle,0,1961.0,Male,Driver,Uninjured,Driver_seat,Professional use,Not_pedestrian,Unknown,Not_pedestrian,Seat_belt,Unspecified,Not a holiday,0
3372,201600002066,2016,4,8,Daylight,Out_of_agglomeration,Out_of_intersection,Cloudy,Side_two_vehicles,Manual_entry,-0.51935,47.19829,True,2016-04-08,12,30,12:30,Afternoon,False,Spring,2.0,0.0,47.0,Departmental_road,Bidirectional,Unknown,Flat,Curve_left,Normal,Unknown,On_road,Unknown,B02,Other/Unknown,Car(Quad/Passenger),Cyclist,Right_side,Straight_ahead,0,1990.0,Female,Driver,Injured_Slight,Driver_seat,Home-work,Not_pedestrian,Unknown,Not_pedestrian,Seat_belt,Used,Not a holiday,0
3373,201600002067,2016,5,1,Daylight,Out_of_agglomeration,Out_of_intersection,Dazzling,Frontal_two_vehicles,Manual_entry,-0.3816,47.1266,True,2016-05-01,20,30,20:30,Evening,True,Spring,2.0,0.0,59.0,Departmental_road,Bidirectional,Unknown,Flat,Curve_right,Normal,Unknown,On_road,Unknown,A01,Opposite_direction,Car(Quad/Passenger),Cyclist,Right_side,Avoiding_obstacle,0,1977.0,Male,Driver,Killed,Driver_seat,Leisure,Not_pedestrian,Unknown,Not_pedestrian,Seat_belt,Not_used,Labour Day,1
3374,201600002067,2016,5,1,Daylight,Out_of_agglomeration,Out_of_intersection,Dazzling,Frontal_two_vehicles,Manual_entry,-0.3816,47.1266,True,2016-05-01,20,30,20:30,Evening,True,Spring,2.0,0.0,59.0,Departmental_road,Bidirectional,Unknown,Flat,Curve_right,Normal,Unknown,On_road,Unknown,B02,Other/Unknown,Car(Quad/Passenger),Cyclist,Right_side,Straight_ahead,0,1973.0,Male,Driver,Injured_Slight,Driver_seat,Leisure,Not_pedestrian,Unknown,Not_pedestrian,Seat_belt,Used,Labour Day,1
3375,201600002068,2016,6,18,Daylight,Out_of_agglomeration,Intersection_X,Normal,Side_two_vehicles,Manual_entry,-0.33206,47.22181,True,2016-06-18,11,0,11:00,Morning,True,Summer,2.0,0.0,59.0,Departmental_road,Bidirectional,Unknown,Flat,Straight,Normal,Roundabout,On_road,Unknown,A01,Opposite_direction,Car(Quad/Passenger),Cyclist,Right_side,Loss_of_control,0,1978.0,Male,Driver,Uninjured,Driver_seat,Leisure,Not_pedestrian,Unknown,Not_pedestrian,Seat_belt,Used,Not a holiday,0
3376,201600002068,2016,6,18,Daylight,Out_of_agglomeration,Intersection_X,Normal,Side_two_vehicles,Manual_entry,-0.33206,47.22181,True,2016-06-18,11,0,11:00,Morning,True,Summer,2.0,0.0,59.0,Departmental_road,Bidirectional,Unknown,Flat,Straight,Normal,Roundabout,On_road,Unknown,B02,Other/Unknown,Car(Quad/Passenger),Cyclist,Front,Straight_ahead,0,1979.0,Female,Driver,Injured_Slight,Driver_seat,Leisure,Not_pedestrian,Unknown,Not_pedestrian,Seat_belt,Used,Not a holiday,0
3377,201600002069,2016,10,26,Daylight,Out_of_agglomeration,Intersection_X,Normal,Side_two_vehicles,Manual_entry,-0.40362,47.23251,True,2016-10-26,17,15,17:15,Evening,False,Autumn,2.0,0.0,70.0,Departmental_road,Bidirectional,Unknown,Flat,Straight,Normal,Unknown,On_road,Unknown,A01,Other/Unknown,Utility(Truck/Agri),Cyclist,Front,Straight_ahead,0,1962.0,Male,Driver,Injured_Slight,Driver_seat,Professional use,Not_pedestrian,Unknown,Not_pedestrian,Seat_belt,Used,Not a holiday,0
3378,201600002069,2016,10,26,Daylight,Out_of_agglomeration,Intersection_X,Normal,Side_two_vehicles,Manual_entry,-0.40362,47.23251,True,2016-10-26,17,15,17:15,Evening,False,Autumn,2.0,0.0,70.0,Departmental_road,Bidirectional,Unknown,Flat,Straight,Normal,Unknown,On_road,Unknown,B02,Same_direction,Car(Quad/Passenger),None,Right_side,Straight_ahead,0,1996.0,Male,Driver,Injured_Hospitalized,Driver_seat,Leisure,Not_pedestrian,Unknown,Not_pedestrian,Seat_belt,Used,Not a holiday,0
3379,201600002070,2016,12,11,Night_without_public_lighting,Out_of_agglomeration,Out_of_intersection,Light_rain,Chain_three_plus,Manual_entry,-0.55219,47.13767,True,2016-12-11,19,15,19:15,Evening,True,Winter,4.0,0.0,100.0,Departmental_road,Separated_carriageways,Unknown,Hill_bottom,Straight,Normal,Unknown,On_road,Unknown,A01,Opposite_direction,Car(Quad/Passenger),Cyclist,Front,Reversing,0,1934.0,Male,Driver,Injured_Hospitalized,Driver_seat,other,Not_pedestrian,Unknown,Not_pedestrian,Seat_belt,Used,Not a holiday,0
3380,201600002070,2016,12,11,Night_without_public_lighting,Out_of_agglomeration,Out_of_intersection,Light_rain,Chain_three_plus,Manual_entry,-0.55219,47.13767,True,2016-12-11,19,15,19:15,Evening,True,Winter,4.0,0.0,100.0,Departmental_road,Separated_carriageways,Unknown,Hill_bottom,Straight,Normal,Unknown,On_road,Unknown,B02,Other/Unknown,Car(Quad/Passenger),Cyclist,Front,Straight_ahead,0,1992.0,Female,Driver,Injured_Hospitalized,Driver_seat,other,Not_pedestrian,Unknown,Not_pedestrian,Seat_belt,Used,Not a holiday,0
3381,201600002070,2016,12,11,Night_without_public_lighting,Out_of_agglomeration,Out_of_intersection,Light_rain,Chain_three_plus,Manual_entry,-0.55219,47.13767,True,2016-12-11,19,15,19:15,Evening,True,Winter,4.0,0.0,100.0,Departmental_road,Separated_carriageways,Unknown,Hill_bottom,Straight,Normal,Unknown,On_road,Unknown,C03,Other/Unknown,Car(Quad/Passenger),Cyclist,Right_side,Straight_ahead,0,1959.0,Male,Driver,Injured_Slight,Driver_seat,other,Not_pedestrian,Unknown,Not_pedestrian,Seat_belt,Used,Not a holiday,0
3382,201600002070,2016,12,11,Night_without_public_lighting,Out_of_agglomeration,Out_of_intersection,Light_rain,Chain_three_plus,Manual_entry,-0.55219,47.13767,True,2016-12-11,19,15,19:15,Evening,True,Winter,4.0,0.0,100.0,Departmental_road,Separated_carriageways,Unknown,Hill_bottom,Straight,Normal,Unknown,On_road,Unknown,D04,Other/Unknown,Car(Quad/Passenger),Cyclist,Right_side,Straight_ahead,0,1973.0,Female,Driver,Injured_Slight,Driver_seat,other,Not_pedestrian,Unknown,Not_pedestrian,Seat_belt,Used,Not a holiday,0
3383,201600002071,2016,12,16,Night_without_public_lighting,Out_of_agglomeration,Out_of_intersection,Normal,Frontal_two_vehicles,Manual_entry,-0.25088,47.21283,True,2016-12-16,18,0,18:00,Evening,False,Winter,2.0,0.0,45.0,Departmental_road,Bidirectional,Unknown,Flat,Straight,Normal,Unknown,On_road,Unknown,A01,Opposite_direction,Car(Quad/Passenger),Cyclist,Right_side,Avoiding_obstacle,0,,,,,,,,,,,,Not a holiday,0
3384,201600002071,2016,12,16,Night_without_public_lighting,Out_of_agglomeration,Out_of_intersection,Normal,Frontal_two_vehicles,Manual_entry,-0.25088,47.21283,True,2016-12-16,18,0,18:00,Evening,False,Winter,2.0,0.0,45.0,Departmental_road,Bidirectional,Unknown,Flat,Straight,Normal,Unknown,On_road,Unknown,B02,Other/Unknown,Motorcycle,Cyclist,Right_side,Straight_ahead,0,2001.0,Male,Driver,Injured_Hospitalized,Driver_seat,Home-school,Not_pedestrian,Unknown,Not_pedestrian,Helmet,Used,Not a holiday,0
3385,201600002072,2016,1,1,Night_without_public_lighting,Out_of_agglomeration,Out_of_intersection,Normal,Other_collision,Manual_entry,-0.02749,47.31037,True,2016-01-01,18,0,18:00,Evening,False,Winter,2.0,0.0,80.0,Departmental_road,Bidirectional,Unknown,Flat,Straight,Normal,Unknown,On_road,Unknown,A01,Opposite_direction,Car(Quad/Passenger),Pedestrian,Front_right,Straight_ahead,0,1988.0,Female,Driver,Uninjured,Driver_seat,Leisure,Not_pedestrian,Unknown,Not_pedestrian,Seat_belt,Used,New year,1
3386,201600002073,2016,1,9,Daylight,Out_of_agglomeration,Out_of_intersection,Dazzling,Side_two_vehicles,Manual_entry,-0.08865,47.33771,True,2016-01-09,9,45,09:45,Morning,True,Winter,2.0,0.0,40.0,Communal_way,Unknown,Unknown,Flat,Straight,Wet,Unknown,On_road,Unknown,A01,Same_direction,Motorcycle,Cyclist,Front_left,Avoiding_obstacle,0,1962.0,Female,Driver,Injured_Hospitalized,Driver_seat,Home-work,Not_pedestrian,Unknown,Not_pedestrian,Helmet,Used,Not a holiday,0
3387,201600002073,2016,1,9,Daylight,Out_of_agglomeration,Out_of_intersection,Dazzling,Side_two_vehicles,Manual_entry,-0.08865,47.33771,True,2016-01-09,9,45,09:45,Morning,True,Winter,2.0,0.0,40.0,Communal_way,Unknown,Unknown,Flat,Straight,Wet,Unknown,On_road,Unknown,B02,Same_direction,Utility(Truck/Agri),Cyclist,Front_left,Straight_ahead,0,1951.0,Male,Driver,Uninjured,Driver_seat,Leisure,Not_pedestrian,Unknown,Not_pedestrian,Seat_belt,Used,Not a holiday,0
3388,201600002074,2016,2,20,Night_without_public_lighting,Out_of_agglomeration,Out_of_intersection,Light_rain,Other_collision,Manual_entry,-0.0893,47.36077,True,2016-02-20,23,45,23:45,Night,True,Winter,0.0,90.0,90.0,Departmental_road,Bidirectional,Unknown,Flat,Straight,Wet,Unknown,On_road,Not_near_school,A01,Opposite_direction,Car(Quad/Passenger),None,Front,Straight_ahead,0,1991.0,Male,Driver,Injured_Hospitalized,Driver_seat,Unknown,Not_pedestrian,Unknown,Not_pedestrian,Seat_belt,Used,Not a holiday,0
3389,201600002075,2016,4,10,Daylight,Out_of_agglomeration,Intersection_Y,Normal,Side_two_vehicles,Manual_entry,-0.06919,47.47174,True,2016-04-10,18,0,18:00,Evening,True,Spring,2.0,0.0,0.0,Departmental_road,Bidirectional,Unknown,Flat,Curve_left,Normal,Roundabout,On_road,Unknown,A01,Other/Unknown,Car(Quad/Passenger),Cyclist,Right_side,Roundabout,0,1986.0,Male,Driver,Uninjured,Driver_seat,Leisure,Not_pedestrian,Unknown,Not_pedestrian,Seat_belt,Used,Not a holiday,0
3390,201600002075,2016,4,10,Daylight,Out_of_agglomeration,Intersection_Y,Normal,Side_two_vehicles,Manual_entry,-0.06919,47.47174,True,2016-04-10,18,0,18:00,Evening,True,Spring,2.0,0.0,0.0,Departmental_road,Bidirectional,Unknown,Flat,Curve_left,Normal,Roundabout,On_road,Unknown,B02,Other/Unknown,Motorcycle,Cyclist,Front,Straight_ahead,0,1986.0,Male,Driver,Injured_Hospitalized,Driver_seat,Leisure,Not_pedestrian,Unknown,Not_pedestrian,Helmet,Used,Not a holiday,0
3391,201600002076,2016,6,4,Daylight,Built_up_area,Out_of_intersection,Normal,Other_collision,Manual_entry,-0.15348,47.30867,True,2016-06-04,14,0,14:00,Afternoon,True,Summer,2.0,0.0,60.0,Departmental_road,Bidirectional,Unknown,Unknown,Curve_left,Unknown,Unknown,On_road,Unknown,A01,Opposite_direction,Motorcycle,None,Front,Straight_ahead,0,1993.0,Male,Driver,Injured_Hospitalized,Driver_seat,Leisure,Not_pedestrian,Unknown,Not_pedestrian,Helmet,Used,Not a holiday,0
3392,201600002077,2016,7,31,Daylight,Out_of_agglomeration,Out_of_intersection,Normal,Frontal_two_vehicles,Manual_entry,-0.14283,47.37229,True,2016-07-31,19,0,19:00,Evening,True,Summer,2.0,0.0,65.0,Departmental_road,Bidirectional,Unknown,Flat,Straight,Normal,Unknown,On_road,Unknown,A01,Other/Unknown,Car(Quad/Passenger),Cyclist,Front_right,Roundabout,0,1937.0,Female,Driver,Injured_Hospitalized,Driver_seat,Leisure,Not_pedestrian,Unknown,Not_pedestrian,Seat_belt,Used,Not a holiday,0
3393,201600002077,2016,7,31,Daylight,Out_of_agglomeration,Out_of_intersection,Normal,Frontal_two_vehicles,Manual_entry,-0.14283,47.37229,True,2016-07-31,19,0,19:00,Evening,True,Summer,2.0,0.0,65.0,Departmental_road,Bidirectional,Unknown,Flat,Straight,Normal,Unknown,On_road,Unknown,B02,Opposite_direction,Car(Quad/Passenger),Cyclist,Front_right,Straight_ahead,0,1967.0,Male,Driver,Injured_Hospitalized,Driver_seat,Leisure,Not_pedestrian,Unknown,Not_pedestrian,Seat_belt,Used,Not a holiday,0
3394,201600002078,2016,8,26,Night_with_public_lighting_not_functioning,Built_up_area,Out_of_intersection,Normal,Other_collision,Manual_entry,-0.27514,47.35296,True,2016-08-26,3,15,03:15,Night,False,Summer,2.0,0.0,0.0,Departmental_road,Bidirectional,Unknown,Flat,Curve_right,Normal,Unknown,On_road,Unknown,A01,Opposite_direction,Car(Quad/Passenger),None,Front_right,Straight_ahead,0,1988.0,Male,Driver,Injured_Hospitalized,Driver_seat,Home-work,Not_pedestrian,Unknown,Not_pedestrian,Seat_belt,Used,Not a holiday,0
3395,201600002079,2016,8,27,Night_without_public_lighting,Out_of_agglomeration,Out_of_intersection,Normal,Rear_end_two_vehicles,Manual_entry,0.05892,47.28604,True,2016-08-27,23,30,23:30,Night,True,Summer,2.0,0.0,118.0,Departmental_road,Bidirectional,Unknown,Flat,Straight,Normal,Unknown,On_road,Unknown,A01,Other/Unknown,Car(Quad/Passenger),Cyclist,Front_right,Straight_ahead,0,1990.0,Male,Driver,Uninjured,Driver_seat,Home-work,Not_pedestrian,Unknown,Not_pedestrian,Seat_belt,Used,Not a holiday,0
3396,201600002079,2016,8,27,Night_without_public_lighting,Out_of_agglomeration,Out_of_intersection,Normal,Rear_end_two_vehicles,Manual_entry,0.05892,47.28604,True,2016-08-27,23,30,23:30,Night,True,Summer,2.0,0.0,118.0,Departmental_road,Bidirectional,Unknown,Flat,Straight,Normal,Unknown,On_road,Unknown,B02,Opposite_direction,Motorcycle,Cyclist,Rear_right,None,0,1999.0,Male,Driver,Injured_Hospitalized,Driver_seat,Leisure,Not_pedestrian,Unknown,Not_pedestrian,Helmet,Used,Not a holiday,0
3397,201600002080,2016,8,30,Daylight,Out_of_agglomeration,Out_of_intersection,Normal,Frontal_two_vehicles,Manual_entry,-0.23858,47.34662,True,2016-08-30,20,0,20:00,Evening,False,Summer,2.0,0.0,57.0,Departmental_road,Bidirectional,Unknown,Flat,Straight,Normal,Unknown,On_road,Unknown,A01,Same_direction,Car(Quad/Passenger),Cyclist,Front,Reversing,0,1949.0,Male,Driver,Injured_Slight,Driver_seat,Leisure,Not_pedestrian,Unknown,Not_pedestrian,Seat_belt,Used,Not a holiday,0
3398,201600002080,2016,8,30,Daylight,Out_of_agglomeration,Out_of_intersection,Normal,Frontal_two_vehicles,Manual_entry,-0.23858,47.34662,True,2016-08-30,20,0,20:00,Evening,False,Summer,2.0,0.0,57.0,Departmental_road,Bidirectional,Unknown,Flat,Straight,Normal,Unknown,On_road,Unknown,B02,Same_direction,Car(Quad/Passenger),Cyclist,Right_side,Straight_ahead,0,1996.0,Female,Driver,Injured_Hospitalized,Driver_seat,Leisure,Not_pedestrian,Unknown,Not_pedestrian,Seat_belt,Used,Not a holiday,0
3399,201600002081,2016,9,9,Daylight,Out_of_agglomeration,Out_of_intersection,Normal,Other_collision,Manual_entry,-0.19819,47.34268,True,2016-09-09,18,45,18:45,Evening,False,Autumn,2.0,0.0,0.0,Communal_way,Bidirectional,Unknown,Flat,Straight,Normal,Unknown,On_road,Unknown,A01,Same_direction,Car(Quad/Passenger),Pedestrian,Front_right,Turning,0,1944.0,Male,Driver,Injured_Slight,Driver_seat,Leisure,Not_pedestrian,Unknown,Not_pedestrian,Seat_belt,Undetermined,Not a holiday,0
3400,201600002082,2016,9,15,Daylight,Built_up_area,Out_of_intersection,Light_rain,Side_two_vehicles,Manual_entry,0.0629,47.30123,True,2016-09-15,12,15,12:15,Afternoon,False,Autumn,2.0,0.0,0.0,Communal_way,Bidirectional,Unknown,Unknown,Straight,Wet,Unknown,On_road,Near_school,A01,Same_direction,Cycle,Cyclist,Front,Turning,0,2001.0,Male,Driver,Injured_Slight,Driver_seat,Home-work,Not_pedestrian,Unknown,Not_pedestrian,Helmet,Used,Not a holiday,0
3401,201600002082,2016,9,15,Daylight,Built_up_area,Out_of_intersection,Light_rain,Side_two_vehicles,Manual_entry,0.0629,47.30123,True,2016-09-15,12,15,12:15,Afternoon,False,Autumn,2.0,0.0,0.0,Communal_way,Bidirectional,Unknown,Unknown,Straight,Wet,Unknown,On_road,Near_school,B02,Same_direction,Car(Quad/Passenger),Cyclist,Left_side,Loss_of_control,0,1994.0,Female,Driver,Uninjured,Driver_seat,Leisure,Not_pedestrian,Unknown,Not_pedestrian,Seat_belt,Used,Not a holiday,0
3402,201600002083,2016,9,18,Daylight,Out_of_agglomeration,Out_of_intersection,Normal,Frontal_two_vehicles,Manual_entry,-0.10356,47.39313,True,2016-09-18,18,0,18:00,Evening,True,Autumn,2.0,0.0,0.0,Departmental_road,Bidirectional,Unknown,Unknown,Curve_right,Normal,Unknown,On_road,Unknown,A01,Same_direction,Motorcycle,Cyclist,Front,Avoiding_obstacle,0,2000.0,Male,Driver,Injured_Hospitalized,Driver_seat,Home-work,Not_pedestrian,Unknown,Not_pedestrian,Helmet,Used,Not a holiday,0
3403,201600002083,2016,9,18,Daylight,Out_of_agglomeration,Out_of_intersection,Normal,Frontal_two_vehicles,Manual_entry,-0.10356,47.39313,True,2016-09-18,18,0,18:00,Evening,True,Autumn,2.0,0.0,0.0,Departmental_road,Bidirectional,Unknown,Unknown,Curve_right,Normal,Unknown,On_road,Unknown,B02,Same_direction,Motorcycle,Cyclist,Front,Straight_ahead,0,1948.0,Male,Driver,Uninjured,Driver_seat,Unknown,Not_pedestrian,Unknown,Not_pedestrian,other,Used,Not a holiday,0
3404,201600002084,2016,10,9,Daylight,Out_of_agglomeration,Out_of_intersection,Normal,Rear_end_two_vehicles,Manual_entry,-0.06167,47.38795,True,2016-10-09,17,0,17:00,Evening,True,Autumn,2.0,0.0,60.0,Departmental_road,Bidirectional,Unknown,Flat,Straight,Normal,Unknown,On_road,Unknown,A01,Opposite_direction,Motorcycle,Cyclist,Right_side,Straight_ahead,0,1984.0,Male,Driver,Injured_Hospitalized,Driver_seat,Leisure,Not_pedestrian,Unknown,Not_pedestrian,Helmet,Used,Not a holiday,0
3405,201600002084,2016,10,9,Daylight,Out_of_agglomeration,Out_of_intersection,Normal,Rear_end_two_vehicles,Manual_entry,-0.06167,47.38795,True,2016-10-09,17,0,17:00,Evening,True,Autumn,2.0,0.0,60.0,Departmental_road,Bidirectional,Unknown,Flat,Straight,Normal,Unknown,On_road,Unknown,B02,Opposite_direction,Car(Quad/Passenger),None,Rear,Roundabout,0,1961.0,Female,Driver,Uninjured,Driver_seat,Leisure,Not_pedestrian,Unknown,Not_pedestrian,Seat_belt,Used,Not a holiday,0
3406,201600002085,2016,10,24,Night_without_public_lighting,Out_of_agglomeration,Intersection_T,Fog_or_smoke,Side_two_vehicles,Manual_entry,-0.07697,47.38482,True,2016-10-24,7,45,07:45,Morning,False,Autumn,0.0,0.0,60.0,Departmental_road,Bidirectional,Unknown,Flat,Straight,Wet,Unknown,On_road,Unknown,B02,Opposite_direction,Car(Quad/Passenger),Cyclist,Front,Straight_ahead,0,1960.0,Male,Driver,Injured_Hospitalized,Driver_seat,Home-work,Not_pedestrian,Unknown,Not_pedestrian,Seat_belt,Used,Not a holiday,0
3407,201600002085,2016,10,24,Night_without_public_lighting,Out_of_agglomeration,Intersection_T,Fog_or_smoke,Side_two_vehicles,Manual_entry,-0.07697,47.38482,True,2016-10-24,7,45,07:45,Morning,False,Autumn,0.0,0.0,60.0,Departmental_road,Bidirectional,Unknown,Flat,Straight,Wet,Unknown,On_road,Unknown,A01,Other/Unknown,Car(Quad/Passenger),Cyclist,Right_side,Roundabout,0,1989.0,Female,Driver,Uninjured,Driver_seat,Home-school,Not_pedestrian,Unknown,Not_pedestrian,Seat_belt,Used,Not a holiday,0
3408,201600002086,2016,11,29,Night_with_public_lighting_on,Built_up_area,Out_of_intersection,Normal,Other_collision,Manual_entry,-0.11575,47.38712,True,2016-11-29,19,45,19:45,Evening,False,Autumn,2.0,0.0,0.0,Communal_way,Bidirectional,Unknown,Flat,Straight,Normal,Unknown,On_road,Unknown,A01,Same_direction,Motorcycle,None,Front,Turning,0,1987.0,Male,Driver,Injured_Hospitalized,Driver_seat,Shopping,Not_pedestrian,Unknown,Not_pedestrian,Helmet,Used,Not a holiday,0
3409,201600002087,2016,12,2,Night_without_public_lighting,Out_of_agglomeration,Roundabout,Normal,Other_collision,Manual_entry,-0.03615,47.30485,True,2016-12-02,20,15,20:15,Evening,False,Winter,2.0,0.0,0.0,Departmental_road,Bidirectional,Unknown,Flat,Straight,Normal,Roundabout,On_road,Unknown,A01,Same_direction,Utility(Truck/Agri),None,Front,Straight_ahead,0,1981.0,Male,Driver,Injured_Hospitalized,Driver_seat,Unknown,Not_pedestrian,Unknown,Not_pedestrian,Seat_belt,Used,Not a holiday,0
3410,201600002088,2016,12,9,Night_without_public_lighting,Out_of_agglomeration,Out_of_intersection,Fog_or_smoke,Frontal_two_vehicles,Manual_entry,-0.14607,47.3685,True,2016-12-09,7,15,07:15,Morning,False,Winter,2.0,0.0,48.0,Departmental_road,Bidirectional,Unknown,Unknown,Straight,Normal,Unknown,On_road,Unknown,A01,Opposite_direction,Motorcycle,Cyclist,Front,Avoiding_obstacle,0,1997.0,Male,Driver,Injured_Hospitalized,Driver_seat,Home-work,Not_pedestrian,Unknown,Not_pedestrian,Helmet,Used,Not a holiday,0
3411,201600002088,2016,12,9,Night_without_public_lighting,Out_of_agglomeration,Out_of_intersection,Fog_or_smoke,Frontal_two_vehicles,Manual_entry,-0.14607,47.3685,True,2016-12-09,7,15,07:15,Morning,False,Winter,2.0,0.0,48.0,Departmental_road,Bidirectional,Unknown,Unknown,Straight,Normal,Unknown,On_road,Unknown,B02,Other/Unknown,Car(Quad/Passenger),Cyclist,Front_right,Straight_ahead,0,1977.0,Male,Driver,Uninjured,Driver_seat,Home-work,Not_pedestrian,Unknown,Not_pedestrian,Seat_belt,Used,Not a holiday,0
3412,201600002089,2016,12,24,Daylight,Out_of_agglomeration,Out_of_intersection,Cloudy,Frontal_two_vehicles,Manual_entry,-0.23659,47.35365,True,2016-12-24,8,30,08:30,Morning,True,Winter,2.0,0.0,0.0,Departmental_road,Bidirectional,Unknown,Flat,Curve_left,Wet,Unknown,On_road,Unknown,A01,Same_direction,Car(Quad/Passenger),Cyclist,Right_side,Avoiding_obstacle,0,1975.0,Male,Driver,Killed,Driver_seat,Home-work,Not_pedestrian,Unknown,Not_pedestrian,Seat_belt,Undetermined,Not a holiday,0
3413,201600002089,2016,12,24,Daylight,Out_of_agglomeration,Out_of_intersection,Cloudy,Frontal_two_vehicles,Manual_entry,-0.23659,47.35365,True,2016-12-24,8,30,08:30,Morning,True,Winter,2.0,0.0,0.0,Departmental_road,Bidirectional,Unknown,Flat,Curve_left,Wet,Unknown,On_road,Unknown,B02,Same_direction,Car(Quad/Passenger),Cyclist,Right_side,Straight_ahead,0,1981.0,Female,Driver,Injured_Hospitalized,Driver_seat,Home-work,Not_pedestrian,Unknown,Not_pedestrian,Seat_belt,Used,Not a holiday,0
3414,201600002090,2016,12,30,Daylight,Out_of_agglomeration,Out_of_intersection,Normal,Other_collision,Manual_entry,0.05796,47.28631,True,2016-12-30,16,45,16:45,Afternoon,False,Winter,2.0,100.0,0.0,Departmental_road,Bidirectional,Unknown,Flat,Straight,Normal,Unknown,On_verge,Unknown,A01,Other/Unknown,Utility(Truck/Agri),None,Right_side,Straight_ahead,0,1980.0,Male,Driver,Injured_Hospitalized,Driver_seat,Home-work,Not_pedestrian,Unknown,Not_pedestrian,Seat_belt,Undetermined,Not a holiday,0