,accident_id,year,month,day,lighting_label,urban_label,intersection_label,weather_label,collision_label,gps_label,longitude_num,latitude_num,valid_geo,date,hour,minute,time_hhmm,time_of_day,is_weekend,season,num_lanes,pedestrian_crossing_width,road_width,road_category_label,traffic_regime_label,reserved_lane_label,road_profile_label,road_layout_label,surface_condition_label,infrastructure_label,situation_label,school_zone_label,vehicle_id,traffic_direction_label,vehicle_category_label,mobile_obstacle_label,impact_point_label,manoeuvre_label,occupants_group,birth_year,sex_label,user_category_label,injury_severity_label,seat_position_label,journey_purpose_label,pedestrian_location_label,pedestrian_action_label,pedestrian_state_label,safety_equipment_type,safety_equipment_usage,holiday_name,is_holiday
3415,201600002091,2016,4,30,Daylight,Out_of_agglomeration,Out_of_intersection,Normal,No_collision,Manual_entry,-0.29151,47.13069,True,2016-04-30,14,15,14:15,Afternoon,True,Spring,0.0,0.0,48.0,Departmental_road,Bidirectional,Unknown,Unknown,Curve_right,Normal,Unknown,On_verge,Not_near_school,A01,Same_direction,Car(Quad/Passenger),None,Front,Straight_ahead,0,1987.0,Female,Driver,Injured_Hospitalized,Driver_seat,Leisure,Not_pedestrian,Unknown,Not_pedestrian,Seat_belt,Used,Not a holiday,0
3416,201600002092,2016,8,20,Daylight,Out_of_agglomeration,Out_of_intersection,Normal,Other_collision,Manual_entry,0.00021,47.19702,True,2016-08-20,17,0,17:00,Evening,True,Summer,2.0,0.0,58.0,Departmental_road,Bidirectional,Unknown,Hill_bottom,Curve_right,Normal,Unknown,On_road,Unknown,A01,Opposite_direction,Motorcycle,None,Front,Straight_ahead,0,1994.0,Male,Driver,Injured_Slight,Driver_seat,Leisure,Not_pedestrian,Unknown,Not_pedestrian,Helmet,Used,Not a holiday,0
3417,201600002093,2016,11,22,Daylight,Built_up_area,Out_of_intersection,Light_rain,Frontal_two_vehicles,Manual_entry,0.06683,47.21446,True,2016-11-22,14,0,14:00,Afternoon,False,Autumn,2.0,0.0,32.0,Departmental_road,Bidirectional,Unknown,Flat,Straight,Normal,Unknown,On_road,Unknown,A01,Other/Unknown,Cycle,Cyclist,Front,Avoiding_obstacle,0,1955.0,Male,Driver,Injured_Hospitalized,Driver_seat,Leisure,Not_pedestrian,Unknown,Not_pedestrian,Helmet,Used,Not a holiday,0
3418,201600002093,2016,11,22,Daylight,Built_up_area,Out_of_intersection,Light_rain,Frontal_two_vehicles,Manual_entry,0.06683,47.21446,True,2016-11-22,14,0,14:00,Afternoon,False,Autumn,2.0,0.0,32.0,Departmental_road,Bidirectional,Unknown,Flat,Straight,Normal,Unknown,On_road,Unknown,B02,Opposite_direction,Car(Quad/Passenger),Cyclist,Right_side,Straight_ahead,0,1934.0,Male,Driver,Uninjured,Driver_seat,other,Not_pedestrian,Unknown,Not_pedestrian,Seat_belt,Used,Not a holiday,0
3419,201600002094,2016,12,10,Daylight,Built_up_area,Out_of_intersection,Normal,Side_two_vehicles,Manual_entry,-0.15522,47.13902,True,2016-12-10,16,15,16:15,Afternoon,True,Winter,2.0,0.0,0.0,Communal_way,Bidirectional,Unknown,Slope,Straight,Normal,Unknown,On_road,Unknown,A01,Same_direction,Motorcycle,Cyclist,Right_side,Loss_of_control,0,1961.0,Male,Driver,Uninjured,Driver_seat,Professional use,Not_pedestrian,Unknown,Not_pedestrian,other,Used,Not a holiday,0
3420,201600002094,2016,12,10,Daylight,Built_up_area,Out_of_intersection,Normal,Side_two_vehicles,Manual_entry,-0.15522,47.13902,True,2016-12-10,16,15,16:15,Afternoon,True,Winter,2.0,0.0,0.0,Communal_way,Bidirectional,Unknown,Slope,Straight,Normal,Unknown,On_road,Unknown,B02,Same_direction,Motorcycle,Cyclist,Front,Straight_ahead,0,1995.0,Male,Driver,Killed,Driver_seat,Leisure,Not_pedestrian,Unknown,Not_pedestrian,Helmet,Used,Not a holiday,0
3421,201600002095,2016,1,29,Twilight_or_dawn,Built_up_area,Out_of_intersection,Normal,Side_two_vehicles,Manual_entry,-0.8644,47.69764,True,2016-01-29,7,45,07:45,Morning,False,Winter,2.0,0.0,49.0,Communal_way,Bidirectional,Unknown,Flat,Straight,Normal,Unknown,On_road,Unknown,A01,Same_direction,Car(Quad/Passenger),Cyclist,Front,Avoiding_obstacle,0,1989.0,Male,Driver,Uninjured,Driver_seat,Home-work,Not_pedestrian,Unknown,Not_pedestrian,Seat_belt,Used,Not a holiday,0
3422,201600002095,2016,1,29,Twilight_or_dawn,Built_up_area,Out_of_intersection,Normal,Side_two_vehicles,Manual_entry,-0.8644,47.69764,True,2016-01-29,7,45,07:45,Morning,False,Winter,2.0,0.0,49.0,Communal_way,Bidirectional,Unknown,Flat,Straight,Normal,Unknown,On_road,Unknown,B02,Same_direction,Cycle,None,Front,Straight_ahead,0,1956.0,Female,Driver,Injured_Hospitalized,Driver_seat,Home-work,Not_pedestrian,Unknown,Not_pedestrian,Reflective_equipment,Used,Not a holiday,0
3423,201600002096,2016,2,7,Night_without_public_lighting,Out_of_agglomeration,Out_of_intersection,Normal,Other_collision,Manual_entry,-1.01965,47.57325,True,2016-02-07,6,0,06:00,Morning,True,Winter,2.0,0.0,65.0,Departmental_road,Bidirectional,Unknown,Flat,Straight,Normal,Unknown,On_verge,Unknown,A01,Other/Unknown,Car(Quad/Passenger),None,Front,Straight_ahead,0,1993.0,Female,Driver,Uninjured,Driver_seat,Leisure,Not_pedestrian,Unknown,Not_pedestrian,Seat_belt,Used,Not a holiday,0
3424,201600002097,2016,2,13,Daylight,Out_of_agglomeration,Out_of_intersection,Strong_wind_or_storm,Frontal_two_vehicles,Manual_entry,-1.03428,47.60234,True,2016-02-13,14,0,14:00,Afternoon,True,Winter,2.0,61.0,0.0,Departmental_road,Bidirectional,Unknown,Slope,S-bend,Wet,Unknown,On_road,Not_near_school,A01,Other/Unknown,Car(Quad/Passenger),Cyclist,Front,Avoiding_obstacle,0,1972.0,Female,Driver,Injured_Hospitalized,Driver_seat,Leisure,Not_pedestrian,Unknown,Not_pedestrian,Seat_belt,Used,Not a holiday,0
3425,201600002097,2016,2,13,Daylight,Out_of_agglomeration,Out_of_intersection,Strong_wind_or_storm,Frontal_two_vehicles,Manual_entry,-1.03428,47.60234,True,2016-02-13,14,0,14:00,Afternoon,True,Winter,2.0,61.0,0.0,Departmental_road,Bidirectional,Unknown,Slope,S-bend,Wet,Unknown,On_road,Not_near_school,B02,Opposite_direction,Motorcycle,Cyclist,Left_side,Straight_ahead,0,1976.0,Male,Driver,Uninjured,Driver_seat,Leisure,Not_pedestrian,Unknown,Not_pedestrian,Seat_belt,Used,Not a holiday,0
3426,201600002098,2016,2,17,Night_without_public_lighting,Out_of_agglomeration,Out_of_intersection,Normal,Frontal_two_vehicles,Manual_entry,-0.76631,47.69515,True,2016-02-17,19,30,19:30,Evening,False,Winter,1.0,0.0,35.0,Communal_way,Bidirectional,Unknown,Flat,Straight,Wet,Unknown,On_road,Unknown,B02,Same_direction,Motorcycle,Cyclist,Front,Straight_ahead,0,1999.0,Male,Driver,Injured_Hospitalized,Driver_seat,Leisure,Not_pedestrian,Unknown,Not_pedestrian,Helmet,Not_used,Not a holiday,0
3427,201600002098,2016,2,17,Night_without_public_lighting,Out_of_agglomeration,Out_of_intersection,Normal,Frontal_two_vehicles,Manual_entry,-0.76631,47.69515,True,2016-02-17,19,30,19:30,Evening,False,Winter,1.0,0.0,35.0,Communal_way,Bidirectional,Unknown,Flat,Straight,Wet,Unknown,On_road,Unknown,A01,Same_direction,Motorcycle,Cyclist,Front,Straight_ahead,0,1973.0,Male,Driver,Injured_Hospitalized,Driver_seat,Leisure,Not_pedestrian,Unknown,Not_pedestrian,Helmet,Not_used,Not a holiday,0
3428,201600002099,2016,4,18,Daylight,Built_up_area,Intersection_T,Normal,Side_two_vehicles,Manual_entry,-0.87931,47.68913,True,2016-04-18,18,0,18:00,Evening,False,Spring,,,,Communal_way,Unknown,Unknown,Unknown,Unknown,Unknown,Unknown,Unknown,Unknown,A01,Same_direction,Cycle,Cyclist,Front,Straight_ahead,0,2000.0,Male,Driver,Injured_Slight,Driver_seat,Home-school,Not_pedestrian,Unknown,Not_pedestrian,Helmet,Used,Not a holiday,0
3429,201600002099,2016,4,18,Daylight,Built_up_area,Intersection_T,Normal,Side_two_vehicles,Manual_entry,-0.87931,47.68913,True,2016-04-18,18,0,18:00,Evening,False,Spring,,,,Communal_way,Unknown,Unknown,Unknown,Unknown,Unknown,Unknown,Unknown,Unknown,B02,Opposite_direction,Car(Quad/Passenger),Cyclist,Front,Roundabout,0,1957.0,Female,Driver,Uninjured,Driver_seat,other,Not_pedestrian,Unknown,Not_pedestrian,Seat_belt,Used,Not a holiday,0
3430,201600002100,2016,8,14,Daylight,Built_up_area,Intersection_X,Normal,Side_two_vehicles,Manual_entry,-1.03796,47.5604,True,2016-08-14,19,30,19:30,Evening,True,Summer,1.0,55.0,55.0,Communal_way,Bidirectional,Unknown,Slope,Straight,Normal,Unknown,On_road,Unknown,A01,Same_direction,Motorcycle,Cyclist,Front,Straight_ahead,0,1995.0,Male,Driver,Injured_Hospitalized,Driver_seat,Leisure,Not_pedestrian,Unknown,Not_pedestrian,Helmet,Used,Not a holiday,0
3431,201600002100,2016,8,14,Daylight,Built_up_area,Intersection_X,Normal,Side_two_vehicles,Manual_entry,-1.03796,47.5604,True,2016-08-14,19,30,19:30,Evening,True,Summer,1.0,55.0,55.0,Communal_way,Bidirectional,Unknown,Slope,Straight,Normal,Unknown,On_road,Unknown,B02,Same_direction,Car(Quad/Passenger),Cyclist,Right_side,Roundabout,0,1971.0,Male,Driver,Uninjured,Driver_seat,Leisure,Not_pedestrian,Unknown,Not_pedestrian,Seat_belt,Used,Not a holiday,0
3432,201600002101,2016,10,12,Daylight,Built_up_area,Intersection_X,Normal,Side_two_vehicles,Manual_entry,-0.96735,47.74202,True,2016-10-12,15,5,15:05,Afternoon,False,Autumn,0.0,0.0,0.0,Departmental_road,Unknown,Unknown,Unknown,Straight,Normal,Unknown,On_road,Not_near_school,B02,Other/Unknown,Motorcycle,Cyclist,Front,Straight_ahead,0,1948.0,Male,Driver,Uninjured,Driver_seat,Professional use,Not_pedestrian,Unknown,Not_pedestrian,Seat_belt,Used,Not a holiday,0
3433,201600002101,2016,10,12,Daylight,Built_up_area,Intersection_X,Normal,Side_two_vehicles,Manual_entry,-0.96735,47.74202,True,2016-10-12,15,5,15:05,Afternoon,False,Autumn,0.0,0.0,0.0,Departmental_road,Unknown,Unknown,Unknown,Straight,Normal,Unknown,On_road,Not_near_school,A01,Other/Unknown,Motorcycle,Cyclist,Right_side,Roundabout,0,1960.0,Male,Driver,Injured_Hospitalized,Driver_seat,Leisure,Not_pedestrian,Unknown,Not_pedestrian,Seat_belt,Used,Not a holiday,0
3434,201600002102,2016,12,2,Daylight,Out_of_agglomeration,Intersection_X,Normal,Side_two_vehicles,Manual_entry,-1.10304,47.62626,True,2016-12-02,13,30,13:30,Afternoon,False,Winter,2.0,,,Departmental_road,Bidirectional,Unknown,Flat,Straight,Normal,Roundabout,On_road,Unknown,B02,Other/Unknown,Car(Quad/Passenger),Cyclist,Front,Loss_of_control,0,1970.0,Male,Driver,Injured_Slight,Driver_seat,Home-work,Not_pedestrian,Unknown,Not_pedestrian,Seat_belt,Used,Not a holiday,0
3435,201600002102,2016,12,2,Daylight,Out_of_agglomeration,Intersection_X,Normal,Side_two_vehicles,Manual_entry,-1.10304,47.62626,True,2016-12-02,13,30,13:30,Afternoon,False,Winter,2.0,,,Departmental_road,Bidirectional,Unknown,Flat,Straight,Normal,Roundabout,On_road,Unknown,A01,Opposite_direction,Car(Quad/Passenger),Cyclist,Front_left,Straight_ahead,0,1956.0,Female,Driver,Injured_Slight,Driver_seat,Unknown,Not_pedestrian,Unknown,Not_pedestrian,Seat_belt,Used,Not a holiday,0
3436,201600002103,2016,12,18,Night_without_public_lighting,Out_of_agglomeration,Out_of_intersection,Fog_or_smoke,Side_two_vehicles,Manual_entry,-1.00156,47.70881,True,2016-12-18,7,30,07:30,Morning,True,Winter,2.0,0.0,0.0,Departmental_road,Unknown,Unknown,Flat,Straight,Wet,Unknown,On_road,Not_near_school,B02,Opposite_direction,Car(Quad/Passenger),Cyclist,Front,Turning,0,1991.0,Male,Driver,Injured_Hospitalized,Driver_seat,Unknown,Not_pedestrian,Unknown,Not_pedestrian,Seat_belt,Undetermined,Not a holiday,0
3437,201600002103,2016,12,18,Night_without_public_lighting,Out_of_agglomeration,Out_of_intersection,Fog_or_smoke,Side_two_vehicles,Manual_entry,-1.00156,47.70881,True,2016-12-18,7,30,07:30,Morning,True,Winter,2.0,0.0,0.0,Departmental_road,Unknown,Unknown,Flat,Straight,Wet,Unknown,On_road,Not_near_school,A01,Opposite_direction,Car(Quad/Passenger),Cyclist,Multiple impacts,Straight_ahead,0,1997.0,Male,Driver,Injured_Hospitalized,Driver_seat,Leisure,Not_pedestrian,Unknown,Not_pedestrian,Seat_belt,Undetermined,Not a holiday,0
3438,201600002104,2016,12,20,Night_with_public_lighting_on,Built_up_area,Intersection_T,Normal,Side_two_vehicles,Manual_entry,-0.88319,47.67594,True,2016-12-20,18,30,18:30,Evening,False,Winter,0.0,0.0,0.0,Communal_way,Unknown,Unknown,Flat,Curve_right,Normal,Unknown,On_road,Unknown,B02,Opposite_direction,Cycle,Cyclist,Front_left,Straight_ahead,0,2001.0,Male,Driver,Injured_Slight,Driver_seat,Unknown,Not_pedestrian,Unknown,Not_pedestrian,Helmet,Used,Not a holiday,0
3439,201600002104,2016,12,20,Night_with_public_lighting_on,Built_up_area,Intersection_T,Normal,Side_two_vehicles,Manual_entry,-0.88319,47.67594,True,2016-12-20,18,30,18:30,Evening,False,Winter,0.0,0.0,0.0,Communal_way,Unknown,Unknown,Flat,Curve_right,Normal,Unknown,On_road,Unknown,A01,Opposite_direction,Car(Quad/Passenger),Cyclist,Front,Roundabout,0,1998.0,Male,Driver,Uninjured,Driver_seat,Leisure,Not_pedestrian,Unknown,Not_pedestrian,Seat_belt,Used,Not a holiday,0
3440,201600002105,2016,3,4,Night_with_public_lighting_on,Built_up_area,Out_of_intersection,Cloudy,Frontal_two_vehicles,Manual_entry,-0.71997,47.62255,True,2016-03-04,19,0,19:00,Evening,False,Spring,0.0,0.0,62.0,Communal_way,Bidirectional,Unknown,Unknown,Straight,Normal,Unknown,On_road,Unknown,A01,Same_direction,Car(Quad/Passenger),Cyclist,Right_side,Roundabout,0,1953.0,Female,Driver,Uninjured,Driver_seat,Shopping,Not_pedestrian,Unknown,Not_pedestrian,Seat_belt,Used,Not a holiday,0
3441,201600002105,2016,3,4,Night_with_public_lighting_on,Built_up_area,Out_of_intersection,Cloudy,Frontal_two_vehicles,Manual_entry,-0.71997,47.62255,True,2016-03-04,19,0,19:00,Evening,False,Spring,0.0,0.0,62.0,Communal_way,Bidirectional,Unknown,Unknown,Straight,Normal,Unknown,On_road,Unknown,B02,Same_direction,Cycle,Cyclist,Front,None,0,2000.0,Male,Driver,Injured_Hospitalized,Driver_seat,Leisure,Not_pedestrian,Unknown,Not_pedestrian,Helmet,Used,Not a holiday,0
3442,201600002106,2016,4,9,Daylight,Out_of_agglomeration,Roundabout,Cloudy,No_collision,Manual_entry,-0.72336,47.63581,True,2016-04-09,16,0,16:00,Afternoon,True,Spring,2.0,0.0,0.0,Departmental_road,Separated_carriageways,Unknown,Unknown,Curve_right,Normal,Unknown,On_road,Unknown,A01,Same_direction,Motorcycle,None,No_impact,Roundabout,0,1959.0,Male,Driver,Injured_Hospitalized,Driver_seat,Leisure,Not_pedestrian,Unknown,Not_pedestrian,Helmet,Used,Not a holiday,0
3443,201600002107,2016,5,21,Daylight,Out_of_agglomeration,Out_of_intersection,Normal,Other_collision,Manual_entry,-0.78255,47.66942,True,2016-05-21,12,0,12:00,Afternoon,True,Spring,4.0,0.0,65.0,Departmental_road,Separated_carriageways,Unknown,Flat,Straight,Normal,Unknown,On_road,Unknown,A01,Opposite_direction,Car(Quad/Passenger),None,Right_side,None,0,1976.0,Female,Driver,Injured_Hospitalized,Driver_seat,Leisure,Not_pedestrian,Unknown,Not_pedestrian,Seat_belt,Used,Not a holiday,0
3444,201600002108,2016,6,25,Daylight,Out_of_agglomeration,Out_of_intersection,Normal,No_collision,Manual_entry,-0.70629,47.47098,True,2016-06-25,18,15,18:15,Evening,True,Summer,2.0,0.0,0.0,Communal_way,Bidirectional,Unknown,Flat,Curve_right,Normal,Unknown,On_road,Unknown,A01,Same_direction,Motorcycle,None,No_impact,Roundabout,0,1962.0,Male,Driver,Uninjured,Driver_seat,Unknown,Not_pedestrian,Unknown,Not_pedestrian,other,Used,Not a holiday,0
3445,201600002109,2016,7,12,Daylight,Built_up_area,Place,Normal,Side_two_vehicles,Manual_entry,-0.89203,47.46299,True,2016-07-12,8,30,08:30,Morning,False,Summer,2.0,0.0,45.0,Departmental_road,Bidirectional,Unknown,Hill_bottom,Curve_right,Normal,Unknown,On_road,Unknown,A01,Opposite_direction,Car(Quad/Passenger),Cyclist,Rear,Roundabout,0,1990.0,Male,Driver,Uninjured,Driver_seat,Professional use,Not_pedestrian,Unknown,Not_pedestrian,Seat_belt,Used,Not a holiday,0
3446,201600002109,2016,7,12,Daylight,Built_up_area,Place,Normal,Side_two_vehicles,Manual_entry,-0.89203,47.46299,True,2016-07-12,8,30,08:30,Morning,False,Summer,2.0,0.0,45.0,Departmental_road,Bidirectional,Unknown,Hill_bottom,Curve_right,Normal,Unknown,On_road,Unknown,B02,Other/Unknown,Car(Quad/Passenger),Cyclist,Front,Straight_ahead,0,1987.0,Female,Driver,Uninjured,Driver_seat,Leisure,Not_pedestrian,Unknown,Not_pedestrian,Seat_belt,Used,Not a holiday,0
3447,201600002110,2016,7,14,Daylight,Out_of_agglomeration,Out_of_intersection,Normal,No_collision,Manual_entry,-0.797,47.56739,True,2016-07-14,19,0,19:00,Evening,False,Summer,2.0,0.0,51.0,Departmental_road,Bidirectional,Unknown,Flat,S-bend,Normal,Unknown,On_road,Not_near_school,A01,Other/Unknown,Motorcycle,None,Front,Straight_ahead,0,1978.0,Male,Driver,Killed,Driver_seat,Leisure,Not_pedestrian,Unknown,Not_pedestrian,Helmet,Used,Bastille Day,1
3448,201600002111,2016,10,7,Twilight_or_dawn,Out_of_agglomeration,Out_of_intersection,Normal,Side_two_vehicles,Manual_entry,-0.72546,47.51218,True,2016-10-07,19,30,19:30,Evening,False,Autumn,2.0,0.0,0.0,Departmental_road,Bidirectional,Unknown,Flat,Straight,Normal,Unknown,On_road,Unknown,A01,Other/Unknown,Car(Quad/Passenger),Cyclist,Front_left,Straight_ahead,0,1987.0,Male,Driver,Uninjured,Driver_seat,Unknown,Not_pedestrian,Unknown,Not_pedestrian,Seat_belt,Used,Not a holiday,0
3449,201600002111,2016,10,7,Twilight_or_dawn,Out_of_agglomeration,Out_of_intersection,Normal,Side_two_vehicles,Manual_entry,-0.72546,47.51218,True,2016-10-07,19,30,19:30,Evening,False,Autumn,2.0,0.0,0.0,Departmental_road,Bidirectional,Unknown,Flat,Straight,Normal,Unknown,On_road,Unknown,B02,Opposite_direction,Motorcycle,Cyclist,Front_left,Avoiding_obstacle,0,1975.0,Male,Driver,Injured_Hospitalized,Driver_seat,Unknown,Not_pedestrian,Unknown,Not_pedestrian,Helmet,Used,Not a holiday,0
3450,201600002112,2016,11,11,Daylight,Out_of_agglomeration,Out_of_intersection,Normal,Other_collision,Manual_entry,-0.86706,47.51744,True,2016-11-11,8,0,08:00,Morning,False,Autumn,2.0,0.0,42.0,Departmental_road,Bidirectional,Unknown,Flat,Straight,Normal,Unknown,On_verge,Unknown,A01,Opposite_direction,Car(Quad/Passenger),None,Front,Straight_ahead,0,1972.0,Male,Driver,Injured_Hospitalized,Driver_seat,Leisure,Not_pedestrian,Unknown,Not_pedestrian,Seat_belt,Used,Armistice Day,1
3451,201600002113,2016,12,10,Night_without_public_lighting,Out_of_agglomeration,Out_of_intersection,Fog_or_smoke,Other_collision,Manual_entry,-0.71864,47.47933,True,2016-12-10,22,30,22:30,Night,True,Winter,2.0,0.0,0.0,Departmental_road,Bidirectional,Unknown,Flat,Unknown,Normal,Unknown,On_road,Not_near_school,A01,Same_direction,Car(Quad/Passenger),Other vehicle,Front_right,Straight_ahead,0,1973.0,Male,Driver,Injured_Hospitalized,Driver_seat,Leisure,Not_pedestrian,Unknown,Not_pedestrian,Seat_belt,Used,Not a holiday,0
3452,201600002114,2016,2,7,Twilight_or_dawn,Out_of_agglomeration,Out_of_intersection,Normal,Frontal_two_vehicles,Manual_entry,-0.58559,47.61012,True,2016-02-07,7,15,07:15,Morning,True,Winter,2.0,38.0,0.0,Departmental_road,Unknown,Unknown,Unknown,Straight,Normal,Unknown,On_road,Unknown,A01,Opposite_direction,Utility(Truck/Agri),Cyclist,Right_side,Avoiding_obstacle,0,1985.0,Male,Driver,Injured_Slight,Driver_seat,Leisure,Not_pedestrian,Unknown,Not_pedestrian,Seat_belt,Used,Not a holiday,0
3453,201600002114,2016,2,7,Twilight_or_dawn,Out_of_agglomeration,Out_of_intersection,Normal,Frontal_two_vehicles,Manual_entry,-0.58559,47.61012,True,2016-02-07,7,15,07:15,Morning,True,Winter,2.0,38.0,0.0,Departmental_road,Unknown,Unknown,Unknown,Straight,Normal,Unknown,On_road,Unknown,B02,Other/Unknown,Car(Quad/Passenger),Cyclist,Multiple impacts,Straight_ahead,0,1957.0,Female,Driver,Killed,Driver_seat,Home-work,Not_pedestrian,Unknown,Not_pedestrian,Seat_belt,Used,Not a holiday,0
3454,201600002115,2016,2,12,Daylight,Out_of_agglomeration,Out_of_intersection,Light_rain,Other_collision,Manual_entry,-0.44868,47.65742,True,2016-02-12,15,0,15:00,Afternoon,False,Winter,2.0,0.0,0.0,Departmental_road,Separated_carriageways,Unknown,Unknown,Straight,Wet,Unknown,On_road,Not_near_school,A01,Opposite_direction,Car(Quad/Passenger),None,Front,Straight_ahead,0,1961.0,Male,Driver,Injured_Hospitalized,Driver_seat,Leisure,Not_pedestrian,Unknown,Not_pedestrian,Seat_belt,Used,Not a holiday,0
3455,201600002116,2016,2,17,Daylight,Out_of_agglomeration,Out_of_intersection,Normal,Other_collision,Manual_entry,-0.61667,47.60654,True,2016-02-17,12,45,12:45,Afternoon,False,Winter,2.0,0.0,48.0,Departmental_road,Bidirectional,Unknown,Flat,Straight,Normal,Unknown,On_verge,Unknown,A01,Opposite_direction,Car(Quad/Passenger),None,Front,Straight_ahead,0,1983.0,Female,Driver,Injured_Hospitalized,Driver_seat,Leisure,Not_pedestrian,Unknown,Not_pedestrian,Seat_belt,Used,Not a holiday,0
3456,201600002117,2016,3,29,Daylight,Out_of_agglomeration,Out_of_intersection,Normal,Other_collision,Manual_entry,-0.5351,47.66311,True,2016-03-29,11,0,11:00,Morning,False,Spring,2.0,0.0,50.0,Departmental_road,Bidirectional,Unknown,Flat,Curve_left,Normal,Unknown,On_road,Unknown,A01,Opposite_direction,Car(Quad/Passenger),Cyclist,Right_side,Avoiding_obstacle,0,1946.0,Male,Driver,Injured_Hospitalized,Driver_seat,Leisure,Not_pedestrian,Unknown,Not_pedestrian,Seat_belt,Used,Not a holiday,0
3457,201600002117,2016,3,29,Daylight,Out_of_agglomeration,Out_of_intersection,Normal,Other_collision,Manual_entry,-0.5351,47.66311,True,2016-03-29,11,0,11:00,Morning,False,Spring,2.0,0.0,50.0,Departmental_road,Bidirectional,Unknown,Flat,Curve_left,Normal,Unknown,On_road,Unknown,B02,Other/Unknown,Utility(Truck/Agri),Cyclist,Front,Straight_ahead,0,1964.0,Male,Driver,Uninjured,Driver_seat,Professional use,Not_pedestrian,Unknown,Not_pedestrian,Seat_belt,Used,Not a holiday,0
3458,201600002118,2016,7,6,Daylight,Out_of_agglomeration,Out_of_intersection,Normal,Frontal_two_vehicles,Manual_entry,-0.51083,47.62678,True,2016-07-06,11,45,11:45,Morning,False,Summer,2.0,0.0,0.0,Communal_way,Bidirectional,Unknown,Unknown,Straight,Normal,Unknown,On_road,Unknown,A01,Same_direction,Utility(Truck/Agri),Cyclist,Front_right,other,0,1971.0,Male,Driver,Uninjured,Driver_seat,Professional use,Not_pedestrian,Unknown,Not_pedestrian,Seat_belt,Used,Not a holiday,0
3459,201600002118,2016,7,6,Daylight,Out_of_agglomeration,Out_of_intersection,Normal,Frontal_two_vehicles,Manual_entry,-0.51083,47.62678,True,2016-07-06,11,45,11:45,Morning,False,Summer,2.0,0.0,0.0,Communal_way,Bidirectional,Unknown,Unknown,Straight,Normal,Unknown,On_road,Unknown,B02,Same_direction,Motorcycle,Cyclist,Front,Straight_ahead,0,1988.0,Male,Driver,Injured_Hospitalized,Driver_seat,Home-work,Not_pedestrian,Unknown,Not_pedestrian,Helmet,Used,Not a holiday,0
3460,201600002119,2016,8,18,Daylight,Built_up_area,Out_of_intersection,Normal,Side_two_vehicles,Manual_entry,-0.50063,47.68281,True,2016-08-18,13,0,13:00,Afternoon,False,Summer,0.0,0.0,0.0,Parking_lot,Unknown,Unknown,Flat,Straight,Normal,Unknown,On_road,Unknown,A01,Same_direction,Car(Quad/Passenger),Cyclist,Rear_right,Turning,0,1954.0,Male,Driver,Uninjured,Driver_seat,Shopping,Not_pedestrian,Unknown,Not_pedestrian,Seat_belt,Used,Not a holiday,0
3461,201600002119,2016,8,18,Daylight,Built_up_area,Out_of_intersection,Normal,Side_two_vehicles,Manual_entry,-0.50063,47.68281,True,2016-08-18,13,0,13:00,Afternoon,False,Summer,0.0,0.0,0.0,Parking_lot,Unknown,Unknown,Flat,Straight,Normal,Unknown,On_road,Unknown,B02,Same_direction,Motorcycle,Cyclist,Left_side,Straight_ahead,0,1999.0,Male,Driver,Uninjured,Driver_seat,Shopping,Not_pedestrian,Unknown,Not_pedestrian,Helmet,Used,Not a holiday,0
3462,201600002120,2016,10,6,Daylight,Out_of_agglomeration,Out_of_intersection,Normal,Frontal_two_vehicles,Manual_entry,-0.51389,47.72193,True,2016-10-06,10,0,10:00,Morning,False,Autumn,2.0,0.0,58.0,Departmental_road,Bidirectional,Unknown,Flat,Straight,Normal,Unknown,On_road,Unknown,A01,Other/Unknown,Car(Quad/Passenger),Cyclist,Left_side,Avoiding_obstacle,0,1957.0,Female,Driver,Injured_Hospitalized,Driver_seat,Home-work,Not_pedestrian,Unknown,Not_pedestrian,Seat_belt,Used,Not a holiday,0
3463,201600002120,2016,10,6,Daylight,Out_of_agglomeration,Out_of_intersection,Normal,Frontal_two_vehicles,Manual_entry,-0.51389,47.72193,True,2016-10-06,10,0,10:00,Morning,False,Autumn,2.0,0.0,58.0,Departmental_road,Bidirectional,Unknown,Flat,Straight,Normal,Unknown,On_road,Unknown,B02,Opposite_direction,Car(Quad/Passenger),Cyclist,Front,Straight_ahead,0,1952.0,Male,Driver,Uninjured,Driver_seat,Leisure,Not_pedestrian,Unknown,Not_pedestrian,Seat_belt,Used,Not a holiday,0
3464,201600002121,2016,11,2,Night_without_public_lighting,Out_of_agglomeration,Intersection_X,Normal,Side_two_vehicles,Manual_entry,-0.58539,47.56248,True,2016-11-02,19,45,19:45,Evening,False,Autumn,2.0,0.0,0.0,Departmental_road,Bidirectional,Unknown,Flat,Straight,Normal,Unknown,On_road,Unknown,B02,Opposite_direction,Car(Quad/Passenger),Cyclist,Right_side,Straight_ahead,0,1972.0,Male,Driver,Uninjured,Driver_seat,Home-work,Not_pedestrian,Unknown,Not_pedestrian,Seat_belt,Used,Not a holiday,0