,accident_id,year,month,day,lighting_label,urban_label,intersection_label,weather_label,collision_label,gps_label,longitude_num,latitude_num,valid_geo,date,hour,minute,time_hhmm,time_of_day,is_weekend,season,num_lanes,pedestrian_crossing_width,road_width,road_category_label,traffic_regime_label,reserved_lane_label,road_profile_label,road_layout_label,surface_condition_label,infrastructure_label,situation_label,school_zone_label,vehicle_id,traffic_direction_label,vehicle_category_label,mobile_obstacle_label,impact_point_label,manoeuvre_label,occupants_group,birth_year,sex_label,user_category_label,injury_severity_label,seat_position_label,journey_purpose_label,pedestrian_location_label,pedestrian_action_label,pedestrian_state_label,safety_equipment_type,safety_equipment_usage,holiday_name,is_holiday
3465,201600002121,2016,11,2,Night_without_public_lighting,Out_of_agglomeration,Intersection_X,Normal,Side_two_vehicles,Manual_entry,-0.58539,47.56248,True,2016-11-02,19,45,19:45,Evening,False,Autumn,2.0,0.0,0.0,Departmental_road,Bidirectional,Unknown,Flat,Straight,Normal,Unknown,On_road,Unknown,A01,Same_direction,Utility(Truck/Agri),Cyclist,Front_right,Loss_of_control,0,1967.0,Male,Driver,Injured_Slight,Driver_seat,Leisure,Not_pedestrian,Unknown,Not_pedestrian,Seat_belt,Undetermined,Not a holiday,0
3466,201600002122,2016,11,17,Daylight,Out_of_agglomeration,Out_of_intersection,Light_rain,Other_collision,Manual_entry,-0.44044,47.5746,True,2016-11-17,8,45,08:45,Morning,False,Autumn,2.0,0.0,48.0,Departmental_road,Bidirectional,Unknown,Flat,Straight,Wet,Unknown,On_road,Unknown,A01,Opposite_direction,Utility(Truck/Agri),Cyclist,Left_side,Straight_ahead,0,1968.0,Male,Driver,Uninjured,Driver_seat,Home-work,Not_pedestrian,Unknown,Not_pedestrian,Seat_belt,Used,Not a holiday,0
3467,201600002122,2016,11,17,Daylight,Out_of_agglomeration,Out_of_intersection,Light_rain,Other_collision,Manual_entry,-0.44044,47.5746,True,2016-11-17,8,45,08:45,Morning,False,Autumn,2.0,0.0,48.0,Departmental_road,Bidirectional,Unknown,Flat,Straight,Wet,Unknown,On_road,Unknown,B02,Opposite_direction,Cycle,None,Rear_left,Straight_ahead,0,1936.0,Female,Driver,Injured_Hospitalized,Driver_seat,Shopping,Not_pedestrian,Unknown,Not_pedestrian,Reflective_equipment,Used,Not a holiday,0
3468,201600002123,2016,12,2,Daylight,Out_of_agglomeration,Out_of_intersection,Fog_or_smoke,No_collision,Manual_entry,-0.55369,47.58452,True,2016-12-02,8,45,08:45,Morning,False,Winter,2.0,0.0,0.0,Departmental_road,Bidirectional,Unknown,Flat,Straight,Icy,Unknown,On_verge,Unknown,A01,Same_direction,Car(Quad/Passenger),None,Front_right,Straight_ahead,0,1982.0,Female,Driver,Uninjured,Driver_seat,Home-school,Not_pedestrian,Unknown,Not_pedestrian,Seat_belt,Not_used,Not a holiday,0
3469,201600002124,2016,12,7,Twilight_or_dawn,Out_of_agglomeration,Out_of_intersection,Fog_or_smoke,No_collision,Manual_entry,-0.60474,47.72709,True,2016-12-07,9,0,09:00,Morning,False,Winter,2.0,0.0,55.0,Departmental_road,Bidirectional,Unknown,Slope,Straight,Normal,Unknown,On_verge,Unknown,A01,Opposite_direction,Car(Quad/Passenger),None,Multiple impacts,Straight_ahead,0,1990.0,Female,Driver,Killed,Driver_seat,Home-work,Not_pedestrian,Unknown,Not_pedestrian,Seat_belt,Used,Not a holiday,0
3470,201600002125,2016,12,10,Night_without_public_lighting,Out_of_agglomeration,Out_of_intersection,Fog_or_smoke,No_collision,Manual_entry,-0.5734,47.74769,True,2016-12-10,6,0,06:00,Morning,True,Winter,0.0,0.0,0.0,other,Unknown,Unknown,Flat,Straight,Wet,Unknown,On_verge,Unknown,A01,Same_direction,Car(Quad/Passenger),None,No_impact,Straight_ahead,0,1978.0,Male,Driver,Killed,Driver_seat,Leisure,Not_pedestrian,Unknown,Not_pedestrian,Seat_belt,Undetermined,Not a holiday,0
3471,201600002126,2016,9,22,Daylight,Built_up_area,Out_of_intersection,Normal,Other_collision,Manual_entry,-0.78239,47.98617,True,2016-09-22,17,30,17:30,Evening,False,Autumn,2.0,0.0,0.0,Departmental_road,Bidirectional,Unknown,Slope,Straight,Normal,Unknown,On_road,Unknown,A01,Opposite_direction,Utility(Truck/Agri),Pedestrian,Left_side,Straight_ahead,0,1958.0,Male,Driver,Uninjured,Driver_seat,Home-work,Not_pedestrian,Unknown,Not_pedestrian,Seat_belt,Used,Not a holiday,0
3472,201600002127,2016,10,7,Night_without_public_lighting,Out_of_agglomeration,Out_of_intersection,Normal,Rear_end_two_vehicles,Manual_entry,-0.86417,47.98081,True,2016-10-07,21,0,21:00,Night,False,Autumn,0.0,0.0,0.0,Departmental_road,Bidirectional,Unknown,Flat,Straight,Normal,Unknown,On_road,Not_near_school,A01,Other/Unknown,Car(Quad/Passenger),Cyclist,Rear_left,Turning,0,1964.0,Male,Driver,Injured_Slight,Driver_seat,Unknown,Not_pedestrian,Unknown,Not_pedestrian,Seat_belt,Used,Not a holiday,0
3473,201600002127,2016,10,7,Night_without_public_lighting,Out_of_agglomeration,Out_of_intersection,Normal,Rear_end_two_vehicles,Manual_entry,-0.86417,47.98081,True,2016-10-07,21,0,21:00,Night,False,Autumn,0.0,0.0,0.0,Departmental_road,Bidirectional,Unknown,Flat,Straight,Normal,Unknown,On_road,Not_near_school,B02,Other/Unknown,Car(Quad/Passenger),Cyclist,Front_right,Turning,0,1972.0,Male,Driver,Injured_Slight,Driver_seat,Leisure,Not_pedestrian,Unknown,Not_pedestrian,Seat_belt,Undetermined,Not a holiday,0
3474,201600002128,2016,10,29,Night_without_public_lighting,Built_up_area,Out_of_intersection,Normal,No_collision,Manual_entry,-0.87186,48.02493,True,2016-10-29,0,30,00:30,Night,True,Autumn,0.0,0.0,0.0,Departmental_road,Bidirectional,Unknown,Unknown,Straight,Normal,Unknown,Unknown,Not_near_school,A01,Other/Unknown,Car(Quad/Passenger),None,Front_right,None,0,1990.0,Male,Driver,Uninjured,Driver_seat,Leisure,Not_pedestrian,Unknown,Not_pedestrian,Seat_belt,Used,Not a holiday,0
3475,201600002129,2016,5,5,Daylight,Out_of_agglomeration,Out_of_intersection,Normal,No_collision,Manual_entry,-0.53846,48.03686,True,2016-05-05,11,0,11:00,Morning,False,Spring,2.0,0.0,52.0,Departmental_road,Bidirectional,Unknown,Unknown,Curve_left,Normal,Unknown,On_verge,Unknown,A01,Other/Unknown,Motorcycle,None,Rear_left,Straight_ahead,0,1980.0,Male,Driver,Injured_Hospitalized,Driver_seat,Leisure,Not_pedestrian,Unknown,Not_pedestrian,Helmet,Used,Ascension Thursday,1
3476,201600002130,2016,6,10,Daylight,Out_of_agglomeration,Out_of_intersection,Normal,Side_two_vehicles,Manual_entry,-0.63642,48.15426,True,2016-06-10,15,15,15:15,Afternoon,False,Summer,0.0,0.0,60.0,Departmental_road,Bidirectional,Unknown,Unknown,Straight,Normal,Unknown,On_road,Unknown,A01,Other/Unknown,Motorcycle,Cyclist,Front_right,Emergency_manoeuvre,0,1992.0,Male,Driver,Injured_Hospitalized,Driver_seat,Leisure,Not_pedestrian,Unknown,Not_pedestrian,Helmet,Used,Not a holiday,0
3477,201600002130,2016,6,10,Daylight,Out_of_agglomeration,Out_of_intersection,Normal,Side_two_vehicles,Manual_entry,-0.63642,48.15426,True,2016-06-10,15,15,15:15,Afternoon,False,Summer,0.0,0.0,60.0,Departmental_road,Bidirectional,Unknown,Unknown,Straight,Normal,Unknown,On_road,Unknown,B02,Other/Unknown,other,None,Right_side,None,0,1990.0,Female,Driver,Uninjured,Driver_seat,Unknown,Not_pedestrian,Unknown,Not_pedestrian,Seat_belt,Used,Not a holiday,0
3478,201600002131,2016,9,12,Daylight,Out_of_agglomeration,Out_of_intersection,Normal,Side_two_vehicles,Manual_entry,-0.65218,48.06654,True,2016-09-12,15,45,15:45,Afternoon,False,Autumn,2.0,0.0,72.0,Departmental_road,Separated_carriageways,Unknown,Unknown,Straight,Normal,Unknown,On_road,Unknown,A01,Other/Unknown,Car(Quad/Passenger),Cyclist,Right_side,Avoiding_obstacle,0,1975.0,Male,Driver,Uninjured,Driver_seat,Unknown,Not_pedestrian,Unknown,Not_pedestrian,Seat_belt,Undetermined,Not a holiday,0
3479,201600002131,2016,9,12,Daylight,Out_of_agglomeration,Out_of_intersection,Normal,Side_two_vehicles,Manual_entry,-0.65218,48.06654,True,2016-09-12,15,45,15:45,Afternoon,False,Autumn,2.0,0.0,72.0,Departmental_road,Separated_carriageways,Unknown,Unknown,Straight,Normal,Unknown,On_road,Unknown,B02,Other/Unknown,Car(Quad/Passenger),Cyclist,Rear_right,other,0,1991.0,Female,Driver,Injured_Slight,Driver_seat,Leisure,Not_pedestrian,Unknown,Not_pedestrian,Seat_belt,Undetermined,Not a holiday,0
3480,201600002132,2016,9,13,Daylight,Out_of_agglomeration,Out_of_intersection,Normal,No_collision,Manual_entry,-0.57094,47.9525,True,2016-09-13,19,0,19:00,Evening,False,Autumn,1.0,0.0,57.0,Departmental_road,Bidirectional,Unknown,Flat,Straight,Other,Unknown,On_road,Unknown,A01,Opposite_direction,Cycle,None,No_impact,Straight_ahead,0,1999.0,Male,Driver,Injured_Hospitalized,Driver_seat,Home-work,Not_pedestrian,Unknown,Not_pedestrian,Helmet,Used,Not a holiday,0
3481,201600002133,2016,9,25,Daylight,Out_of_agglomeration,Out_of_intersection,Normal,Frontal_two_vehicles,Manual_entry,-0.60949,48.02382,True,2016-09-25,12,0,12:00,Afternoon,True,Autumn,2.0,0.0,54.0,Departmental_road,Bidirectional,Unknown,Flat,Curve_left,Normal,Unknown,On_road,Unknown,A01,Opposite_direction,Car(Quad/Passenger),Cyclist,Rear,None,0,1990.0,Male,Driver,Injured_Hospitalized,Driver_seat,Leisure,Not_pedestrian,Unknown,Not_pedestrian,Seat_belt,Used,Not a holiday,0
3482,201600002133,2016,9,25,Daylight,Out_of_agglomeration,Out_of_intersection,Normal,Frontal_two_vehicles,Manual_entry,-0.60949,48.02382,True,2016-09-25,12,0,12:00,Afternoon,True,Autumn,2.0,0.0,54.0,Departmental_road,Bidirectional,Unknown,Flat,Curve_left,Normal,Unknown,On_road,Unknown,B02,Other/Unknown,Car(Quad/Passenger),Cyclist,Front_right,Straight_ahead,0,1939.0,Female,Driver,Injured_Hospitalized,Driver_seat,Leisure,Not_pedestrian,Unknown,Not_pedestrian,Seat_belt,Used,Not a holiday,0
3483,201600002134,2016,9,27,Daylight,Built_up_area,Out_of_intersection,Normal,Other_collision,Manual_entry,-0.56003,47.95512,True,2016-09-27,11,15,11:15,Morning,False,Autumn,0.0,0.0,0.0,Parking_lot,Unknown,Unknown,Flat,Unknown,Normal,Unknown,Unknown,Unknown,A01,Same_direction,Car(Quad/Passenger),None,Rear_right,Loss_of_control,0,1925.0,Male,Driver,Injured_Hospitalized,Driver_seat,Shopping,Not_pedestrian,Unknown,Not_pedestrian,Seat_belt,Used,Not a holiday,0
3484,201600002135,2016,11,2,Daylight,Out_of_agglomeration,Out_of_intersection,Fog_or_smoke,Multiple_three_plus,Manual_entry,-0.45824,47.97118,True,2016-11-02,7,45,07:45,Morning,False,Autumn,2.0,0.0,62.0,Departmental_road,Bidirectional,Unknown,Unknown,Straight,Normal,Unknown,On_road,Unknown,A01,Opposite_direction,Car(Quad/Passenger),Cyclist,Front,Avoiding_obstacle,0,1995.0,Male,Driver,Injured_Hospitalized,Driver_seat,Home-work,Not_pedestrian,Unknown,Not_pedestrian,Seat_belt,Used,Not a holiday,0
3485,201600002135,2016,11,2,Daylight,Out_of_agglomeration,Out_of_intersection,Fog_or_smoke,Multiple_three_plus,Manual_entry,-0.45824,47.97118,True,2016-11-02,7,45,07:45,Morning,False,Autumn,2.0,0.0,62.0,Departmental_road,Bidirectional,Unknown,Unknown,Straight,Normal,Unknown,On_road,Unknown,B02,Other/Unknown,Motorcycle,Cyclist,Front,Straight_ahead,0,1979.0,Male,Driver,Uninjured,Driver_seat,Professional use,Not_pedestrian,Unknown,Not_pedestrian,Seat_belt,Not_used,Not a holiday,0
3486,201600002135,2016,11,2,Daylight,Out_of_agglomeration,Out_of_intersection,Fog_or_smoke,Multiple_three_plus,Manual_entry,-0.45824,47.97118,True,2016-11-02,7,45,07:45,Morning,False,Autumn,2.0,0.0,62.0,Departmental_road,Bidirectional,Unknown,Unknown,Straight,Normal,Unknown,On_road,Unknown,C03,Other/Unknown,Car(Quad/Passenger),None,No_impact,Straight_ahead,0,1999.0,Male,Driver,Uninjured,Driver_seat,Unknown,Not_pedestrian,Unknown,Not_pedestrian,Seat_belt,Used,Not a holiday,0
3487,201600002136,2016,2,9,Daylight,Built_up_area,Out_of_intersection,Normal,Other_collision,Manual_entry,-0.52065,48.09952,True,2016-02-09,14,45,14:45,Afternoon,False,Winter,2.0,0.0,71.0,Departmental_road,Separated_carriageways,Unknown,Flat,Curve_left,Normal,Unknown,On_road,Unknown,A01,Other/Unknown,Car(Quad/Passenger),None,Front,Straight_ahead,0,1972.0,Male,Driver,Injured_Hospitalized,Driver_seat,Leisure,Not_pedestrian,Unknown,Not_pedestrian,Seat_belt,Not_used,Not a holiday,0
3488,201600002137,2016,5,22,Daylight,Built_up_area,Out_of_intersection,Light_rain,Other_collision,Manual_entry,-0.39474,48.15329,True,2016-05-22,7,30,07:30,Morning,True,Spring,2.0,0.0,102.0,Communal_way,Bidirectional,Unknown,Flat,Curve_left,Wet,Unknown,On_road,Unknown,A01,Same_direction,Car(Quad/Passenger),None,Front_right,Straight_ahead,0,1986.0,Male,Driver,Uninjured,Driver_seat,Leisure,Not_pedestrian,Unknown,Not_pedestrian,Seat_belt,Used,Not a holiday,0
3489,201600002138,2016,7,18,Daylight,Out_of_agglomeration,Out_of_intersection,Dazzling,Side_two_vehicles,Manual_entry,-0.3385,48.15549,True,2016-07-18,20,0,20:00,Evening,False,Summer,0.0,0.0,60.0,Departmental_road,Bidirectional,Unknown,Slope,Straight,Normal,Unknown,On_road,Not_near_school,A01,Opposite_direction,Car(Quad/Passenger),Cyclist,Left_side,Straight_ahead,0,1954.0,Female,Driver,Uninjured,Driver_seat,other,Not_pedestrian,Unknown,Not_pedestrian,Seat_belt,Used,Not a holiday,0
3490,201600002138,2016,7,18,Daylight,Out_of_agglomeration,Out_of_intersection,Dazzling,Side_two_vehicles,Manual_entry,-0.3385,48.15549,True,2016-07-18,20,0,20:00,Evening,False,Summer,0.0,0.0,60.0,Departmental_road,Bidirectional,Unknown,Slope,Straight,Normal,Unknown,On_road,Not_near_school,B02,Opposite_direction,Cycle,Cyclist,Front_left,Straight_ahead,0,2003.0,Male,Driver,Injured_Hospitalized,Driver_seat,Leisure,Not_pedestrian,Unknown,Not_pedestrian,Helmet,Used,Not a holiday,0
3491,201600002139,2016,7,22,Daylight,Built_up_area,Out_of_intersection,Normal,Other_collision,Manual_entry,-0.39587,48.1504,True,2016-07-22,20,0,20:00,Evening,False,Summer,1.0,0.0,63.0,other,Bidirectional,Unknown,Flat,Straight,Normal,Unknown,On_road,Not_near_school,A01,Same_direction,Car(Quad/Passenger),Pedestrian,Front,Straight_ahead,0,1984.0,Male,Driver,Uninjured,Driver_seat,Leisure,Not_pedestrian,Unknown,Not_pedestrian,Seat_belt,Used,Not a holiday,0
3492,201600002140,2016,9,10,Daylight,Out_of_agglomeration,Intersection_T,Normal,Multiple_three_plus,Manual_entry,-0.37813,48.10243,True,2016-09-10,15,45,15:45,Afternoon,True,Autumn,2.0,0.0,58.0,Departmental_road,Bidirectional,Unknown,Unknown,Straight,Normal,Unknown,On_road,Unknown,B02,Other/Unknown,Motorcycle,Cyclist,Front,Straight_ahead,0,1995.0,Male,Driver,Injured_Hospitalized,Driver_seat,Leisure,Not_pedestrian,Unknown,Not_pedestrian,Helmet,Used,Not a holiday,0
3493,201600002140,2016,9,10,Daylight,Out_of_agglomeration,Intersection_T,Normal,Multiple_three_plus,Manual_entry,-0.37813,48.10243,True,2016-09-10,15,45,15:45,Afternoon,True,Autumn,2.0,0.0,58.0,Departmental_road,Bidirectional,Unknown,Unknown,Straight,Normal,Unknown,On_road,Unknown,C03,Other/Unknown,Motorcycle,Cyclist,Front,None,0,1993.0,Male,Driver,Injured_Hospitalized,Driver_seat,Leisure,Not_pedestrian,Unknown,Not_pedestrian,Helmet,Used,Not a holiday,0
3494,201600002140,2016,9,10,Daylight,Out_of_agglomeration,Intersection_T,Normal,Multiple_three_plus,Manual_entry,-0.37813,48.10243,True,2016-09-10,15,45,15:45,Afternoon,True,Autumn,2.0,0.0,58.0,Departmental_road,Bidirectional,Unknown,Unknown,Straight,Normal,Unknown,On_road,Unknown,A01,Opposite_direction,Utility(Truck/Agri),Cyclist,Front_left,Roundabout,0,1947.0,Male,Driver,Uninjured,Driver_seat,Leisure,Not_pedestrian,Unknown,Not_pedestrian,Seat_belt,Used,Not a holiday,0
3495,201600002141,2016,9,13,Night_with_public_lighting_on,Built_up_area,Out_of_intersection,Normal,Frontal_two_vehicles,Manual_entry,-0.29167,48.13641,True,2016-09-13,21,15,21:15,Night,False,Autumn,2.0,0.0,76.0,Departmental_road,Bidirectional,Unknown,Slope,Curve_right,Normal,Unknown,On_road,Unknown,A01,Other/Unknown,Motorcycle,Cyclist,Front,Avoiding_obstacle,0,1995.0,Male,Driver,Injured_Hospitalized,Driver_seat,Home-work,Not_pedestrian,Unknown,Not_pedestrian,Helmet,Used,Not a holiday,0
3496,201600002141,2016,9,13,Night_with_public_lighting_on,Built_up_area,Out_of_intersection,Normal,Frontal_two_vehicles,Manual_entry,-0.29167,48.13641,True,2016-09-13,21,15,21:15,Night,False,Autumn,2.0,0.0,76.0,Departmental_road,Bidirectional,Unknown,Slope,Curve_right,Normal,Unknown,On_road,Unknown,B02,Opposite_direction,Motorcycle,Cyclist,Front,Straight_ahead,0,1987.0,Male,Driver,Uninjured,Driver_seat,Professional use,Not_pedestrian,Unknown,Not_pedestrian,Seat_belt,Used,Not a holiday,0
3497,201600002142,2016,10,21,Daylight,Built_up_area,Out_of_intersection,Normal,Frontal_two_vehicles,Manual_entry,-0.2708,48.09584,True,2016-10-21,17,0,17:00,Evening,False,Autumn,0.0,0.0,0.0,Departmental_road,Bidirectional,Unknown,Unknown,Curve_right,Normal,Unknown,On_road,Not_near_school,A01,Other/Unknown,Motorcycle,Cyclist,Front,Reversing,0,2001.0,Male,Driver,Uninjured,Driver_seat,Leisure,Not_pedestrian,Unknown,Not_pedestrian,Helmet,Used,Not a holiday,0
3498,201600002142,2016,10,21,Daylight,Built_up_area,Out_of_intersection,Normal,Frontal_two_vehicles,Manual_entry,-0.2708,48.09584,True,2016-10-21,17,0,17:00,Evening,False,Autumn,0.0,0.0,0.0,Departmental_road,Bidirectional,Unknown,Unknown,Curve_right,Normal,Unknown,On_road,Not_near_school,B02,Opposite_direction,Car(Quad/Passenger),Cyclist,Front,Straight_ahead,0,1969.0,Male,Driver,Uninjured,Driver_seat,Home-work,Not_pedestrian,Unknown,Not_pedestrian,Seat_belt,Used,Not a holiday,0
3499,201600002143,2016,12,28,Night_without_public_lighting,Out_of_agglomeration,Out_of_intersection,Normal,Frontal_two_vehicles,Manual_entry,-0.52895,48.09144,True,2016-12-28,22,30,22:30,Night,False,Winter,2.0,0.0,60.0,Departmental_road,Bidirectional,Unknown,Flat,Straight,Normal,Unknown,On_road,Not_near_school,A01,Other/Unknown,Car(Quad/Passenger),Cyclist,Right_side,Avoiding_obstacle,0,1980.0,Male,Driver,Injured_Slight,Driver_seat,Leisure,Not_pedestrian,Unknown,Not_pedestrian,Seat_belt,Used,Not a holiday,0
3500,201600002143,2016,12,28,Night_without_public_lighting,Out_of_agglomeration,Out_of_intersection,Normal,Frontal_two_vehicles,Manual_entry,-0.52895,48.09144,True,2016-12-28,22,30,22:30,Night,False,Winter,2.0,0.0,60.0,Departmental_road,Bidirectional,Unknown,Flat,Straight,Normal,Unknown,On_road,Not_near_school,B02,Opposite_direction,Car(Quad/Passenger),Cyclist,Right_side,Straight_ahead,0,1995.0,Male,Driver,Uninjured,Driver_seat,Leisure,Not_pedestrian,Unknown,Not_pedestrian,Seat_belt,Used,Not a holiday,0
3501,201600002144,2016,2,4,Night_with_public_lighting_on,Built_up_area,Out_of_intersection,Normal,Other_collision,Manual_entry,-0.69806,47.82844,True,2016-02-04,18,15,18:15,Evening,False,Winter,0.0,0.0,0.0,Parking_lot,Unknown,Unknown,Flat,Unknown,Normal,Unknown,Unknown,Near_school,A01,Same_direction,Car(Quad/Passenger),Pedestrian,Rear,Turning,0,1989.0,Female,Driver,Uninjured,Driver_seat,Unknown,Not_pedestrian,Unknown,Not_pedestrian,Seat_belt,Used,Not a holiday,0
3502,201600002145,2016,2,25,Daylight,Out_of_agglomeration,Out_of_intersection,Normal,Rear_end_two_vehicles,Manual_entry,-0.65091,47.84215,True,2016-02-25,16,15,16:15,Afternoon,False,Winter,2.0,0.0,80.0,Departmental_road,Bidirectional,Unknown,Flat,Straight,Normal,Unknown,On_road,Unknown,A01,Other/Unknown,Motorcycle,Cyclist,Front,Straight_ahead,0,1998.0,Male,Driver,Injured_Hospitalized,Driver_seat,Home-school,Not_pedestrian,Unknown,Not_pedestrian,Helmet,Used,Not a holiday,0
3503,201600002145,2016,2,25,Daylight,Out_of_agglomeration,Out_of_intersection,Normal,Rear_end_two_vehicles,Manual_entry,-0.65091,47.84215,True,2016-02-25,16,15,16:15,Afternoon,False,Winter,2.0,0.0,80.0,Departmental_road,Bidirectional,Unknown,Flat,Straight,Normal,Unknown,On_road,Unknown,B02,Other/Unknown,Car(Quad/Passenger),Cyclist,Rear_right,Straight_ahead,0,1972.0,Male,Driver,Uninjured,Driver_seat,Home-work,Not_pedestrian,Unknown,Not_pedestrian,Seat_belt,Used,Not a holiday,0
3504,201600002146,2016,2,26,Night_without_public_lighting,Out_of_agglomeration,Out_of_intersection,Normal,Frontal_two_vehicles,Manual_entry,-0.38535,47.87095,True,2016-02-26,21,15,21:15,Night,False,Winter,2.0,0.0,70.0,Departmental_road,Bidirectional,Unknown,Hilltop,Straight,Normal,Unknown,On_road,Not_near_school,A01,Opposite_direction,Motorcycle,None,Front,Straight_ahead,0,1991.0,Male,Driver,Injured_Hospitalized,Driver_seat,Leisure,Not_pedestrian,Unknown,Not_pedestrian,Helmet,Used,Not a holiday,0
3505,201600002146,2016,2,26,Night_without_public_lighting,Out_of_agglomeration,Out_of_intersection,Normal,Frontal_two_vehicles,Manual_entry,-0.38535,47.87095,True,2016-02-26,21,15,21:15,Night,False,Winter,2.0,0.0,70.0,Departmental_road,Bidirectional,Unknown,Hilltop,Straight,Normal,Unknown,On_road,Not_near_school,B02,Opposite_direction,Motorcycle,Cyclist,Front,Straight_ahead,0,1991.0,Male,Driver,Injured_Hospitalized,Driver_seat,Leisure,Not_pedestrian,Unknown,Not_pedestrian,Helmet,Used,Not a holiday,0
3506,201600002147,2016,3,1,Daylight,Out_of_agglomeration,Out_of_intersection,Heavy_rain,No_collision,Manual_entry,-0.76443,47.85457,True,2016-03-01,15,15,15:15,Afternoon,False,Spring,2.0,0.0,52.0,Departmental_road,Bidirectional,Unknown,Flat,Unknown,Wet,Unknown,On_road,Unknown,A01,Other/Unknown,Bus/Coach,None,Multiple impacts,Straight_ahead,0,1925.0,Female,Driver,Killed,Driver_seat,Leisure,Not_pedestrian,Unknown,Not_pedestrian,Seat_belt,Used,Not a holiday,0
3507,201600002148,2016,3,1,Night_without_public_lighting,Built_up_area,Out_of_intersection,Normal,Other_collision,Manual_entry,-0.69738,47.84329,True,2016-03-01,21,45,21:45,Night,False,Spring,2.0,0.0,74.0,National_road,Bidirectional,Unknown,Unknown,Straight,Normal,Unknown,On_road,Unknown,A01,Opposite_direction,Car(Quad/Passenger),Pedestrian,Front_right,Straight_ahead,0,1985.0,Female,Driver,Uninjured,Driver_seat,Leisure,Not_pedestrian,Unknown,Not_pedestrian,Seat_belt,Used,Not a holiday,0
3508,201600002149,2016,4,21,Daylight,Out_of_agglomeration,Out_of_intersection,Light_rain,No_collision,Manual_entry,-0.50624,47.93574,True,2016-04-21,17,0,17:00,Evening,False,Spring,0.0,0.0,70.0,Departmental_road,Bidirectional,Unknown,Unknown,Straight,Wet,Unknown,On_road,Unknown,A01,Other/Unknown,Car(Quad/Passenger),None,No_impact,Straight_ahead,0,1981.0,Male,Driver,Injured_Hospitalized,Driver_seat,Leisure,Not_pedestrian,Unknown,Not_pedestrian,Seat_belt,Used,Not a holiday,0
3509,201600002150,2016,5,4,Daylight,Out_of_agglomeration,Intersection_X,Normal,Side_two_vehicles,Manual_entry,-0.7709,47.78121,True,2016-05-04,12,30,12:30,Afternoon,False,Spring,2.0,0.0,67.0,Departmental_road,Separated_carriageways,Unknown,Flat,Straight,Normal,Unknown,On_road,Unknown,B02,Other/Unknown,Car(Quad/Passenger),Cyclist,Front,Straight_ahead,0,1983.0,Female,Driver,Injured_Hospitalized,Driver_seat,Home-work,Not_pedestrian,Unknown,Not_pedestrian,Seat_belt,Used,Not a holiday,0
3510,201600002150,2016,5,4,Daylight,Out_of_agglomeration,Intersection_X,Normal,Side_two_vehicles,Manual_entry,-0.7709,47.78121,True,2016-05-04,12,30,12:30,Afternoon,False,Spring,2.0,0.0,67.0,Departmental_road,Separated_carriageways,Unknown,Flat,Straight,Normal,Unknown,On_road,Unknown,A01,Other/Unknown,Car(Quad/Passenger),Cyclist,Right_side,Straight_ahead,0,1993.0,Male,Driver,Killed,Driver_seat,Professional use,Not_pedestrian,Unknown,Not_pedestrian,Seat_belt,Used,Not a holiday,0
3511,201600002151,2016,5,8,Daylight,Out_of_agglomeration,Out_of_intersection,Normal,Other_collision,Manual_entry,-0.63816,47.80715,True,2016-05-08,14,0,14:00,Afternoon,True,Spring,0.0,0.0,0.0,Communal_way,Bidirectional,Unknown,Flat,Curve_left,Normal,Unknown,On_verge,Unknown,A01,Same_direction,Car(Quad/Passenger),Pedestrian,Right_side,Straight_ahead,0,1994.0,Female,Driver,Uninjured,Driver_seat,Home-work,Not_pedestrian,Unknown,Not_pedestrian,Seat_belt,Used,Victory in Europe Day,1
3512,201600002152,2016,6,7,Daylight,Built_up_area,Out_of_intersection,Normal,Other_collision,Manual_entry,-0.60807,47.85396,True,2016-06-07,15,45,15:45,Afternoon,False,Summer,0.0,0.0,0.0,Departmental_road,Bidirectional,Unknown,Flat,Straight,Normal,Unknown,On_road,Not_near_school,A01,Opposite_direction,Car(Quad/Passenger),Pedestrian,Right_side,Straight_ahead,0,1978.0,Female,Driver,Uninjured,Driver_seat,Home-work,Not_pedestrian,Unknown,Not_pedestrian,Seat_belt,Used,Not a holiday,0
3513,201600002153,2016,6,26,Twilight_or_dawn,Out_of_agglomeration,Out_of_intersection,Normal,Other_collision,Manual_entry,-0.7332,47.82964,True,2016-06-26,4,30,04:30,Night,True,Summer,2.0,0.0,96.0,Departmental_road,Bidirectional,Unknown,Flat,Curve_left,Normal,Unknown,On_verge,Unknown,A01,Other/Unknown,Motorcycle,None,Front,Straight_ahead,0,1996.0,Male,Driver,Injured_Hospitalized,Driver_seat,other,Not_pedestrian,Unknown,Not_pedestrian,Helmet,Used,Not a holiday,0
3514,201600002154,2016,7,5,Daylight,Built_up_area,Intersection_T,Normal,Side_two_vehicles,Manual_entry,-0.72037,47.83715,True,2016-07-05,14,30,14:30,Afternoon,False,Summer,2.0,0.0,60.0,Departmental_road,Bidirectional,Unknown,Hill_bottom,Straight,Normal,Unknown,On_road,Not_near_school,A01,Other/Unknown,Motorcycle,Cyclist,Front,Roundabout,0,1994.0,Male,Driver,Injured_Slight,Driver_seat,Home-work,Not_pedestrian,Unknown,Not_pedestrian,Helmet,Used,Not a holiday,0