,accident_id,year,month,day,lighting_label,urban_label,intersection_label,weather_label,collision_label,gps_label,longitude_num,latitude_num,valid_geo,date,hour,minute,time_hhmm,time_of_day,is_weekend,season,num_lanes,pedestrian_crossing_width,road_width,road_category_label,traffic_regime_label,reserved_lane_label,road_profile_label,road_layout_label,surface_condition_label,infrastructure_label,situation_label,school_zone_label,vehicle_id,traffic_direction_label,vehicle_category_label,mobile_obstacle_label,impact_point_label,manoeuvre_label,occupants_group,birth_year,sex_label,user_category_label,injury_severity_label,seat_position_label,journey_purpose_label,pedestrian_location_label,pedestrian_action_label,pedestrian_state_label,safety_equipment_type,safety_equipment_usage,holiday_name,is_holiday
3565,201600002187,2016,5,8,Night_without_public_lighting,Out_of_agglomeration,Out_of_intersection,Normal,Other_collision,Manual_entry,-0.71874,48.32801,True,2016-05-08,6,0,06:00,Morning,True,Spring,0.0,0.0,0.0,Departmental_road,Bidirectional,Unknown,Unknown,Straight,Normal,Unknown,Unknown,Unknown,A01,Other/Unknown,Car(Quad/Passenger),None,Left_side,Straight_ahead,0,1992.0,Male,Driver,Killed,Driver_seat,Unknown,Not_pedestrian,Unknown,Not_pedestrian,Seat_belt,Undetermined,Victory in Europe Day,1
3566,201600002188,2016,6,9,Daylight,Built_up_area,Out_of_intersection,Normal,Frontal_two_vehicles,Manual_entry,-0.80231,48.41108,True,2016-06-09,7,45,07:45,Morning,False,Summer,2.0,0.0,79.0,Departmental_road,Bidirectional,Unknown,Flat,Straight,Normal,Unknown,On_road,Unknown,A01,Other/Unknown,Motorcycle,Cyclist,Front_right,Avoiding_obstacle,0,1986.0,Male,Driver,Killed,Driver_seat,Home-work,Not_pedestrian,Unknown,Not_pedestrian,Helmet,Used,Not a holiday,0
3567,201600002188,2016,6,9,Daylight,Built_up_area,Out_of_intersection,Normal,Frontal_two_vehicles,Manual_entry,-0.80231,48.41108,True,2016-06-09,7,45,07:45,Morning,False,Summer,2.0,0.0,79.0,Departmental_road,Bidirectional,Unknown,Flat,Straight,Normal,Unknown,On_road,Unknown,B02,Opposite_direction,Car(Quad/Passenger),Cyclist,Front_right,Straight_ahead,0,1955.0,Male,Driver,Uninjured,Driver_seat,Leisure,Not_pedestrian,Unknown,Not_pedestrian,Seat_belt,Used,Not a holiday,0
3568,201600002189,2016,7,1,Daylight,Out_of_agglomeration,Out_of_intersection,Light_rain,Other_collision,Manual_entry,-0.28982,48.42737,True,2016-07-01,20,0,20:00,Evening,False,Summer,0.0,0.0,0.0,National_road,Bidirectional,Unknown,Unknown,Straight,Wet,Unknown,Unknown,Unknown,A01,Opposite_direction,Bus/Coach,None,No_impact,None,0,1941.0,Male,Driver,Injured_Hospitalized,Driver_seat,Leisure,Not_pedestrian,Unknown,Not_pedestrian,Seat_belt,Used,Not a holiday,0
3569,201600002190,2016,7,5,Daylight,Out_of_agglomeration,Out_of_intersection,Normal,Frontal_two_vehicles,Manual_entry,-0.60707,48.37064,True,2016-07-05,10,45,10:45,Morning,False,Summer,2.0,0.0,0.0,Departmental_road,Bidirectional,Unknown,Slope,Straight,Normal,Unknown,On_road,Unknown,A01,Opposite_direction,Car(Quad/Passenger),Cyclist,Front,Straight_ahead,0,1966.0,Male,Driver,Uninjured,Driver_seat,Professional use,Not_pedestrian,Unknown,Not_pedestrian,Seat_belt,Used,Not a holiday,0
3570,201600002190,2016,7,5,Daylight,Out_of_agglomeration,Out_of_intersection,Normal,Frontal_two_vehicles,Manual_entry,-0.60707,48.37064,True,2016-07-05,10,45,10:45,Morning,False,Summer,2.0,0.0,0.0,Departmental_road,Bidirectional,Unknown,Slope,Straight,Normal,Unknown,On_road,Unknown,B02,Other/Unknown,Car(Quad/Passenger),Cyclist,Front,Reversing,0,1990.0,Male,Driver,Injured_Hospitalized,Driver_seat,other,Not_pedestrian,Unknown,Not_pedestrian,Seat_belt,Not_used,Not a holiday,0
3571,201600002191,2016,7,7,Daylight,Built_up_area,Out_of_intersection,Normal,No_collision,Manual_entry,-0.92757,48.29948,True,2016-07-07,11,15,11:15,Morning,False,Summer,2.0,0.0,0.0,Communal_way,Bidirectional,Unknown,Flat,Straight,Normal,Unknown,On_road,Not_near_school,A01,Other/Unknown,Cycle,None,No_impact,Straight_ahead,0,1930.0,Male,Driver,Killed,Driver_seat,Unknown,Not_pedestrian,Unknown,Not_pedestrian,Helmet,Not_used,Not a holiday,0
3572,201600002192,2016,7,10,Daylight,Out_of_agglomeration,Out_of_intersection,Normal,Chain_three_plus,Manual_entry,-1.05682,48.31344,True,2016-07-10,20,30,20:30,Evening,True,Summer,2.0,0.0,70.0,National_road,Separated_carriageways,Unknown,Hilltop,Unknown,Normal,Unknown,On_road,Unknown,A01,Opposite_direction,Car(Quad/Passenger),Cyclist,Front,Roundabout,0,1980.0,Female,Driver,Uninjured,Driver_seat,Leisure,Not_pedestrian,Unknown,Not_pedestrian,Seat_belt,Used,Not a holiday,0
3573,201600002192,2016,7,10,Daylight,Out_of_agglomeration,Out_of_intersection,Normal,Chain_three_plus,Manual_entry,-1.05682,48.31344,True,2016-07-10,20,30,20:30,Evening,True,Summer,2.0,0.0,70.0,National_road,Separated_carriageways,Unknown,Hilltop,Unknown,Normal,Unknown,On_road,Unknown,B02,Other/Unknown,Car(Quad/Passenger),Cyclist,Front,Straight_ahead,0,1955.0,Male,Driver,Injured_Hospitalized,Driver_seat,Leisure,Not_pedestrian,Unknown,Not_pedestrian,Seat_belt,Used,Not a holiday,0
3574,201600002192,2016,7,10,Daylight,Out_of_agglomeration,Out_of_intersection,Normal,Chain_three_plus,Manual_entry,-1.05682,48.31344,True,2016-07-10,20,30,20:30,Evening,True,Summer,2.0,0.0,70.0,National_road,Separated_carriageways,Unknown,Hilltop,Unknown,Normal,Unknown,On_road,Unknown,C03,Opposite_direction,Car(Quad/Passenger),Cyclist,Front,Straight_ahead,0,1994.0,Female,Driver,Uninjured,Driver_seat,Leisure,Not_pedestrian,Unknown,Not_pedestrian,Seat_belt,Used,Not a holiday,0
3575,201600002193,2016,9,7,Daylight,Built_up_area,Out_of_intersection,Dazzling,Other_collision,Manual_entry,-0.94031,48.29701,True,2016-09-07,19,0,19:00,Evening,False,Autumn,2.0,0.0,60.0,National_road,Bidirectional,Unknown,Slope,Unknown,Normal,Pedestrian_area,On_road,Unknown,A01,Opposite_direction,Car(Quad/Passenger),Pedestrian,Front,Straight_ahead,0,1964.0,Female,Driver,Uninjured,Driver_seat,other,Not_pedestrian,Unknown,Not_pedestrian,Seat_belt,Used,Not a holiday,0
3576,201600002194,2016,9,6,Daylight,Built_up_area,Out_of_intersection,Normal,No_collision,Manual_entry,-0.92927,48.2932,True,2016-09-06,20,15,20:15,Evening,False,Autumn,2.0,0.0,0.0,Communal_way,Bidirectional,Unknown,Flat,Straight,Oil,Unknown,On_road,Unknown,A01,Same_direction,Motorcycle,None,Front_left,Straight_ahead,0,1987.0,Male,Driver,Injured_Hospitalized,Driver_seat,Home-work,Not_pedestrian,Unknown,Not_pedestrian,Helmet,Used,Not a holiday,0
3577,201600002195,2016,11,9,Night_without_public_lighting,Out_of_agglomeration,Out_of_intersection,Heavy_rain,Other_collision,Manual_entry,-0.80473,48.44495,True,2016-11-09,18,15,18:15,Evening,False,Autumn,2.0,0.0,61.0,Departmental_road,Bidirectional,Unknown,Unknown,Straight,Wet,Unknown,On_road,Unknown,B01,Other/Unknown,Utility(Truck/Agri),Pedestrian,Front_right,Park/Start/Stop,0,1953.0,Male,Driver,Uninjured,Driver_seat,Leisure,Not_pedestrian,Unknown,Not_pedestrian,Seat_belt,Used,Not a holiday,0
3578,201600002196,2016,11,28,Daylight,Out_of_agglomeration,Out_of_intersection,Normal,No_collision,Manual_entry,-1.06261,48.42244,True,2016-11-28,8,0,08:00,Morning,False,Autumn,2.0,0.0,0.0,Departmental_road,Bidirectional,Unknown,Slope,Curve_left,Normal,Unknown,On_verge,Unknown,A01,Other/Unknown,Car(Quad/Passenger),None,Rear_left,Turning,0,1934.0,Male,Driver,Injured_Hospitalized,Driver_seat,Unknown,Not_pedestrian,Unknown,Not_pedestrian,Seat_belt,Used,Not a holiday,0
3579,201600002197,2016,4,26,Daylight,Out_of_agglomeration,Out_of_intersection,Heavy_rain,No_collision,Manual_entry,-0.48147,48.31183,True,2016-04-26,16,0,16:00,Afternoon,False,Spring,0.0,0.0,55.0,Departmental_road,Bidirectional,Unknown,Flat,Straight,Wet,Unknown,On_verge,Not_near_school,A01,Other/Unknown,Car(Quad/Passenger),None,Right_side,other,0,1982.0,Male,Driver,Injured_Hospitalized,Driver_seat,Home-work,Not_pedestrian,Unknown,Not_pedestrian,Seat_belt,Used,Not a holiday,0
3580,201600002198,2016,6,5,Night_without_public_lighting,Out_of_agglomeration,Out_of_intersection,Normal,No_collision,Manual_entry,-0.45184,48.46361,True,2016-06-05,1,0,01:00,Night,True,Summer,2.0,0.0,63.0,Departmental_road,Bidirectional,Unknown,Flat,Straight,Normal,Unknown,Unknown,Unknown,A01,Opposite_direction,Car(Quad/Passenger),None,Front_right,Straight_ahead,0,1991.0,Female,Driver,Injured_Hospitalized,Driver_seat,Leisure,Not_pedestrian,Unknown,Not_pedestrian,Seat_belt,Used,Not a holiday,0
3581,201600002199,2016,10,6,Daylight,Out_of_agglomeration,Out_of_intersection,Normal,No_collision,Manual_entry,-0.41429,48.49922,True,2016-10-06,13,15,13:15,Afternoon,False,Autumn,0.0,0.0,54.0,Departmental_road,Bidirectional,Unknown,Flat,S-bend,Other,Unknown,On_verge,Not_near_school,A01,Other/Unknown,Car(Quad/Passenger),None,Multiple impacts,Straight_ahead,0,1940.0,Female,Driver,Injured_Hospitalized,Driver_seat,Leisure,Not_pedestrian,Unknown,Not_pedestrian,Seat_belt,Undetermined,Not a holiday,0
3582,201600002200,2016,6,9,Daylight,Out_of_agglomeration,Out_of_intersection,Normal,Side_two_vehicles,Manual_entry,-0.17069,48.2946,True,2016-06-09,16,45,16:45,Afternoon,False,Summer,2.0,0.0,40.0,Departmental_road,Bidirectional,Unknown,Unknown,Straight,Normal,Unknown,On_road,Not_near_school,A01,Opposite_direction,Car(Quad/Passenger),Cyclist,Left_side,Roundabout,0,1961.0,Male,Driver,Injured_Slight,Driver_seat,Leisure,Not_pedestrian,Unknown,Not_pedestrian,Seat_belt,Used,Not a holiday,0
3583,201600002200,2016,6,9,Daylight,Out_of_agglomeration,Out_of_intersection,Normal,Side_two_vehicles,Manual_entry,-0.17069,48.2946,True,2016-06-09,16,45,16:45,Afternoon,False,Summer,2.0,0.0,40.0,Departmental_road,Bidirectional,Unknown,Unknown,Straight,Normal,Unknown,On_road,Not_near_school,B02,Other/Unknown,Car(Quad/Passenger),Cyclist,Front,Straight_ahead,0,1992.0,Male,Driver,Uninjured,Driver_seat,Leisure,Not_pedestrian,Unknown,Not_pedestrian,Seat_belt,Used,Not a holiday,0
3584,201600002201,2016,10,25,Night_without_public_lighting,Out_of_agglomeration,Out_of_intersection,Normal,Frontal_two_vehicles,Manual_entry,-0.2627,48.43467,True,2016-10-25,20,0,20:00,Evening,False,Autumn,2.0,0.0,75.0,National_road,Bidirectional,Unknown,Unknown,Straight,Normal,Unknown,On_road,Unknown,A01,Other/Unknown,Car(Quad/Passenger),Cyclist,Front,other,0,1971.0,Male,Driver,Uninjured,Driver_seat,Home-work,Not_pedestrian,Unknown,Not_pedestrian,Seat_belt,Undetermined,Not a holiday,0
3585,201600002201,2016,10,25,Night_without_public_lighting,Out_of_agglomeration,Out_of_intersection,Normal,Frontal_two_vehicles,Manual_entry,-0.2627,48.43467,True,2016-10-25,20,0,20:00,Evening,False,Autumn,2.0,0.0,75.0,National_road,Bidirectional,Unknown,Unknown,Straight,Normal,Unknown,On_road,Unknown,B02,Opposite_direction,Motorcycle,Cyclist,Front,Straight_ahead,0,1989.0,Male,Driver,Injured_Hospitalized,Driver_seat,Leisure,Not_pedestrian,Unknown,Not_pedestrian,Helmet,Used,Not a holiday,0
3586,201600002202,2016,2,4,Daylight,Built_up_area,Out_of_intersection,Normal,Other_collision,Manual_entry,5.65289,46.26032,True,2016-02-04,11,55,11:55,Morning,False,Winter,2.0,0.0,60.0,Departmental_road,Bidirectional,Unknown,Flat,Straight,Normal,Unknown,On_sidewalk,Unknown,A01,Opposite_direction,Car(Quad/Passenger),Pedestrian,No_impact,Straight_ahead,0,1979.0,Male,Driver,Uninjured,Driver_seat,Home-work,Not_pedestrian,Unknown,Not_pedestrian,Seat_belt,Not_used,Not a holiday,0
3587,201600002203,2016,2,20,Night_without_public_lighting,Out_of_agglomeration,Out_of_intersection,Normal,No_collision,Unknown,,,False,2016-02-20,18,26,18:26,Evening,True,Winter,2.0,0.0,73.0,Departmental_road,Separated_carriageways,Unknown,Slope,Curve_left,Unknown,Unknown,On_verge,Unknown,A01,Other/Unknown,Car(Quad/Passenger),None,Front,Turning,0,1968.0,Female,Driver,Injured_Hospitalized,Driver_seat,Unknown,Not_pedestrian,Unknown,Not_pedestrian,Seat_belt,Used,Not a holiday,0
3588,201600002204,2016,3,3,Night_with_public_lighting_on,Built_up_area,Out_of_intersection,Snow_or_hail,Side_two_vehicles,Unknown,,,False,2016-03-03,6,40,06:40,Morning,False,Spring,2.0,0.0,68.0,Departmental_road,Bidirectional,Unknown,Slope,Curve_left,Snow,Unknown,On_road,Unknown,B01,Same_direction,Motorcycle,Cyclist,Front,Straight_ahead,0,1963.0,Male,Driver,Uninjured,Driver_seat,Professional use,Not_pedestrian,Unknown,Not_pedestrian,Seat_belt,Used,Not a holiday,0
3589,201600002204,2016,3,3,Night_with_public_lighting_on,Built_up_area,Out_of_intersection,Snow_or_hail,Side_two_vehicles,Unknown,,,False,2016-03-03,6,40,06:40,Morning,False,Spring,2.0,0.0,68.0,Departmental_road,Bidirectional,Unknown,Slope,Curve_left,Snow,Unknown,On_road,Unknown,A01,Same_direction,Car(Quad/Passenger),Cyclist,Left_side,Straight_ahead,0,1976.0,Female,Driver,Injured_Hospitalized,Driver_seat,Unknown,Not_pedestrian,Unknown,Not_pedestrian,Seat_belt,Used,Not a holiday,0
3590,201600002205,2016,4,8,Daylight,Built_up_area,Out_of_intersection,Light_rain,Other_collision,Manual_entry,5.66171,46.25881,True,2016-04-08,14,25,14:25,Afternoon,False,Spring,0.0,0.0,35.0,Communal_way,One_way,Unknown,Slope,Straight,Wet,Unknown,On_road,Unknown,A01,Other/Unknown,Motorcycle,None,No_impact,Straight_ahead,0,1968.0,Male,Driver,Injured_Slight,Driver_seat,Leisure,Not_pedestrian,Unknown,Not_pedestrian,Helmet,Used,Not a holiday,0
3591,201600002205,2016,4,8,Daylight,Built_up_area,Out_of_intersection,Light_rain,Other_collision,Manual_entry,5.66171,46.25881,True,2016-04-08,14,25,14:25,Afternoon,False,Spring,0.0,0.0,35.0,Communal_way,One_way,Unknown,Slope,Straight,Wet,Unknown,On_road,Unknown,B01,Other/Unknown,Car(Quad/Passenger),None,No_impact,None,0,1955.0,Male,Driver,Uninjured,Driver_seat,Unknown,Not_pedestrian,Unknown,Not_pedestrian,Seat_belt,Used,Not a holiday,0
3592,201600002206,2016,5,20,Daylight,Out_of_agglomeration,Out_of_intersection,Normal,Multiple_three_plus,Manual_entry,5.70369,46.24508,True,2016-05-20,17,45,17:45,Evening,False,Spring,2.0,0.0,0.0,Departmental_road,Unknown,Unknown,Slope,Unknown,Unknown,Unknown,On_road,Not_near_school,A01,Opposite_direction,Car(Quad/Passenger),Cyclist,Front_left,None,0,1936.0,Female,Driver,Uninjured,Driver_seat,Leisure,Not_pedestrian,Unknown,Not_pedestrian,Seat_belt,Used,Not a holiday,0
3593,201600002206,2016,5,20,Daylight,Out_of_agglomeration,Out_of_intersection,Normal,Multiple_three_plus,Manual_entry,5.70369,46.24508,True,2016-05-20,17,45,17:45,Evening,False,Spring,2.0,0.0,0.0,Departmental_road,Unknown,Unknown,Slope,Unknown,Unknown,Unknown,On_road,Not_near_school,B01,Other/Unknown,Motorcycle,Cyclist,Front_left,Straight_ahead,0,1983.0,Male,Driver,Injured_Slight,Driver_seat,Leisure,Not_pedestrian,Unknown,Not_pedestrian,Helmet,Used,Not a holiday,0
3594,201600002206,2016,5,20,Daylight,Out_of_agglomeration,Out_of_intersection,Normal,Multiple_three_plus,Manual_entry,5.70369,46.24508,True,2016-05-20,17,45,17:45,Evening,False,Spring,2.0,0.0,0.0,Departmental_road,Unknown,Unknown,Slope,Unknown,Unknown,Unknown,On_road,Not_near_school,C01,Opposite_direction,Car(Quad/Passenger),None,No_impact,None,0,1981.0,Male,Driver,Injured_Slight,Driver_seat,Leisure,Not_pedestrian,Unknown,Not_pedestrian,Seat_belt,Used,Not a holiday,0
3595,201600002207,2016,6,15,Night_with_public_lighting_on,Built_up_area,Intersection_T,Normal,Side_two_vehicles,Manual_entry,5.65716,46.26644,True,2016-06-15,4,15,04:15,Night,False,Summer,0.0,0.0,0.0,Communal_way,Bidirectional,Bike_path,Slope,Curve_left,Unknown,Unknown,On_road,Unknown,A01,Other/Unknown,Car(Quad/Passenger),Cyclist,Front_right,Roundabout,0,1956.0,Female,Driver,Uninjured,Driver_seat,Home-work,Not_pedestrian,Unknown,Not_pedestrian,Seat_belt,Used,Not a holiday,0
3596,201600002207,2016,6,15,Night_with_public_lighting_on,Built_up_area,Intersection_T,Normal,Side_two_vehicles,Manual_entry,5.65716,46.26644,True,2016-06-15,4,15,04:15,Night,False,Summer,0.0,0.0,0.0,Communal_way,Bidirectional,Bike_path,Slope,Curve_left,Unknown,Unknown,On_road,Unknown,B01,Opposite_direction,Cycle,Cyclist,Front,Straight_ahead,0,1967.0,Male,Driver,Injured_Hospitalized,Driver_seat,Home-work,Not_pedestrian,Unknown,Not_pedestrian,other,Undetermined,Not a holiday,0
3597,201600002208,2016,7,18,Daylight,Built_up_area,Out_of_intersection,Normal,Other_collision,Manual_entry,5.6452,46.2444,True,2016-07-18,16,15,16:15,Afternoon,False,Summer,1.0,0.0,0.0,Communal_way,One_way,Reserved_channel,Flat,Straight,Normal,Unknown,On_emergency_stop_band,Unknown,A01,Other/Unknown,Car(Quad/Passenger),Pedestrian,Right_side,None,0,1966.0,Male,Driver,Uninjured,Driver_seat,Unknown,Not_pedestrian,Unknown,Not_pedestrian,Seat_belt,Used,Not a holiday,0
3598,201600002209,2016,7,24,Daylight,Out_of_agglomeration,Out_of_intersection,Normal,Other_collision,Manual_entry,5.68719,46.25286,True,2016-07-24,11,25,11:25,Morning,True,Summer,2.0,0.0,72.0,Departmental_road,Bidirectional,Unknown,Slope,Curve_right,Normal,Unknown,On_verge,Unknown,A01,Opposite_direction,Car(Quad/Passenger),None,Front,Avoiding_obstacle,0,1983.0,Male,Driver,Killed,Driver_seat,Unknown,Not_pedestrian,Unknown,Not_pedestrian,Seat_belt,Used,Not a holiday,0
3599,201600002210,2016,8,18,Night_with_public_lighting_on,Built_up_area,Intersection_T,Normal,Frontal_two_vehicles,Manual_entry,5.63659,46.25285,True,2016-08-18,21,55,21:55,Night,False,Summer,0.0,0.0,104.0,Communal_way,Bidirectional,Unknown,Flat,Straight,Wet,Unknown,On_road,Unknown,A01,Opposite_direction,Car(Quad/Passenger),Cyclist,Front_right,Park/Start/Stop,0,1954.0,Male,Driver,Uninjured,Driver_seat,Leisure,Not_pedestrian,Unknown,Not_pedestrian,Seat_belt,Used,Not a holiday,0
3600,201600002210,2016,8,18,Night_with_public_lighting_on,Built_up_area,Intersection_T,Normal,Frontal_two_vehicles,Manual_entry,5.63659,46.25285,True,2016-08-18,21,55,21:55,Night,False,Summer,0.0,0.0,104.0,Communal_way,Bidirectional,Unknown,Flat,Straight,Wet,Unknown,On_road,Unknown,B01,Other/Unknown,Cycle,Cyclist,Front,Straight_ahead,0,1999.0,Male,Driver,Injured_Hospitalized,Driver_seat,Leisure,Not_pedestrian,Unknown,Not_pedestrian,Helmet,Used,Not a holiday,0
3601,201600002211,2016,10,11,Daylight,Out_of_agglomeration,Out_of_intersection,Normal,Other_collision,Manual_entry,5.6555,46.29041,True,2016-10-11,12,15,12:15,Afternoon,False,Autumn,2.0,0.0,70.0,Departmental_road,One_way,Unknown,Slope,Curve_left,Normal,Unknown,On_road,Unknown,A01,Opposite_direction,Car(Quad/Passenger),None,Multiple impacts,Turning,0,1991.0,Male,Driver,Injured_Slight,Driver_seat,Leisure,Not_pedestrian,Unknown,Not_pedestrian,Seat_belt,Used,Not a holiday,0
3602,201600002212,2016,11,3,Night_with_public_lighting_on,Built_up_area,Out_of_intersection,Normal,Other_collision,Unknown,,,False,2016-11-03,18,10,18:10,Evening,False,Autumn,1.0,0.0,0.0,Communal_way,One_way,Unknown,Flat,Straight,Normal,Unknown,On_road,Unknown,A01,Opposite_direction,Car(Quad/Passenger),Pedestrian,Front,Roundabout,0,1984.0,Male,Driver,Uninjured,Driver_seat,Home-work,Not_pedestrian,Unknown,Not_pedestrian,Seat_belt,Used,Not a holiday,0
3603,201600002213,2016,11,30,Twilight_or_dawn,Built_up_area,Out_of_intersection,Normal,Other_collision,Manual_entry,5.65132,46.25579,True,2016-11-30,17,30,17:30,Evening,False,Autumn,2.0,0.0,48.0,Communal_way,Unknown,Unknown,Unknown,Unknown,Unknown,Unknown,On_road,Not_near_school,A01,Opposite_direction,Car(Quad/Passenger),Pedestrian,Front_right,Straight_ahead,0,1928.0,Female,Driver,Uninjured,Driver_seat,Leisure,Not_pedestrian,Unknown,Not_pedestrian,Seat_belt,Used,Not a holiday,0
3604,201600002214,2016,1,15,Twilight_or_dawn,Built_up_area,Out_of_intersection,Normal,Frontal_two_vehicles,Manual_entry,0.568,47.945,True,2016-01-15,17,15,17:15,Evening,False,Winter,2.0,0.0,63.0,Departmental_road,Bidirectional,Unknown,Unknown,Curve_right,Wet,Unknown,On_road,Unknown,A01,Other/Unknown,Car(Quad/Passenger),Cyclist,Front,Avoiding_obstacle,0,1974.0,Male,Driver,Injured_Hospitalized,Driver_seat,Leisure,Not_pedestrian,Unknown,Not_pedestrian,Seat_belt,Not_used,Not a holiday,0
3605,201600002214,2016,1,15,Twilight_or_dawn,Built_up_area,Out_of_intersection,Normal,Frontal_two_vehicles,Manual_entry,0.568,47.945,True,2016-01-15,17,15,17:15,Evening,False,Winter,2.0,0.0,63.0,Departmental_road,Bidirectional,Unknown,Unknown,Curve_right,Wet,Unknown,On_road,Unknown,B02,Opposite_direction,Car(Quad/Passenger),Cyclist,Front,Straight_ahead,0,1965.0,Female,Driver,Injured_Hospitalized,Driver_seat,Home-work,Not_pedestrian,Unknown,Not_pedestrian,Seat_belt,Used,Not a holiday,0
3606,201600002215,2016,4,21,Twilight_or_dawn,Out_of_agglomeration,Out_of_intersection,Normal,Other_collision,Manual_entry,0.745,47.865,True,2016-04-21,7,15,07:15,Morning,False,Spring,0.0,0.0,51.0,Departmental_road,Bidirectional,Unknown,Unknown,Straight,Normal,Unknown,On_verge,Not_near_school,A01,Other/Unknown,Car(Quad/Passenger),None,Front,Straight_ahead,0,1971.0,Male,Driver,Injured_Slight,Driver_seat,Leisure,Not_pedestrian,Unknown,Not_pedestrian,Seat_belt,Used,Not a holiday,0
3607,201600002216,2016,5,21,Daylight,Out_of_agglomeration,Out_of_intersection,Heavy_rain,No_collision,Manual_entry,0.726,47.847,True,2016-05-21,15,30,15:30,Afternoon,True,Spring,0.0,0.0,0.0,Communal_way,Bidirectional,Unknown,Flat,S-bend,Wet,Unknown,On_road,Unknown,A01,Opposite_direction,Motorcycle,None,Left_side,Turning,0,1995.0,Male,Driver,Injured_Hospitalized,Driver_seat,Leisure,Not_pedestrian,Unknown,Not_pedestrian,Helmet,Used,Not a holiday,0
3608,201600002217,2016,7,1,Daylight,Built_up_area,Out_of_intersection,Normal,Other_collision,Manual_entry,,,False,2016-07-01,12,15,12:15,Afternoon,False,Summer,0.0,0.0,0.0,Departmental_road,Bidirectional,Unknown,Flat,Straight,Normal,Unknown,On_road,Unknown,A01,Opposite_direction,Car(Quad/Passenger),Pedestrian,Front,Straight_ahead,0,1943.0,Male,Driver,Uninjured,Driver_seat,Leisure,Not_pedestrian,Unknown,Not_pedestrian,Seat_belt,Used,Not a holiday,0
3609,201600002218,2016,9,16,Daylight,Out_of_agglomeration,Out_of_intersection,Heavy_rain,Other_collision,Manual_entry,0.596,48.014,True,2016-09-16,13,45,13:45,Afternoon,False,Autumn,0.0,0.0,50.0,Departmental_road,Bidirectional,Unknown,Slope,Curve_right,Wet,Unknown,On_verge,Not_near_school,A01,Opposite_direction,Car(Quad/Passenger),None,Right_side,Straight_ahead,0,1992.0,Male,Driver,Injured_Slight,Driver_seat,Leisure,Not_pedestrian,Unknown,Not_pedestrian,Seat_belt,Used,Not a holiday,0
3610,201600002219,2016,11,25,Twilight_or_dawn,Out_of_agglomeration,Out_of_intersection,Normal,Side_two_vehicles,Manual_entry,,,False,2016-11-25,18,45,18:45,Evening,False,Autumn,2.0,0.0,75.0,Departmental_road,Bidirectional,Unknown,Slope,Straight,Normal,Unknown,On_road,Unknown,A01,Other/Unknown,Car(Quad/Passenger),Cyclist,Right_side,Straight_ahead,0,1974.0,Male,Driver,Injured_Hospitalized,Driver_seat,Leisure,Not_pedestrian,Unknown,Not_pedestrian,Seat_belt,Used,Not a holiday,0
3611,201600002219,2016,11,25,Twilight_or_dawn,Out_of_agglomeration,Out_of_intersection,Normal,Side_two_vehicles,Manual_entry,,,False,2016-11-25,18,45,18:45,Evening,False,Autumn,2.0,0.0,75.0,Departmental_road,Bidirectional,Unknown,Slope,Straight,Normal,Unknown,On_road,Unknown,B02,Opposite_direction,Car(Quad/Passenger),Cyclist,Right_side,Avoiding_obstacle,0,1961.0,Female,Driver,Injured_Hospitalized,Driver_seat,Home-work,Not_pedestrian,Unknown,Not_pedestrian,Seat_belt,Used,Not a holiday,0
3612,201600002220,2016,6,18,Daylight,Built_up_area,Out_of_intersection,Normal,Side_two_vehicles,Manual_entry,-0.128,48.196,True,2016-06-18,12,15,12:15,Afternoon,True,Summer,0.0,0.0,105.0,Departmental_road,Bidirectional,Unknown,Slope,Curve_left,Normal,Roundabout,On_road,Unknown,B02,Opposite_direction,Car(Quad/Passenger),Cyclist,Front,Straight_ahead,0,1978.0,Male,Driver,Uninjured,Driver_seat,Leisure,Not_pedestrian,Unknown,Not_pedestrian,Seat_belt,Used,Not a holiday,0
3613,201600002220,2016,6,18,Daylight,Built_up_area,Out_of_intersection,Normal,Side_two_vehicles,Manual_entry,-0.128,48.196,True,2016-06-18,12,15,12:15,Afternoon,True,Summer,0.0,0.0,105.0,Departmental_road,Bidirectional,Unknown,Slope,Curve_left,Normal,Roundabout,On_road,Unknown,A01,Other/Unknown,Car(Quad/Passenger),Cyclist,Front_right,Straight_ahead,0,1996.0,Female,Driver,Injured_Hospitalized,Driver_seat,Home-school,Not_pedestrian,Unknown,Not_pedestrian,Seat_belt,Used,Not a holiday,0
3614,201600002221,2016,1,22,Daylight,Out_of_agglomeration,Out_of_intersection,Light_rain,Frontal_two_vehicles,Manual_entry,0.284,48.021,True,2016-01-22,8,45,08:45,Morning,False,Winter,2.0,0.0,134.0,Departmental_road,Bidirectional,Unknown,Flat,Straight,Wet,Unknown,On_road,Unknown,B02,Opposite_direction,Car(Quad/Passenger),Cyclist,Right_side,None,0,1971.0,Female,Driver,Injured_Hospitalized,Driver_seat,Home-work,Not_pedestrian,Unknown,Not_pedestrian,Seat_belt,Used,Not a holiday,0