,accident_id,year,month,day,lighting_label,urban_label,intersection_label,weather_label,collision_label,gps_label,longitude_num,latitude_num,valid_geo,date,hour,minute,time_hhmm,time_of_day,is_weekend,season,num_lanes,pedestrian_crossing_width,road_width,road_category_label,traffic_regime_label,reserved_lane_label,road_profile_label,road_layout_label,surface_condition_label,infrastructure_label,situation_label,school_zone_label,vehicle_id,traffic_direction_label,vehicle_category_label,mobile_obstacle_label,impact_point_label,manoeuvre_label,occupants_group,birth_year,sex_label,user_category_label,injury_severity_label,seat_position_label,journey_purpose_label,pedestrian_location_label,pedestrian_action_label,pedestrian_state_label,safety_equipment_type,safety_equipment_usage,holiday_name,is_holiday
3615,201600002221,2016,1,22,Daylight,Out_of_agglomeration,Out_of_intersection,Light_rain,Frontal_two_vehicles,Manual_entry,0.284,48.021,True,2016-01-22,8,45,08:45,Morning,False,Winter,2.0,0.0,134.0,Departmental_road,Bidirectional,Unknown,Flat,Straight,Wet,Unknown,On_road,Unknown,A01,Other/Unknown,Car(Quad/Passenger),Cyclist,Right_side,Park/Start/Stop,0,1971.0,Male,Driver,Injured_Slight,Driver_seat,Professional use,Not_pedestrian,Unknown,Not_pedestrian,Seat_belt,Used,Not a holiday,0
3616,201600002222,2016,2,29,Night_with_public_lighting_on,Out_of_agglomeration,Out_of_intersection,Normal,Other_collision,Manual_entry,0.485,48.077,True,2016-02-29,21,0,21:00,Night,False,Winter,2.0,0.0,0.0,Departmental_road,Bidirectional,Unknown,Flat,Curve_left,Wet,Unknown,On_road,Unknown,A01,Opposite_direction,Car(Quad/Passenger),None,Front,Roundabout,0,1996.0,Female,Driver,Injured_Hospitalized,Driver_seat,Leisure,Not_pedestrian,Unknown,Not_pedestrian,Seat_belt,Used,Not a holiday,0
3617,201600002223,2016,3,4,Daylight,Built_up_area,Out_of_intersection,Heavy_rain,Side_two_vehicles,Manual_entry,,,False,2016-03-04,14,45,14:45,Afternoon,False,Spring,2.0,100.0,70.0,Departmental_road,Bidirectional,Unknown,Unknown,Straight,Wet,Unknown,On_road,Unknown,B02,Other/Unknown,Motorcycle,Cyclist,Left_side,Straight_ahead,0,1963.0,Male,Driver,Injured_Hospitalized,Driver_seat,Leisure,Not_pedestrian,Unknown,Not_pedestrian,Helmet,Used,Not a holiday,0
3618,201600002223,2016,3,4,Daylight,Built_up_area,Out_of_intersection,Heavy_rain,Side_two_vehicles,Manual_entry,,,False,2016-03-04,14,45,14:45,Afternoon,False,Spring,2.0,100.0,70.0,Departmental_road,Bidirectional,Unknown,Unknown,Straight,Wet,Unknown,On_road,Unknown,A01,Opposite_direction,Car(Quad/Passenger),Cyclist,Front_right,Roundabout,0,1952.0,Male,Driver,Uninjured,Driver_seat,Leisure,Not_pedestrian,Unknown,Not_pedestrian,Seat_belt,Used,Not a holiday,0
3619,201600002224,2016,4,17,Daylight,Out_of_agglomeration,Intersection_Y,Normal,Side_two_vehicles,Manual_entry,0.6,48.097,True,2016-04-17,18,45,18:45,Evening,True,Spring,0.0,0.0,0.0,Departmental_road,Bidirectional,Unknown,Unknown,Straight,Normal,Unknown,On_road,Unknown,B02,Same_direction,Car(Quad/Passenger),Cyclist,Front_right,Straight_ahead,0,1991.0,Female,Driver,Injured_Hospitalized,Driver_seat,Leisure,Not_pedestrian,Unknown,Not_pedestrian,Seat_belt,Used,Not a holiday,0
3620,201600002224,2016,4,17,Daylight,Out_of_agglomeration,Intersection_Y,Normal,Side_two_vehicles,Manual_entry,0.6,48.097,True,2016-04-17,18,45,18:45,Evening,True,Spring,0.0,0.0,0.0,Departmental_road,Bidirectional,Unknown,Unknown,Straight,Normal,Unknown,On_road,Unknown,A01,Same_direction,Car(Quad/Passenger),Cyclist,Right_side,Straight_ahead,0,1997.0,Male,Driver,Injured_Slight,Driver_seat,Leisure,Not_pedestrian,Unknown,Not_pedestrian,Seat_belt,Used,Not a holiday,0
3621,201600002225,2016,5,17,Daylight,Out_of_agglomeration,Out_of_intersection,Normal,Other_collision,Manual_entry,0.358,48.029,True,2016-05-17,19,0,19:00,Evening,False,Spring,2.0,0.0,73.0,Departmental_road,Bidirectional,Unknown,Flat,Straight,Normal,Unknown,On_verge,Unknown,A01,Other/Unknown,Car(Quad/Passenger),None,Right_side,other,0,1987.0,Male,Driver,Injured_Hospitalized,Driver_seat,other,Not_pedestrian,Unknown,Not_pedestrian,Seat_belt,Used,Not a holiday,0
3622,201600002226,2016,5,25,Night_without_public_lighting,Out_of_agglomeration,Out_of_intersection,Normal,Other_collision,Manual_entry,0.62,48.087,True,2016-05-25,23,0,23:00,Night,False,Spring,2.0,0.0,56.0,Departmental_road,Bidirectional,Unknown,Hilltop,Straight,Normal,Unknown,On_road,Unknown,A01,Other/Unknown,Car(Quad/Passenger),None,Front_left,Lane_change/Overtaking,0,1983.0,Male,Driver,Killed,Driver_seat,Leisure,Not_pedestrian,Unknown,Not_pedestrian,Seat_belt,Used,Not a holiday,0
3623,201600002227,2016,7,5,Daylight,Built_up_area,Out_of_intersection,Normal,Other_collision,Manual_entry,0.463,47.98,True,2016-07-05,7,45,07:45,Morning,False,Summer,2.0,0.0,0.0,Departmental_road,Bidirectional,Unknown,Slope,Curve_left,Normal,Unknown,On_road,Not_near_school,A01,Opposite_direction,Car(Quad/Passenger),None,Front,Straight_ahead,0,1993.0,Male,Driver,Uninjured,Driver_seat,Leisure,Not_pedestrian,Unknown,Not_pedestrian,Seat_belt,Used,Not a holiday,0
3624,201600002228,2016,6,7,Daylight,Out_of_agglomeration,Roundabout,Normal,No_collision,Manual_entry,,,False,2016-06-07,13,30,13:30,Afternoon,False,Summer,2.0,0.0,0.0,Departmental_road,One_way,Unknown,Flat,Curve_left,Normal,Unknown,On_road,Unknown,A01,Opposite_direction,Motorcycle,None,Front_left,Straight_ahead,0,1969.0,Male,Driver,Injured_Hospitalized,Driver_seat,Leisure,Not_pedestrian,Unknown,Not_pedestrian,Helmet,Used,Not a holiday,0
3625,201600002229,2016,7,21,Daylight,Out_of_agglomeration,Out_of_intersection,Normal,Frontal_two_vehicles,Manual_entry,0.287,48.007,True,2016-07-21,13,45,13:45,Afternoon,False,Summer,0.0,0.0,0.0,Departmental_road,Bidirectional,Unknown,Flat,Straight,Normal,Unknown,On_road,Unknown,A01,Other/Unknown,Car(Quad/Passenger),Cyclist,Right_side,Avoiding_obstacle,0,1997.0,Female,Driver,Killed,Driver_seat,Leisure,Not_pedestrian,Unknown,Not_pedestrian,Seat_belt,Used,Not a holiday,0
3626,201600002229,2016,7,21,Daylight,Out_of_agglomeration,Out_of_intersection,Normal,Frontal_two_vehicles,Manual_entry,0.287,48.007,True,2016-07-21,13,45,13:45,Afternoon,False,Summer,0.0,0.0,0.0,Departmental_road,Bidirectional,Unknown,Flat,Straight,Normal,Unknown,On_road,Unknown,B02,Opposite_direction,Car(Quad/Passenger),Cyclist,Right_side,Straight_ahead,0,1953.0,Male,Driver,Injured_Hospitalized,Driver_seat,Leisure,Not_pedestrian,Unknown,Not_pedestrian,Seat_belt,Used,Not a holiday,0
3627,201600002230,2016,7,20,Daylight,Out_of_agglomeration,Out_of_intersection,Normal,Other_collision,Manual_entry,0.489,48.03,True,2016-07-20,7,45,07:45,Morning,False,Summer,2.0,0.0,59.0,Departmental_road,Bidirectional,Unknown,Slope,Curve_right,Normal,Unknown,On_road,Unknown,A01,Other/Unknown,Motorcycle,None,No_impact,None,0,1978.0,Male,Driver,Injured_Hospitalized,Driver_seat,Home-work,Not_pedestrian,Unknown,Not_pedestrian,Helmet,Used,Not a holiday,0
3628,201600002231,2016,7,25,Daylight,Out_of_agglomeration,Out_of_intersection,Normal,No_collision,Manual_entry,0.438,48.138,True,2016-07-25,13,45,13:45,Afternoon,False,Summer,0.0,0.0,50.0,Departmental_road,Bidirectional,Unknown,Flat,Straight,Normal,Unknown,On_road,Unknown,A01,Opposite_direction,Motorcycle,None,Multiple impacts,other,0,1982.0,Male,Driver,Injured_Hospitalized,Driver_seat,Home-work,Not_pedestrian,Unknown,Not_pedestrian,Helmet,Used,Not a holiday,0
3629,201600002232,2016,7,23,Daylight,Built_up_area,Out_of_intersection,Normal,No_collision,Manual_entry,0.524,48.119,True,2016-07-23,18,15,18:15,Evening,True,Summer,2.0,0.0,0.0,Departmental_road,Unknown,Unknown,Slope,S-bend,Normal,Unknown,On_road,Unknown,A01,Opposite_direction,Motorcycle,None,Left_side,None,0,1999.0,Male,Driver,Injured_Hospitalized,Driver_seat,Home-work,Not_pedestrian,Unknown,Not_pedestrian,Helmet,Used,Not a holiday,0
3630,201600002233,2016,8,19,Daylight,Built_up_area,Out_of_intersection,Normal,Other_collision,Manual_entry,,,False,2016-08-19,17,0,17:00,Evening,False,Summer,2.0,0.0,76.0,Departmental_road,Bidirectional,Unknown,Flat,Straight,Normal,Unknown,On_road,Not_near_school,A01,Other/Unknown,Car(Quad/Passenger),Pedestrian,Front_right,None,0,1972.0,Male,Driver,Uninjured,Driver_seat,Shopping,Not_pedestrian,Unknown,Not_pedestrian,Seat_belt,Used,Not a holiday,0
3631,201600002234,2016,8,22,Daylight,Out_of_agglomeration,Out_of_intersection,Normal,Multiple_three_plus,Manual_entry,0.368,48.009,True,2016-08-22,19,0,19:00,Evening,False,Summer,2.0,0.0,88.0,Departmental_road,Bidirectional,Unknown,Unknown,Straight,Normal,Unknown,On_road,Not_near_school,D04,Other/Unknown,Car(Quad/Passenger),Cyclist,Front_left,Straight_ahead,0,1946.0,Male,Driver,Uninjured,Driver_seat,Unknown,Not_pedestrian,Unknown,Not_pedestrian,Seat_belt,Used,Not a holiday,0
3632,201600002234,2016,8,22,Daylight,Out_of_agglomeration,Out_of_intersection,Normal,Multiple_three_plus,Manual_entry,0.368,48.009,True,2016-08-22,19,0,19:00,Evening,False,Summer,2.0,0.0,88.0,Departmental_road,Bidirectional,Unknown,Unknown,Straight,Normal,Unknown,On_road,Not_near_school,B02,Other/Unknown,Car(Quad/Passenger),Cyclist,Front,Straight_ahead,0,1970.0,Female,Driver,Injured_Hospitalized,Driver_seat,Leisure,Not_pedestrian,Unknown,Not_pedestrian,Seat_belt,Used,Not a holiday,0
3633,201600002234,2016,8,22,Daylight,Out_of_agglomeration,Out_of_intersection,Normal,Multiple_three_plus,Manual_entry,0.368,48.009,True,2016-08-22,19,0,19:00,Evening,False,Summer,2.0,0.0,88.0,Departmental_road,Bidirectional,Unknown,Unknown,Straight,Normal,Unknown,On_road,Not_near_school,C03,Other/Unknown,Bus/Coach,None,Front_left,Straight_ahead,0,1961.0,Male,Driver,Uninjured,Driver_seat,Professional use,Not_pedestrian,Unknown,Not_pedestrian,Seat_belt,Used,Not a holiday,0
3634,201600002234,2016,8,22,Daylight,Out_of_agglomeration,Out_of_intersection,Normal,Multiple_three_plus,Manual_entry,0.368,48.009,True,2016-08-22,19,0,19:00,Evening,False,Summer,2.0,0.0,88.0,Departmental_road,Bidirectional,Unknown,Unknown,Straight,Normal,Unknown,On_road,Not_near_school,A01,Other/Unknown,Car(Quad/Passenger),Cyclist,Front,other,0,1953.0,Male,Driver,Injured_Hospitalized,Driver_seat,Leisure,Not_pedestrian,Unknown,Not_pedestrian,Seat_belt,Used,Not a holiday,0
3635,201600002235,2016,9,27,Night_without_public_lighting,Out_of_agglomeration,Out_of_intersection,Normal,No_collision,Manual_entry,,,False,2016-09-27,19,30,19:30,Evening,False,Autumn,0.0,0.0,59.0,Departmental_road,Bidirectional,Unknown,Flat,Curve_left,Normal,Unknown,Unknown,Unknown,A01,Opposite_direction,Car(Quad/Passenger),None,No_impact,Straight_ahead,0,1947.0,Male,Driver,Injured_Slight,Driver_seat,Leisure,Not_pedestrian,Unknown,Not_pedestrian,Seat_belt,Used,Not a holiday,0
3636,201600002236,2016,10,7,Daylight,Built_up_area,Out_of_intersection,Normal,Frontal_two_vehicles,Manual_entry,,,False,2016-10-07,14,0,14:00,Afternoon,False,Autumn,0.0,0.0,93.0,Departmental_road,Bidirectional,Unknown,Flat,Unknown,Normal,Unknown,On_road,Unknown,B02,Opposite_direction,Car(Quad/Passenger),None,No_impact,other,0,1988.0,Male,Driver,Uninjured,Driver_seat,Unknown,Not_pedestrian,Unknown,Not_pedestrian,Seat_belt,Used,Not a holiday,0
3637,201600002236,2016,10,7,Daylight,Built_up_area,Out_of_intersection,Normal,Frontal_two_vehicles,Manual_entry,,,False,2016-10-07,14,0,14:00,Afternoon,False,Autumn,0.0,0.0,93.0,Departmental_road,Bidirectional,Unknown,Flat,Unknown,Normal,Unknown,On_road,Unknown,A01,Opposite_direction,Motorcycle,None,Front_left,Interaction,0,1991.0,Male,Driver,Injured_Hospitalized,Driver_seat,Home-work,Not_pedestrian,Unknown,Not_pedestrian,Helmet,Used,Not a holiday,0
3638,201600002237,2016,10,23,Night_without_public_lighting,Out_of_agglomeration,Out_of_intersection,Normal,Frontal_two_vehicles,Manual_entry,,,False,2016-10-23,2,30,02:30,Night,True,Autumn,0.0,0.0,54.0,Departmental_road,Bidirectional,Unknown,Flat,Straight,Normal,Unknown,On_road,Not_near_school,A01,Opposite_direction,Car(Quad/Passenger),None,Front,Straight_ahead,0,1993.0,Female,Driver,Injured_Hospitalized,Driver_seat,Leisure,Not_pedestrian,Unknown,Not_pedestrian,Seat_belt,Used,Not a holiday,0
3639,201600002237,2016,10,23,Night_without_public_lighting,Out_of_agglomeration,Out_of_intersection,Normal,Frontal_two_vehicles,Manual_entry,,,False,2016-10-23,2,30,02:30,Night,True,Autumn,0.0,0.0,54.0,Departmental_road,Bidirectional,Unknown,Flat,Straight,Normal,Unknown,On_road,Not_near_school,B02,Other/Unknown,Car(Quad/Passenger),None,Right_side,Straight_ahead,0,1937.0,Male,Driver,Injured_Hospitalized,Driver_seat,Leisure,Not_pedestrian,Unknown,Not_pedestrian,Seat_belt,Used,Not a holiday,0
3640,201600002238,2016,11,9,Night_with_public_lighting_on,Built_up_area,Out_of_intersection,Light_rain,Side_two_vehicles,Manual_entry,0.42,48.078,True,2016-11-09,17,15,17:15,Evening,False,Autumn,0.0,71.0,0.0,Departmental_road,Bidirectional,Unknown,Flat,Straight,Wet,Unknown,On_road,Unknown,A01,Opposite_direction,Motorcycle,Cyclist,Left_side,Park/Start/Stop,0,1999.0,Male,Driver,Injured_Hospitalized,Driver_seat,Home-work,Not_pedestrian,Unknown,Not_pedestrian,Helmet,Used,Not a holiday,0
3641,201600002238,2016,11,9,Night_with_public_lighting_on,Built_up_area,Out_of_intersection,Light_rain,Side_two_vehicles,Manual_entry,0.42,48.078,True,2016-11-09,17,15,17:15,Evening,False,Autumn,0.0,71.0,0.0,Departmental_road,Bidirectional,Unknown,Flat,Straight,Wet,Unknown,On_road,Unknown,B02,Other/Unknown,Car(Quad/Passenger),Cyclist,Front_right,Straight_ahead,0,1969.0,Male,Driver,Uninjured,Driver_seat,Leisure,Not_pedestrian,Unknown,Not_pedestrian,Seat_belt,Used,Not a holiday,0
3642,201600002239,2016,11,15,Daylight,Out_of_agglomeration,Out_of_intersection,Light_rain,Frontal_two_vehicles,Manual_entry,0.38,48.037,True,2016-11-15,17,15,17:15,Evening,False,Autumn,0.0,0.0,64.0,Departmental_road,Bidirectional,Unknown,Unknown,Curve_right,Wet,Unknown,On_road,Unknown,B02,Opposite_direction,Car(Quad/Passenger),Cyclist,Front,None,0,,,,,,,,,,,,Not a holiday,0
3643,201600002239,2016,11,15,Daylight,Out_of_agglomeration,Out_of_intersection,Light_rain,Frontal_two_vehicles,Manual_entry,0.38,48.037,True,2016-11-15,17,15,17:15,Evening,False,Autumn,0.0,0.0,64.0,Departmental_road,Bidirectional,Unknown,Unknown,Curve_right,Wet,Unknown,On_road,Unknown,A01,Other/Unknown,Car(Quad/Passenger),Cyclist,Front,Avoiding_obstacle,0,,,,,,,,,,,,Not a holiday,0
3644,201600002240,2016,11,11,Night_without_public_lighting,Out_of_agglomeration,Out_of_intersection,Light_rain,Other_collision,Manual_entry,0.539,48.133,True,2016-11-11,23,30,23:30,Night,False,Autumn,0.0,45.0,84.0,Communal_way,Bidirectional,Unknown,Flat,Straight,Wet,Unknown,On_verge,Not_near_school,A01,Other/Unknown,Car(Quad/Passenger),None,Front,Straight_ahead,0,,,,,,,,,,,,Armistice Day,1
3645,201600002241,2016,12,9,Daylight,Out_of_agglomeration,Out_of_intersection,Normal,Multiple_three_plus,Manual_entry,0.462,48.047,True,2016-12-09,16,45,16:45,Afternoon,False,Winter,2.0,109.0,0.0,Departmental_road,Bidirectional,Unknown,Unknown,Straight,Normal,Unknown,On_road,Not_near_school,A01,Opposite_direction,Car(Quad/Passenger),Cyclist,Front,Reversing,0,,,,,,,,,,,,Not a holiday,0
3646,201600002241,2016,12,9,Daylight,Out_of_agglomeration,Out_of_intersection,Normal,Multiple_three_plus,Manual_entry,0.462,48.047,True,2016-12-09,16,45,16:45,Afternoon,False,Winter,2.0,109.0,0.0,Departmental_road,Bidirectional,Unknown,Unknown,Straight,Normal,Unknown,On_road,Not_near_school,C03,Other/Unknown,Car(Quad/Passenger),None,Left_side,Interaction,0,,,,,,,,,,,,Not a holiday,0
3647,201600002241,2016,12,9,Daylight,Out_of_agglomeration,Out_of_intersection,Normal,Multiple_three_plus,Manual_entry,0.462,48.047,True,2016-12-09,16,45,16:45,Afternoon,False,Winter,2.0,109.0,0.0,Departmental_road,Bidirectional,Unknown,Unknown,Straight,Normal,Unknown,On_road,Not_near_school,B02,Other/Unknown,Car(Quad/Passenger),Cyclist,Front,Straight_ahead,0,,,,,,,,,,,,Not a holiday,0
3648,201600002242,2016,12,16,Night_without_public_lighting,Out_of_agglomeration,Out_of_intersection,Normal,Frontal_two_vehicles,Manual_entry,0.519,48.056,True,2016-12-16,19,15,19:15,Evening,False,Winter,2.0,0.0,0.0,Departmental_road,Bidirectional,Unknown,Flat,Straight,Normal,Unknown,On_road,Unknown,A01,Opposite_direction,Car(Quad/Passenger),Cyclist,Right_side,Avoiding_obstacle,0,,,,,,,,,,,,Not a holiday,0
3649,201600002242,2016,12,16,Night_without_public_lighting,Out_of_agglomeration,Out_of_intersection,Normal,Frontal_two_vehicles,Manual_entry,0.519,48.056,True,2016-12-16,19,15,19:15,Evening,False,Winter,2.0,0.0,0.0,Departmental_road,Bidirectional,Unknown,Flat,Straight,Normal,Unknown,On_road,Unknown,B02,Other/Unknown,Car(Quad/Passenger),Cyclist,Right_side,Straight_ahead,0,,,,,,,,,,,,Not a holiday,0
3650,201600002243,2016,12,18,Daylight,Out_of_agglomeration,Out_of_intersection,Fog_or_smoke,Frontal_two_vehicles,Manual_entry,0.54,48.078,True,2016-12-18,14,15,14:15,Afternoon,True,Winter,2.0,0.0,74.0,Departmental_road,Bidirectional,Unknown,Hilltop,Straight,Normal,Unknown,On_road,Unknown,A01,Other/Unknown,Car(Quad/Passenger),Cyclist,Right_side,Straight_ahead,0,,,,,,,,,,,,Not a holiday,0
3651,201600002243,2016,12,18,Daylight,Out_of_agglomeration,Out_of_intersection,Fog_or_smoke,Frontal_two_vehicles,Manual_entry,0.54,48.078,True,2016-12-18,14,15,14:15,Afternoon,True,Winter,2.0,0.0,74.0,Departmental_road,Bidirectional,Unknown,Hilltop,Straight,Normal,Unknown,On_road,Unknown,B02,Opposite_direction,Car(Quad/Passenger),Cyclist,Right_side,Straight_ahead,0,,,,,,,,,,,,Not a holiday,0
3652,201600002244,2016,1,21,Daylight,Out_of_agglomeration,Out_of_intersection,Normal,No_collision,Manual_entry,,,False,2016-01-21,16,30,16:30,Afternoon,False,Winter,2.0,0.0,0.0,Departmental_road,Bidirectional,Unknown,Unknown,Straight,Normal,Unknown,On_verge,Not_near_school,A01,Opposite_direction,Car(Quad/Passenger),None,Front,Straight_ahead,0,,,,,,,,,,,,Not a holiday,0
3653,201600002245,2016,3,3,Daylight,Out_of_agglomeration,Out_of_intersection,Normal,Multiple_three_plus,Manual_entry,,,False,2016-03-03,8,15,08:15,Morning,False,Spring,2.0,0.0,45.0,Departmental_road,Bidirectional,Unknown,Flat,Straight,Wet,Unknown,On_road,Unknown,B02,Same_direction,Car(Quad/Passenger),Cyclist,Front,Avoiding_obstacle,0,,,,,,,,,,,,Not a holiday,0
3654,201600002245,2016,3,3,Daylight,Out_of_agglomeration,Out_of_intersection,Normal,Multiple_three_plus,Manual_entry,,,False,2016-03-03,8,15,08:15,Morning,False,Spring,2.0,0.0,45.0,Departmental_road,Bidirectional,Unknown,Flat,Straight,Wet,Unknown,On_road,Unknown,D04,Opposite_direction,Car(Quad/Passenger),None,Rear,other,0,,,,,,,,,,,,Not a holiday,0
3655,201600002245,2016,3,3,Daylight,Out_of_agglomeration,Out_of_intersection,Normal,Multiple_three_plus,Manual_entry,,,False,2016-03-03,8,15,08:15,Morning,False,Spring,2.0,0.0,45.0,Departmental_road,Bidirectional,Unknown,Flat,Straight,Wet,Unknown,On_road,Unknown,A01,Same_direction,Car(Quad/Passenger),None,Front,Turning,0,,,,,,,,,,,,Not a holiday,0
3656,201600002245,2016,3,3,Daylight,Out_of_agglomeration,Out_of_intersection,Normal,Multiple_three_plus,Manual_entry,,,False,2016-03-03,8,15,08:15,Morning,False,Spring,2.0,0.0,45.0,Departmental_road,Bidirectional,Unknown,Flat,Straight,Wet,Unknown,On_road,Unknown,C03,Opposite_direction,Car(Quad/Passenger),Cyclist,Front,Straight_ahead,0,,,,,,,,,,,,Not a holiday,0
3657,201600002246,2016,5,24,Daylight,Out_of_agglomeration,Roundabout,Normal,Side_two_vehicles,Manual_entry,,,False,2016-05-24,21,0,21:00,Night,False,Spring,1.0,0.0,78.0,Departmental_road,One_way,Unknown,Unknown,Curve_left,Normal,Roundabout,On_road,Unknown,B02,Same_direction,Motorcycle,Cyclist,Rear,Straight_ahead,0,,,,,,,,,,,,Not a holiday,0
3658,201600002246,2016,5,24,Daylight,Out_of_agglomeration,Roundabout,Normal,Side_two_vehicles,Manual_entry,,,False,2016-05-24,21,0,21:00,Night,False,Spring,1.0,0.0,78.0,Departmental_road,One_way,Unknown,Unknown,Curve_left,Normal,Roundabout,On_road,Unknown,A01,Same_direction,Car(Quad/Passenger),Cyclist,Front_right,Roundabout,0,,,,,,,,,,,,Not a holiday,0
3659,201600002247,2016,6,12,Night_without_public_lighting,Out_of_agglomeration,Out_of_intersection,Cloudy,Frontal_two_vehicles,Manual_entry,,,False,2016-06-12,4,0,04:00,Night,True,Summer,2.0,71.0,0.0,Departmental_road,Bidirectional,Unknown,Flat,Curve_right,Normal,Unknown,On_road,Not_near_school,A01,Opposite_direction,Car(Quad/Passenger),Cyclist,Front,Straight_ahead,0,,,,,,,,,,,,Not a holiday,0
3660,201600002247,2016,6,12,Night_without_public_lighting,Out_of_agglomeration,Out_of_intersection,Cloudy,Frontal_two_vehicles,Manual_entry,,,False,2016-06-12,4,0,04:00,Night,True,Summer,2.0,71.0,0.0,Departmental_road,Bidirectional,Unknown,Flat,Curve_right,Normal,Unknown,On_road,Not_near_school,B02,Other/Unknown,Car(Quad/Passenger),Cyclist,Front_right,Straight_ahead,0,,,,,,,,,,,,Not a holiday,0
3661,201600002248,2016,7,6,Daylight,Out_of_agglomeration,Out_of_intersection,Normal,Chain_three_plus,Manual_entry,,,False,2016-07-06,8,0,08:00,Morning,False,Summer,2.0,0.0,53.0,Departmental_road,Bidirectional,Unknown,Slope,Curve_left,Normal,Unknown,On_road,Unknown,C03,Other/Unknown,Car(Quad/Passenger),Cyclist,Right_side,Straight_ahead,0,,,,,,,,,,,,Not a holiday,0
3662,201600002248,2016,7,6,Daylight,Out_of_agglomeration,Out_of_intersection,Normal,Chain_three_plus,Manual_entry,,,False,2016-07-06,8,0,08:00,Morning,False,Summer,2.0,0.0,53.0,Departmental_road,Bidirectional,Unknown,Slope,Curve_left,Normal,Unknown,On_road,Unknown,B02,Other/Unknown,Motorcycle,Cyclist,Right_side,Straight_ahead,0,,,,,,,,,,,,Not a holiday,0
3663,201600002248,2016,7,6,Daylight,Out_of_agglomeration,Out_of_intersection,Normal,Chain_three_plus,Manual_entry,,,False,2016-07-06,8,0,08:00,Morning,False,Summer,2.0,0.0,53.0,Departmental_road,Bidirectional,Unknown,Slope,Curve_left,Normal,Unknown,On_road,Unknown,A01,Opposite_direction,Utility(Truck/Agri),Cyclist,Right_side,Avoiding_obstacle,0,,,,,,,,,,,,Not a holiday,0
3664,201600002249,2016,7,12,Daylight,Out_of_agglomeration,Out_of_intersection,Light_rain,Multiple_three_plus,Manual_entry,,,False,2016-07-12,18,15,18:15,Evening,False,Summer,2.0,0.0,71.0,Departmental_road,Bidirectional,Unknown,Slope,Straight,Wet,Unknown,On_road,Unknown,A01,Other/Unknown,Car(Quad/Passenger),Cyclist,Right_side,Avoiding_obstacle,0,,,,,,,,,,,,Not a holiday,0
3665,201600002249,2016,7,12,Daylight,Out_of_agglomeration,Out_of_intersection,Light_rain,Multiple_three_plus,Manual_entry,,,False,2016-07-12,18,15,18:15,Evening,False,Summer,2.0,0.0,71.0,Departmental_road,Bidirectional,Unknown,Slope,Straight,Wet,Unknown,On_road,Unknown,C03,Opposite_direction,Car(Quad/Passenger),Cyclist,Right_side,Straight_ahead,0,,,,,,,,,,,,Not a holiday,0
3666,201600002249,2016,7,12,Daylight,Out_of_agglomeration,Out_of_intersection,Light_rain,Multiple_three_plus,Manual_entry,,,False,2016-07-12,18,15,18:15,Evening,False,Summer,2.0,0.0,71.0,Departmental_road,Bidirectional,Unknown,Slope,Straight,Wet,Unknown,On_road,Unknown,B02,Opposite_direction,Car(Quad/Passenger),Cyclist,Front_left,Straight_ahead,0,,,,,,,,,,,,Not a holiday,0
3667,201600002250,2016,12,7,Twilight_or_dawn,Built_up_area,Roundabout,Normal,Side_two_vehicles,Manual_entry,,,False,2016-12-07,17,15,17:15,Evening,False,Winter,2.0,0.0,0.0,Departmental_road,Bidirectional,Unknown,Flat,Straight,Normal,Roundabout,On_road,Unknown,B02,Other/Unknown,Car(Quad/Passenger),Cyclist,Front_left,Roundabout,0,,,,,,,,,,,,Not a holiday,0
3668,201600002250,2016,12,7,Twilight_or_dawn,Built_up_area,Roundabout,Normal,Side_two_vehicles,Manual_entry,,,False,2016-12-07,17,15,17:15,Evening,False,Winter,2.0,0.0,0.0,Departmental_road,Bidirectional,Unknown,Flat,Straight,Normal,Roundabout,On_road,Unknown,A01,Other/Unknown,Cycle,Cyclist,Front,Straight_ahead,0,,,,,,,,,,,,Not a holiday,0
3669,201600002251,2016,2,29,Daylight,Out_of_agglomeration,Out_of_intersection,Normal,Frontal_two_vehicles,Manual_entry,,,False,2016-02-29,8,15,08:15,Morning,False,Winter,2.0,0.0,53.0,Communal_way,Bidirectional,Unknown,Flat,Straight,Normal,Unknown,On_road,Near_school,A01,Opposite_direction,Motorcycle,Cyclist,Front,Reversing,0,,,,,,,,,,,,Not a holiday,0
3670,201600002251,2016,2,29,Daylight,Out_of_agglomeration,Out_of_intersection,Normal,Frontal_two_vehicles,Manual_entry,,,False,2016-02-29,8,15,08:15,Morning,False,Winter,2.0,0.0,53.0,Communal_way,Bidirectional,Unknown,Flat,Straight,Normal,Unknown,On_road,Near_school,B02,Other/Unknown,Car(Quad/Passenger),Cyclist,Front_right,Interaction,0,,,,,,,,,,,,Not a holiday,0
3671,201600002252,2016,5,3,Daylight,Built_up_area,Out_of_intersection,Normal,Other_collision,Manual_entry,,,False,2016-05-03,12,0,12:00,Afternoon,False,Spring,0.0,0.0,55.0,other,Bidirectional,Unknown,Flat,Straight,Normal,Pedestrian_area,On_road,Near_school,A01,Opposite_direction,Car(Quad/Passenger),Pedestrian,Left_side,Roundabout,0,,,,,,,,,,,,Not a holiday,0