,accident_id,year,month,day,lighting_label,urban_label,intersection_label,weather_label,collision_label,gps_label,longitude_num,latitude_num,valid_geo,date,hour,minute,time_hhmm,time_of_day,is_weekend,season,num_lanes,pedestrian_crossing_width,road_width,road_category_label,traffic_regime_label,reserved_lane_label,road_profile_label,road_layout_label,surface_condition_label,infrastructure_label,situation_label,school_zone_label,vehicle_id,traffic_direction_label,vehicle_category_label,mobile_obstacle_label,impact_point_label,manoeuvre_label,occupants_group,birth_year,sex_label,user_category_label,injury_severity_label,seat_position_label,journey_purpose_label,pedestrian_location_label,pedestrian_action_label,pedestrian_state_label,safety_equipment_type,safety_equipment_usage,holiday_name,is_holiday
3672,201600002253,2016,5,8,Daylight,Out_of_agglomeration,Out_of_intersection,Normal,Multiple_three_plus,Manual_entry,,,False,2016-05-08,15,15,15:15,Afternoon,True,Spring,0.0,0.0,0.0,Departmental_road,Bidirectional,Unknown,Unknown,Unknown,Normal,Unknown,Unknown,Not_near_school,B02,Other/Unknown,Motorcycle,Cyclist,Front,Straight_ahead,0,,,,,,,,,,,,Victory in Europe Day,1
3673,201600002253,2016,5,8,Daylight,Out_of_agglomeration,Out_of_intersection,Normal,Multiple_three_plus,Manual_entry,,,False,2016-05-08,15,15,15:15,Afternoon,True,Spring,0.0,0.0,0.0,Departmental_road,Bidirectional,Unknown,Unknown,Unknown,Normal,Unknown,Unknown,Not_near_school,C03,Other/Unknown,Motorcycle,other,Front,Straight_ahead,0,,,,,,,,,,,,Victory in Europe Day,1
3674,201600002253,2016,5,8,Daylight,Out_of_agglomeration,Out_of_intersection,Normal,Multiple_three_plus,Manual_entry,,,False,2016-05-08,15,15,15:15,Afternoon,True,Spring,0.0,0.0,0.0,Departmental_road,Bidirectional,Unknown,Unknown,Unknown,Normal,Unknown,Unknown,Not_near_school,A01,Opposite_direction,Motorcycle,Cyclist,Left_side,None,0,,,,,,,,,,,,Victory in Europe Day,1
3675,201600002253,2016,5,8,Daylight,Out_of_agglomeration,Out_of_intersection,Normal,Multiple_three_plus,Manual_entry,,,False,2016-05-08,15,15,15:15,Afternoon,True,Spring,0.0,0.0,0.0,Departmental_road,Bidirectional,Unknown,Unknown,Unknown,Normal,Unknown,Unknown,Not_near_school,E05,Opposite_direction,Motorcycle,other,Front,Turning,0,,,,,,,,,,,,Victory in Europe Day,1
3676,201600002253,2016,5,8,Daylight,Out_of_agglomeration,Out_of_intersection,Normal,Multiple_three_plus,Manual_entry,,,False,2016-05-08,15,15,15:15,Afternoon,True,Spring,0.0,0.0,0.0,Departmental_road,Bidirectional,Unknown,Unknown,Unknown,Normal,Unknown,Unknown,Not_near_school,D04,Other/Unknown,Car(Quad/Passenger),other,Right_side,Straight_ahead,0,,,,,,,,,,,,Victory in Europe Day,1
3677,201600002253,2016,5,8,Daylight,Out_of_agglomeration,Out_of_intersection,Normal,Multiple_three_plus,Manual_entry,,,False,2016-05-08,15,15,15:15,Afternoon,True,Spring,0.0,0.0,0.0,Departmental_road,Bidirectional,Unknown,Unknown,Unknown,Normal,Unknown,Unknown,Not_near_school,F06,Opposite_direction,Motorcycle,other,Rear_right,Straight_ahead,0,,,,,,,,,,,,Victory in Europe Day,1
3678,201600002254,2016,5,18,Daylight,Out_of_agglomeration,Out_of_intersection,Normal,Multiple_three_plus,Manual_entry,,,False,2016-05-18,19,15,19:15,Evening,False,Spring,2.0,58.0,0.0,Departmental_road,Bidirectional,Unknown,Unknown,Straight,Unknown,Unknown,On_road,Unknown,A01,Opposite_direction,Car(Quad/Passenger),Cyclist,Rear_right,None,0,,,,,,,,,,,,Not a holiday,0
3679,201600002254,2016,5,18,Daylight,Out_of_agglomeration,Out_of_intersection,Normal,Multiple_three_plus,Manual_entry,,,False,2016-05-18,19,15,19:15,Evening,False,Spring,2.0,58.0,0.0,Departmental_road,Bidirectional,Unknown,Unknown,Straight,Unknown,Unknown,On_road,Unknown,B02,Opposite_direction,Utility(Truck/Agri),Cyclist,Front,Turning,0,,,,,,,,,,,,Not a holiday,0
3680,201600002254,2016,5,18,Daylight,Out_of_agglomeration,Out_of_intersection,Normal,Multiple_three_plus,Manual_entry,,,False,2016-05-18,19,15,19:15,Evening,False,Spring,2.0,58.0,0.0,Departmental_road,Bidirectional,Unknown,Unknown,Straight,Unknown,Unknown,On_road,Unknown,C03,Opposite_direction,Car(Quad/Passenger),Cyclist,Front,Turning,0,,,,,,,,,,,,Not a holiday,0
3681,201600002255,2016,5,27,Daylight,Built_up_area,Out_of_intersection,Normal,Side_two_vehicles,Manual_entry,0.068,47.935,True,2016-05-27,18,15,18:15,Evening,False,Spring,2.0,0.0,0.0,other,Bidirectional,Unknown,Flat,Straight,Normal,Unknown,On_road,Near_school,B02,Same_direction,Car(Quad/Passenger),Cyclist,Front_right,Loss_of_control,0,,,,,,,,,,,,Not a holiday,0
3682,201600002255,2016,5,27,Daylight,Built_up_area,Out_of_intersection,Normal,Side_two_vehicles,Manual_entry,0.068,47.935,True,2016-05-27,18,15,18:15,Evening,False,Spring,2.0,0.0,0.0,other,Bidirectional,Unknown,Flat,Straight,Normal,Unknown,On_road,Near_school,A01,Opposite_direction,Motorcycle,Cyclist,Right_side,Straight_ahead,0,,,,,,,,,,,,Not a holiday,0
3683,201600002256,2016,7,26,Daylight,Out_of_agglomeration,Intersection_X,Normal,Side_two_vehicles,Manual_entry,0.157,48.009,True,2016-07-26,14,0,14:00,Afternoon,False,Summer,1.0,0.0,48.0,Communal_way,Bidirectional,Unknown,Unknown,Curve_right,Normal,Unknown,On_road,Not_near_school,A01,Same_direction,Utility(Truck/Agri),Cyclist,Front,Straight_ahead,0,,,,,,,,,,,,Not a holiday,0
3684,201600002256,2016,7,26,Daylight,Out_of_agglomeration,Intersection_X,Normal,Side_two_vehicles,Manual_entry,0.157,48.009,True,2016-07-26,14,0,14:00,Afternoon,False,Summer,1.0,0.0,48.0,Communal_way,Bidirectional,Unknown,Unknown,Curve_right,Normal,Unknown,On_road,Not_near_school,B02,Same_direction,Cycle,Cyclist,No_impact,Loss_of_control,0,,,,,,,,,,,,Not a holiday,0
3685,201600002257,2016,8,16,Daylight,Out_of_agglomeration,Roundabout,Normal,Side_two_vehicles,Manual_entry,,,False,2016-08-16,10,0,10:00,Morning,False,Summer,1.0,0.0,51.0,Departmental_road,One_way,Unknown,Flat,Curve_right,Normal,Roundabout,On_road,Unknown,A01,Opposite_direction,Car(Quad/Passenger),Cyclist,Left_side,other,0,,,,,,,,,,,,Not a holiday,0
3686,201600002257,2016,8,16,Daylight,Out_of_agglomeration,Roundabout,Normal,Side_two_vehicles,Manual_entry,,,False,2016-08-16,10,0,10:00,Morning,False,Summer,1.0,0.0,51.0,Departmental_road,One_way,Unknown,Flat,Curve_right,Normal,Roundabout,On_road,Unknown,B02,Opposite_direction,Cycle,Cyclist,Front_left,Straight_ahead,0,,,,,,,,,,,,Not a holiday,0
3687,201600002258,2016,8,30,Twilight_or_dawn,Out_of_agglomeration,Out_of_intersection,Normal,Side_two_vehicles,Manual_entry,,,False,2016-08-30,7,15,07:15,Morning,False,Summer,2.0,0.0,93.0,Departmental_road,Bidirectional,Unknown,Unknown,Straight,Normal,Unknown,On_road,Unknown,A01,Other/Unknown,Car(Quad/Passenger),Cyclist,Right_side,Reversing,0,,,,,,,,,,,,Not a holiday,0
3688,201600002258,2016,8,30,Twilight_or_dawn,Out_of_agglomeration,Out_of_intersection,Normal,Side_two_vehicles,Manual_entry,,,False,2016-08-30,7,15,07:15,Morning,False,Summer,2.0,0.0,93.0,Departmental_road,Bidirectional,Unknown,Unknown,Straight,Normal,Unknown,On_road,Unknown,B02,Other/Unknown,Bus/Coach,Cyclist,Front_left,None,0,,,,,,,,,,,,Not a holiday,0
3689,201600002259,2016,9,9,Night_without_public_lighting,Out_of_agglomeration,Other,Normal,Other_collision,Manual_entry,,,False,2016-09-09,22,30,22:30,Night,False,Autumn,2.0,0.0,0.0,Departmental_road,Bidirectional,Unknown,Unknown,Straight,Normal,Unknown,On_road,Unknown,A01,Opposite_direction,Motorcycle,None,No_impact,Straight_ahead,0,,,,,,,,,,,,Not a holiday,0
3690,201600002260,2016,12,9,Night_without_public_lighting,Out_of_agglomeration,Out_of_intersection,Fog_or_smoke,Other_collision,Manual_entry,,,False,2016-12-09,9,0,09:00,Morning,False,Winter,2.0,0.0,60.0,Departmental_road,Bidirectional,Unknown,Flat,Straight,Wet,Unknown,Unknown,Unknown,A01,Same_direction,Car(Quad/Passenger),None,Front_right,Turning,0,,,,,,,,,,,,Not a holiday,0
3691,201600002261,2016,1,19,Daylight,Built_up_area,Out_of_intersection,Normal,Other_collision,Manual_entry,,,False,2016-01-19,18,0,18:00,Evening,False,Winter,0.0,30.0,41.0,Communal_way,One_way,Cycle_bank,Unknown,Straight,Normal,Unknown,On_sidewalk,Unknown,A01,Same_direction,Car(Quad/Passenger),None,Front,None,0,,,,,,,,,,,,Not a holiday,0
3692,201600002262,2016,5,17,Daylight,Out_of_agglomeration,Out_of_intersection,Normal,Side_two_vehicles,Manual_entry,,,False,2016-05-17,13,30,13:30,Afternoon,False,Spring,0.0,0.0,43.0,Communal_way,Bidirectional,Unknown,Flat,Unknown,Normal,Unknown,On_road,Not_near_school,A01,Same_direction,Motorcycle,Cyclist,Right_side,Straight_ahead,0,,,,,,,,,,,,Not a holiday,0
3693,201600002262,2016,5,17,Daylight,Out_of_agglomeration,Out_of_intersection,Normal,Side_two_vehicles,Manual_entry,,,False,2016-05-17,13,30,13:30,Afternoon,False,Spring,0.0,0.0,43.0,Communal_way,Bidirectional,Unknown,Flat,Unknown,Normal,Unknown,On_road,Not_near_school,B02,Same_direction,Car(Quad/Passenger),Cyclist,Right_side,Straight_ahead,0,,,,,,,,,,,,Not a holiday,0
3694,201600002263,2016,7,2,Night_without_public_lighting,Out_of_agglomeration,Out_of_intersection,Normal,Side_two_vehicles,Manual_entry,-0.063,47.69,True,2016-07-02,1,0,01:00,Night,True,Summer,2.0,0.0,73.0,Departmental_road,Bidirectional,Unknown,Flat,Straight,Normal,Unknown,On_road,Unknown,A01,Opposite_direction,Car(Quad/Passenger),Cyclist,Right_side,Loss_of_control,0,,,,,,,,,,,,Not a holiday,0
3695,201600002263,2016,7,2,Night_without_public_lighting,Out_of_agglomeration,Out_of_intersection,Normal,Side_two_vehicles,Manual_entry,-0.063,47.69,True,2016-07-02,1,0,01:00,Night,True,Summer,2.0,0.0,73.0,Departmental_road,Bidirectional,Unknown,Flat,Straight,Normal,Unknown,On_road,Unknown,B02,Opposite_direction,Motorcycle,Cyclist,Front,Straight_ahead,0,,,,,,,,,,,,Not a holiday,0
3696,201600002264,2016,7,17,Night_without_public_lighting,Out_of_agglomeration,Out_of_intersection,Normal,Rear_end_two_vehicles,Manual_entry,-0.112,47.698,True,2016-07-17,0,15,00:15,Night,True,Summer,2.0,35.0,72.0,Departmental_road,Bidirectional,Unknown,Flat,Straight,Normal,Unknown,On_road,Unknown,A01,Opposite_direction,Car(Quad/Passenger),Cyclist,Front_right,Straight_ahead,0,,,,,,,,,,,,Not a holiday,0
3697,201600002264,2016,7,17,Night_without_public_lighting,Out_of_agglomeration,Out_of_intersection,Normal,Rear_end_two_vehicles,Manual_entry,-0.112,47.698,True,2016-07-17,0,15,00:15,Night,True,Summer,2.0,35.0,72.0,Departmental_road,Bidirectional,Unknown,Flat,Straight,Normal,Unknown,On_road,Unknown,B02,Opposite_direction,Cycle,Cyclist,Rear_right,Straight_ahead,0,,,,,,,,,,,,Not a holiday,0
3698,201600002265,2016,7,24,Daylight,Built_up_area,Out_of_intersection,Dazzling,Other_collision,Manual_entry,-0.172,47.692,True,2016-07-24,15,15,15:15,Afternoon,True,Summer,0.0,0.0,80.0,Departmental_road,Bidirectional,Unknown,Flat,Straight,Normal,Unknown,On_verge,Not_near_school,A01,Opposite_direction,Car(Quad/Passenger),None,Front_right,Straight_ahead,0,,,,,,,,,,,,Not a holiday,0
3699,201600002266,2016,10,19,Daylight,Built_up_area,Out_of_intersection,Normal,Frontal_two_vehicles,Manual_entry,-0.072,47.701,True,2016-10-19,14,15,14:15,Afternoon,False,Autumn,1.0,0.0,0.0,Communal_way,One_way,Unknown,Flat,Curve_left,Normal,Unknown,On_road,Unknown,B02,Same_direction,Cycle,Cyclist,Front,Straight_ahead,0,,,,,,,,,,,,Not a holiday,0
3700,201600002266,2016,10,19,Daylight,Built_up_area,Out_of_intersection,Normal,Frontal_two_vehicles,Manual_entry,-0.072,47.701,True,2016-10-19,14,15,14:15,Afternoon,False,Autumn,1.0,0.0,0.0,Communal_way,One_way,Unknown,Flat,Curve_left,Normal,Unknown,On_road,Unknown,A01,Same_direction,Car(Quad/Passenger),Cyclist,Front,Roundabout,0,,,,,,,,,,,,Not a holiday,0
3701,201600002267,2016,10,11,Daylight,Out_of_agglomeration,Out_of_intersection,Normal,Other_collision,Manual_entry,,,False,2016-10-11,18,15,18:15,Evening,False,Autumn,2.0,0.0,0.0,Departmental_road,Bidirectional,Unknown,Flat,Straight,Normal,Bridge,On_verge,Unknown,A01,Opposite_direction,Car(Quad/Passenger),None,Right_side,Avoiding_obstacle,0,,,,,,,,,,,,Not a holiday,0
3702,201600002268,2016,10,26,Night_without_public_lighting,Out_of_agglomeration,Out_of_intersection,Normal,No_collision,Manual_entry,0.399,47.673,True,2016-10-26,22,0,22:00,Night,False,Autumn,2.0,0.0,0.0,Departmental_road,Unknown,Unknown,Unknown,Unknown,Unknown,Unknown,Unknown,Not_near_school,A01,Same_direction,Car(Quad/Passenger),None,No_impact,None,0,,,,,,,,,,,,Not a holiday,0
3703,201600002269,2016,12,21,Night_without_public_lighting,Out_of_agglomeration,Out_of_intersection,Normal,Other_collision,Manual_entry,,,False,2016-12-21,6,30,06:30,Morning,False,Winter,2.0,0.0,0.0,Departmental_road,Bidirectional,Unknown,Flat,Straight,Normal,Unknown,On_road,Unknown,A01,Opposite_direction,Car(Quad/Passenger),Pedestrian,Front,Straight_ahead,0,,,,,,,,,,,,Not a holiday,0
3704,201600002270,2016,11,23,Night_without_public_lighting,Out_of_agglomeration,Out_of_intersection,Light_rain,Side_two_vehicles,Manual_entry,-0.231,47.845,True,2016-11-23,18,15,18:15,Evening,False,Autumn,2.0,0.0,0.0,Departmental_road,Bidirectional,Unknown,Flat,Straight,Wet,Roundabout,On_road,Unknown,A01,Opposite_direction,Motorcycle,Cyclist,Front,Straight_ahead,0,,,,,,,,,,,,Not a holiday,0
3705,201600002270,2016,11,23,Night_without_public_lighting,Out_of_agglomeration,Out_of_intersection,Light_rain,Side_two_vehicles,Manual_entry,-0.231,47.845,True,2016-11-23,18,15,18:15,Evening,False,Autumn,2.0,0.0,0.0,Departmental_road,Bidirectional,Unknown,Flat,Straight,Wet,Roundabout,On_road,Unknown,B02,Opposite_direction,Car(Quad/Passenger),Cyclist,Right_side,Roundabout,0,,,,,,,,,,,,Not a holiday,0
3706,201600002271,2016,1,4,Daylight,Out_of_agglomeration,Out_of_intersection,Normal,Frontal_two_vehicles,Manual_entry,-0.224,47.98,True,2016-01-04,16,15,16:15,Afternoon,False,Winter,2.0,0.0,60.0,Departmental_road,Bidirectional,Unknown,Flat,Curve_right,Normal,Unknown,On_road,Not_near_school,B02,Opposite_direction,Car(Quad/Passenger),Cyclist,Right_side,Straight_ahead,0,,,,,,,,,,,,Not a holiday,0
3707,201600002271,2016,1,4,Daylight,Out_of_agglomeration,Out_of_intersection,Normal,Frontal_two_vehicles,Manual_entry,-0.224,47.98,True,2016-01-04,16,15,16:15,Afternoon,False,Winter,2.0,0.0,60.0,Departmental_road,Bidirectional,Unknown,Flat,Curve_right,Normal,Unknown,On_road,Not_near_school,A01,Other/Unknown,Car(Quad/Passenger),Cyclist,Right_side,Interaction,0,,,,,,,,,,,,Not a holiday,0
3708,201600002272,2016,1,18,Daylight,Out_of_agglomeration,Out_of_intersection,Light_rain,Other_collision,Manual_entry,-0.21,47.779,True,2016-01-18,11,30,11:30,Morning,False,Winter,2.0,0.0,0.0,Departmental_road,Bidirectional,Unknown,Flat,Straight,Wet,Unknown,On_verge,Not_near_school,A01,Same_direction,Car(Quad/Passenger),None,Front_right,Straight_ahead,0,,,,,,,,,,,,Not a holiday,0
3709,201600002273,2016,2,15,Night_with_public_lighting_on,Built_up_area,Out_of_intersection,Normal,Frontal_two_vehicles,Manual_entry,,,False,2016-02-15,19,45,19:45,Evening,False,Winter,2.0,25.0,78.0,Departmental_road,Bidirectional,Unknown,Flat,Straight,Normal,Roundabout,On_road,Unknown,A01,Same_direction,Car(Quad/Passenger),Cyclist,Front,Avoiding_obstacle,0,,,,,,,,,,,,Not a holiday,0
3710,201600002273,2016,2,15,Night_with_public_lighting_on,Built_up_area,Out_of_intersection,Normal,Frontal_two_vehicles,Manual_entry,,,False,2016-02-15,19,45,19:45,Evening,False,Winter,2.0,25.0,78.0,Departmental_road,Bidirectional,Unknown,Flat,Straight,Normal,Roundabout,On_road,Unknown,B02,Same_direction,Car(Quad/Passenger),Cyclist,Front,Straight_ahead,0,,,,,,,,,,,,Not a holiday,0
3711,201600002274,2016,3,8,Night_without_public_lighting,Out_of_agglomeration,Out_of_intersection,Normal,Multiple_three_plus,Manual_entry,-0.226,47.988,True,2016-03-08,19,30,19:30,Evening,False,Spring,2.0,0.0,67.0,Departmental_road,Bidirectional,Unknown,Hill_bottom,Straight,Normal,Unknown,On_road,Unknown,C03,Opposite_direction,Utility(Truck/Agri),Cyclist,Front,None,0,,,,,,,,,,,,Not a holiday,0
3712,201600002274,2016,3,8,Night_without_public_lighting,Out_of_agglomeration,Out_of_intersection,Normal,Multiple_three_plus,Manual_entry,-0.226,47.988,True,2016-03-08,19,30,19:30,Evening,False,Spring,2.0,0.0,67.0,Departmental_road,Bidirectional,Unknown,Hill_bottom,Straight,Normal,Unknown,On_road,Unknown,B02,Other/Unknown,Car(Quad/Passenger),Cyclist,Front,Straight_ahead,0,,,,,,,,,,,,Not a holiday,0
3713,201600002274,2016,3,8,Night_without_public_lighting,Out_of_agglomeration,Out_of_intersection,Normal,Multiple_three_plus,Manual_entry,-0.226,47.988,True,2016-03-08,19,30,19:30,Evening,False,Spring,2.0,0.0,67.0,Departmental_road,Bidirectional,Unknown,Hill_bottom,Straight,Normal,Unknown,On_road,Unknown,A01,Opposite_direction,Car(Quad/Passenger),Cyclist,Multiple impacts,Roundabout,0,,,,,,,,,,,,Not a holiday,0
3714,201600002275,2016,4,20,Daylight,Out_of_agglomeration,Out_of_intersection,Normal,Side_two_vehicles,Manual_entry,-0.202,47.824,True,2016-04-20,10,0,10:00,Morning,False,Spring,2.0,0.0,58.0,Departmental_road,Bidirectional,Unknown,Flat,Straight,Normal,Unknown,On_road,Unknown,B02,Other/Unknown,Car(Quad/Passenger),Cyclist,Right_side,Straight_ahead,0,,,,,,,,,,,,Not a holiday,0
3715,201600002275,2016,4,20,Daylight,Out_of_agglomeration,Out_of_intersection,Normal,Side_two_vehicles,Manual_entry,-0.202,47.824,True,2016-04-20,10,0,10:00,Morning,False,Spring,2.0,0.0,58.0,Departmental_road,Bidirectional,Unknown,Flat,Straight,Normal,Unknown,On_road,Unknown,A01,Opposite_direction,Car(Quad/Passenger),Cyclist,Right_side,Loss_of_control,0,,,,,,,,,,,,Not a holiday,0
3716,201600002276,2016,6,13,Daylight,Out_of_agglomeration,Out_of_intersection,Normal,Frontal_two_vehicles,Manual_entry,-0.141,47.775,True,2016-06-13,14,0,14:00,Afternoon,False,Summer,2.0,0.0,0.0,Communal_way,Bidirectional,Unknown,Flat,Straight,Normal,Unknown,On_road,Unknown,A01,Opposite_direction,Car(Quad/Passenger),Cyclist,Right_side,Straight_ahead,0,,,,,,,,,,,,Not a holiday,0
3717,201600002276,2016,6,13,Daylight,Out_of_agglomeration,Out_of_intersection,Normal,Frontal_two_vehicles,Manual_entry,-0.141,47.775,True,2016-06-13,14,0,14:00,Afternoon,False,Summer,2.0,0.0,0.0,Communal_way,Bidirectional,Unknown,Flat,Straight,Normal,Unknown,On_road,Unknown,B02,Same_direction,Car(Quad/Passenger),Cyclist,Right_side,Turning,0,,,,,,,,,,,,Not a holiday,0
3718,201600002277,2016,6,26,Daylight,Out_of_agglomeration,Out_of_intersection,Normal,No_collision,Manual_entry,-0.209,47.986,True,2016-06-26,17,45,17:45,Evening,True,Summer,0.0,0.0,0.0,Departmental_road,Bidirectional,Unknown,Unknown,Curve_left,Normal,Unknown,On_road,Unknown,A01,Same_direction,Motorcycle,None,No_impact,Turning,0,,,,,,,,,,,,Not a holiday,0
3719,201600002278,2016,8,12,Daylight,Built_up_area,Out_of_intersection,Normal,Other_collision,Manual_entry,-0.098,47.871,True,2016-08-12,8,0,08:00,Morning,False,Summer,2.0,0.0,94.0,Departmental_road,Bidirectional,Unknown,Flat,Curve_left,Normal,Unknown,On_road,Unknown,A01,Opposite_direction,Car(Quad/Passenger),None,Front_right,Straight_ahead,0,,,,,,,,,,,,Not a holiday,0
3720,201600002279,2016,8,12,Daylight,Out_of_agglomeration,Out_of_intersection,Normal,Frontal_two_vehicles,Manual_entry,,,False,2016-08-12,20,45,20:45,Evening,False,Summer,2.0,0.0,60.0,Departmental_road,Bidirectional,Unknown,Flat,Curve_right,Normal,Unknown,On_road,Unknown,A01,Opposite_direction,Motorcycle,Cyclist,Front,Avoiding_obstacle,0,,,,,,,,,,,,Not a holiday,0
3721,201600002279,2016,8,12,Daylight,Out_of_agglomeration,Out_of_intersection,Normal,Frontal_two_vehicles,Manual_entry,,,False,2016-08-12,20,45,20:45,Evening,False,Summer,2.0,0.0,60.0,Departmental_road,Bidirectional,Unknown,Flat,Curve_right,Normal,Unknown,On_road,Unknown,B02,Other/Unknown,Car(Quad/Passenger),Cyclist,Front,Straight_ahead,0,,,,,,,,,,,,Not a holiday,0
3722,201600002280,2016,9,2,Daylight,Built_up_area,Out_of_intersection,Normal,Rear_end_two_vehicles,Manual_entry,-0.08,47.817,True,2016-09-02,11,45,11:45,Morning,False,Autumn,0.0,0.0,72.0,Departmental_road,Bidirectional,Unknown,Flat,Straight,Normal,Roundabout,On_road,Not_near_school,B02,Opposite_direction,Cycle,Cyclist,Rear_left,Roundabout,0,,,,,,,,,,,,Not a holiday,0
3723,201600002280,2016,9,2,Daylight,Built_up_area,Out_of_intersection,Normal,Rear_end_two_vehicles,Manual_entry,-0.08,47.817,True,2016-09-02,11,45,11:45,Morning,False,Autumn,0.0,0.0,72.0,Departmental_road,Bidirectional,Unknown,Flat,Straight,Normal,Roundabout,On_road,Not_near_school,A01,Other/Unknown,Car(Quad/Passenger),other,Right_side,Straight_ahead,0,,,,,,,,,,,,Not a holiday,0
3724,201600002281,2016,11,11,Night_without_public_lighting,Out_of_agglomeration,Out_of_intersection,Normal,Other_collision,Manual_entry,-0.238,47.844,True,2016-11-11,3,15,03:15,Night,False,Autumn,2.0,0.0,74.0,Departmental_road,Bidirectional,Unknown,Unknown,Straight,Normal,Unknown,On_verge,Unknown,A01,Opposite_direction,Car(Quad/Passenger),None,Right_side,Avoiding_obstacle,0,,,,,,,,,,,,Armistice Day,1
3725,201600002282,2016,11,14,Daylight,Out_of_agglomeration,Out_of_intersection,Normal,Side_two_vehicles,Manual_entry,,,False,2016-11-14,7,45,07:45,Morning,False,Autumn,2.0,0.0,0.0,Departmental_road,Bidirectional,Unknown,Unknown,Straight,Normal,Unknown,On_road,Not_near_school,A01,Opposite_direction,Motorcycle,Cyclist,Front,Straight_ahead,0,,,,,,,,,,,,Not a holiday,0
3726,201600002282,2016,11,14,Daylight,Out_of_agglomeration,Out_of_intersection,Normal,Side_two_vehicles,Manual_entry,,,False,2016-11-14,7,45,07:45,Morning,False,Autumn,2.0,0.0,0.0,Departmental_road,Bidirectional,Unknown,Unknown,Straight,Normal,Unknown,On_road,Not_near_school,B02,Opposite_direction,Motorcycle,Cyclist,Rear,Straight_ahead,0,,,,,,,,,,,,Not a holiday,0
3727,201600002283,2016,11,17,Night_without_public_lighting,Out_of_agglomeration,Out_of_intersection,Cloudy,Frontal_two_vehicles,Manual_entry,-0.053,47.741,True,2016-11-17,18,30,18:30,Evening,False,Autumn,0.0,0.0,57.0,Departmental_road,Bidirectional,Unknown,Flat,Straight,Wet,Unknown,On_road,Not_near_school,B02,Other/Unknown,Utility(Truck/Agri),Cyclist,Right_side,Straight_ahead,0,,,,,,,,,,,,Not a holiday,0
3728,201600002283,2016,11,17,Night_without_public_lighting,Out_of_agglomeration,Out_of_intersection,Cloudy,Frontal_two_vehicles,Manual_entry,-0.053,47.741,True,2016-11-17,18,30,18:30,Evening,False,Autumn,0.0,0.0,57.0,Departmental_road,Bidirectional,Unknown,Flat,Straight,Wet,Unknown,On_road,Not_near_school,A01,Opposite_direction,Car(Quad/Passenger),Cyclist,Right_side,Straight_ahead,0,,,,,,,,,,,,Not a holiday,0
3729,201600002284,2016,11,22,Daylight,Out_of_agglomeration,Out_of_intersection,Normal,Other_collision,Manual_entry,,,False,2016-11-22,15,30,15:30,Afternoon,False,Autumn,2.0,0.0,0.0,Departmental_road,Bidirectional,Unknown,Slope,S-bend,Normal,Unknown,On_verge,Unknown,A01,Other/Unknown,Car(Quad/Passenger),None,Right_side,Straight_ahead,0,,,,,,,,,,,,Not a holiday,0
3730,201600002285,2016,11,23,Daylight,Out_of_agglomeration,Out_of_intersection,Normal,No_collision,Manual_entry,-0.088,47.799,True,2016-11-23,15,45,15:45,Afternoon,False,Autumn,2.0,0.0,0.0,Departmental_road,Bidirectional,Unknown,Flat,Straight,Normal,Unknown,On_verge,Unknown,A01,Opposite_direction,Motorcycle,None,No_impact,None,0,,,,,,,,,,,,Not a holiday,0
3731,201600002286,2016,1,8,Night_without_public_lighting,Out_of_agglomeration,Out_of_intersection,Normal,Rear_end_two_vehicles,Manual_entry,,,False,2016-01-08,18,30,18:30,Evening,False,Winter,3.0,0.0,0.0,Departmental_road,Bidirectional,Unknown,Flat,Straight,Normal,Unknown,On_road,Unknown,B02,Opposite_direction,Car(Quad/Passenger),Cyclist,Front_right,Turning,0,,,,,,,,,,,,Not a holiday,0
3732,201600002286,2016,1,8,Night_without_public_lighting,Out_of_agglomeration,Out_of_intersection,Normal,Rear_end_two_vehicles,Manual_entry,,,False,2016-01-08,18,30,18:30,Evening,False,Winter,3.0,0.0,0.0,Departmental_road,Bidirectional,Unknown,Flat,Straight,Normal,Unknown,On_road,Unknown,A01,Opposite_direction,Motorcycle,Cyclist,Rear_right,Straight_ahead,0,,,,,,,,,,,,Not a holiday,0
3733,201600002287,2016,1,29,Daylight,Out_of_agglomeration,Out_of_intersection,Normal,Frontal_two_vehicles,Manual_entry,,,False,2016-01-29,15,30,15:30,Afternoon,False,Winter,0.0,0.0,0.0,Departmental_road,Bidirectional,Unknown,Flat,Straight,Normal,Unknown,On_road,Unknown,B02,Same_direction,Car(Quad/Passenger),Cyclist,Front,Straight_ahead,0,,,,,,,,,,,,Not a holiday,0
3734,201600002287,2016,1,29,Daylight,Out_of_agglomeration,Out_of_intersection,Normal,Frontal_two_vehicles,Manual_entry,,,False,2016-01-29,15,30,15:30,Afternoon,False,Winter,0.0,0.0,0.0,Departmental_road,Bidirectional,Unknown,Flat,Straight,Normal,Unknown,On_road,Unknown,A01,Same_direction,Motorcycle,Cyclist,Front,Avoiding_obstacle,0,,,,,,,,,,,,Not a holiday,0
3735,201600002288,2016,3,29,Daylight,Out_of_agglomeration,Out_of_intersection,Other,Side_two_vehicles,Manual_entry,,,False,2016-03-29,8,45,08:45,Morning,False,Spring,0.0,0.0,53.0,Departmental_road,Bidirectional,Unknown,Flat,Straight,Wet,Unknown,On_road,Unknown,B02,Other/Unknown,Cycle,Cyclist,Front,None,0,,,,,,,,,,,,Not a holiday,0