,accident_id,year,month,day,lighting_label,urban_label,intersection_label,weather_label,collision_label,gps_label,longitude_num,latitude_num,valid_geo,date,hour,minute,time_hhmm,time_of_day,is_weekend,season,num_lanes,pedestrian_crossing_width,road_width,road_category_label,traffic_regime_label,reserved_lane_label,road_profile_label,road_layout_label,surface_condition_label,infrastructure_label,situation_label,school_zone_label,vehicle_id,traffic_direction_label,vehicle_category_label,mobile_obstacle_label,impact_point_label,manoeuvre_label,occupants_group,birth_year,sex_label,user_category_label,injury_severity_label,seat_position_label,journey_purpose_label,pedestrian_location_label,pedestrian_action_label,pedestrian_state_label,safety_equipment_type,safety_equipment_usage,holiday_name,is_holiday
3736,201600002288,2016,3,29,Daylight,Out_of_agglomeration,Out_of_intersection,Other,Side_two_vehicles,Manual_entry,,,False,2016-03-29,8,45,08:45,Morning,False,Spring,0.0,0.0,53.0,Departmental_road,Bidirectional,Unknown,Flat,Straight,Wet,Unknown,On_road,Unknown,A01,Opposite_direction,Utility(Truck/Agri),Cyclist,Left_side,Loss_of_control,0,,,,,,,,,,,,Not a holiday,0
3737,201600002289,2016,4,13,Daylight,Out_of_agglomeration,Out_of_intersection,Normal,No_collision,Manual_entry,,,False,2016-04-13,19,45,19:45,Evening,False,Spring,2.0,0.0,52.0,Departmental_road,Bidirectional,Unknown,Slope,Straight,Normal,Unknown,On_road,Unknown,A01,Other/Unknown,Motorcycle,None,Left_side,Straight_ahead,0,,,,,,,,,,,,Not a holiday,0
3738,201600002290,2016,4,16,Twilight_or_dawn,Out_of_agglomeration,Out_of_intersection,Normal,Other_collision,Manual_entry,,,False,2016-04-16,7,0,07:00,Morning,True,Spring,2.0,0.0,60.0,Departmental_road,Bidirectional,Unknown,Flat,Straight,Normal,Unknown,On_verge,Unknown,A01,Other/Unknown,Car(Quad/Passenger),None,Front,Straight_ahead,0,,,,,,,,,,,,Not a holiday,0
3739,201600002291,2016,5,21,Daylight,Out_of_agglomeration,Out_of_intersection,Normal,No_collision,Manual_entry,,,False,2016-05-21,14,0,14:00,Afternoon,True,Spring,2.0,0.0,6.0,Departmental_road,Bidirectional,Reserved_channel,Unknown,Straight,Normal,Unknown,On_road,Not_near_school,A01,Opposite_direction,Motorcycle,None,Rear_right,Park/Start/Stop,0,,,,,,,,,,,,Not a holiday,0
3740,201600002292,2016,6,5,Daylight,Built_up_area,Out_of_intersection,Normal,Rear_end_two_vehicles,Manual_entry,,,False,2016-06-05,18,30,18:30,Evening,True,Summer,2.0,0.0,0.0,Departmental_road,Bidirectional,Unknown,Unknown,Straight,Normal,Unknown,On_road,Not_near_school,A01,Other/Unknown,Motorcycle,Cyclist,Right_side,Turning,0,,,,,,,,,,,,Not a holiday,0
3741,201600002292,2016,6,5,Daylight,Built_up_area,Out_of_intersection,Normal,Rear_end_two_vehicles,Manual_entry,,,False,2016-06-05,18,30,18:30,Evening,True,Summer,2.0,0.0,0.0,Departmental_road,Bidirectional,Unknown,Unknown,Straight,Normal,Unknown,On_road,Not_near_school,B02,Other/Unknown,Utility(Truck/Agri),Cyclist,Rear_left,Turning,0,,,,,,,,,,,,Not a holiday,0
3742,201600002293,2016,6,22,Daylight,Out_of_agglomeration,Out_of_intersection,Normal,Frontal_two_vehicles,Manual_entry,,,False,2016-06-22,7,45,07:45,Morning,False,Summer,0.0,0.0,0.0,Departmental_road,Bidirectional,Unknown,Flat,Curve_right,Normal,Unknown,On_road,Not_near_school,A01,Same_direction,Car(Quad/Passenger),Cyclist,Right_side,Avoiding_obstacle,0,,,,,,,,,,,,Not a holiday,0
3743,201600002293,2016,6,22,Daylight,Out_of_agglomeration,Out_of_intersection,Normal,Frontal_two_vehicles,Manual_entry,,,False,2016-06-22,7,45,07:45,Morning,False,Summer,0.0,0.0,0.0,Departmental_road,Bidirectional,Unknown,Flat,Curve_right,Normal,Unknown,On_road,Not_near_school,B02,Same_direction,Car(Quad/Passenger),Cyclist,Right_side,Straight_ahead,0,,,,,,,,,,,,Not a holiday,0
3744,201600002294,2016,7,8,Night_without_public_lighting,Out_of_agglomeration,Out_of_intersection,Normal,Other_collision,Manual_entry,,,False,2016-07-08,1,15,01:15,Night,False,Summer,0.0,0.0,70.0,Communal_way,Bidirectional,Unknown,Unknown,Straight,Normal,Unknown,On_verge,Unknown,A01,Same_direction,Car(Quad/Passenger),None,Rear,Straight_ahead,0,,,,,,,,,,,,Not a holiday,0
3745,201600002295,2016,7,11,Daylight,Out_of_agglomeration,Out_of_intersection,Normal,Rear_end_two_vehicles,Manual_entry,,,False,2016-07-11,15,30,15:30,Afternoon,False,Summer,0.0,0.0,0.0,Departmental_road,Bidirectional,Unknown,Unknown,Straight,Normal,Unknown,Unknown,Not_near_school,B02,Opposite_direction,Car(Quad/Passenger),Cyclist,No_impact,None,0,,,,,,,,,,,,Not a holiday,0
3746,201600002295,2016,7,11,Daylight,Out_of_agglomeration,Out_of_intersection,Normal,Rear_end_two_vehicles,Manual_entry,,,False,2016-07-11,15,30,15:30,Afternoon,False,Summer,0.0,0.0,0.0,Departmental_road,Bidirectional,Unknown,Unknown,Straight,Normal,Unknown,Unknown,Not_near_school,A01,Opposite_direction,Car(Quad/Passenger),Cyclist,Rear_right,None,0,,,,,,,,,,,,Not a holiday,0
3747,201600002296,2016,7,8,Daylight,Out_of_agglomeration,Out_of_intersection,Normal,Side_two_vehicles,Manual_entry,,,False,2016-07-08,9,0,09:00,Morning,False,Summer,2.0,0.0,0.0,Departmental_road,Unknown,Unknown,Flat,Straight,Unknown,Unknown,On_road,Not_near_school,B02,Opposite_direction,Car(Quad/Passenger),Cyclist,Right_side,Loss_of_control,0,,,,,,,,,,,,Not a holiday,0
3748,201600002296,2016,7,8,Daylight,Out_of_agglomeration,Out_of_intersection,Normal,Side_two_vehicles,Manual_entry,,,False,2016-07-08,9,0,09:00,Morning,False,Summer,2.0,0.0,0.0,Departmental_road,Unknown,Unknown,Flat,Straight,Unknown,Unknown,On_road,Not_near_school,A01,Other/Unknown,Car(Quad/Passenger),Cyclist,Front_right,Straight_ahead,0,,,,,,,,,,,,Not a holiday,0
3749,201600002297,2016,8,1,Daylight,Out_of_agglomeration,Intersection_X,Normal,Side_two_vehicles,Manual_entry,,,False,2016-08-01,15,30,15:30,Afternoon,False,Summer,1.0,0.0,0.0,Departmental_road,Bidirectional,Unknown,Flat,Straight,Normal,Unknown,On_road,Unknown,B02,Opposite_direction,Car(Quad/Passenger),Cyclist,Front_right,Loss_of_control,0,,,,,,,,,,,,Not a holiday,0
3750,201600002297,2016,8,1,Daylight,Out_of_agglomeration,Intersection_X,Normal,Side_two_vehicles,Manual_entry,,,False,2016-08-01,15,30,15:30,Afternoon,False,Summer,1.0,0.0,0.0,Departmental_road,Bidirectional,Unknown,Flat,Straight,Normal,Unknown,On_road,Unknown,A01,Opposite_direction,Motorcycle,Cyclist,Front_right,Straight_ahead,0,,,,,,,,,,,,Not a holiday,0
3751,201600002298,2016,8,14,Daylight,Out_of_agglomeration,Out_of_intersection,Normal,Frontal_two_vehicles,Manual_entry,,,False,2016-08-14,17,30,17:30,Evening,True,Summer,0.0,0.0,0.0,Communal_way,Unknown,Unknown,Unknown,Unknown,Unknown,Unknown,Unknown,Not_near_school,A01,Same_direction,Cycle,other,No_impact,None,0,,,,,,,,,,,,Not a holiday,0
3752,201600002298,2016,8,14,Daylight,Out_of_agglomeration,Out_of_intersection,Normal,Frontal_two_vehicles,Manual_entry,,,False,2016-08-14,17,30,17:30,Evening,True,Summer,0.0,0.0,0.0,Communal_way,Unknown,Unknown,Unknown,Unknown,Unknown,Unknown,Unknown,Not_near_school,B02,Same_direction,Cycle,Cyclist,No_impact,None,0,,,,,,,,,,,,Not a holiday,0
3753,201600002299,2016,8,26,Daylight,Out_of_agglomeration,Out_of_intersection,Normal,Rear_end_two_vehicles,Manual_entry,,,False,2016-08-26,15,0,15:00,Afternoon,False,Summer,1.0,0.0,43.0,Departmental_road,Bidirectional,Unknown,Flat,Curve_right,Other,Unknown,On_verge,Unknown,A01,Opposite_direction,Car(Quad/Passenger),Cyclist,Front_right,Turning,0,,,,,,,,,,,,Not a holiday,0
3754,201600002299,2016,8,26,Daylight,Out_of_agglomeration,Out_of_intersection,Normal,Rear_end_two_vehicles,Manual_entry,,,False,2016-08-26,15,0,15:00,Afternoon,False,Summer,1.0,0.0,43.0,Departmental_road,Bidirectional,Unknown,Flat,Curve_right,Other,Unknown,On_verge,Unknown,B02,Opposite_direction,Cycle,Cyclist,Rear_right,Straight_ahead,0,,,,,,,,,,,,Not a holiday,0
3755,201600002300,2016,2,11,Twilight_or_dawn,Out_of_agglomeration,Out_of_intersection,Normal,Other_collision,Manual_entry,,,False,2016-02-11,19,0,19:00,Evening,False,Winter,2.0,0.0,0.0,Departmental_road,Bidirectional,Unknown,Flat,Straight,Normal,Unknown,On_road,Unknown,A01,Opposite_direction,Car(Quad/Passenger),Pedestrian,Front_right,Straight_ahead,0,,,,,,,,,,,,Not a holiday,0
3756,201600002301,2016,3,10,Daylight,Built_up_area,Out_of_intersection,Normal,Other_collision,Manual_entry,,,False,2016-03-10,10,0,10:00,Morning,False,Spring,0.0,0.0,74.0,Departmental_road,Bidirectional,Unknown,Flat,Straight,Normal,Unknown,On_road,Unknown,A01,Opposite_direction,Car(Quad/Passenger),Pedestrian,Front_right,Straight_ahead,0,,,,,,,,,,,,Not a holiday,0
3757,201600002302,2016,3,11,Daylight,Out_of_agglomeration,Out_of_intersection,Normal,Frontal_two_vehicles,Manual_entry,,,False,2016-03-11,16,45,16:45,Afternoon,False,Spring,2.0,0.0,66.0,Departmental_road,Bidirectional,Unknown,Unknown,Curve_left,Normal,Roundabout,On_road,Unknown,A01,Other/Unknown,Car(Quad/Passenger),Cyclist,Front_right,Straight_ahead,0,,,,,,,,,,,,Not a holiday,0
3758,201600002302,2016,3,11,Daylight,Out_of_agglomeration,Out_of_intersection,Normal,Frontal_two_vehicles,Manual_entry,,,False,2016-03-11,16,45,16:45,Afternoon,False,Spring,2.0,0.0,66.0,Departmental_road,Bidirectional,Unknown,Unknown,Curve_left,Normal,Roundabout,On_road,Unknown,B02,Opposite_direction,Cycle,Cyclist,No_impact,Loss_of_control,0,,,,,,,,,,,,Not a holiday,0
3759,201600002303,2016,7,7,Daylight,Built_up_area,Out_of_intersection,Normal,Frontal_two_vehicles,Manual_entry,,,False,2016-07-07,20,45,20:45,Evening,False,Summer,0.0,0.0,0.0,Communal_way,Bidirectional,Unknown,Flat,Unknown,Normal,Unknown,On_road,Unknown,B02,Same_direction,Car(Quad/Passenger),Cyclist,Front,None,0,,,,,,,,,,,,Not a holiday,0
3760,201600002303,2016,7,7,Daylight,Built_up_area,Out_of_intersection,Normal,Frontal_two_vehicles,Manual_entry,,,False,2016-07-07,20,45,20:45,Evening,False,Summer,0.0,0.0,0.0,Communal_way,Bidirectional,Unknown,Flat,Unknown,Normal,Unknown,On_road,Unknown,A01,Same_direction,Motorcycle,Cyclist,Front,None,0,,,,,,,,,,,,Not a holiday,0
3761,201600002304,2016,8,5,Daylight,Built_up_area,Out_of_intersection,Normal,Side_two_vehicles,Manual_entry,,,False,2016-08-05,17,0,17:00,Evening,False,Summer,2.0,0.0,60.0,Communal_way,Bidirectional,Unknown,Slope,Straight,Normal,Unknown,On_road,Not_near_school,B02,Same_direction,Motorcycle,Cyclist,Front,Straight_ahead,0,,,,,,,,,,,,Not a holiday,0
3762,201600002304,2016,8,5,Daylight,Built_up_area,Out_of_intersection,Normal,Side_two_vehicles,Manual_entry,,,False,2016-08-05,17,0,17:00,Evening,False,Summer,2.0,0.0,60.0,Communal_way,Bidirectional,Unknown,Slope,Straight,Normal,Unknown,On_road,Not_near_school,A01,Same_direction,Car(Quad/Passenger),Cyclist,Front_left,Park/Start/Stop,0,,,,,,,,,,,,Not a holiday,0
3763,201600002305,2016,11,22,Night_without_public_lighting,Out_of_agglomeration,Out_of_intersection,Normal,Side_two_vehicles,Manual_entry,,,False,2016-11-22,18,30,18:30,Evening,False,Autumn,2.0,0.0,48.0,Departmental_road,Bidirectional,Unknown,Flat,Straight,Normal,Unknown,On_road,Unknown,A01,Opposite_direction,Car(Quad/Passenger),Cyclist,Right_side,Straight_ahead,0,,,,,,,,,,,,Not a holiday,0
3764,201600002305,2016,11,22,Night_without_public_lighting,Out_of_agglomeration,Out_of_intersection,Normal,Side_two_vehicles,Manual_entry,,,False,2016-11-22,18,30,18:30,Evening,False,Autumn,2.0,0.0,48.0,Departmental_road,Bidirectional,Unknown,Flat,Straight,Normal,Unknown,On_road,Unknown,B02,Opposite_direction,Car(Quad/Passenger),Cyclist,Right_side,Straight_ahead,0,,,,,,,,,,,,Not a holiday,0
3765,201600002306,2016,1,15,Night_without_public_lighting,Out_of_agglomeration,Out_of_intersection,Normal,Other_collision,Manual_entry,,,False,2016-01-15,22,30,22:30,Night,False,Winter,0.0,0.0,0.0,Departmental_road,Bidirectional,Unknown,Flat,Curve_right,Icy,Unknown,On_verge,Unknown,A01,Opposite_direction,Car(Quad/Passenger),None,Right_side,Straight_ahead,0,,,,,,,,,,,,Not a holiday,0
3766,201600002307,2016,5,5,Daylight,Out_of_agglomeration,Out_of_intersection,Normal,Side_two_vehicles,Manual_entry,,,False,2016-05-05,7,15,07:15,Morning,False,Spring,0.0,75.0,0.0,Departmental_road,Unknown,Unknown,Flat,Straight,Normal,Unknown,On_road,Not_near_school,A01,Other/Unknown,Motorcycle,Cyclist,Right_side,Roundabout,0,,,,,,,,,,,,Ascension Thursday,1
3767,201600002307,2016,5,5,Daylight,Out_of_agglomeration,Out_of_intersection,Normal,Side_two_vehicles,Manual_entry,,,False,2016-05-05,7,15,07:15,Morning,False,Spring,0.0,75.0,0.0,Departmental_road,Unknown,Unknown,Flat,Straight,Normal,Unknown,On_road,Not_near_school,B02,Other/Unknown,Utility(Truck/Agri),Cyclist,Front,other,0,,,,,,,,,,,,Ascension Thursday,1
3768,201600002308,2016,5,16,Night_without_public_lighting,Out_of_agglomeration,Out_of_intersection,Normal,Other_collision,Manual_entry,,,False,2016-05-16,4,45,04:45,Night,False,Spring,0.0,0.0,0.0,Departmental_road,Bidirectional,Unknown,Flat,Straight,Normal,Unknown,On_verge,Not_near_school,A01,Other/Unknown,Car(Quad/Passenger),None,Front,Straight_ahead,0,,,,,,,,,,,,Whit Monday,1
3769,201600002309,2016,7,1,Daylight,Out_of_agglomeration,Out_of_intersection,Normal,Side_two_vehicles,Manual_entry,,,False,2016-07-01,16,15,16:15,Afternoon,False,Summer,2.0,0.0,51.0,Departmental_road,Bidirectional,Unknown,Flat,Straight,Normal,Unknown,On_road,Unknown,B02,Other/Unknown,Motorcycle,Cyclist,Front,Straight_ahead,0,,,,,,,,,,,,Not a holiday,0
3770,201600002309,2016,7,1,Daylight,Out_of_agglomeration,Out_of_intersection,Normal,Side_two_vehicles,Manual_entry,,,False,2016-07-01,16,15,16:15,Afternoon,False,Summer,2.0,0.0,51.0,Departmental_road,Bidirectional,Unknown,Flat,Straight,Normal,Unknown,On_road,Unknown,A01,Opposite_direction,Motorcycle,Cyclist,Rear_left,Straight_ahead,0,,,,,,,,,,,,Not a holiday,0
3771,201600002310,2016,7,17,Daylight,Out_of_agglomeration,Out_of_intersection,Normal,Other_collision,Manual_entry,,,False,2016-07-17,16,15,16:15,Afternoon,True,Summer,1.0,0.0,35.0,Departmental_road,Bidirectional,Unknown,Unknown,Curve_left,Normal,Unknown,On_road,Not_near_school,A01,Opposite_direction,Car(Quad/Passenger),None,Front,Straight_ahead,0,,,,,,,,,,,,Not a holiday,0
3772,201600002311,2016,8,23,Daylight,Out_of_agglomeration,Intersection_Y,Normal,Rear_end_two_vehicles,Manual_entry,,,False,2016-08-23,8,0,08:00,Morning,False,Summer,0.0,0.0,66.0,Departmental_road,Bidirectional,Unknown,Flat,Straight,Normal,Unknown,On_road,Unknown,A01,Same_direction,Motorcycle,Cyclist,Front,Straight_ahead,0,,,,,,,,,,,,Not a holiday,0
3773,201600002311,2016,8,23,Daylight,Out_of_agglomeration,Intersection_Y,Normal,Rear_end_two_vehicles,Manual_entry,,,False,2016-08-23,8,0,08:00,Morning,False,Summer,0.0,0.0,66.0,Departmental_road,Bidirectional,Unknown,Flat,Straight,Normal,Unknown,On_road,Unknown,B02,Same_direction,other,Cyclist,Rear,Roundabout,0,,,,,,,,,,,,Not a holiday,0
3774,201600002312,2016,8,30,Daylight,Out_of_agglomeration,Out_of_intersection,Normal,Frontal_two_vehicles,Manual_entry,,,False,2016-08-30,9,30,09:30,Morning,False,Summer,2.0,0.0,0.0,Departmental_road,Bidirectional,Unknown,Flat,Straight,Normal,Unknown,On_road,Unknown,B02,Other/Unknown,Cycle,Cyclist,Front,Roundabout,0,,,,,,,,,,,,Not a holiday,0
3775,201600002312,2016,8,30,Daylight,Out_of_agglomeration,Out_of_intersection,Normal,Frontal_two_vehicles,Manual_entry,,,False,2016-08-30,9,30,09:30,Morning,False,Summer,2.0,0.0,0.0,Departmental_road,Bidirectional,Unknown,Flat,Straight,Normal,Unknown,On_road,Unknown,A01,Opposite_direction,Car(Quad/Passenger),other,Front_right,Loss_of_control,0,,,,,,,,,,,,Not a holiday,0
3776,201600002313,2016,8,27,Daylight,Out_of_agglomeration,Out_of_intersection,Normal,Frontal_two_vehicles,Manual_entry,,,False,2016-08-27,10,0,10:00,Morning,True,Summer,2.0,0.0,60.0,Departmental_road,Bidirectional,Unknown,Flat,Curve_left,Normal,Unknown,On_road,Unknown,B02,Other/Unknown,Utility(Truck/Agri),Cyclist,Front,Straight_ahead,0,,,,,,,,,,,,Not a holiday,0
3777,201600002313,2016,8,27,Daylight,Out_of_agglomeration,Out_of_intersection,Normal,Frontal_two_vehicles,Manual_entry,,,False,2016-08-27,10,0,10:00,Morning,True,Summer,2.0,0.0,60.0,Departmental_road,Bidirectional,Unknown,Flat,Curve_left,Normal,Unknown,On_road,Unknown,A01,Opposite_direction,Car(Quad/Passenger),Cyclist,Front,Reversing,0,,,,,,,,,,,,Not a holiday,0
3778,201600002314,2016,9,22,Daylight,Built_up_area,Out_of_intersection,Normal,No_collision,Manual_entry,,,False,2016-09-22,20,15,20:15,Evening,False,Autumn,0.0,0.0,0.0,other,Bidirectional,Unknown,Unknown,Curve_left,Normal,Unknown,On_sidewalk,Unknown,A01,Same_direction,Motorcycle,None,No_impact,Avoiding_obstacle,0,,,,,,,,,,,,Not a holiday,0
3779,201600002315,2016,9,30,Twilight_or_dawn,Out_of_agglomeration,Out_of_intersection,Normal,Frontal_two_vehicles,Manual_entry,,,False,2016-09-30,19,30,19:30,Evening,False,Autumn,2.0,0.0,0.0,Departmental_road,Bidirectional,Unknown,Hilltop,Straight,Normal,Unknown,On_road,Unknown,A01,Opposite_direction,Car(Quad/Passenger),Cyclist,Right_side,Avoiding_obstacle,0,,,,,,,,,,,,Not a holiday,0
3780,201600002315,2016,9,30,Twilight_or_dawn,Out_of_agglomeration,Out_of_intersection,Normal,Frontal_two_vehicles,Manual_entry,,,False,2016-09-30,19,30,19:30,Evening,False,Autumn,2.0,0.0,0.0,Departmental_road,Bidirectional,Unknown,Hilltop,Straight,Normal,Unknown,On_road,Unknown,B02,Other/Unknown,Car(Quad/Passenger),Cyclist,Right_side,Straight_ahead,0,,,,,,,,,,,,Not a holiday,0
3781,201600002316,2016,10,31,Daylight,Out_of_agglomeration,Out_of_intersection,Normal,Chain_three_plus,Manual_entry,,,False,2016-10-31,9,0,09:00,Morning,False,Autumn,2.0,0.0,72.0,Departmental_road,Bidirectional,Unknown,Flat,Straight,Normal,Unknown,On_road,Unknown,A01,Opposite_direction,Car(Quad/Passenger),Cyclist,No_impact,other,0,,,,,,,,,,,,Not a holiday,0
3782,201600002316,2016,10,31,Daylight,Out_of_agglomeration,Out_of_intersection,Normal,Chain_three_plus,Manual_entry,,,False,2016-10-31,9,0,09:00,Morning,False,Autumn,2.0,0.0,72.0,Departmental_road,Bidirectional,Unknown,Flat,Straight,Normal,Unknown,On_road,Unknown,C03,Opposite_direction,Car(Quad/Passenger),Cyclist,Front,Straight_ahead,0,,,,,,,,,,,,Not a holiday,0
3783,201600002316,2016,10,31,Daylight,Out_of_agglomeration,Out_of_intersection,Normal,Chain_three_plus,Manual_entry,,,False,2016-10-31,9,0,09:00,Morning,False,Autumn,2.0,0.0,72.0,Departmental_road,Bidirectional,Unknown,Flat,Straight,Normal,Unknown,On_road,Unknown,B02,Opposite_direction,Car(Quad/Passenger),Cyclist,Rear_right,other,0,,,,,,,,,,,,Not a holiday,0
3784,201600002317,2016,10,31,Daylight,Built_up_area,Other,Normal,Other_collision,Manual_entry,,,False,2016-10-31,16,45,16:45,Afternoon,False,Autumn,2.0,0.0,60.0,Departmental_road,Bidirectional,Unknown,Flat,Straight,Normal,Unknown,On_road,Unknown,A01,Opposite_direction,Car(Quad/Passenger),Pedestrian,Front_right,Straight_ahead,0,,,,,,,,,,,,Not a holiday,0
3785,201600002318,2016,11,11,Daylight,Out_of_agglomeration,Out_of_intersection,Normal,Other_collision,Manual_entry,,,False,2016-11-11,15,45,15:45,Afternoon,False,Autumn,2.0,0.0,0.0,Communal_way,Bidirectional,Unknown,Flat,Straight,Normal,Unknown,On_verge,Unknown,A01,Same_direction,Car(Quad/Passenger),None,Front,Avoiding_obstacle,0,,,,,,,,,,,,Armistice Day,1
3786,201600002319,2016,11,14,Night_with_public_lighting_on,Built_up_area,Out_of_intersection,Normal,Side_two_vehicles,Manual_entry,,,False,2016-11-14,18,45,18:45,Evening,False,Autumn,2.0,0.0,0.0,Departmental_road,Bidirectional,Unknown,Flat,Straight,Normal,Unknown,On_road,Unknown,A01,Same_direction,Car(Quad/Passenger),Cyclist,Right_side,Park/Start/Stop,0,,,,,,,,,,,,Not a holiday,0
3787,201600002319,2016,11,14,Night_with_public_lighting_on,Built_up_area,Out_of_intersection,Normal,Side_two_vehicles,Manual_entry,,,False,2016-11-14,18,45,18:45,Evening,False,Autumn,2.0,0.0,0.0,Departmental_road,Bidirectional,Unknown,Flat,Straight,Normal,Unknown,On_road,Unknown,B02,Same_direction,Motorcycle,Cyclist,Left_side,Straight_ahead,0,,,,,,,,,,,,Not a holiday,0
3788,201600002320,2016,11,24,Daylight,Built_up_area,Out_of_intersection,Normal,No_collision,Manual_entry,,,False,2016-11-24,13,15,13:15,Afternoon,False,Autumn,1.0,0.0,58.0,Communal_way,One_way,Unknown,Flat,Unknown,Normal,Unknown,On_road,Unknown,A01,Opposite_direction,Motorcycle,None,Right_side,Roundabout,0,,,,,,,,,,,,Not a holiday,0
3789,201600002321,2016,11,23,Night_without_public_lighting,Out_of_agglomeration,Intersection_X,Cloudy,Side_two_vehicles,Manual_entry,,,False,2016-11-23,17,45,17:45,Evening,False,Autumn,2.0,0.0,69.0,Departmental_road,Bidirectional,Unknown,Flat,Straight,Normal,Unknown,On_road,Unknown,A01,Opposite_direction,Car(Quad/Passenger),Cyclist,Right_side,Roundabout,0,,,,,,,,,,,,Not a holiday,0
3790,201600002321,2016,11,23,Night_without_public_lighting,Out_of_agglomeration,Intersection_X,Cloudy,Side_two_vehicles,Manual_entry,,,False,2016-11-23,17,45,17:45,Evening,False,Autumn,2.0,0.0,69.0,Departmental_road,Bidirectional,Unknown,Flat,Straight,Normal,Unknown,On_road,Unknown,B02,Opposite_direction,Car(Quad/Passenger),Cyclist,Front_right,Straight_ahead,0,,,,,,,,,,,,Not a holiday,0
3791,201600002322,2016,12,1,Daylight,Built_up_area,Out_of_intersection,Normal,Other_collision,Manual_entry,,,False,2016-12-01,9,45,09:45,Morning,False,Winter,2.0,0.0,0.0,other,Bidirectional,Unknown,Slope,Straight,Normal,Unknown,On_road,Not_near_school,A01,Same_direction,Car(Quad/Passenger),Pedestrian,Front,Straight_ahead,0,,,,,,,,,,,,Not a holiday,0
3792,201600002323,2016,12,2,Daylight,Built_up_area,Out_of_intersection,Normal,Rear_end_two_vehicles,Manual_entry,,,False,2016-12-02,15,30,15:30,Afternoon,False,Winter,0.0,46.0,60.0,other,Bidirectional,Unknown,Flat,Straight,Normal,Unknown,On_road,Near_school,B02,Opposite_direction,Motorcycle,Cyclist,Front,Roundabout,0,,,,,,,,,,,,Not a holiday,0
3793,201600002323,2016,12,2,Daylight,Built_up_area,Out_of_intersection,Normal,Rear_end_two_vehicles,Manual_entry,,,False,2016-12-02,15,30,15:30,Afternoon,False,Winter,0.0,46.0,60.0,other,Bidirectional,Unknown,Flat,Straight,Normal,Unknown,On_road,Near_school,A01,Opposite_direction,Motorcycle,Cyclist,Rear_right,Roundabout,0,,,,,,,,,,,,Not a holiday,0
3794,201600002324,2016,12,2,Night_without_public_lighting,Out_of_agglomeration,Out_of_intersection,Normal,Side_two_vehicles,Manual_entry,,,False,2016-12-02,18,45,18:45,Evening,False,Winter,2.0,0.0,71.0,Departmental_road,Bidirectional,Unknown,Slope,Straight,Normal,Unknown,On_road,Unknown,A01,Opposite_direction,Car(Quad/Passenger),Cyclist,Front_left,Park/Start/Stop,0,,,,,,,,,,,,Not a holiday,0
3795,201600002324,2016,12,2,Night_without_public_lighting,Out_of_agglomeration,Out_of_intersection,Normal,Side_two_vehicles,Manual_entry,,,False,2016-12-02,18,45,18:45,Evening,False,Winter,2.0,0.0,71.0,Departmental_road,Bidirectional,Unknown,Slope,Straight,Normal,Unknown,On_road,Unknown,B02,Other/Unknown,Utility(Truck/Agri),Cyclist,Front,None,0,,,,,,,,,,,,Not a holiday,0
3796,201600002325,2016,9,7,Daylight,Out_of_agglomeration,Out_of_intersection,Normal,Rear_end_two_vehicles,Manual_entry,,,False,2016-09-07,8,45,08:45,Morning,False,Autumn,2.0,0.0,70.0,Departmental_road,Bidirectional,Unknown,Flat,Straight,Normal,Unknown,On_road,Unknown,B02,Opposite_direction,Car(Quad/Passenger),Cyclist,Rear_right,Turning,0,,,,,,,,,,,,Not a holiday,0
3797,201600002325,2016,9,7,Daylight,Out_of_agglomeration,Out_of_intersection,Normal,Rear_end_two_vehicles,Manual_entry,,,False,2016-09-07,8,45,08:45,Morning,False,Autumn,2.0,0.0,70.0,Departmental_road,Bidirectional,Unknown,Flat,Straight,Normal,Unknown,On_road,Unknown,A01,Opposite_direction,Motorcycle,Cyclist,Front,Straight_ahead,0,,,,,,,,,,,,Not a holiday,0
3798,201600002326,2016,9,25,Daylight,Built_up_area,Out_of_intersection,Normal,Side_two_vehicles,Manual_entry,,,False,2016-09-25,17,0,17:00,Evening,True,Autumn,2.0,15.0,50.0,Communal_way,Separated_carriageways,Bike_path,Flat,Straight,Normal,Unknown,On_bike_path,Near_school,B02,Same_direction,Car(Quad/Passenger),Cyclist,Front_right,Roundabout,0,,,,,,,,,,,,Not a holiday,0
3799,201600002326,2016,9,25,Daylight,Built_up_area,Out_of_intersection,Normal,Side_two_vehicles,Manual_entry,,,False,2016-09-25,17,0,17:00,Evening,True,Autumn,2.0,15.0,50.0,Communal_way,Separated_carriageways,Bike_path,Flat,Straight,Normal,Unknown,On_bike_path,Near_school,A01,Other/Unknown,Motorcycle,Cyclist,Front,Emergency_manoeuvre,0,,,,,,,,,,,,Not a holiday,0
3800,201600002327,2016,11,4,Daylight,Built_up_area,Out_of_intersection,Light_rain,Multiple_three_plus,Manual_entry,,,False,2016-11-04,10,0,10:00,Morning,False,Autumn,2.0,0.0,50.0,other,Bidirectional,Unknown,Flat,Curve_right,Wet,Unknown,On_road,Not_near_school,C03,Same_direction,Car(Quad/Passenger),Cyclist,Front,Straight_ahead,0,,,,,,,,,,,,Not a holiday,0
3801,201600002327,2016,11,4,Daylight,Built_up_area,Out_of_intersection,Light_rain,Multiple_three_plus,Manual_entry,,,False,2016-11-04,10,0,10:00,Morning,False,Autumn,2.0,0.0,50.0,other,Bidirectional,Unknown,Flat,Curve_right,Wet,Unknown,On_road,Not_near_school,A01,Same_direction,Car(Quad/Passenger),None,No_impact,None,0,,,,,,,,,,,,Not a holiday,0