,accident_id,year,month,day,lighting_label,urban_label,intersection_label,weather_label,collision_label,gps_label,longitude_num,latitude_num,valid_geo,date,hour,minute,time_hhmm,time_of_day,is_weekend,season,num_lanes,pedestrian_crossing_width,road_width,road_category_label,traffic_regime_label,reserved_lane_label,road_profile_label,road_layout_label,surface_condition_label,infrastructure_label,situation_label,school_zone_label,vehicle_id,traffic_direction_label,vehicle_category_label,mobile_obstacle_label,impact_point_label,manoeuvre_label,occupants_group,birth_year,sex_label,user_category_label,injury_severity_label,seat_position_label,journey_purpose_label,pedestrian_location_label,pedestrian_action_label,pedestrian_state_label,safety_equipment_type,safety_equipment_usage,holiday_name,is_holiday
3802,201600002327,2016,11,4,Daylight,Built_up_area,Out_of_intersection,Light_rain,Multiple_three_plus,Manual_entry,,,False,2016-11-04,10,0,10:00,Morning,False,Autumn,2.0,0.0,50.0,other,Bidirectional,Unknown,Flat,Curve_right,Wet,Unknown,On_road,Not_near_school,B02,Same_direction,Car(Quad/Passenger),Cyclist,Front,Avoiding_obstacle,0,,,,,,,,,,,,Not a holiday,0
3803,201600002328,2016,11,12,Daylight,Built_up_area,Other,Cloudy,Other_collision,Manual_entry,,,False,2016-11-12,14,0,14:00,Afternoon,True,Autumn,2.0,0.0,79.0,Departmental_road,Bidirectional,Unknown,Slope,Straight,Wet,Unknown,On_road,Not_near_school,A01,Opposite_direction,Car(Quad/Passenger),Pedestrian,Front_right,Straight_ahead,0,,,,,,,,,,,,Not a holiday,0
3804,201600002329,2016,1,30,Night_without_public_lighting,Out_of_agglomeration,Out_of_intersection,Light_rain,Rear_end_two_vehicles,Manual_entry,,,False,2016-01-30,23,45,23:45,Night,True,Winter,0.0,0.0,78.0,Departmental_road,Bidirectional,Unknown,Hilltop,Straight,Wet,Unknown,On_road,Not_near_school,B02,Other/Unknown,Car(Quad/Passenger),Cyclist,Front,Turning,0,,,,,,,,,,,,Not a holiday,0
3805,201600002329,2016,1,30,Night_without_public_lighting,Out_of_agglomeration,Out_of_intersection,Light_rain,Rear_end_two_vehicles,Manual_entry,,,False,2016-01-30,23,45,23:45,Night,True,Winter,0.0,0.0,78.0,Departmental_road,Bidirectional,Unknown,Hilltop,Straight,Wet,Unknown,On_road,Not_near_school,A01,Other/Unknown,Car(Quad/Passenger),Cyclist,Rear,Park/Start/Stop,0,,,,,,,,,,,,Not a holiday,0
3806,201600002330,2016,2,13,Daylight,Out_of_agglomeration,Intersection_X,Light_rain,Side_two_vehicles,Manual_entry,,,False,2016-02-13,16,15,16:15,Afternoon,True,Winter,2.0,0.0,0.0,Departmental_road,Bidirectional,Unknown,Unknown,Unknown,Unknown,Unknown,Unknown,Not_near_school,A01,Opposite_direction,Car(Quad/Passenger),Cyclist,Front_right,None,0,,,,,,,,,,,,Not a holiday,0
3807,201600002330,2016,2,13,Daylight,Out_of_agglomeration,Intersection_X,Light_rain,Side_two_vehicles,Manual_entry,,,False,2016-02-13,16,15,16:15,Afternoon,True,Winter,2.0,0.0,0.0,Departmental_road,Bidirectional,Unknown,Unknown,Unknown,Unknown,Unknown,Unknown,Not_near_school,B02,Same_direction,Car(Quad/Passenger),Cyclist,Right_side,Roundabout,0,,,,,,,,,,,,Not a holiday,0
3808,201600002331,2016,2,23,Daylight,Built_up_area,Other,Normal,Multiple_three_plus,Manual_entry,,,False,2016-02-23,18,0,18:00,Evening,False,Winter,0.0,0.0,0.0,Communal_way,Bidirectional,Unknown,Flat,Straight,Normal,Unknown,On_road,Near_school,C03,Same_direction,Utility(Truck/Agri),None,No_impact,other,0,,,,,,,,,,,,Not a holiday,0
3809,201600002331,2016,2,23,Daylight,Built_up_area,Other,Normal,Multiple_three_plus,Manual_entry,,,False,2016-02-23,18,0,18:00,Evening,False,Winter,0.0,0.0,0.0,Communal_way,Bidirectional,Unknown,Flat,Straight,Normal,Unknown,On_road,Near_school,B02,Opposite_direction,Car(Quad/Passenger),Cyclist,Front,Roundabout,0,,,,,,,,,,,,Not a holiday,0
3810,201600002331,2016,2,23,Daylight,Built_up_area,Other,Normal,Multiple_three_plus,Manual_entry,,,False,2016-02-23,18,0,18:00,Evening,False,Winter,0.0,0.0,0.0,Communal_way,Bidirectional,Unknown,Flat,Straight,Normal,Unknown,On_road,Near_school,A01,Opposite_direction,Motorcycle,Cyclist,Left_side,other,0,,,,,,,,,,,,Not a holiday,0
3811,201600002332,2016,3,26,Daylight,Out_of_agglomeration,Out_of_intersection,Normal,Other_collision,Manual_entry,,,False,2016-03-26,9,30,09:30,Morning,True,Spring,2.0,0.0,0.0,Departmental_road,Unknown,Unknown,Unknown,Straight,Normal,Unknown,Unknown,Not_near_school,A01,Same_direction,Car(Quad/Passenger),None,No_impact,None,0,,,,,,,,,,,,Not a holiday,0
3812,201600002333,2016,4,15,Night_without_public_lighting,Out_of_agglomeration,Out_of_intersection,Normal,Side_two_vehicles,Manual_entry,,,False,2016-04-15,21,45,21:45,Night,False,Spring,2.0,0.0,71.0,Departmental_road,Bidirectional,Unknown,Flat,Straight,Normal,Unknown,On_road,Unknown,B02,Opposite_direction,Motorcycle,Cyclist,Front,Straight_ahead,0,,,,,,,,,,,,Not a holiday,0
3813,201600002333,2016,4,15,Night_without_public_lighting,Out_of_agglomeration,Out_of_intersection,Normal,Side_two_vehicles,Manual_entry,,,False,2016-04-15,21,45,21:45,Night,False,Spring,2.0,0.0,71.0,Departmental_road,Bidirectional,Unknown,Flat,Straight,Normal,Unknown,On_road,Unknown,A01,Other/Unknown,Car(Quad/Passenger),Cyclist,Left_side,Roundabout,0,,,,,,,,,,,,Not a holiday,0
3814,201600002334,2016,5,9,Daylight,Out_of_agglomeration,Out_of_intersection,Normal,Frontal_two_vehicles,Manual_entry,,,False,2016-05-09,15,15,15:15,Afternoon,False,Spring,0.0,0.0,75.0,Departmental_road,Bidirectional,Unknown,Hilltop,Curve_left,Normal,Unknown,Unknown,Unknown,B02,Same_direction,Motorcycle,None,No_impact,Straight_ahead,0,,,,,,,,,,,,Not a holiday,0
3815,201600002334,2016,5,9,Daylight,Out_of_agglomeration,Out_of_intersection,Normal,Frontal_two_vehicles,Manual_entry,,,False,2016-05-09,15,15,15:15,Afternoon,False,Spring,0.0,0.0,75.0,Departmental_road,Bidirectional,Unknown,Hilltop,Curve_left,Normal,Unknown,Unknown,Unknown,A01,Opposite_direction,Motorcycle,None,No_impact,Straight_ahead,0,,,,,,,,,,,,Not a holiday,0
3816,201600002335,2016,6,6,Daylight,Built_up_area,Out_of_intersection,Normal,Side_two_vehicles,Manual_entry,,,False,2016-06-06,8,0,08:00,Morning,False,Summer,2.0,0.0,0.0,Departmental_road,Bidirectional,Unknown,Unknown,Straight,Normal,Unknown,On_road,Not_near_school,A01,Opposite_direction,Car(Quad/Passenger),Cyclist,Rear,Roundabout,0,,,,,,,,,,,,Not a holiday,0
3817,201600002335,2016,6,6,Daylight,Built_up_area,Out_of_intersection,Normal,Side_two_vehicles,Manual_entry,,,False,2016-06-06,8,0,08:00,Morning,False,Summer,2.0,0.0,0.0,Departmental_road,Bidirectional,Unknown,Unknown,Straight,Normal,Unknown,On_road,Not_near_school,B02,Opposite_direction,Motorcycle,None,Front,Straight_ahead,0,,,,,,,,,,,,Not a holiday,0
3818,201600002336,2016,12,1,Night_without_public_lighting,Out_of_agglomeration,Out_of_intersection,Fog_or_smoke,Other_collision,Manual_entry,,,False,2016-12-01,23,15,23:15,Night,False,Winter,2.0,0.0,63.0,Departmental_road,Bidirectional,Unknown,Flat,Straight,Wet,Unknown,On_road,Unknown,A01,Other/Unknown,Car(Quad/Passenger),Pedestrian,Front_right,None,0,,,,,,,,,,,,Not a holiday,0
3819,201600002337,2016,12,22,Daylight,Built_up_area,Out_of_intersection,Normal,No_collision,Manual_entry,,,False,2016-12-22,10,15,10:15,Morning,False,Winter,0.0,66.0,0.0,Departmental_road,Bidirectional,Unknown,Flat,Straight,Normal,Unknown,On_road,Unknown,A01,Other/Unknown,Motorcycle,None,No_impact,Park/Start/Stop,0,,,,,,,,,,,,Not a holiday,0
3820,201600002338,2016,12,30,Night_with_public_lighting_on,Out_of_agglomeration,Roundabout,Fog_or_smoke,Other_collision,Manual_entry,,,False,2016-12-30,19,45,19:45,Evening,False,Winter,2.0,200.0,0.0,Departmental_road,One_way,Unknown,Flat,Unknown,Icy,Roundabout,On_verge,Unknown,A01,Opposite_direction,Car(Quad/Passenger),None,Front,Lane_change/Overtaking,0,,,,,,,,,,,,Not a holiday,0
3821,201600002339,2016,5,9,Daylight,Out_of_agglomeration,Out_of_intersection,Normal,Frontal_two_vehicles,Manual_entry,-1.64927,46.47121,True,2016-05-09,15,15,15:15,Afternoon,False,Spring,2.0,0.0,72.0,Departmental_road,Bidirectional,Unknown,Unknown,Straight,Normal,Bridge,On_road,Unknown,A01,Opposite_direction,Car(Quad/Passenger),Cyclist,Right_side,Avoiding_obstacle,0,,,,,,,,,,,,Not a holiday,0
3822,201600002339,2016,5,9,Daylight,Out_of_agglomeration,Out_of_intersection,Normal,Frontal_two_vehicles,Manual_entry,-1.64927,46.47121,True,2016-05-09,15,15,15:15,Afternoon,False,Spring,2.0,0.0,72.0,Departmental_road,Bidirectional,Unknown,Unknown,Straight,Normal,Bridge,On_road,Unknown,B02,Other/Unknown,other,Cyclist,Right_side,Straight_ahead,0,,,,,,,,,,,,Not a holiday,0
3823,201600002340,2016,5,13,Daylight,Out_of_agglomeration,Out_of_intersection,Normal,Frontal_two_vehicles,Manual_entry,-1.62895,46.61269,True,2016-05-13,8,15,08:15,Morning,False,Spring,2.0,18.0,70.0,Departmental_road,Separated_carriageways,Unknown,Flat,Curve_left,Unknown,Unknown,On_road,Not_near_school,B02,Other/Unknown,Car(Quad/Passenger),other,Right_side,None,0,,,,,,,,,,,,Not a holiday,0
3824,201600002340,2016,5,13,Daylight,Out_of_agglomeration,Out_of_intersection,Normal,Frontal_two_vehicles,Manual_entry,-1.62895,46.61269,True,2016-05-13,8,15,08:15,Morning,False,Spring,2.0,18.0,70.0,Departmental_road,Separated_carriageways,Unknown,Flat,Curve_left,Unknown,Unknown,On_road,Not_near_school,A01,Opposite_direction,Bus/Coach,None,Right_side,None,0,,,,,,,,,,,,Not a holiday,0
3825,201600002341,2016,4,6,Daylight,Out_of_agglomeration,Out_of_intersection,Normal,Rear_end_two_vehicles,Manual_entry,-1.28082,46.66347,True,2016-04-06,12,30,12:30,Afternoon,False,Spring,4.0,0.0,95.0,Departmental_road,Separated_carriageways,Unknown,Unknown,Curve_right,Normal,Unknown,On_road,Not_near_school,A01,Opposite_direction,Car(Quad/Passenger),Cyclist,Front_right,Turning,0,,,,,,,,,,,,Not a holiday,0
3826,201600002341,2016,4,6,Daylight,Out_of_agglomeration,Out_of_intersection,Normal,Rear_end_two_vehicles,Manual_entry,-1.28082,46.66347,True,2016-04-06,12,30,12:30,Afternoon,False,Spring,4.0,0.0,95.0,Departmental_road,Separated_carriageways,Unknown,Unknown,Curve_right,Normal,Unknown,On_road,Not_near_school,B02,Opposite_direction,Motorcycle,Cyclist,Rear_right,Turning,0,,,,,,,,,,,,Not a holiday,0
3827,201600002342,2016,6,22,Daylight,Out_of_agglomeration,Out_of_intersection,Normal,Frontal_two_vehicles,Manual_entry,-1.19782,46.50407,True,2016-06-22,19,30,19:30,Evening,False,Summer,0.0,0.0,70.0,Departmental_road,Bidirectional,Unknown,Flat,Straight,Normal,Unknown,On_road,Not_near_school,A01,Opposite_direction,Car(Quad/Passenger),Cyclist,Right_side,Straight_ahead,0,,,,,,,,,,,,Not a holiday,0
3828,201600002342,2016,6,22,Daylight,Out_of_agglomeration,Out_of_intersection,Normal,Frontal_two_vehicles,Manual_entry,-1.19782,46.50407,True,2016-06-22,19,30,19:30,Evening,False,Summer,0.0,0.0,70.0,Departmental_road,Bidirectional,Unknown,Flat,Straight,Normal,Unknown,On_road,Not_near_school,B02,Other/Unknown,Car(Quad/Passenger),Cyclist,Right_side,Straight_ahead,0,,,,,,,,,,,,Not a holiday,0
3829,201600002343,2016,7,22,Daylight,Out_of_agglomeration,Out_of_intersection,Normal,Frontal_two_vehicles,Manual_entry,-1.35346,46.58535,True,2016-07-22,11,15,11:15,Morning,False,Summer,0.0,0.0,0.0,Departmental_road,Bidirectional,Unknown,Unknown,Curve_right,Normal,Unknown,On_road,Unknown,A01,Opposite_direction,Car(Quad/Passenger),Cyclist,Front,Straight_ahead,0,,,,,,,,,,,,Not a holiday,0
3830,201600002343,2016,7,22,Daylight,Out_of_agglomeration,Out_of_intersection,Normal,Frontal_two_vehicles,Manual_entry,-1.35346,46.58535,True,2016-07-22,11,15,11:15,Morning,False,Summer,0.0,0.0,0.0,Departmental_road,Bidirectional,Unknown,Unknown,Curve_right,Normal,Unknown,On_road,Unknown,B02,Other/Unknown,Motorcycle,Cyclist,Front_right,Avoiding_obstacle,0,,,,,,,,,,,,Not a holiday,0
3831,201600002344,2016,9,13,Daylight,Out_of_agglomeration,Out_of_intersection,Light_rain,Other_collision,Manual_entry,-1.30876,46.61903,True,2016-09-13,18,30,18:30,Evening,False,Autumn,2.0,0.0,0.0,Departmental_road,Bidirectional,Unknown,Unknown,Curve_right,Wet,Unknown,On_verge,Not_near_school,A01,Opposite_direction,Car(Quad/Passenger),None,Front_right,Straight_ahead,0,,,,,,,,,,,,Not a holiday,0
3832,201600002345,2016,10,22,Daylight,Out_of_agglomeration,Out_of_intersection,Normal,Rear_end_two_vehicles,Manual_entry,-1.44146,46.627,True,2016-10-22,13,15,13:15,Afternoon,True,Autumn,0.0,0.0,84.0,Departmental_road,Unknown,Unknown,Unknown,Straight,Normal,Interchange,On_road,Unknown,A01,Other/Unknown,Utility(Truck/Agri),Cyclist,Front,Turning,0,,,,,,,,,,,,Not a holiday,0
3833,201600002345,2016,10,22,Daylight,Out_of_agglomeration,Out_of_intersection,Normal,Rear_end_two_vehicles,Manual_entry,-1.44146,46.627,True,2016-10-22,13,15,13:15,Afternoon,True,Autumn,0.0,0.0,84.0,Departmental_road,Unknown,Unknown,Unknown,Straight,Normal,Interchange,On_road,Unknown,B02,Other/Unknown,Motorcycle,Cyclist,Rear_right,Turning,0,,,,,,,,,,,,Not a holiday,0
3834,201600002346,2016,11,2,Daylight,Out_of_agglomeration,Out_of_intersection,Normal,Side_two_vehicles,Manual_entry,-1.50255,46.65433,True,2016-11-02,12,0,12:00,Afternoon,False,Autumn,2.0,0.0,70.0,Departmental_road,Bidirectional,Unknown,Unknown,Straight,Normal,Unknown,On_road,Not_near_school,B02,Other/Unknown,Car(Quad/Passenger),Cyclist,Left_side,Straight_ahead,0,,,,,,,,,,,,Not a holiday,0
3835,201600002346,2016,11,2,Daylight,Out_of_agglomeration,Out_of_intersection,Normal,Side_two_vehicles,Manual_entry,-1.50255,46.65433,True,2016-11-02,12,0,12:00,Afternoon,False,Autumn,2.0,0.0,70.0,Departmental_road,Bidirectional,Unknown,Unknown,Straight,Normal,Unknown,On_road,Not_near_school,A01,Opposite_direction,Utility(Truck/Agri),Cyclist,Right_side,Park/Start/Stop,0,,,,,,,,,,,,Not a holiday,0
3836,201600002347,2016,3,10,Night_with_public_lighting_on,Built_up_area,Out_of_intersection,Light_rain,Side_two_vehicles,Manual_entry,-1.12744,46.79592,True,2016-03-10,7,0,07:00,Morning,False,Spring,2.0,19.0,67.0,Departmental_road,Bidirectional,Unknown,Flat,Straight,Wet,Unknown,On_road,Not_near_school,A01,Opposite_direction,Car(Quad/Passenger),Cyclist,Left_side,Roundabout,0,,,,,,,,,,,,Not a holiday,0
3837,201600002347,2016,3,10,Night_with_public_lighting_on,Built_up_area,Out_of_intersection,Light_rain,Side_two_vehicles,Manual_entry,-1.12744,46.79592,True,2016-03-10,7,0,07:00,Morning,False,Spring,2.0,19.0,67.0,Departmental_road,Bidirectional,Unknown,Flat,Straight,Wet,Unknown,On_road,Not_near_school,B02,Other/Unknown,Cycle,Cyclist,Front,Straight_ahead,0,,,,,,,,,,,,Not a holiday,0
3838,201600002348,2016,3,20,Daylight,Out_of_agglomeration,Intersection_X,Normal,Side_two_vehicles,Manual_entry,-1.04611,46.73095,True,2016-03-20,17,15,17:15,Evening,True,Spring,,,,Departmental_road,Unknown,Unknown,Unknown,Unknown,Unknown,Roundabout,On_road,Unknown,A01,Opposite_direction,Car(Quad/Passenger),Cyclist,Left_side,Loss_of_control,0,,,,,,,,,,,,Not a holiday,0
3839,201600002348,2016,3,20,Daylight,Out_of_agglomeration,Intersection_X,Normal,Side_two_vehicles,Manual_entry,-1.04611,46.73095,True,2016-03-20,17,15,17:15,Evening,True,Spring,,,,Departmental_road,Unknown,Unknown,Unknown,Unknown,Unknown,Roundabout,On_road,Unknown,B02,Other/Unknown,Car(Quad/Passenger),Cyclist,Front,Straight_ahead,0,,,,,,,,,,,,Not a holiday,0
3840,201600002349,2016,6,19,Daylight,Out_of_agglomeration,Out_of_intersection,Normal,Side_two_vehicles,Manual_entry,-1.31542,46.72667,True,2016-06-19,15,45,15:45,Afternoon,True,Summer,2.0,0.0,56.0,Departmental_road,Bidirectional,Unknown,Flat,Straight,Normal,Unknown,On_road,Unknown,A01,Opposite_direction,Cycle,Cyclist,Right_side,Straight_ahead,0,,,,,,,,,,,,Not a holiday,0
3841,201600002349,2016,6,19,Daylight,Out_of_agglomeration,Out_of_intersection,Normal,Side_two_vehicles,Manual_entry,-1.31542,46.72667,True,2016-06-19,15,45,15:45,Afternoon,True,Summer,2.0,0.0,56.0,Departmental_road,Bidirectional,Unknown,Flat,Straight,Normal,Unknown,On_road,Unknown,B02,Opposite_direction,Cycle,Cyclist,Front_right,Straight_ahead,0,,,,,,,,,,,,Not a holiday,0
3842,201600002350,2016,6,22,Daylight,Out_of_agglomeration,Out_of_intersection,Normal,Frontal_two_vehicles,Manual_entry,-1.08092,46.73265,True,2016-06-22,16,30,16:30,Afternoon,False,Summer,2.0,0.0,70.0,Departmental_road,Bidirectional,Unknown,Flat,Straight,Normal,Unknown,On_road,Unknown,B02,Opposite_direction,Car(Quad/Passenger),Cyclist,Right_side,Straight_ahead,0,,,,,,,,,,,,Not a holiday,0
3843,201600002350,2016,6,22,Daylight,Out_of_agglomeration,Out_of_intersection,Normal,Frontal_two_vehicles,Manual_entry,-1.08092,46.73265,True,2016-06-22,16,30,16:30,Afternoon,False,Summer,2.0,0.0,70.0,Departmental_road,Bidirectional,Unknown,Flat,Straight,Normal,Unknown,On_road,Unknown,A01,Other/Unknown,Car(Quad/Passenger),Cyclist,Right_side,Avoiding_obstacle,0,,,,,,,,,,,,Not a holiday,0
3844,201600002351,2016,7,2,Daylight,Out_of_agglomeration,Out_of_intersection,Normal,Other_collision,Manual_entry,-1.18489,46.71067,True,2016-07-02,20,0,20:00,Evening,True,Summer,2.0,0.0,0.0,Departmental_road,Bidirectional,Unknown,Hilltop,Curve_right,Normal,Unknown,On_verge,Unknown,A01,Opposite_direction,Car(Quad/Passenger),None,Front,Straight_ahead,0,,,,,,,,,,,,Not a holiday,0
3845,201600002352,2016,8,22,Daylight,Out_of_agglomeration,Out_of_intersection,Normal,Side_two_vehicles,Manual_entry,-1.17269,46.79774,True,2016-08-22,19,0,19:00,Evening,False,Summer,2.0,0.0,31.0,Communal_way,Bidirectional,Unknown,Flat,Straight,Normal,Unknown,On_road,Unknown,A01,Same_direction,Cycle,Cyclist,Front_left,Roundabout,0,,,,,,,,,,,,Not a holiday,0
3846,201600002352,2016,8,22,Daylight,Out_of_agglomeration,Out_of_intersection,Normal,Side_two_vehicles,Manual_entry,-1.17269,46.79774,True,2016-08-22,19,0,19:00,Evening,False,Summer,2.0,0.0,31.0,Communal_way,Bidirectional,Unknown,Flat,Straight,Normal,Unknown,On_road,Unknown,B02,Same_direction,Cycle,Cyclist,Front,Straight_ahead,0,,,,,,,,,,,,Not a holiday,0
3847,201600002353,2016,9,23,Twilight_or_dawn,Out_of_agglomeration,Out_of_intersection,Fog_or_smoke,Frontal_two_vehicles,Manual_entry,-1.06194,46.70452,True,2016-09-23,6,45,06:45,Morning,False,Autumn,4.0,0.0,126.0,Departmental_road,Bidirectional,Unknown,Flat,Straight,Normal,Unknown,On_road,Unknown,A01,Opposite_direction,Utility(Truck/Agri),Cyclist,Front_right,Reversing,0,,,,,,,,,,,,Not a holiday,0
3848,201600002353,2016,9,23,Twilight_or_dawn,Out_of_agglomeration,Out_of_intersection,Fog_or_smoke,Frontal_two_vehicles,Manual_entry,-1.06194,46.70452,True,2016-09-23,6,45,06:45,Morning,False,Autumn,4.0,0.0,126.0,Departmental_road,Bidirectional,Unknown,Flat,Straight,Normal,Unknown,On_road,Unknown,B02,Other/Unknown,Car(Quad/Passenger),Cyclist,Front,Straight_ahead,0,,,,,,,,,,,,Not a holiday,0
3849,201600002354,2016,12,2,Daylight,Out_of_agglomeration,Out_of_intersection,Dazzling,Frontal_two_vehicles,Manual_entry,-1.08428,46.6724,True,2016-12-02,15,45,15:45,Afternoon,False,Winter,2.0,0.0,65.0,Departmental_road,Unknown,Unknown,Flat,Straight,Normal,Unknown,On_road,Not_near_school,B02,Opposite_direction,Car(Quad/Passenger),Cyclist,Right_side,Straight_ahead,0,,,,,,,,,,,,Not a holiday,0
3850,201600002354,2016,12,2,Daylight,Out_of_agglomeration,Out_of_intersection,Dazzling,Frontal_two_vehicles,Manual_entry,-1.08428,46.6724,True,2016-12-02,15,45,15:45,Afternoon,False,Winter,2.0,0.0,65.0,Departmental_road,Unknown,Unknown,Flat,Straight,Normal,Unknown,On_road,Not_near_school,A01,Other/Unknown,Car(Quad/Passenger),Cyclist,Right_side,Avoiding_obstacle,0,,,,,,,,,,,,Not a holiday,0
3851,201600002355,2016,12,16,Twilight_or_dawn,Out_of_agglomeration,Roundabout,Normal,Frontal_two_vehicles,Manual_entry,-1.03628,46.7046,True,2016-12-16,17,45,17:45,Evening,False,Winter,2.0,0.0,0.0,Departmental_road,Bidirectional,Unknown,Flat,Unknown,Normal,Unknown,On_road,Unknown,A01,Opposite_direction,Car(Quad/Passenger),None,Front,Lane_change/Overtaking,0,,,,,,,,,,,,Not a holiday,0
3852,201600002355,2016,12,16,Twilight_or_dawn,Out_of_agglomeration,Roundabout,Normal,Frontal_two_vehicles,Manual_entry,-1.03628,46.7046,True,2016-12-16,17,45,17:45,Evening,False,Winter,2.0,0.0,0.0,Departmental_road,Bidirectional,Unknown,Flat,Unknown,Normal,Unknown,On_road,Unknown,B02,Other/Unknown,Motorcycle,None,No_impact,Lane_change/Overtaking,0,,,,,,,,,,,,Not a holiday,0
3853,201600002356,2016,2,6,Night_without_public_lighting,Out_of_agglomeration,Out_of_intersection,Normal,Other_collision,Manual_entry,-1.09882,46.90509,True,2016-02-06,1,15,01:15,Night,True,Winter,2.0,0.0,65.0,Departmental_road,Unknown,Unknown,Flat,Straight,Normal,Unknown,On_verge,Not_near_school,A01,Opposite_direction,Car(Quad/Passenger),None,Right_side,Avoiding_obstacle,0,,,,,,,,,,,,Not a holiday,0
3854,201600002357,2016,2,7,Daylight,Out_of_agglomeration,Out_of_intersection,Normal,Other_collision,Manual_entry,-1.0267,46.80826,True,2016-02-07,14,0,14:00,Afternoon,True,Winter,2.0,0.0,65.0,Departmental_road,Bidirectional,Unknown,Flat,Straight,Normal,Unknown,On_verge,Not_near_school,A01,Opposite_direction,Car(Quad/Passenger),None,Right_side,Avoiding_obstacle,0,,,,,,,,,,,,Not a holiday,0
3855,201600002358,2016,2,4,Night_with_public_lighting_on,Built_up_area,Out_of_intersection,Light_rain,Side_two_vehicles,Manual_entry,-1.32145,46.88901,True,2016-02-04,20,0,20:00,Evening,False,Winter,2.0,50.0,0.0,Communal_way,Bidirectional,Unknown,Flat,Unknown,Wet,Unknown,On_road,Not_near_school,A01,Same_direction,Car(Quad/Passenger),Cyclist,Front,Straight_ahead,0,,,,,,,,,,,,Not a holiday,0
3856,201600002358,2016,2,4,Night_with_public_lighting_on,Built_up_area,Out_of_intersection,Light_rain,Side_two_vehicles,Manual_entry,-1.32145,46.88901,True,2016-02-04,20,0,20:00,Evening,False,Winter,2.0,50.0,0.0,Communal_way,Bidirectional,Unknown,Flat,Unknown,Wet,Unknown,On_road,Not_near_school,B02,Same_direction,Car(Quad/Passenger),Cyclist,Front_left,Roundabout,0,,,,,,,,,,,,Not a holiday,0
3857,201600002359,2016,2,27,Night_without_public_lighting,Built_up_area,Other,Normal,Other_collision,Manual_entry,-1.12463,46.82679,True,2016-02-27,5,15,05:15,Morning,True,Winter,2.0,0.0,0.0,Communal_way,Bidirectional,Unknown,Unknown,Curve_left,Normal,Unknown,On_road,Not_near_school,A01,Same_direction,Car(Quad/Passenger),None,Front_right,Straight_ahead,0,,,,,,,,,,,,Not a holiday,0
3858,201600002360,2016,3,3,Night_with_public_lighting_on,Built_up_area,Roundabout,Heavy_rain,Side_two_vehicles,Manual_entry,-1.02745,46.87146,True,2016-03-03,20,45,20:45,Evening,False,Spring,0.0,0.0,0.0,Departmental_road,Unknown,Unknown,Flat,Curve_left,Wet,Roundabout,On_road,Not_near_school,B02,Opposite_direction,Motorcycle,None,Left_side,None,0,,,,,,,,,,,,Not a holiday,0
3859,201600002360,2016,3,3,Night_with_public_lighting_on,Built_up_area,Roundabout,Heavy_rain,Side_two_vehicles,Manual_entry,-1.02745,46.87146,True,2016-03-03,20,45,20:45,Evening,False,Spring,0.0,0.0,0.0,Departmental_road,Unknown,Unknown,Flat,Curve_left,Wet,Roundabout,On_road,Not_near_school,A01,Opposite_direction,Car(Quad/Passenger),Cyclist,Right_side,Park/Start/Stop,0,,,,,,,,,,,,Not a holiday,0
3860,201600002361,2016,3,29,Daylight,Out_of_agglomeration,Out_of_intersection,Light_rain,No_collision,Manual_entry,-1.30683,46.85872,True,2016-03-29,18,0,18:00,Evening,False,Spring,2.0,0.0,0.0,Departmental_road,Bidirectional,Unknown,Unknown,Straight,Wet,Unknown,On_verge,Not_near_school,A01,Opposite_direction,Car(Quad/Passenger),None,Multiple impacts,other,0,,,,,,,,,,,,Not a holiday,0
3861,201600002362,2016,4,27,Twilight_or_dawn,Out_of_agglomeration,Out_of_intersection,Normal,Side_two_vehicles,Manual_entry,-1.31076,46.88742,True,2016-04-27,7,5,07:05,Morning,False,Spring,2.0,0.0,65.0,Departmental_road,Bidirectional,Unknown,Unknown,Curve_right,Normal,Unknown,On_road,Not_near_school,A01,Other/Unknown,Motorcycle,Cyclist,Front,Loss_of_control,0,,,,,,,,,,,,Not a holiday,0
3862,201600002362,2016,4,27,Twilight_or_dawn,Out_of_agglomeration,Out_of_intersection,Normal,Side_two_vehicles,Manual_entry,-1.31076,46.88742,True,2016-04-27,7,5,07:05,Morning,False,Spring,2.0,0.0,65.0,Departmental_road,Bidirectional,Unknown,Unknown,Curve_right,Normal,Unknown,On_road,Not_near_school,B02,Opposite_direction,Utility(Truck/Agri),Cyclist,Front_left,Straight_ahead,0,,,,,,,,,,,,Not a holiday,0
3863,201600002363,2016,5,5,Daylight,Out_of_agglomeration,Out_of_intersection,Normal,Other_collision,Manual_entry,-0.87465,46.87471,True,2016-05-05,12,15,12:15,Afternoon,False,Spring,2.0,0.0,65.0,Departmental_road,Bidirectional,Unknown,Flat,Straight,Normal,Unknown,On_road,Not_near_school,A01,Other/Unknown,Car(Quad/Passenger),None,Front,Avoiding_obstacle,0,,,,,,,,,,,,Ascension Thursday,1
3864,201600002364,2016,7,20,Daylight,Out_of_agglomeration,Out_of_intersection,Normal,Frontal_two_vehicles,Manual_entry,-1.15611,46.87104,True,2016-07-20,19,0,19:00,Evening,False,Summer,2.0,0.0,59.0,Departmental_road,Bidirectional,Unknown,Flat,Straight,Normal,Unknown,On_road,Not_near_school,A01,Other/Unknown,Motorcycle,Cyclist,Front,other,0,,,,,,,,,,,,Not a holiday,0