,accident_id,year,month,day,lighting_label,urban_label,intersection_label,weather_label,collision_label,gps_label,longitude_num,latitude_num,valid_geo,date,hour,minute,time_hhmm,time_of_day,is_weekend,season,num_lanes,pedestrian_crossing_width,road_width,road_category_label,traffic_regime_label,reserved_lane_label,road_profile_label,road_layout_label,surface_condition_label,infrastructure_label,situation_label,school_zone_label,vehicle_id,traffic_direction_label,vehicle_category_label,mobile_obstacle_label,impact_point_label,manoeuvre_label,occupants_group,birth_year,sex_label,user_category_label,injury_severity_label,seat_position_label,journey_purpose_label,pedestrian_location_label,pedestrian_action_label,pedestrian_state_label,safety_equipment_type,safety_equipment_usage,holiday_name,is_holiday
3865,201600002364,2016,7,20,Daylight,Out_of_agglomeration,Out_of_intersection,Normal,Frontal_two_vehicles,Manual_entry,-1.15611,46.87104,True,2016-07-20,19,0,19:00,Evening,False,Summer,2.0,0.0,59.0,Departmental_road,Bidirectional,Unknown,Flat,Straight,Normal,Unknown,On_road,Not_near_school,B02,Opposite_direction,Car(Quad/Passenger),Cyclist,Right_side,Straight_ahead,0,,,,,,,,,,,,Not a holiday,0
3866,201600002365,2016,10,29,Daylight,Out_of_agglomeration,Out_of_intersection,Normal,Multiple_three_plus,Manual_entry,-1.01252,46.8251,True,2016-10-29,12,30,12:30,Afternoon,True,Autumn,2.0,0.0,70.0,Departmental_road,Bidirectional,Unknown,Flat,Straight,Normal,Unknown,On_road,Not_near_school,A01,Opposite_direction,Car(Quad/Passenger),Cyclist,Front,Straight_ahead,0,,,,,,,,,,,,Not a holiday,0
3867,201600002365,2016,10,29,Daylight,Out_of_agglomeration,Out_of_intersection,Normal,Multiple_three_plus,Manual_entry,-1.01252,46.8251,True,2016-10-29,12,30,12:30,Afternoon,True,Autumn,2.0,0.0,70.0,Departmental_road,Bidirectional,Unknown,Flat,Straight,Normal,Unknown,On_road,Not_near_school,C03,Other/Unknown,Car(Quad/Passenger),Cyclist,Front,Straight_ahead,0,,,,,,,,,,,,Not a holiday,0
3868,201600002365,2016,10,29,Daylight,Out_of_agglomeration,Out_of_intersection,Normal,Multiple_three_plus,Manual_entry,-1.01252,46.8251,True,2016-10-29,12,30,12:30,Afternoon,True,Autumn,2.0,0.0,70.0,Departmental_road,Bidirectional,Unknown,Flat,Straight,Normal,Unknown,On_road,Not_near_school,B02,Other/Unknown,Car(Quad/Passenger),Cyclist,Right_side,Straight_ahead,0,,,,,,,,,,,,Not a holiday,0
3869,201600002366,2016,10,29,Night_without_public_lighting,Out_of_agglomeration,Out_of_intersection,Normal,No_collision,Manual_entry,-0.88568,46.87825,True,2016-10-29,19,0,19:00,Evening,True,Autumn,2.0,0.0,53.0,Departmental_road,Bidirectional,Unknown,Slope,Straight,Normal,Unknown,On_road,Not_near_school,A01,Opposite_direction,Utility(Truck/Agri),None,Front,Straight_ahead,0,,,,,,,,,,,,Not a holiday,0
3870,201600002367,2016,12,5,Daylight,Built_up_area,Roundabout,Normal,Other_collision,Manual_entry,-1.02475,46.87484,True,2016-12-05,9,15,09:15,Morning,False,Winter,0.0,0.0,65.0,Departmental_road,Bidirectional,Unknown,Slope,Straight,Wet,Unknown,On_road,Not_near_school,A01,Opposite_direction,Car(Quad/Passenger),Pedestrian,Front,Straight_ahead,0,,,,,,,,,,,,Not a holiday,0
3871,201600002368,2016,12,6,Daylight,Built_up_area,Out_of_intersection,Normal,Side_two_vehicles,Manual_entry,-1.01072,46.87046,True,2016-12-06,12,15,12:15,Afternoon,False,Winter,0.0,60.0,0.0,Communal_way,Bidirectional,Unknown,Unknown,Straight,Normal,Roundabout,On_road,Unknown,A01,Same_direction,Car(Quad/Passenger),Cyclist,Front,Loss_of_control,0,,,,,,,,,,,,Not a holiday,0
3872,201600002368,2016,12,6,Daylight,Built_up_area,Out_of_intersection,Normal,Side_two_vehicles,Manual_entry,-1.01072,46.87046,True,2016-12-06,12,15,12:15,Afternoon,False,Winter,0.0,60.0,0.0,Communal_way,Bidirectional,Unknown,Unknown,Straight,Normal,Roundabout,On_road,Unknown,B02,Same_direction,Motorcycle,Cyclist,Left_side,Straight_ahead,0,,,,,,,,,,,,Not a holiday,0
3873,201600002369,2016,12,24,Night_without_public_lighting,Out_of_agglomeration,Out_of_intersection,Light_rain,No_collision,Manual_entry,-1.14237,46.88338,True,2016-12-24,18,15,18:15,Evening,True,Winter,2.0,0.0,0.0,Departmental_road,Bidirectional,Unknown,Flat,Curve_right,Wet,Unknown,On_verge,Not_near_school,A01,Other/Unknown,Motorcycle,None,Front,Straight_ahead,0,,,,,,,,,,,,Not a holiday,0
3874,201600002370,2016,2,6,Night_without_public_lighting,Out_of_agglomeration,Out_of_intersection,Normal,Frontal_two_vehicles,Manual_entry,-1.19446,47.00905,True,2016-02-06,0,1,00:01,Night,True,Winter,0.0,0.0,46.0,Communal_way,Bidirectional,Unknown,Flat,Straight,Normal,Unknown,On_road,Not_near_school,B02,Opposite_direction,Cycle,Cyclist,Front,Straight_ahead,0,,,,,,,,,,,,Not a holiday,0
3875,201600002370,2016,2,6,Night_without_public_lighting,Out_of_agglomeration,Out_of_intersection,Normal,Frontal_two_vehicles,Manual_entry,-1.19446,47.00905,True,2016-02-06,0,1,00:01,Night,True,Winter,0.0,0.0,46.0,Communal_way,Bidirectional,Unknown,Flat,Straight,Normal,Unknown,On_road,Not_near_school,A01,Other/Unknown,Car(Quad/Passenger),Cyclist,Front,Roundabout,0,,,,,,,,,,,,Not a holiday,0
3876,201600002371,2016,2,29,Daylight,Out_of_agglomeration,Out_of_intersection,Normal,Side_two_vehicles,Manual_entry,-1.22578,46.95538,True,2016-02-29,13,45,13:45,Afternoon,False,Winter,0.0,65.0,0.0,Departmental_road,Unknown,Unknown,Flat,Straight,Normal,Unknown,On_road,Not_near_school,A01,Other/Unknown,Car(Quad/Passenger),Cyclist,Right_side,Straight_ahead,0,,,,,,,,,,,,Not a holiday,0
3877,201600002371,2016,2,29,Daylight,Out_of_agglomeration,Out_of_intersection,Normal,Side_two_vehicles,Manual_entry,-1.22578,46.95538,True,2016-02-29,13,45,13:45,Afternoon,False,Winter,0.0,65.0,0.0,Departmental_road,Unknown,Unknown,Flat,Straight,Normal,Unknown,On_road,Not_near_school,B02,Opposite_direction,Motorcycle,Cyclist,No_impact,None,0,,,,,,,,,,,,Not a holiday,0
3878,201600002372,2016,3,8,Daylight,Built_up_area,Roundabout,Normal,Side_two_vehicles,Manual_entry,-1.30752,46.97021,True,2016-03-08,18,45,18:45,Evening,False,Spring,0.0,0.0,0.0,Departmental_road,Bidirectional,Unknown,Unknown,Straight,Unknown,Unknown,Unknown,Not_near_school,A01,Other/Unknown,Cycle,None,No_impact,None,0,,,,,,,,,,,,Not a holiday,0
3879,201600002372,2016,3,8,Daylight,Built_up_area,Roundabout,Normal,Side_two_vehicles,Manual_entry,-1.30752,46.97021,True,2016-03-08,18,45,18:45,Evening,False,Spring,0.0,0.0,0.0,Departmental_road,Bidirectional,Unknown,Unknown,Straight,Unknown,Unknown,Unknown,Not_near_school,B02,Same_direction,Car(Quad/Passenger),None,No_impact,None,0,,,,,,,,,,,,Not a holiday,0
3880,201600002373,2016,4,8,Daylight,Built_up_area,Other,Normal,Other_collision,Manual_entry,-1.23072,46.98485,True,2016-04-08,10,45,10:45,Morning,False,Spring,1.0,0.0,60.0,Departmental_road,Bidirectional,Unknown,Flat,Straight,Normal,Pedestrian_area,On_road,Not_near_school,A01,Opposite_direction,Car(Quad/Passenger),Pedestrian,Front_right,Straight_ahead,0,,,,,,,,,,,,Not a holiday,0
3881,201600002374,2016,4,17,Night_without_public_lighting,Out_of_agglomeration,Out_of_intersection,Normal,No_collision,Manual_entry,-1.30461,46.96508,True,2016-04-17,0,30,00:30,Night,True,Spring,0.0,0.0,35.0,Departmental_road,Bidirectional,Unknown,Flat,Curve_right,Normal,Unknown,On_road,Not_near_school,A01,Opposite_direction,Motorcycle,None,Front,Straight_ahead,0,,,,,,,,,,,,Not a holiday,0
3882,201600002375,2016,5,4,Daylight,Out_of_agglomeration,Intersection_T,Normal,Side_two_vehicles,Manual_entry,-1.46763,46.95598,True,2016-05-04,17,40,17:40,Evening,False,Spring,2.0,0.0,60.0,Departmental_road,Bidirectional,Unknown,Flat,Straight,Normal,Unknown,On_verge,Not_near_school,B02,Opposite_direction,Motorcycle,Cyclist,Front,Straight_ahead,0,,,,,,,,,,,,Not a holiday,0
3883,201600002375,2016,5,4,Daylight,Out_of_agglomeration,Intersection_T,Normal,Side_two_vehicles,Manual_entry,-1.46763,46.95598,True,2016-05-04,17,40,17:40,Evening,False,Spring,2.0,0.0,60.0,Departmental_road,Bidirectional,Unknown,Flat,Straight,Normal,Unknown,On_verge,Not_near_school,A01,Same_direction,Car(Quad/Passenger),Cyclist,Left_side,Roundabout,0,,,,,,,,,,,,Not a holiday,0
3884,201600002376,2016,6,5,Daylight,Built_up_area,Out_of_intersection,Normal,Frontal_two_vehicles,Manual_entry,-1.29706,46.95064,True,2016-06-05,17,15,17:15,Evening,True,Summer,2.0,0.0,61.0,Departmental_road,Unknown,Unknown,Unknown,Unknown,Unknown,Unknown,Unknown,Not_near_school,A01,Opposite_direction,Car(Quad/Passenger),None,No_impact,other,0,,,,,,,,,,,,Not a holiday,0
3885,201600002376,2016,6,5,Daylight,Built_up_area,Out_of_intersection,Normal,Frontal_two_vehicles,Manual_entry,-1.29706,46.95064,True,2016-06-05,17,15,17:15,Evening,True,Summer,2.0,0.0,61.0,Departmental_road,Unknown,Unknown,Unknown,Unknown,Unknown,Unknown,Unknown,Not_near_school,B02,Other/Unknown,Cycle,None,No_impact,Straight_ahead,0,,,,,,,,,,,,Not a holiday,0
3886,201600002377,2016,6,21,Daylight,Out_of_agglomeration,Out_of_intersection,Normal,No_collision,Manual_entry,-1.41466,46.91626,True,2016-06-21,14,45,14:45,Afternoon,False,Summer,2.0,0.0,38.0,Communal_way,Bidirectional,Unknown,Flat,Unknown,Normal,Unknown,On_road,Not_near_school,A01,Opposite_direction,Cycle,None,No_impact,Straight_ahead,0,,,,,,,,,,,,Not a holiday,0
3887,201600002378,2016,7,18,Twilight_or_dawn,Out_of_agglomeration,Out_of_intersection,Normal,Side_two_vehicles,Manual_entry,-1.2824,47.05247,True,2016-07-18,20,0,20:00,Evening,False,Summer,2.0,0.0,50.0,Departmental_road,Bidirectional,Unknown,Slope,Curve_right,Normal,Unknown,On_road,Not_near_school,A01,Other/Unknown,Motorcycle,Cyclist,Front_left,Avoiding_obstacle,0,,,,,,,,,,,,Not a holiday,0
3888,201600002378,2016,7,18,Twilight_or_dawn,Out_of_agglomeration,Out_of_intersection,Normal,Side_two_vehicles,Manual_entry,-1.2824,47.05247,True,2016-07-18,20,0,20:00,Evening,False,Summer,2.0,0.0,50.0,Departmental_road,Bidirectional,Unknown,Slope,Curve_right,Normal,Unknown,On_road,Not_near_school,B02,Opposite_direction,Motorcycle,Cyclist,Front_left,Straight_ahead,0,,,,,,,,,,,,Not a holiday,0
3889,201600002379,2016,7,22,Daylight,Built_up_area,Out_of_intersection,Normal,Side_two_vehicles,Manual_entry,-1.27995,46.93889,True,2016-07-22,7,45,07:45,Morning,False,Summer,2.0,0.0,62.0,Departmental_road,Bidirectional,Unknown,Flat,Straight,Normal,Unknown,On_road,Not_near_school,A01,Other/Unknown,Motorcycle,Cyclist,Front,Straight_ahead,0,,,,,,,,,,,,Not a holiday,0
3890,201600002379,2016,7,22,Daylight,Built_up_area,Out_of_intersection,Normal,Side_two_vehicles,Manual_entry,-1.27995,46.93889,True,2016-07-22,7,45,07:45,Morning,False,Summer,2.0,0.0,62.0,Departmental_road,Bidirectional,Unknown,Flat,Straight,Normal,Unknown,On_road,Not_near_school,B02,Opposite_direction,Car(Quad/Passenger),Cyclist,Left_side,Roundabout,0,,,,,,,,,,,,Not a holiday,0
3891,201600002380,2016,7,27,Night_with_public_lighting_not_functioning,Out_of_agglomeration,Out_of_intersection,Normal,No_collision,Manual_entry,-1.23473,47.05719,True,2016-07-27,23,15,23:15,Night,False,Summer,2.0,0.0,135.0,Departmental_road,Bidirectional,Unknown,Flat,Straight,Normal,Roundabout,On_road,Unknown,A01,Opposite_direction,Car(Quad/Passenger),None,Left_side,Straight_ahead,0,,,,,,,,,,,,Not a holiday,0
3892,201600002381,2016,8,5,Daylight,Out_of_agglomeration,Out_of_intersection,Dazzling,Multiple_three_plus,Manual_entry,-1.33734,47.02131,True,2016-08-05,18,15,18:15,Evening,False,Summer,2.0,0.0,60.0,Departmental_road,Unknown,Unknown,Unknown,Straight,Normal,Unknown,On_road,Not_near_school,B02,Other/Unknown,Car(Quad/Passenger),Cyclist,Right_side,None,0,,,,,,,,,,,,Not a holiday,0
3893,201600002381,2016,8,5,Daylight,Out_of_agglomeration,Out_of_intersection,Dazzling,Multiple_three_plus,Manual_entry,-1.33734,47.02131,True,2016-08-05,18,15,18:15,Evening,False,Summer,2.0,0.0,60.0,Departmental_road,Unknown,Unknown,Unknown,Straight,Normal,Unknown,On_road,Not_near_school,D04,Other/Unknown,Car(Quad/Passenger),Cyclist,Front,None,0,,,,,,,,,,,,Not a holiday,0
3894,201600002381,2016,8,5,Daylight,Out_of_agglomeration,Out_of_intersection,Dazzling,Multiple_three_plus,Manual_entry,-1.33734,47.02131,True,2016-08-05,18,15,18:15,Evening,False,Summer,2.0,0.0,60.0,Departmental_road,Unknown,Unknown,Unknown,Straight,Normal,Unknown,On_road,Not_near_school,C03,Other/Unknown,Car(Quad/Passenger),None,Right_side,None,0,,,,,,,,,,,,Not a holiday,0
3895,201600002381,2016,8,5,Daylight,Out_of_agglomeration,Out_of_intersection,Dazzling,Multiple_three_plus,Manual_entry,-1.33734,47.02131,True,2016-08-05,18,15,18:15,Evening,False,Summer,2.0,0.0,60.0,Departmental_road,Unknown,Unknown,Unknown,Straight,Normal,Unknown,On_road,Not_near_school,A01,Opposite_direction,Utility(Truck/Agri),Cyclist,Right_side,None,0,,,,,,,,,,,,Not a holiday,0
3896,201600002382,2016,8,22,Daylight,Out_of_agglomeration,Out_of_intersection,Normal,Other_collision,Manual_entry,-1.38462,46.8979,True,2016-08-22,14,0,14:00,Afternoon,False,Summer,2.0,0.0,0.0,Departmental_road,Separated_carriageways,Unknown,Unknown,Unknown,Normal,Unknown,On_road,Not_near_school,A01,Opposite_direction,Car(Quad/Passenger),None,Front_right,Straight_ahead,0,,,,,,,,,,,,Not a holiday,0
3897,201600002383,2016,8,28,Daylight,Out_of_agglomeration,Out_of_intersection,Normal,Side_two_vehicles,Manual_entry,-1.26624,47.03753,True,2016-08-28,20,30,20:30,Evening,True,Summer,2.0,0.0,55.0,Departmental_road,Bidirectional,Unknown,Flat,Curve_left,Normal,Unknown,On_road,Not_near_school,B02,Other/Unknown,Car(Quad/Passenger),Cyclist,Front_right,Straight_ahead,0,,,,,,,,,,,,Not a holiday,0
3898,201600002383,2016,8,28,Daylight,Out_of_agglomeration,Out_of_intersection,Normal,Side_two_vehicles,Manual_entry,-1.26624,47.03753,True,2016-08-28,20,30,20:30,Evening,True,Summer,2.0,0.0,55.0,Departmental_road,Bidirectional,Unknown,Flat,Curve_left,Normal,Unknown,On_road,Not_near_school,A01,Opposite_direction,Motorcycle,Cyclist,Front,Roundabout,0,,,,,,,,,,,,Not a holiday,0
3899,201600002384,2016,9,8,Twilight_or_dawn,Out_of_agglomeration,Out_of_intersection,Normal,Frontal_two_vehicles,Manual_entry,-1.53331,46.92275,True,2016-09-08,7,0,07:00,Morning,False,Autumn,2.0,0.0,65.0,Departmental_road,Bidirectional,Unknown,Flat,Straight,Normal,Unknown,On_road,Not_near_school,A01,Opposite_direction,Car(Quad/Passenger),Cyclist,Front,Avoiding_obstacle,0,,,,,,,,,,,,Not a holiday,0
3900,201600002384,2016,9,8,Twilight_or_dawn,Out_of_agglomeration,Out_of_intersection,Normal,Frontal_two_vehicles,Manual_entry,-1.53331,46.92275,True,2016-09-08,7,0,07:00,Morning,False,Autumn,2.0,0.0,65.0,Departmental_road,Bidirectional,Unknown,Flat,Straight,Normal,Unknown,On_road,Not_near_school,B02,Other/Unknown,Car(Quad/Passenger),Cyclist,Right_side,Straight_ahead,0,,,,,,,,,,,,Not a holiday,0
3901,201600002385,2016,9,30,Night_with_public_lighting_on,Built_up_area,Out_of_intersection,Normal,Side_two_vehicles,Manual_entry,-1.37665,46.90864,True,2016-09-30,6,45,06:45,Morning,False,Autumn,1.0,0.0,0.0,Departmental_road,Bidirectional,Unknown,Flat,Straight,Wet,Unknown,On_road,Not_near_school,A01,Opposite_direction,Utility(Truck/Agri),Cyclist,Front,Straight_ahead,0,,,,,,,,,,,,Not a holiday,0
3902,201600002385,2016,9,30,Night_with_public_lighting_on,Built_up_area,Out_of_intersection,Normal,Side_two_vehicles,Manual_entry,-1.37665,46.90864,True,2016-09-30,6,45,06:45,Morning,False,Autumn,1.0,0.0,0.0,Departmental_road,Bidirectional,Unknown,Flat,Straight,Wet,Unknown,On_road,Not_near_school,B02,Opposite_direction,Motorcycle,None,Rear_right,Loss_of_control,0,,,,,,,,,,,,Not a holiday,0
3903,201600002386,2016,10,6,Daylight,Out_of_agglomeration,Out_of_intersection,Normal,Multiple_three_plus,Manual_entry,-1.25053,47.04425,True,2016-10-06,10,15,10:15,Morning,False,Autumn,0.0,90.0,0.0,Departmental_road,Bidirectional,Unknown,Unknown,Curve_right,Normal,Unknown,On_road,Not_near_school,B02,Other/Unknown,Car(Quad/Passenger),Cyclist,Front_right,Straight_ahead,0,,,,,,,,,,,,Not a holiday,0
3904,201600002386,2016,10,6,Daylight,Out_of_agglomeration,Out_of_intersection,Normal,Multiple_three_plus,Manual_entry,-1.25053,47.04425,True,2016-10-06,10,15,10:15,Morning,False,Autumn,0.0,90.0,0.0,Departmental_road,Bidirectional,Unknown,Unknown,Curve_right,Normal,Unknown,On_road,Not_near_school,A01,Opposite_direction,Car(Quad/Passenger),Cyclist,Rear,Roundabout,0,,,,,,,,,,,,Not a holiday,0
3905,201600002386,2016,10,6,Daylight,Out_of_agglomeration,Out_of_intersection,Normal,Multiple_three_plus,Manual_entry,-1.25053,47.04425,True,2016-10-06,10,15,10:15,Morning,False,Autumn,0.0,90.0,0.0,Departmental_road,Bidirectional,Unknown,Unknown,Curve_right,Normal,Unknown,On_road,Not_near_school,C03,Other/Unknown,Car(Quad/Passenger),Cyclist,Front,Straight_ahead,0,,,,,,,,,,,,Not a holiday,0
3906,201600002387,2016,10,10,Daylight,Out_of_agglomeration,Out_of_intersection,Normal,No_collision,Manual_entry,-1.40389,46.89751,True,2016-10-10,18,0,18:00,Evening,False,Autumn,2.0,30.0,63.0,Departmental_road,Bidirectional,Unknown,Flat,Curve_left,Normal,Unknown,On_verge,Unknown,A01,Other/Unknown,Car(Quad/Passenger),None,No_impact,Park/Start/Stop,0,,,,,,,,,,,,Not a holiday,0
3907,201600002388,2016,12,15,Night_without_public_lighting,Out_of_agglomeration,Other,Fog_or_smoke,Rear_end_two_vehicles,Manual_entry,-1.25252,46.92347,True,2016-12-15,19,15,19:15,Evening,False,Winter,0.0,0.0,0.0,Departmental_road,Bidirectional,Unknown,Flat,Straight,Wet,Unknown,On_road,Unknown,A01,Other/Unknown,Car(Quad/Passenger),Cyclist,Front,Straight_ahead,0,,,,,,,,,,,,Not a holiday,0
3908,201600002388,2016,12,15,Night_without_public_lighting,Out_of_agglomeration,Other,Fog_or_smoke,Rear_end_two_vehicles,Manual_entry,-1.25252,46.92347,True,2016-12-15,19,15,19:15,Evening,False,Winter,0.0,0.0,0.0,Departmental_road,Bidirectional,Unknown,Flat,Straight,Wet,Unknown,On_road,Unknown,B02,Other/Unknown,Car(Quad/Passenger),None,Rear,Straight_ahead,0,,,,,,,,,,,,Not a holiday,0
3909,201600002389,2016,8,3,Daylight,Out_of_agglomeration,Out_of_intersection,Normal,Multiple_three_plus,Manual_entry,-0.97756,46.95609,True,2016-08-03,18,0,18:00,Evening,False,Summer,2.0,0.0,60.0,Departmental_road,Separated_carriageways,Unknown,Flat,Straight,Normal,Unknown,On_road,Unknown,B02,Opposite_direction,Car(Quad/Passenger),Cyclist,Right_side,Straight_ahead,0,,,,,,,,,,,,Not a holiday,0
3910,201600002389,2016,8,3,Daylight,Out_of_agglomeration,Out_of_intersection,Normal,Multiple_three_plus,Manual_entry,-0.97756,46.95609,True,2016-08-03,18,0,18:00,Evening,False,Summer,2.0,0.0,60.0,Departmental_road,Separated_carriageways,Unknown,Flat,Straight,Normal,Unknown,On_road,Unknown,A01,Other/Unknown,Car(Quad/Passenger),Cyclist,Right_side,Avoiding_obstacle,0,,,,,,,,,,,,Not a holiday,0
3911,201600002389,2016,8,3,Daylight,Out_of_agglomeration,Out_of_intersection,Normal,Multiple_three_plus,Manual_entry,-0.97756,46.95609,True,2016-08-03,18,0,18:00,Evening,False,Summer,2.0,0.0,60.0,Departmental_road,Separated_carriageways,Unknown,Flat,Straight,Normal,Unknown,On_road,Unknown,C03,Opposite_direction,Car(Quad/Passenger),Cyclist,Right_side,Straight_ahead,0,,,,,,,,,,,,Not a holiday,0
3912,201600002390,2016,10,1,Daylight,Out_of_agglomeration,Out_of_intersection,Light_rain,No_collision,Manual_entry,-0.87522,46.92304,True,2016-10-01,14,15,14:15,Afternoon,True,Autumn,0.0,0.0,62.0,Communal_way,Bidirectional,Unknown,Unknown,Curve_right,Wet,Unknown,On_road,Not_near_school,A01,Same_direction,Motorcycle,None,Front_left,Straight_ahead,0,,,,,,,,,,,,Not a holiday,0
3913,201600002391,2016,10,3,Daylight,Out_of_agglomeration,Out_of_intersection,Normal,Side_two_vehicles,Manual_entry,-1.12505,46.9932,True,2016-10-03,12,15,12:15,Afternoon,False,Autumn,0.0,0.0,0.0,Communal_way,Bidirectional,Unknown,Flat,Straight,Normal,Unknown,On_road,Unknown,B02,Same_direction,Cycle,Cyclist,Front_right,Straight_ahead,0,,,,,,,,,,,,Not a holiday,0
3914,201600002391,2016,10,3,Daylight,Out_of_agglomeration,Out_of_intersection,Normal,Side_two_vehicles,Manual_entry,-1.12505,46.9932,True,2016-10-03,12,15,12:15,Afternoon,False,Autumn,0.0,0.0,0.0,Communal_way,Bidirectional,Unknown,Flat,Straight,Normal,Unknown,On_road,Unknown,A01,Same_direction,Motorcycle,Cyclist,Right_side,Roundabout,0,,,,,,,,,,,,Not a holiday,0
3915,201600002392,2016,1,14,Twilight_or_dawn,Out_of_agglomeration,Out_of_intersection,Normal,Side_two_vehicles,Manual_entry,-1.53905,46.75028,True,2016-01-14,16,30,16:30,Afternoon,False,Winter,1.0,0.0,0.0,Communal_way,Bidirectional,Unknown,Slope,Straight,Normal,Unknown,On_road,Not_near_school,B02,Same_direction,Motorcycle,Cyclist,Front,Straight_ahead,0,,,,,,,,,,,,Not a holiday,0
3916,201600002392,2016,1,14,Twilight_or_dawn,Out_of_agglomeration,Out_of_intersection,Normal,Side_two_vehicles,Manual_entry,-1.53905,46.75028,True,2016-01-14,16,30,16:30,Afternoon,False,Winter,1.0,0.0,0.0,Communal_way,Bidirectional,Unknown,Slope,Straight,Normal,Unknown,On_road,Not_near_school,A01,Same_direction,Utility(Truck/Agri),Cyclist,Left_side,Loss_of_control,0,,,,,,,,,,,,Not a holiday,0
3917,201600002393,2016,1,26,Night_with_public_lighting_on,Built_up_area,Out_of_intersection,Fog_or_smoke,Side_two_vehicles,Manual_entry,-1.43734,46.79835,True,2016-01-26,7,0,07:00,Morning,False,Winter,2.0,0.0,100.0,Departmental_road,Bidirectional,Unknown,Flat,Straight,Normal,Unknown,On_road,Not_near_school,A01,Opposite_direction,Car(Quad/Passenger),Cyclist,Front_left,Loss_of_control,0,,,,,,,,,,,,Not a holiday,0
3918,201600002393,2016,1,26,Night_with_public_lighting_on,Built_up_area,Out_of_intersection,Fog_or_smoke,Side_two_vehicles,Manual_entry,-1.43734,46.79835,True,2016-01-26,7,0,07:00,Morning,False,Winter,2.0,0.0,100.0,Departmental_road,Bidirectional,Unknown,Flat,Straight,Normal,Unknown,On_road,Not_near_school,B02,Other/Unknown,Motorcycle,Cyclist,Front,Straight_ahead,0,,,,,,,,,,,,Not a holiday,0
3919,201600002394,2016,2,11,Daylight,Built_up_area,Place,Dazzling,Other_collision,Manual_entry,-1.60855,46.7395,True,2016-02-11,10,30,10:30,Morning,False,Winter,0.0,0.0,0.0,Parking_lot,Unknown,Unknown,Flat,Unknown,Normal,Unknown,Unknown,Not_near_school,A01,Same_direction,Car(Quad/Passenger),Pedestrian,Front,Roundabout,0,,,,,,,,,,,,Not a holiday,0
3920,201600002395,2016,2,28,Night_without_public_lighting,Out_of_agglomeration,Out_of_intersection,Normal,Rear_end_two_vehicles,Manual_entry,-1.42984,46.77093,True,2016-02-28,22,15,22:15,Night,True,Winter,4.0,0.0,0.0,Departmental_road,Separated_carriageways,Unknown,Flat,Curve_left,Normal,Unknown,On_road,Not_near_school,A01,Opposite_direction,Car(Quad/Passenger),None,Right_side,Turning,0,,,,,,,,,,,,Not a holiday,0
3921,201600002395,2016,2,28,Night_without_public_lighting,Out_of_agglomeration,Out_of_intersection,Normal,Rear_end_two_vehicles,Manual_entry,-1.42984,46.77093,True,2016-02-28,22,15,22:15,Night,True,Winter,4.0,0.0,0.0,Departmental_road,Separated_carriageways,Unknown,Flat,Curve_left,Normal,Unknown,On_road,Not_near_school,B02,Opposite_direction,Car(Quad/Passenger),None,Rear,Turning,0,,,,,,,,,,,,Not a holiday,0
3922,201600002396,2016,3,21,Daylight,Out_of_agglomeration,Out_of_intersection,Normal,Side_two_vehicles,Manual_entry,-1.43457,46.74346,True,2016-03-21,8,30,08:30,Morning,False,Spring,0.0,0.0,65.0,Communal_way,Bidirectional,Unknown,Flat,Straight,Normal,Unknown,On_road,Not_near_school,A01,Same_direction,Car(Quad/Passenger),Cyclist,Rear_left,Roundabout,0,,,,,,,,,,,,Not a holiday,0
3923,201600002396,2016,3,21,Daylight,Out_of_agglomeration,Out_of_intersection,Normal,Side_two_vehicles,Manual_entry,-1.43457,46.74346,True,2016-03-21,8,30,08:30,Morning,False,Spring,0.0,0.0,65.0,Communal_way,Bidirectional,Unknown,Flat,Straight,Normal,Unknown,On_road,Not_near_school,B02,Same_direction,Motorcycle,Cyclist,Front,None,0,,,,,,,,,,,,Not a holiday,0
3924,201600002397,2016,3,25,Daylight,Built_up_area,Other,Normal,Side_two_vehicles,Manual_entry,-1.61949,46.73691,True,2016-03-25,11,30,11:30,Morning,False,Spring,0.0,0.0,0.0,Departmental_road,Separated_carriageways,Unknown,Unknown,Unknown,Unknown,Unknown,Unknown,Not_near_school,A01,Opposite_direction,Car(Quad/Passenger),None,No_impact,None,0,,,,,,,,,,,,Not a holiday,0
3925,201600002397,2016,3,25,Daylight,Built_up_area,Other,Normal,Side_two_vehicles,Manual_entry,-1.61949,46.73691,True,2016-03-25,11,30,11:30,Morning,False,Spring,0.0,0.0,0.0,Departmental_road,Separated_carriageways,Unknown,Unknown,Unknown,Unknown,Unknown,Unknown,Not_near_school,B02,Opposite_direction,Car(Quad/Passenger),None,No_impact,None,0,,,,,,,,,,,,Not a holiday,0
3926,201600002398,2016,4,10,Night_without_public_lighting,Out_of_agglomeration,Out_of_intersection,Normal,Other_collision,Manual_entry,-1.60908,46.73275,True,2016-04-10,4,50,04:50,Night,True,Spring,0.0,0.0,70.0,Departmental_road,Separated_carriageways,Unknown,Flat,Straight,Normal,Interchange,On_road,Not_near_school,A01,Opposite_direction,Car(Quad/Passenger),Pedestrian,Front_right,Turning,0,,,,,,,,,,,,Not a holiday,0