,accident_id,year,month,day,lighting_label,urban_label,intersection_label,weather_label,collision_label,gps_label,longitude_num,latitude_num,valid_geo,date,hour,minute,time_hhmm,time_of_day,is_weekend,season,num_lanes,pedestrian_crossing_width,road_width,road_category_label,traffic_regime_label,reserved_lane_label,road_profile_label,road_layout_label,surface_condition_label,infrastructure_label,situation_label,school_zone_label,vehicle_id,traffic_direction_label,vehicle_category_label,mobile_obstacle_label,impact_point_label,manoeuvre_label,occupants_group,birth_year,sex_label,user_category_label,injury_severity_label,seat_position_label,journey_purpose_label,pedestrian_location_label,pedestrian_action_label,pedestrian_state_label,safety_equipment_type,safety_equipment_usage,holiday_name,is_holiday
3927,201600002399,2016,4,24,Daylight,Built_up_area,Out_of_intersection,Normal,No_collision,Manual_entry,-0.6685,46.60013,True,2016-04-24,15,45,15:45,Afternoon,True,Spring,0.0,0.0,0.0,Communal_way,Bidirectional,Unknown,Flat,Straight,Normal,Unknown,On_road,Unknown,A01,Same_direction,Motorcycle,None,Left_side,Straight_ahead,0,,,,,,,,,,,,Not a holiday,0
3928,201600002400,2016,5,3,Daylight,Out_of_agglomeration,Other,Normal,Side_two_vehicles,Manual_entry,-1.64194,46.7226,True,2016-05-03,10,0,10:00,Morning,False,Spring,0.0,0.0,42.0,Communal_way,Bidirectional,Unknown,Hilltop,Straight,Normal,Unknown,On_road,Unknown,B02,Same_direction,Car(Quad/Passenger),Cyclist,Front_left,Straight_ahead,0,,,,,,,,,,,,Not a holiday,0
3929,201600002400,2016,5,3,Daylight,Out_of_agglomeration,Other,Normal,Side_two_vehicles,Manual_entry,-1.64194,46.7226,True,2016-05-03,10,0,10:00,Morning,False,Spring,0.0,0.0,42.0,Communal_way,Bidirectional,Unknown,Hilltop,Straight,Normal,Unknown,On_road,Unknown,A01,Same_direction,Cycle,Cyclist,Left_side,Loss_of_control,0,,,,,,,,,,,,Not a holiday,0
3930,201600002401,2016,6,13,Daylight,Out_of_agglomeration,Out_of_intersection,Heavy_rain,Other_collision,Manual_entry,-1.4718,46.76393,True,2016-06-13,14,45,14:45,Afternoon,False,Summer,2.0,0.0,70.0,Departmental_road,Bidirectional,Unknown,Flat,Curve_right,Wet,Unknown,On_verge,Not_near_school,A01,Other/Unknown,Car(Quad/Passenger),None,Left_side,Straight_ahead,0,,,,,,,,,,,,Not a holiday,0
3931,201600002402,2016,8,9,Daylight,Built_up_area,Roundabout,Dazzling,Frontal_two_vehicles,Manual_entry,-1.60375,46.73825,True,2016-08-09,9,0,09:00,Morning,False,Summer,1.0,0.0,0.0,Communal_way,One_way,Unknown,Unknown,Unknown,Normal,Roundabout,On_road,Unknown,B02,Same_direction,Cycle,Cyclist,Left_side,Turning,0,,,,,,,,,,,,Not a holiday,0
3932,201600002402,2016,8,9,Daylight,Built_up_area,Roundabout,Dazzling,Frontal_two_vehicles,Manual_entry,-1.60375,46.73825,True,2016-08-09,9,0,09:00,Morning,False,Summer,1.0,0.0,0.0,Communal_way,One_way,Unknown,Unknown,Unknown,Normal,Roundabout,On_road,Unknown,A01,Same_direction,Car(Quad/Passenger),other,Front_left,Turning,0,,,,,,,,,,,,Not a holiday,0
3933,201600002403,2016,8,29,Night_without_public_lighting,Out_of_agglomeration,Out_of_intersection,Normal,Other_collision,Manual_entry,-1.48811,46.83735,True,2016-08-29,0,25,00:25,Night,False,Summer,0.0,0.0,0.0,Departmental_road,Bidirectional,Unknown,Flat,Straight,Normal,Unknown,On_road,Not_near_school,A01,Opposite_direction,Car(Quad/Passenger),None,Front,Straight_ahead,0,,,,,,,,,,,,Not a holiday,0
3934,201600002404,2016,9,8,Daylight,Out_of_agglomeration,Out_of_intersection,Normal,Frontal_two_vehicles,Manual_entry,-1.40919,46.77226,True,2016-09-08,16,45,16:45,Afternoon,False,Autumn,2.0,0.0,0.0,Departmental_road,Bidirectional,Unknown,Unknown,Straight,Normal,Roundabout,On_road,Unknown,A01,Opposite_direction,Cycle,Cyclist,Front,Roundabout,0,,,,,,,,,,,,Not a holiday,0
3935,201600002404,2016,9,8,Daylight,Out_of_agglomeration,Out_of_intersection,Normal,Frontal_two_vehicles,Manual_entry,-1.40919,46.77226,True,2016-09-08,16,45,16:45,Afternoon,False,Autumn,2.0,0.0,0.0,Departmental_road,Bidirectional,Unknown,Unknown,Straight,Normal,Roundabout,On_road,Unknown,B02,Opposite_direction,Car(Quad/Passenger),other,Right_side,None,0,,,,,,,,,,,,Not a holiday,0
3936,201600002405,2016,9,9,Twilight_or_dawn,Out_of_agglomeration,Out_of_intersection,Dazzling,Frontal_two_vehicles,Manual_entry,-1.5714,46.69886,True,2016-09-09,9,15,09:15,Morning,False,Autumn,1.0,0.0,27.0,Communal_way,Bidirectional,Unknown,Unknown,Curve_right,Normal,Unknown,On_road,Not_near_school,B02,Same_direction,Cycle,Cyclist,Front,Straight_ahead,0,,,,,,,,,,,,Not a holiday,0
3937,201600002405,2016,9,9,Twilight_or_dawn,Out_of_agglomeration,Out_of_intersection,Dazzling,Frontal_two_vehicles,Manual_entry,-1.5714,46.69886,True,2016-09-09,9,15,09:15,Morning,False,Autumn,1.0,0.0,27.0,Communal_way,Bidirectional,Unknown,Unknown,Curve_right,Normal,Unknown,On_road,Not_near_school,A01,Same_direction,Car(Quad/Passenger),Cyclist,Front,Straight_ahead,0,,,,,,,,,,,,Not a holiday,0
3938,201600002406,2016,9,20,Twilight_or_dawn,Out_of_agglomeration,Out_of_intersection,Normal,Multiple_three_plus,Manual_entry,-1.58369,46.68312,True,2016-09-20,20,15,20:15,Evening,False,Autumn,2.0,0.0,0.0,Departmental_road,Bidirectional,Unknown,Unknown,Unknown,Unknown,Unknown,On_road,Unknown,B02,Opposite_direction,Car(Quad/Passenger),None,No_impact,None,0,,,,,,,,,,,,Not a holiday,0
3939,201600002406,2016,9,20,Twilight_or_dawn,Out_of_agglomeration,Out_of_intersection,Normal,Multiple_three_plus,Manual_entry,-1.58369,46.68312,True,2016-09-20,20,15,20:15,Evening,False,Autumn,2.0,0.0,0.0,Departmental_road,Bidirectional,Unknown,Unknown,Unknown,Unknown,Unknown,On_road,Unknown,A01,Opposite_direction,Car(Quad/Passenger),None,Left_side,None,0,,,,,,,,,,,,Not a holiday,0
3940,201600002406,2016,9,20,Twilight_or_dawn,Out_of_agglomeration,Out_of_intersection,Normal,Multiple_three_plus,Manual_entry,-1.58369,46.68312,True,2016-09-20,20,15,20:15,Evening,False,Autumn,2.0,0.0,0.0,Departmental_road,Bidirectional,Unknown,Unknown,Unknown,Unknown,Unknown,On_road,Unknown,C03,Opposite_direction,Car(Quad/Passenger),None,Right_side,None,0,,,,,,,,,,,,Not a holiday,0
3941,201600002407,2016,10,6,Daylight,Out_of_agglomeration,Intersection_X,Normal,Side_two_vehicles,Manual_entry,-1.65737,46.70155,True,2016-10-06,18,45,18:45,Evening,False,Autumn,2.0,0.0,40.0,Departmental_road,One_way,Unknown,Flat,Straight,Normal,Unknown,On_road,Not_near_school,B02,Other/Unknown,Car(Quad/Passenger),Cyclist,Front,Straight_ahead,0,,,,,,,,,,,,Not a holiday,0
3942,201600002407,2016,10,6,Daylight,Out_of_agglomeration,Intersection_X,Normal,Side_two_vehicles,Manual_entry,-1.65737,46.70155,True,2016-10-06,18,45,18:45,Evening,False,Autumn,2.0,0.0,40.0,Departmental_road,One_way,Unknown,Flat,Straight,Normal,Unknown,On_road,Not_near_school,A01,Opposite_direction,Car(Quad/Passenger),Cyclist,Left_side,Straight_ahead,0,,,,,,,,,,,,Not a holiday,0
3943,201600002408,2016,10,13,Daylight,Out_of_agglomeration,Out_of_intersection,Normal,Side_two_vehicles,Manual_entry,-1.49881,46.68231,True,2016-10-13,17,0,17:00,Evening,False,Autumn,0.0,0.0,53.0,Departmental_road,Bidirectional,Unknown,Flat,Straight,Normal,Unknown,On_road,Unknown,A01,Other/Unknown,Motorcycle,None,No_impact,None,0,,,,,,,,,,,,Not a holiday,0
3944,201600002408,2016,10,13,Daylight,Out_of_agglomeration,Out_of_intersection,Normal,Side_two_vehicles,Manual_entry,-1.49881,46.68231,True,2016-10-13,17,0,17:00,Evening,False,Autumn,0.0,0.0,53.0,Departmental_road,Bidirectional,Unknown,Flat,Straight,Normal,Unknown,On_road,Unknown,B02,Other/Unknown,Car(Quad/Passenger),None,Left_side,Roundabout,0,,,,,,,,,,,,Not a holiday,0
3945,201600002409,2016,11,8,Daylight,Built_up_area,Out_of_intersection,Normal,Other_collision,Manual_entry,-1.59187,46.74032,True,2016-11-08,15,30,15:30,Afternoon,False,Autumn,0.0,0.0,0.0,Departmental_road,Bidirectional,Unknown,Flat,Curve_right,Normal,Unknown,On_sidewalk,Not_near_school,A01,Other/Unknown,Utility(Truck/Agri),Pedestrian,No_impact,None,0,,,,,,,,,,,,Not a holiday,0
3946,201600002410,2016,12,25,Night_without_public_lighting,Out_of_agglomeration,Roundabout,Normal,Other_collision,Manual_entry,-1.4446,46.79678,True,2016-12-25,19,0,19:00,Evening,True,Winter,2.0,0.0,70.0,Departmental_road,Unknown,Unknown,Flat,Straight,Normal,Unknown,On_road,Not_near_school,A01,Other/Unknown,Car(Quad/Passenger),None,Front,Straight_ahead,0,,,,,,,,,,,,Christmas Day,1
3947,201600002411,2016,12,27,Daylight,Built_up_area,Out_of_intersection,Normal,Other_collision,Manual_entry,-1.43017,46.70602,True,2016-12-27,13,15,13:15,Afternoon,False,Winter,2.0,0.0,0.0,Communal_way,Bidirectional,Unknown,Unknown,Curve_right,Normal,Unknown,On_sidewalk,Not_near_school,A01,Same_direction,Motorcycle,None,Front_right,Straight_ahead,0,,,,,,,,,,,,Not a holiday,0
3948,201600002412,2016,5,5,Daylight,Built_up_area,Out_of_intersection,Normal,Other_collision,Manual_entry,-0.85616,46.47106,True,2016-05-05,18,0,18:00,Evening,False,Spring,0.0,16.0,60.0,Departmental_road,Bidirectional,Unknown,Slope,Straight,Normal,Unknown,On_road,Not_near_school,A01,Opposite_direction,Motorcycle,None,Front,Straight_ahead,0,,,,,,,,,,,,Ascension Thursday,1
3949,201600002413,2016,7,22,Daylight,Out_of_agglomeration,Out_of_intersection,Dazzling,Frontal_two_vehicles,Manual_entry,-0.81563,46.4505,True,2016-07-22,15,45,15:45,Afternoon,False,Summer,0.0,0.0,107.0,Departmental_road,Bidirectional,Unknown,Flat,Straight,Normal,Unknown,On_road,Not_near_school,A01,Opposite_direction,Car(Quad/Passenger),Cyclist,Front,Avoiding_obstacle,0,,,,,,,,,,,,Not a holiday,0
3950,201600002413,2016,7,22,Daylight,Out_of_agglomeration,Out_of_intersection,Dazzling,Frontal_two_vehicles,Manual_entry,-0.81563,46.4505,True,2016-07-22,15,45,15:45,Afternoon,False,Summer,0.0,0.0,107.0,Departmental_road,Bidirectional,Unknown,Flat,Straight,Normal,Unknown,On_road,Not_near_school,B02,Other/Unknown,Car(Quad/Passenger),Cyclist,Front,Straight_ahead,0,,,,,,,,,,,,Not a holiday,0
3951,201600002414,2016,10,10,Night_without_public_lighting,Out_of_agglomeration,Out_of_intersection,Normal,Side_two_vehicles,Manual_entry,-0.87294,46.39313,True,2016-10-10,7,0,07:00,Morning,False,Autumn,0.0,0.0,70.0,Departmental_road,Bidirectional,Unknown,Flat,Straight,Normal,Unknown,On_road,Unknown,A01,Opposite_direction,Car(Quad/Passenger),Cyclist,Right_side,Park/Start/Stop,0,,,,,,,,,,,,Not a holiday,0
3952,201600002414,2016,10,10,Night_without_public_lighting,Out_of_agglomeration,Out_of_intersection,Normal,Side_two_vehicles,Manual_entry,-0.87294,46.39313,True,2016-10-10,7,0,07:00,Morning,False,Autumn,0.0,0.0,70.0,Departmental_road,Bidirectional,Unknown,Flat,Straight,Normal,Unknown,On_road,Unknown,B02,Other/Unknown,Car(Quad/Passenger),Cyclist,Front,Straight_ahead,0,,,,,,,,,,,,Not a holiday,0
3953,201600002415,2016,12,24,Night_with_public_lighting_on,Built_up_area,Out_of_intersection,Normal,Other_collision,Manual_entry,-0.80188,46.47077,True,2016-12-24,2,30,02:30,Night,True,Winter,0.0,0.0,60.0,other,Bidirectional,Unknown,Flat,Straight,Wet,Unknown,On_sidewalk,Unknown,A01,Same_direction,Car(Quad/Passenger),Pedestrian,Right_side,Straight_ahead,0,,,,,,,,,,,,Not a holiday,0
3954,201600002416,2016,12,29,Night_with_public_lighting_on,Built_up_area,Out_of_intersection,Normal,Side_two_vehicles,Manual_entry,-0.79681,46.4631,True,2016-12-29,19,45,19:45,Evening,False,Winter,0.0,0.0,0.0,Communal_way,Bidirectional,Unknown,Flat,Straight,Normal,Unknown,On_road,Unknown,B02,Same_direction,Car(Quad/Passenger),Cyclist,Right_side,Park/Start/Stop,0,,,,,,,,,,,,Not a holiday,0
3955,201600002416,2016,12,29,Night_with_public_lighting_on,Built_up_area,Out_of_intersection,Normal,Side_two_vehicles,Manual_entry,-0.79681,46.4631,True,2016-12-29,19,45,19:45,Evening,False,Winter,0.0,0.0,0.0,Communal_way,Bidirectional,Unknown,Flat,Straight,Normal,Unknown,On_road,Unknown,A01,Same_direction,Motorcycle,Cyclist,Front,Straight_ahead,0,,,,,,,,,,,,Not a holiday,0
3956,201600002417,2016,4,13,Daylight,Built_up_area,Out_of_intersection,Normal,Frontal_two_vehicles,Manual_entry,-1.16647,46.45189,True,2016-04-13,13,45,13:45,Afternoon,False,Spring,0.0,0.0,67.0,Communal_way,One_way,Unknown,Unknown,Straight,Normal,Unknown,On_road,Not_near_school,A01,Same_direction,Car(Quad/Passenger),None,Front_left,other,0,,,,,,,,,,,,Not a holiday,0
3957,201600002417,2016,4,13,Daylight,Built_up_area,Out_of_intersection,Normal,Frontal_two_vehicles,Manual_entry,-1.16647,46.45189,True,2016-04-13,13,45,13:45,Afternoon,False,Spring,0.0,0.0,67.0,Communal_way,One_way,Unknown,Unknown,Straight,Normal,Unknown,On_road,Not_near_school,B02,Same_direction,Cycle,None,No_impact,Interaction,0,,,,,,,,,,,,Not a holiday,0
3958,201600002418,2016,5,13,Daylight,Out_of_agglomeration,Out_of_intersection,Normal,No_collision,Manual_entry,-1.23418,46.3235,True,2016-05-13,15,30,15:30,Afternoon,False,Spring,1.0,0.0,61.0,Departmental_road,Bidirectional,Unknown,Hilltop,Straight,Normal,Unknown,On_road,Not_near_school,A01,Opposite_direction,Car(Quad/Passenger),None,Front,Straight_ahead,0,,,,,,,,,,,,Not a holiday,0
3959,201600002419,2016,5,16,Twilight_or_dawn,Built_up_area,Out_of_intersection,Normal,Other_collision,Manual_entry,-1.26078,46.34859,True,2016-05-16,5,30,05:30,Morning,False,Spring,0.0,0.0,0.0,Departmental_road,Bidirectional,Unknown,Unknown,Curve_right,Normal,Unknown,On_sidewalk,Not_near_school,A01,Other/Unknown,Car(Quad/Passenger),None,Front,Straight_ahead,0,,,,,,,,,,,,Whit Monday,1
3960,201600002420,2016,7,2,Daylight,Out_of_agglomeration,Out_of_intersection,Normal,Frontal_two_vehicles,Manual_entry,,,False,2016-07-02,16,0,16:00,Afternoon,True,Summer,2.0,0.0,32.0,Communal_way,Bidirectional,Unknown,Slope,Curve_left,Normal,Unknown,On_road,Unknown,B02,Opposite_direction,Utility(Truck/Agri),Cyclist,Front,Straight_ahead,0,,,,,,,,,,,,Not a holiday,0
3961,201600002420,2016,7,2,Daylight,Out_of_agglomeration,Out_of_intersection,Normal,Frontal_two_vehicles,Manual_entry,,,False,2016-07-02,16,0,16:00,Afternoon,True,Summer,2.0,0.0,32.0,Communal_way,Bidirectional,Unknown,Slope,Curve_left,Normal,Unknown,On_road,Unknown,A01,Other/Unknown,Cycle,Cyclist,Front,Straight_ahead,0,,,,,,,,,,,,Not a holiday,0
3962,201600002421,2016,7,8,Daylight,Out_of_agglomeration,Out_of_intersection,Normal,Rear_end_two_vehicles,Manual_entry,-1.10821,46.46554,True,2016-07-08,12,15,12:15,Afternoon,False,Summer,0.0,70.0,0.0,Departmental_road,Separated_carriageways,Unknown,Unknown,Straight,Normal,Unknown,On_verge,Not_near_school,A01,Opposite_direction,Car(Quad/Passenger),None,Rear_right,Straight_ahead,0,,,,,,,,,,,,Not a holiday,0
3963,201600002421,2016,7,8,Daylight,Out_of_agglomeration,Out_of_intersection,Normal,Rear_end_two_vehicles,Manual_entry,-1.10821,46.46554,True,2016-07-08,12,15,12:15,Afternoon,False,Summer,0.0,70.0,0.0,Departmental_road,Separated_carriageways,Unknown,Unknown,Straight,Normal,Unknown,On_verge,Not_near_school,B02,Opposite_direction,Car(Quad/Passenger),Cyclist,Front,Straight_ahead,0,,,,,,,,,,,,Not a holiday,0
3964,201600002422,2016,8,11,Daylight,Out_of_agglomeration,Out_of_intersection,Normal,Other_collision,Manual_entry,-1.34894,46.39238,True,2016-08-11,17,10,17:10,Evening,False,Summer,2.0,62.0,0.0,Departmental_road,Bidirectional,Unknown,Unknown,Curve_left,Normal,Unknown,On_road,Unknown,A01,Other/Unknown,Motorcycle,None,Front,None,0,,,,,,,,,,,,Not a holiday,0
3965,201600002423,2016,10,4,Daylight,Built_up_area,Out_of_intersection,Normal,Other_collision,Manual_entry,-1.15779,46.45582,True,2016-10-04,11,45,11:45,Morning,False,Autumn,0.0,0.0,81.0,Communal_way,Bidirectional,Unknown,Flat,Straight,Normal,Unknown,On_road,Not_near_school,A01,Opposite_direction,Motorcycle,Pedestrian,Front,other,0,,,,,,,,,,,,Not a holiday,0
3966,201600002424,2016,12,19,Night_without_public_lighting,Out_of_agglomeration,Out_of_intersection,Normal,No_collision,Manual_entry,-1.07228,46.39228,True,2016-12-19,6,45,06:45,Morning,False,Winter,1.0,0.0,29.0,Communal_way,Bidirectional,Unknown,Flat,Straight,Unknown,Unknown,Unknown,Unknown,A01,Same_direction,Car(Quad/Passenger),None,Front_right,Straight_ahead,0,,,,,,,,,,,,Not a holiday,0
3967,201600002425,2016,8,7,Daylight,Built_up_area,Out_of_intersection,Normal,No_collision,Manual_entry,-0.68234,46.41341,True,2016-08-07,8,30,08:30,Morning,True,Summer,1.0,0.0,60.0,Departmental_road,Bidirectional,Unknown,Unknown,Unknown,Normal,Unknown,On_sidewalk,Not_near_school,A01,Opposite_direction,Motorcycle,None,Front,Straight_ahead,0,,,,,,,,,,,,Not a holiday,0
3968,201600002426,2016,9,6,Daylight,Out_of_agglomeration,Out_of_intersection,Normal,Other_collision,Manual_entry,-0.71184,46.53459,True,2016-09-06,17,15,17:15,Evening,False,Autumn,2.0,0.0,60.0,Departmental_road,Bidirectional,Unknown,Unknown,Curve_right,Normal,Unknown,On_road,Not_near_school,A01,Other/Unknown,Car(Quad/Passenger),None,Front,Straight_ahead,0,,,,,,,,,,,,Not a holiday,0
3969,201600002427,2016,10,16,Daylight,Out_of_agglomeration,Out_of_intersection,Normal,No_collision,Manual_entry,-0.78423,46.44232,True,2016-10-16,12,45,12:45,Afternoon,True,Autumn,2.0,0.0,60.0,Departmental_road,Bidirectional,Unknown,Flat,Curve_left,Normal,Unknown,On_road,Unknown,A01,Opposite_direction,Motorcycle,None,Multiple impacts,Straight_ahead,0,,,,,,,,,,,,Not a holiday,0
3970,201600002428,2016,11,21,Daylight,Out_of_agglomeration,Out_of_intersection,Normal,Frontal_two_vehicles,Manual_entry,-0.70028,46.50831,True,2016-11-21,13,45,13:45,Afternoon,False,Autumn,2.0,0.0,60.0,Departmental_road,Bidirectional,Unknown,Flat,Curve_right,Normal,Unknown,On_road,Not_near_school,B02,Opposite_direction,Car(Quad/Passenger),Cyclist,Right_side,Straight_ahead,0,,,,,,,,,,,,Not a holiday,0
3971,201600002428,2016,11,21,Daylight,Out_of_agglomeration,Out_of_intersection,Normal,Frontal_two_vehicles,Manual_entry,-0.70028,46.50831,True,2016-11-21,13,45,13:45,Afternoon,False,Autumn,2.0,0.0,60.0,Departmental_road,Bidirectional,Unknown,Flat,Curve_right,Normal,Unknown,On_road,Not_near_school,A01,Other/Unknown,Car(Quad/Passenger),Cyclist,Front,Straight_ahead,0,,,,,,,,,,,,Not a holiday,0
3972,201600002429,2016,11,25,Daylight,Out_of_agglomeration,Out_of_intersection,Light_rain,Side_two_vehicles,Manual_entry,-0.72273,46.4025,True,2016-11-25,10,30,10:30,Morning,False,Autumn,0.0,0.0,54.0,Departmental_road,Bidirectional,Unknown,Unknown,Straight,Wet,Unknown,On_road,Not_near_school,A01,Other/Unknown,Car(Quad/Passenger),Cyclist,Front_right,Loss_of_control,0,,,,,,,,,,,,Not a holiday,0
3973,201600002429,2016,11,25,Daylight,Out_of_agglomeration,Out_of_intersection,Light_rain,Side_two_vehicles,Manual_entry,-0.72273,46.4025,True,2016-11-25,10,30,10:30,Morning,False,Autumn,0.0,0.0,54.0,Departmental_road,Bidirectional,Unknown,Unknown,Straight,Wet,Unknown,On_road,Not_near_school,B02,Opposite_direction,Car(Quad/Passenger),Cyclist,Front,Straight_ahead,0,,,,,,,,,,,,Not a holiday,0
3974,201600002430,2016,12,17,Night_without_public_lighting,Out_of_agglomeration,Out_of_intersection,Normal,Other_collision,Manual_entry,-0.70701,46.39862,True,2016-12-17,1,15,01:15,Night,True,Winter,0.0,0.0,34.0,Communal_way,Bidirectional,Unknown,Flat,Curve_left,Normal,Unknown,On_verge,Not_near_school,A01,Same_direction,Car(Quad/Passenger),None,Front,Straight_ahead,0,,,,,,,,,,,,Not a holiday,0
3975,201600002431,2016,3,10,Daylight,Out_of_agglomeration,Intersection_X,Normal,Side_two_vehicles,Manual_entry,-0.91555,46.67809,True,2016-03-10,14,0,14:00,Afternoon,False,Spring,2.0,0.0,0.0,Departmental_road,Bidirectional,Unknown,Unknown,Straight,Normal,Roundabout,On_road,Unknown,B02,Opposite_direction,Motorcycle,Cyclist,Left_side,Straight_ahead,0,,,,,,,,,,,,Not a holiday,0
3976,201600002431,2016,3,10,Daylight,Out_of_agglomeration,Intersection_X,Normal,Side_two_vehicles,Manual_entry,-0.91555,46.67809,True,2016-03-10,14,0,14:00,Afternoon,False,Spring,2.0,0.0,0.0,Departmental_road,Bidirectional,Unknown,Unknown,Straight,Normal,Roundabout,On_road,Unknown,A01,Opposite_direction,Car(Quad/Passenger),Cyclist,Front,Straight_ahead,0,,,,,,,,,,,,Not a holiday,0
3977,201600002432,2016,3,31,Night_with_public_lighting_on,Built_up_area,Out_of_intersection,Normal,Frontal_two_vehicles,Manual_entry,-0.7317,46.7943,True,2016-03-31,21,45,21:45,Night,False,Spring,0.0,0.0,59.0,Departmental_road,Bidirectional,Unknown,Unknown,Curve_right,Normal,Unknown,On_road,Not_near_school,A01,Opposite_direction,Car(Quad/Passenger),Cyclist,Front_right,Roundabout,0,,,,,,,,,,,,Not a holiday,0
3978,201600002432,2016,3,31,Night_with_public_lighting_on,Built_up_area,Out_of_intersection,Normal,Frontal_two_vehicles,Manual_entry,-0.7317,46.7943,True,2016-03-31,21,45,21:45,Night,False,Spring,0.0,0.0,59.0,Departmental_road,Bidirectional,Unknown,Unknown,Curve_right,Normal,Unknown,On_road,Not_near_school,B02,Other/Unknown,Motorcycle,Cyclist,Front,Straight_ahead,0,,,,,,,,,,,,Not a holiday,0
3979,201600002433,2016,4,2,Night_without_public_lighting,Out_of_agglomeration,Out_of_intersection,Normal,Frontal_two_vehicles,Manual_entry,-0.6685,46.60013,True,2016-04-02,20,45,20:45,Evening,True,Spring,2.0,0.0,56.0,Departmental_road,Bidirectional,Unknown,Unknown,Straight,Normal,Unknown,On_road,Not_near_school,A01,Other/Unknown,Car(Quad/Passenger),None,Front_right,Straight_ahead,0,,,,,,,,,,,,Not a holiday,0
3980,201600002433,2016,4,2,Night_without_public_lighting,Out_of_agglomeration,Out_of_intersection,Normal,Frontal_two_vehicles,Manual_entry,-0.6685,46.60013,True,2016-04-02,20,45,20:45,Evening,True,Spring,2.0,0.0,56.0,Departmental_road,Bidirectional,Unknown,Unknown,Straight,Normal,Unknown,On_road,Not_near_school,B02,Other/Unknown,Car(Quad/Passenger),None,Front,Straight_ahead,0,,,,,,,,,,,,Not a holiday,0
3981,201600002434,2016,5,4,Daylight,Out_of_agglomeration,Out_of_intersection,Normal,Frontal_two_vehicles,Manual_entry,-0.74538,46.66452,True,2016-05-04,18,30,18:30,Evening,False,Spring,2.0,0.0,45.0,Communal_way,Bidirectional,Unknown,Slope,S-bend,Normal,Unknown,On_road,Unknown,B02,Same_direction,Car(Quad/Passenger),Cyclist,Front,Straight_ahead,0,,,,,,,,,,,,Not a holiday,0
3982,201600002434,2016,5,4,Daylight,Out_of_agglomeration,Out_of_intersection,Normal,Frontal_two_vehicles,Manual_entry,-0.74538,46.66452,True,2016-05-04,18,30,18:30,Evening,False,Spring,2.0,0.0,45.0,Communal_way,Bidirectional,Unknown,Slope,S-bend,Normal,Unknown,On_road,Unknown,A01,Same_direction,Utility(Truck/Agri),Cyclist,Front,Straight_ahead,0,,,,,,,,,,,,Not a holiday,0
3983,201600002435,2016,6,17,Twilight_or_dawn,Out_of_agglomeration,Out_of_intersection,Normal,Side_two_vehicles,Manual_entry,-0.91529,46.75139,True,2016-06-17,21,45,21:45,Night,False,Summer,2.0,0.0,70.0,Departmental_road,Bidirectional,Unknown,Flat,Straight,Normal,Unknown,On_road,Not_near_school,B02,Other/Unknown,Motorcycle,Cyclist,Front,Straight_ahead,0,,,,,,,,,,,,Not a holiday,0
3984,201600002435,2016,6,17,Twilight_or_dawn,Out_of_agglomeration,Out_of_intersection,Normal,Side_two_vehicles,Manual_entry,-0.91529,46.75139,True,2016-06-17,21,45,21:45,Night,False,Summer,2.0,0.0,70.0,Departmental_road,Bidirectional,Unknown,Flat,Straight,Normal,Unknown,On_road,Not_near_school,A01,Other/Unknown,Utility(Truck/Agri),Cyclist,Right_side,Loss_of_control,0,,,,,,,,,,,,Not a holiday,0
3985,201600002436,2016,6,27,Daylight,Built_up_area,Out_of_intersection,Normal,Frontal_two_vehicles,Manual_entry,-0.83977,46.77945,True,2016-06-27,18,0,18:00,Evening,False,Summer,2.0,61.0,0.0,Departmental_road,Bidirectional,Unknown,Unknown,Straight,Normal,Unknown,On_road,Unknown,A01,Opposite_direction,Car(Quad/Passenger),Cyclist,Right_side,Roundabout,0,,,,,,,,,,,,Not a holiday,0
3986,201600002436,2016,6,27,Daylight,Built_up_area,Out_of_intersection,Normal,Frontal_two_vehicles,Manual_entry,-0.83977,46.77945,True,2016-06-27,18,0,18:00,Evening,False,Summer,2.0,61.0,0.0,Departmental_road,Bidirectional,Unknown,Unknown,Straight,Normal,Unknown,On_road,Unknown,B02,Other/Unknown,Car(Quad/Passenger),Cyclist,Right_side,Straight_ahead,0,,,,,,,,,,,,Not a holiday,0
3987,201600002437,2016,7,1,Twilight_or_dawn,Out_of_agglomeration,Out_of_intersection,Light_rain,No_collision,Manual_entry,-0.68104,46.64363,True,2016-07-01,21,30,21:30,Night,False,Summer,0.0,0.0,0.0,Communal_way,Unknown,Unknown,Unknown,Straight,Wet,Unknown,On_bike_path,Unknown,A01,Same_direction,Cycle,None,Left_side,Straight_ahead,0,,,,,,,,,,,,Not a holiday,0
3988,201600002438,2016,7,27,Daylight,Out_of_agglomeration,Out_of_intersection,Normal,Side_two_vehicles,Manual_entry,-0.84693,46.77355,True,2016-07-27,20,0,20:00,Evening,False,Summer,1.0,70.0,0.0,Departmental_road,Bidirectional,Unknown,Flat,Straight,Normal,Unknown,On_road,Not_near_school,A01,Other/Unknown,Motorcycle,Cyclist,Right_side,Park/Start/Stop,0,,,,,,,,,,,,Not a holiday,0