,accident_id,year,month,day,lighting_label,urban_label,intersection_label,weather_label,collision_label,gps_label,longitude_num,latitude_num,valid_geo,date,hour,minute,time_hhmm,time_of_day,is_weekend,season,num_lanes,pedestrian_crossing_width,road_width,road_category_label,traffic_regime_label,reserved_lane_label,road_profile_label,road_layout_label,surface_condition_label,infrastructure_label,situation_label,school_zone_label,vehicle_id,traffic_direction_label,vehicle_category_label,mobile_obstacle_label,impact_point_label,manoeuvre_label,occupants_group,birth_year,sex_label,user_category_label,injury_severity_label,seat_position_label,journey_purpose_label,pedestrian_location_label,pedestrian_action_label,pedestrian_state_label,safety_equipment_type,safety_equipment_usage,holiday_name,is_holiday
3989,201600002438,2016,7,27,Daylight,Out_of_agglomeration,Out_of_intersection,Normal,Side_two_vehicles,Manual_entry,-0.84693,46.77355,True,2016-07-27,20,0,20:00,Evening,False,Summer,1.0,70.0,0.0,Departmental_road,Bidirectional,Unknown,Flat,Straight,Normal,Unknown,On_road,Not_near_school,B02,Other/Unknown,Car(Quad/Passenger),Cyclist,Front_right,Straight_ahead,0,,,,,,,,,,,,Not a holiday,0
3990,201600002439,2016,8,3,Night_without_public_lighting,Built_up_area,Out_of_intersection,Normal,Frontal_two_vehicles,Manual_entry,-0.68882,46.65169,True,2016-08-03,23,15,23:15,Night,False,Summer,2.0,0.0,84.0,Departmental_road,Bidirectional,Unknown,Flat,Curve_right,Normal,Unknown,On_road,Not_near_school,B02,Other/Unknown,Car(Quad/Passenger),Cyclist,Front_left,Straight_ahead,0,,,,,,,,,,,,Not a holiday,0
3991,201600002439,2016,8,3,Night_without_public_lighting,Built_up_area,Out_of_intersection,Normal,Frontal_two_vehicles,Manual_entry,-0.68882,46.65169,True,2016-08-03,23,15,23:15,Night,False,Summer,2.0,0.0,84.0,Departmental_road,Bidirectional,Unknown,Flat,Curve_right,Normal,Unknown,On_road,Not_near_school,A01,Opposite_direction,Car(Quad/Passenger),Cyclist,Front_left,Avoiding_obstacle,0,,,,,,,,,,,,Not a holiday,0
3992,201600002440,2016,9,5,Daylight,Built_up_area,Out_of_intersection,Normal,Other_collision,Manual_entry,-0.81566,46.59188,True,2016-09-05,9,50,09:50,Morning,False,Autumn,2.0,0.0,0.0,Departmental_road,Bidirectional,Unknown,Flat,S-bend,Normal,Unknown,On_road,Unknown,A01,Opposite_direction,Car(Quad/Passenger),Pedestrian,Front,Avoiding_obstacle,0,,,,,,,,,,,,Not a holiday,0
3993,201600002441,2016,9,16,Daylight,Out_of_agglomeration,Out_of_intersection,Light_rain,No_collision,Manual_entry,-0.77641,46.65002,True,2016-09-16,10,30,10:30,Morning,False,Autumn,1.0,0.0,0.0,Departmental_road,Bidirectional,Unknown,Flat,Straight,Wet,Unknown,On_road,Not_near_school,A01,Opposite_direction,Car(Quad/Passenger),None,Left_side,Straight_ahead,0,,,,,,,,,,,,Not a holiday,0
3994,201600002442,2016,10,2,Daylight,Out_of_agglomeration,Out_of_intersection,Normal,Side_two_vehicles,Manual_entry,-0.7954,46.58002,True,2016-10-02,14,0,14:00,Afternoon,True,Autumn,2.0,0.0,70.0,Departmental_road,Bidirectional,Unknown,Unknown,Straight,Normal,Unknown,On_road,Not_near_school,B02,Opposite_direction,Motorcycle,Cyclist,Front,Straight_ahead,0,,,,,,,,,,,,Not a holiday,0
3995,201600002442,2016,10,2,Daylight,Out_of_agglomeration,Out_of_intersection,Normal,Side_two_vehicles,Manual_entry,-0.7954,46.58002,True,2016-10-02,14,0,14:00,Afternoon,True,Autumn,2.0,0.0,70.0,Departmental_road,Bidirectional,Unknown,Unknown,Straight,Normal,Unknown,On_road,Not_near_school,A01,Other/Unknown,Car(Quad/Passenger),Cyclist,Front_left,Roundabout,0,,,,,,,,,,,,Not a holiday,0
3996,201600002443,2016,10,30,Night_without_public_lighting,Out_of_agglomeration,Out_of_intersection,Normal,No_collision,Manual_entry,-0.75613,46.61408,True,2016-10-30,20,0,20:00,Evening,True,Autumn,0.0,0.0,56.0,Departmental_road,Bidirectional,Unknown,Flat,Straight,Normal,Unknown,On_road,Unknown,A01,Other/Unknown,Car(Quad/Passenger),None,Front_right,Straight_ahead,0,,,,,,,,,,,,Not a holiday,0
3997,201600002444,2016,12,2,Night_without_public_lighting,Out_of_agglomeration,Out_of_intersection,Normal,Other_collision,Manual_entry,-0.97205,46.67986,True,2016-12-02,23,45,23:45,Night,False,Winter,1.0,0.0,70.0,Departmental_road,Bidirectional,Unknown,Flat,Curve_left,Normal,Unknown,On_verge,Not_near_school,A01,Opposite_direction,Car(Quad/Passenger),None,Front,Turning,0,,,,,,,,,,,,Not a holiday,0
3998,201600002445,2016,3,25,Night_without_public_lighting,Out_of_agglomeration,Out_of_intersection,Cloudy,Other_collision,Manual_entry,-0.91808,46.57606,True,2016-03-25,22,10,22:10,Night,False,Spring,2.0,0.0,51.0,Departmental_road,Bidirectional,Unknown,Flat,Straight,Wet,Unknown,On_verge,Not_near_school,A01,Opposite_direction,Motorcycle,None,Front,Straight_ahead,0,,,,,,,,,,,,Not a holiday,0
3999,201600002446,2016,8,17,Daylight,Out_of_agglomeration,Out_of_intersection,Normal,Frontal_two_vehicles,Manual_entry,-1.04809,46.57893,True,2016-08-17,19,30,19:30,Evening,False,Summer,0.0,0.0,69.0,Departmental_road,Bidirectional,Unknown,Flat,Straight,Normal,Unknown,On_road,Not_near_school,A01,Opposite_direction,Car(Quad/Passenger),Cyclist,Right_side,Avoiding_obstacle,0,,,,,,,,,,,,Not a holiday,0
4000,201600002446,2016,8,17,Daylight,Out_of_agglomeration,Out_of_intersection,Normal,Frontal_two_vehicles,Manual_entry,-1.04809,46.57893,True,2016-08-17,19,30,19:30,Evening,False,Summer,0.0,0.0,69.0,Departmental_road,Bidirectional,Unknown,Flat,Straight,Normal,Unknown,On_road,Not_near_school,B02,Other/Unknown,Car(Quad/Passenger),Cyclist,Right_side,Straight_ahead,0,,,,,,,,,,,,Not a holiday,0
4001,201600002447,2016,9,6,Daylight,Out_of_agglomeration,Intersection_X,Normal,Frontal_two_vehicles,Manual_entry,-0.84814,46.57402,True,2016-09-06,15,15,15:15,Afternoon,False,Autumn,0.0,0.0,70.0,Departmental_road,Unknown,Unknown,Unknown,Straight,Normal,Unknown,On_road,Unknown,A01,Opposite_direction,Motorcycle,Cyclist,Left_side,Straight_ahead,0,,,,,,,,,,,,Not a holiday,0
4002,201600002447,2016,9,6,Daylight,Out_of_agglomeration,Intersection_X,Normal,Frontal_two_vehicles,Manual_entry,-0.84814,46.57402,True,2016-09-06,15,15,15:15,Afternoon,False,Autumn,0.0,0.0,70.0,Departmental_road,Unknown,Unknown,Unknown,Straight,Normal,Unknown,On_road,Unknown,B02,Opposite_direction,Car(Quad/Passenger),Cyclist,Front,Straight_ahead,0,,,,,,,,,,,,Not a holiday,0
4003,201600002448,2016,10,22,Night_without_public_lighting,Out_of_agglomeration,Out_of_intersection,Normal,Rear_end_two_vehicles,Manual_entry,-0.92994,46.4997,True,2016-10-22,19,30,19:30,Evening,True,Autumn,0.0,60.0,0.0,Departmental_road,Bidirectional,Unknown,Flat,Straight,Unknown,Unknown,On_verge,Not_near_school,B02,Opposite_direction,Motorcycle,Cyclist,Rear_left,Straight_ahead,0,,,,,,,,,,,,Not a holiday,0
4004,201600002448,2016,10,22,Night_without_public_lighting,Out_of_agglomeration,Out_of_intersection,Normal,Rear_end_two_vehicles,Manual_entry,-0.92994,46.4997,True,2016-10-22,19,30,19:30,Evening,True,Autumn,0.0,60.0,0.0,Departmental_road,Bidirectional,Unknown,Flat,Straight,Unknown,Unknown,On_verge,Not_near_school,A01,Opposite_direction,Motorcycle,Cyclist,Front,other,0,,,,,,,,,,,,Not a holiday,0
4005,201600002449,2016,11,19,Night_without_public_lighting,Out_of_agglomeration,Out_of_intersection,Normal,Frontal_two_vehicles,Manual_entry,-0.87628,46.50438,True,2016-11-19,17,45,17:45,Evening,True,Autumn,0.0,0.0,63.0,Departmental_road,Bidirectional,Unknown,Hill_bottom,S-bend,Normal,Unknown,On_road,Not_near_school,A01,Other/Unknown,Motorcycle,Cyclist,Front,Avoiding_obstacle,0,,,,,,,,,,,,Not a holiday,0
4006,201600002449,2016,11,19,Night_without_public_lighting,Out_of_agglomeration,Out_of_intersection,Normal,Frontal_two_vehicles,Manual_entry,-0.87628,46.50438,True,2016-11-19,17,45,17:45,Evening,True,Autumn,0.0,0.0,63.0,Departmental_road,Bidirectional,Unknown,Hill_bottom,S-bend,Normal,Unknown,On_road,Not_near_school,B02,Opposite_direction,Car(Quad/Passenger),Cyclist,Right_side,Straight_ahead,0,,,,,,,,,,,,Not a holiday,0
4007,201600002450,2016,12,24,Night_without_public_lighting,Out_of_agglomeration,Out_of_intersection,Normal,Frontal_two_vehicles,Manual_entry,-1.87954,46.81624,True,2016-12-24,18,0,18:00,Evening,True,Winter,2.0,0.0,62.0,Departmental_road,Bidirectional,Unknown,Flat,Straight,Normal,Unknown,On_road,Unknown,A01,Other/Unknown,Motorcycle,Cyclist,Front,Straight_ahead,0,,,,,,,,,,,,Not a holiday,0
4008,201600002450,2016,12,24,Night_without_public_lighting,Out_of_agglomeration,Out_of_intersection,Normal,Frontal_two_vehicles,Manual_entry,-1.87954,46.81624,True,2016-12-24,18,0,18:00,Evening,True,Winter,2.0,0.0,62.0,Departmental_road,Bidirectional,Unknown,Flat,Straight,Normal,Unknown,On_road,Unknown,B02,Opposite_direction,Car(Quad/Passenger),Cyclist,Front,other,0,,,,,,,,,,,,Not a holiday,0
4009,201600002451,2016,3,26,Twilight_or_dawn,Out_of_agglomeration,Out_of_intersection,Light_rain,Other_collision,Manual_entry,-1.92042,46.83578,True,2016-03-26,7,30,07:30,Morning,True,Spring,2.0,0.0,65.0,Departmental_road,Bidirectional,Unknown,Flat,Curve_left,Wet,Bridge,On_verge,Not_near_school,A01,Opposite_direction,Car(Quad/Passenger),None,Front,Avoiding_obstacle,0,,,,,,,,,,,,Not a holiday,0
4010,201600002452,2016,4,12,Daylight,Out_of_agglomeration,Out_of_intersection,Normal,No_collision,Manual_entry,-1.65048,46.81466,True,2016-04-12,18,45,18:45,Evening,False,Spring,0.0,50.0,0.0,Departmental_road,Bidirectional,Unknown,Unknown,Straight,Normal,Unknown,Unknown,Not_near_school,A01,Opposite_direction,Car(Quad/Passenger),None,Multiple impacts,Interaction,0,,,,,,,,,,,,Not a holiday,0
4011,201600002453,2016,4,22,Daylight,Out_of_agglomeration,Out_of_intersection,Normal,Frontal_two_vehicles,Manual_entry,-1.83954,46.8068,True,2016-04-22,18,50,18:50,Evening,False,Spring,2.0,0.0,35.0,Communal_way,Bidirectional,Unknown,Flat,Curve_right,Normal,Unknown,On_road,Not_near_school,A01,Other/Unknown,Car(Quad/Passenger),Cyclist,Right_side,Straight_ahead,0,,,,,,,,,,,,Not a holiday,0
4012,201600002453,2016,4,22,Daylight,Out_of_agglomeration,Out_of_intersection,Normal,Frontal_two_vehicles,Manual_entry,-1.83954,46.8068,True,2016-04-22,18,50,18:50,Evening,False,Spring,2.0,0.0,35.0,Communal_way,Bidirectional,Unknown,Flat,Curve_right,Normal,Unknown,On_road,Not_near_school,B02,Opposite_direction,Car(Quad/Passenger),Cyclist,Right_side,Straight_ahead,0,,,,,,,,,,,,Not a holiday,0
4013,201600002454,2016,4,23,Daylight,Built_up_area,Out_of_intersection,Normal,Frontal_two_vehicles,Manual_entry,-1.83193,46.89086,True,2016-04-23,14,45,14:45,Afternoon,True,Spring,2.0,0.0,56.0,Departmental_road,Bidirectional,Unknown,Slope,Straight,Unknown,Unknown,On_road,Not_near_school,A01,Opposite_direction,Motorcycle,Cyclist,Front,Straight_ahead,0,,,,,,,,,,,,Not a holiday,0
4014,201600002454,2016,4,23,Daylight,Built_up_area,Out_of_intersection,Normal,Frontal_two_vehicles,Manual_entry,-1.83193,46.89086,True,2016-04-23,14,45,14:45,Afternoon,True,Spring,2.0,0.0,56.0,Departmental_road,Bidirectional,Unknown,Slope,Straight,Unknown,Unknown,On_road,Not_near_school,B02,Opposite_direction,Car(Quad/Passenger),Cyclist,Right_side,Loss_of_control,0,,,,,,,,,,,,Not a holiday,0
4015,201600002455,2016,5,6,Daylight,Out_of_agglomeration,Out_of_intersection,Normal,Other_collision,Manual_entry,-2.00869,46.85139,True,2016-05-06,18,0,18:00,Evening,False,Spring,2.0,0.0,0.0,Departmental_road,Bidirectional,Unknown,Unknown,Straight,Normal,Bridge,On_verge,Not_near_school,A01,Other/Unknown,Car(Quad/Passenger),None,Front,Straight_ahead,0,,,,,,,,,,,,Not a holiday,0
4016,201600002456,2016,6,12,Daylight,Out_of_agglomeration,Out_of_intersection,Light_rain,Frontal_two_vehicles,Manual_entry,-1.79454,46.86207,True,2016-06-12,12,15,12:15,Afternoon,True,Summer,2.0,0.0,52.0,Departmental_road,Bidirectional,Unknown,Flat,Straight,Wet,Unknown,On_road,Unknown,B02,Other/Unknown,Car(Quad/Passenger),Cyclist,Front,Straight_ahead,0,,,,,,,,,,,,Not a holiday,0
4017,201600002456,2016,6,12,Daylight,Out_of_agglomeration,Out_of_intersection,Light_rain,Frontal_two_vehicles,Manual_entry,-1.79454,46.86207,True,2016-06-12,12,15,12:15,Afternoon,True,Summer,2.0,0.0,52.0,Departmental_road,Bidirectional,Unknown,Flat,Straight,Wet,Unknown,On_road,Unknown,A01,Opposite_direction,Car(Quad/Passenger),Cyclist,Rear,Avoiding_obstacle,0,,,,,,,,,,,,Not a holiday,0
4018,201600002457,2016,6,21,Daylight,Out_of_agglomeration,Out_of_intersection,Light_rain,Other_collision,Manual_entry,-1.65414,46.83817,True,2016-06-21,6,30,06:30,Morning,False,Summer,2.0,0.0,58.0,Departmental_road,Bidirectional,Unknown,Flat,Straight,Wet,Unknown,On_road,Unknown,A01,Opposite_direction,Motorcycle,Train,Right_side,Straight_ahead,0,,,,,,,,,,,,Not a holiday,0
4019,201600002458,2016,6,28,Daylight,Out_of_agglomeration,Out_of_intersection,Normal,Frontal_two_vehicles,Manual_entry,-1.99565,46.86229,True,2016-06-28,16,45,16:45,Afternoon,False,Summer,2.0,0.0,35.0,Departmental_road,Bidirectional,Unknown,Hilltop,Curve_left,Normal,Bridge,On_road,Unknown,A01,Other/Unknown,Motorcycle,None,Front_left,Turning,0,,,,,,,,,,,,Not a holiday,0
4020,201600002458,2016,6,28,Daylight,Out_of_agglomeration,Out_of_intersection,Normal,Frontal_two_vehicles,Manual_entry,-1.99565,46.86229,True,2016-06-28,16,45,16:45,Afternoon,False,Summer,2.0,0.0,35.0,Departmental_road,Bidirectional,Unknown,Hilltop,Curve_left,Normal,Bridge,On_road,Unknown,B02,Opposite_direction,Motorcycle,Cyclist,Front,Interaction,0,,,,,,,,,,,,Not a holiday,0
4021,201600002459,2016,7,30,Daylight,Built_up_area,Roundabout,Normal,Side_two_vehicles,Manual_entry,-1.878,46.853,True,2016-07-30,16,0,16:00,Afternoon,True,Summer,1.0,0.0,0.0,Communal_way,One_way,Unknown,Flat,Curve_left,Normal,Roundabout,On_road,Unknown,B02,Same_direction,Motorcycle,Cyclist,Left_side,Straight_ahead,0,,,,,,,,,,,,Not a holiday,0
4022,201600002459,2016,7,30,Daylight,Built_up_area,Roundabout,Normal,Side_two_vehicles,Manual_entry,-1.878,46.853,True,2016-07-30,16,0,16:00,Afternoon,True,Summer,1.0,0.0,0.0,Communal_way,One_way,Unknown,Flat,Curve_left,Normal,Roundabout,On_road,Unknown,A01,Same_direction,Car(Quad/Passenger),Cyclist,Front,Park/Start/Stop,0,,,,,,,,,,,,Not a holiday,0
4023,201600002460,2016,8,13,Daylight,Out_of_agglomeration,Out_of_intersection,Normal,Chain_three_plus,Manual_entry,-1.89641,46.85536,True,2016-08-13,15,0,15:00,Afternoon,True,Summer,4.0,6.0,60.0,Departmental_road,Separated_carriageways,Unknown,Hilltop,Straight,Normal,Bridge,On_road,Unknown,A01,Other/Unknown,Car(Quad/Passenger),Cyclist,Front,Turning,0,,,,,,,,,,,,Not a holiday,0
4024,201600002460,2016,8,13,Daylight,Out_of_agglomeration,Out_of_intersection,Normal,Chain_three_plus,Manual_entry,-1.89641,46.85536,True,2016-08-13,15,0,15:00,Afternoon,True,Summer,4.0,6.0,60.0,Departmental_road,Separated_carriageways,Unknown,Hilltop,Straight,Normal,Bridge,On_road,Unknown,B02,Opposite_direction,Car(Quad/Passenger),Cyclist,Rear_right,Turning,0,,,,,,,,,,,,Not a holiday,0
4025,201600002460,2016,8,13,Daylight,Out_of_agglomeration,Out_of_intersection,Normal,Chain_three_plus,Manual_entry,-1.89641,46.85536,True,2016-08-13,15,0,15:00,Afternoon,True,Summer,4.0,6.0,60.0,Departmental_road,Separated_carriageways,Unknown,Hilltop,Straight,Normal,Bridge,On_road,Unknown,C03,Opposite_direction,Car(Quad/Passenger),Cyclist,Rear_right,Turning,0,,,,,,,,,,,,Not a holiday,0
4026,201600002461,2016,8,28,Night_without_public_lighting,Out_of_agglomeration,Out_of_intersection,Normal,Frontal_two_vehicles,Manual_entry,-1.82114,46.85708,True,2016-08-28,23,45,23:45,Night,True,Summer,0.0,52.0,0.0,Departmental_road,Bidirectional,Unknown,Flat,Straight,Normal,Unknown,On_road,Not_near_school,B02,Other/Unknown,Motorcycle,Cyclist,Right_side,None,0,,,,,,,,,,,,Not a holiday,0
4027,201600002461,2016,8,28,Night_without_public_lighting,Out_of_agglomeration,Out_of_intersection,Normal,Frontal_two_vehicles,Manual_entry,-1.82114,46.85708,True,2016-08-28,23,45,23:45,Night,True,Summer,0.0,52.0,0.0,Departmental_road,Bidirectional,Unknown,Flat,Straight,Normal,Unknown,On_road,Not_near_school,A01,Other/Unknown,Car(Quad/Passenger),Cyclist,Right_side,other,0,,,,,,,,,,,,Not a holiday,0
4028,201600002462,2016,9,19,Night_without_public_lighting,Out_of_agglomeration,Out_of_intersection,Normal,Frontal_two_vehicles,Manual_entry,-1.61608,46.82024,True,2016-09-19,5,30,05:30,Morning,False,Autumn,2.0,0.0,77.0,Departmental_road,Bidirectional,Unknown,Flat,Straight,Normal,Unknown,On_road,Not_near_school,A01,Other/Unknown,Cycle,Cyclist,Front,Avoiding_obstacle,0,,,,,,,,,,,,Not a holiday,0
4029,201600002462,2016,9,19,Night_without_public_lighting,Out_of_agglomeration,Out_of_intersection,Normal,Frontal_two_vehicles,Manual_entry,-1.61608,46.82024,True,2016-09-19,5,30,05:30,Morning,False,Autumn,2.0,0.0,77.0,Departmental_road,Bidirectional,Unknown,Flat,Straight,Normal,Unknown,On_road,Not_near_school,B02,Opposite_direction,Car(Quad/Passenger),Cyclist,Right_side,Straight_ahead,0,,,,,,,,,,,,Not a holiday,0
4030,201600002463,2016,11,18,Daylight,Out_of_agglomeration,Out_of_intersection,Light_rain,Frontal_two_vehicles,Manual_entry,-1.84342,46.93722,True,2016-11-18,9,45,09:45,Morning,False,Autumn,2.0,0.0,45.0,Departmental_road,Bidirectional,Unknown,Flat,Curve_left,Wet,Unknown,On_road,Not_near_school,B02,Opposite_direction,Car(Quad/Passenger),Cyclist,Right_side,Straight_ahead,0,,,,,,,,,,,,Not a holiday,0
4031,201600002463,2016,11,18,Daylight,Out_of_agglomeration,Out_of_intersection,Light_rain,Frontal_two_vehicles,Manual_entry,-1.84342,46.93722,True,2016-11-18,9,45,09:45,Morning,False,Autumn,2.0,0.0,45.0,Departmental_road,Bidirectional,Unknown,Flat,Curve_left,Wet,Unknown,On_road,Not_near_school,A01,Other/Unknown,Utility(Truck/Agri),Cyclist,Front_right,Avoiding_obstacle,0,,,,,,,,,,,,Not a holiday,0
4032,201600002464,2016,8,7,Twilight_or_dawn,Built_up_area,Out_of_intersection,Normal,Other_collision,Manual_entry,-2.36277,46.71546,True,2016-08-07,7,15,07:15,Morning,True,Summer,0.0,0.0,0.0,Communal_way,Bidirectional,Unknown,Flat,Curve_left,Normal,Unknown,On_verge,Unknown,A01,Same_direction,Car(Quad/Passenger),None,Front_right,Straight_ahead,0,,,,,,,,,,,,Not a holiday,0
4033,201600002465,2016,1,13,Night_with_public_lighting_on,Out_of_agglomeration,Roundabout,Light_rain,Side_two_vehicles,Manual_entry,-1.65443,46.60192,True,2016-01-13,7,45,07:45,Morning,False,Winter,0.0,0.0,76.0,Departmental_road,Bidirectional,Unknown,Flat,Curve_left,Wet,Roundabout,On_road,Not_near_school,B02,Other/Unknown,Cycle,Cyclist,Left_side,Straight_ahead,0,,,,,,,,,,,,Not a holiday,0
4034,201600002465,2016,1,13,Night_with_public_lighting_on,Out_of_agglomeration,Roundabout,Light_rain,Side_two_vehicles,Manual_entry,-1.65443,46.60192,True,2016-01-13,7,45,07:45,Morning,False,Winter,0.0,0.0,76.0,Departmental_road,Bidirectional,Unknown,Flat,Curve_left,Wet,Roundabout,On_road,Not_near_school,A01,Other/Unknown,Car(Quad/Passenger),Cyclist,Right_side,Park/Start/Stop,0,,,,,,,,,,,,Not a holiday,0
4035,201600002466,2016,3,17,Night_without_public_lighting,Out_of_agglomeration,Out_of_intersection,Normal,Other_collision,Manual_entry,-1.57959,46.62838,True,2016-03-17,23,30,23:30,Night,False,Spring,2.0,10.0,144.0,Departmental_road,Separated_carriageways,Unknown,Flat,Straight,Normal,Unknown,On_road,Not_near_school,B02,Opposite_direction,Car(Quad/Passenger),Cyclist,Rear_left,Straight_ahead,0,,,,,,,,,,,,Not a holiday,0
4036,201600002466,2016,3,17,Night_without_public_lighting,Out_of_agglomeration,Out_of_intersection,Normal,Other_collision,Manual_entry,-1.57959,46.62838,True,2016-03-17,23,30,23:30,Night,False,Spring,2.0,10.0,144.0,Departmental_road,Separated_carriageways,Unknown,Flat,Straight,Normal,Unknown,On_road,Not_near_school,A01,Opposite_direction,Car(Quad/Passenger),Cyclist,Front_right,Straight_ahead,0,,,,,,,,,,,,Not a holiday,0
4037,201600002467,2016,4,15,Daylight,Out_of_agglomeration,Out_of_intersection,Normal,Other_collision,Manual_entry,-1.59407,46.66814,True,2016-04-15,9,30,09:30,Morning,False,Spring,2.0,0.0,58.0,Departmental_road,Bidirectional,Unknown,Flat,Straight,Normal,Unknown,On_road,Not_near_school,B02,Other/Unknown,Car(Quad/Passenger),Cyclist,Front,Straight_ahead,0,,,,,,,,,,,,Not a holiday,0
4038,201600002467,2016,4,15,Daylight,Out_of_agglomeration,Out_of_intersection,Normal,Other_collision,Manual_entry,-1.59407,46.66814,True,2016-04-15,9,30,09:30,Morning,False,Spring,2.0,0.0,58.0,Departmental_road,Bidirectional,Unknown,Flat,Straight,Normal,Unknown,On_road,Not_near_school,A01,Opposite_direction,Motorcycle,Cyclist,Front,Avoiding_obstacle,0,,,,,,,,,,,,Not a holiday,0
4039,201600002468,2016,4,29,Night_without_public_lighting,Out_of_agglomeration,Out_of_intersection,Cloudy,No_collision,Manual_entry,-1.6761,46.56606,True,2016-04-29,22,0,22:00,Night,False,Spring,0.0,0.0,58.0,Departmental_road,Bidirectional,Unknown,Flat,Curve_right,Normal,Unknown,On_verge,Not_near_school,A01,Opposite_direction,Motorcycle,None,Front,Straight_ahead,0,,,,,,,,,,,,Not a holiday,0
4040,201600002469,2016,8,20,Daylight,Out_of_agglomeration,Out_of_intersection,Normal,Other_collision,Manual_entry,-1.71583,46.52891,True,2016-08-20,7,25,07:25,Morning,True,Summer,2.0,0.0,58.0,Departmental_road,Bidirectional,Unknown,Unknown,Curve_left,Normal,Unknown,On_road,Not_near_school,A01,Other/Unknown,Car(Quad/Passenger),None,Right_side,Avoiding_obstacle,0,,,,,,,,,,,,Not a holiday,0
4041,201600002470,2016,8,27,Daylight,Out_of_agglomeration,Out_of_intersection,Normal,Side_two_vehicles,Manual_entry,-1.76566,46.56847,True,2016-08-27,11,55,11:55,Morning,True,Summer,3.0,0.0,102.0,Departmental_road,Bidirectional,Unknown,Unknown,Straight,Normal,Unknown,On_road,Unknown,A01,Other/Unknown,Car(Quad/Passenger),Cyclist,Front_left,Loss_of_control,0,,,,,,,,,,,,Not a holiday,0
4042,201600002470,2016,8,27,Daylight,Out_of_agglomeration,Out_of_intersection,Normal,Side_two_vehicles,Manual_entry,-1.76566,46.56847,True,2016-08-27,11,55,11:55,Morning,True,Summer,3.0,0.0,102.0,Departmental_road,Bidirectional,Unknown,Unknown,Straight,Normal,Unknown,On_road,Unknown,B02,Other/Unknown,Motorcycle,Cyclist,Front,Straight_ahead,0,,,,,,,,,,,,Not a holiday,0
4043,201600002471,2016,8,31,Daylight,Out_of_agglomeration,Out_of_intersection,Normal,Other_collision,Manual_entry,-1.56241,46.60772,True,2016-08-31,13,15,13:15,Afternoon,False,Summer,0.0,0.0,50.0,Departmental_road,Bidirectional,Unknown,Flat,Curve_left,Normal,Unknown,On_verge,Not_near_school,A01,Opposite_direction,Car(Quad/Passenger),None,Right_side,Roundabout,0,,,,,,,,,,,,Not a holiday,0
4044,201600002472,2016,9,13,Daylight,Built_up_area,Out_of_intersection,Light_rain,Other_collision,Manual_entry,-1.76944,46.56626,True,2016-09-13,17,0,17:00,Evening,False,Autumn,0.0,54.0,0.0,Communal_way,Separated_carriageways,Unknown,Flat,Straight,Normal,Unknown,On_road,Unknown,A01,Opposite_direction,Car(Quad/Passenger),Pedestrian,Front_right,Park/Start/Stop,0,,,,,,,,,,,,Not a holiday,0
4045,201600002473,2016,12,20,Daylight,Out_of_agglomeration,Out_of_intersection,Fog_or_smoke,Multiple_three_plus,Manual_entry,-1.60176,46.62032,True,2016-12-20,9,45,09:45,Morning,False,Winter,2.0,15.0,35.0,Departmental_road,Separated_carriageways,Reserved_channel,Flat,Straight,Normal,Unknown,On_road,Not_near_school,M13,Other/Unknown,Car(Quad/Passenger),None,No_impact,Straight_ahead,0,,,,,,,,,,,,Not a holiday,0
4046,201600002473,2016,12,20,Daylight,Out_of_agglomeration,Out_of_intersection,Fog_or_smoke,Multiple_three_plus,Manual_entry,-1.60176,46.62032,True,2016-12-20,9,45,09:45,Morning,False,Winter,2.0,15.0,35.0,Departmental_road,Separated_carriageways,Reserved_channel,Flat,Straight,Normal,Unknown,On_road,Not_near_school,P16,Other/Unknown,Car(Quad/Passenger),None,No_impact,Straight_ahead,0,,,,,,,,,,,,Not a holiday,0
4047,201600002473,2016,12,20,Daylight,Out_of_agglomeration,Out_of_intersection,Fog_or_smoke,Multiple_three_plus,Manual_entry,-1.60176,46.62032,True,2016-12-20,9,45,09:45,Morning,False,Winter,2.0,15.0,35.0,Departmental_road,Separated_carriageways,Reserved_channel,Flat,Straight,Normal,Unknown,On_road,Not_near_school,I09,Other/Unknown,Car(Quad/Passenger),None,No_impact,Straight_ahead,0,,,,,,,,,,,,Not a holiday,0
4048,201600002473,2016,12,20,Daylight,Out_of_agglomeration,Out_of_intersection,Fog_or_smoke,Multiple_three_plus,Manual_entry,-1.60176,46.62032,True,2016-12-20,9,45,09:45,Morning,False,Winter,2.0,15.0,35.0,Departmental_road,Separated_carriageways,Reserved_channel,Flat,Straight,Normal,Unknown,On_road,Not_near_school,I35,Other/Unknown,other,None,No_impact,Straight_ahead,0,,,,,,,,,,,,Not a holiday,0
4049,201600002473,2016,12,20,Daylight,Out_of_agglomeration,Out_of_intersection,Fog_or_smoke,Multiple_three_plus,Manual_entry,-1.60176,46.62032,True,2016-12-20,9,45,09:45,Morning,False,Winter,2.0,15.0,35.0,Departmental_road,Separated_carriageways,Reserved_channel,Flat,Straight,Normal,Unknown,On_road,Not_near_school,K37,Opposite_direction,other,None,No_impact,None,0,,,,,,,,,,,,Not a holiday,0