,accident_id,year,month,day,lighting_label,urban_label,intersection_label,weather_label,collision_label,gps_label,longitude_num,latitude_num,valid_geo,date,hour,minute,time_hhmm,time_of_day,is_weekend,season,num_lanes,pedestrian_crossing_width,road_width,road_category_label,traffic_regime_label,reserved_lane_label,road_profile_label,road_layout_label,surface_condition_label,infrastructure_label,situation_label,school_zone_label,vehicle_id,traffic_direction_label,vehicle_category_label,mobile_obstacle_label,impact_point_label,manoeuvre_label,occupants_group,birth_year,sex_label,user_category_label,injury_severity_label,seat_position_label,journey_purpose_label,pedestrian_location_label,pedestrian_action_label,pedestrian_state_label,safety_equipment_type,safety_equipment_usage,holiday_name,is_holiday
4050,201600002473,2016,12,20,Daylight,Out_of_agglomeration,Out_of_intersection,Fog_or_smoke,Multiple_three_plus,Manual_entry,-1.60176,46.62032,True,2016-12-20,9,45,09:45,Morning,False,Winter,2.0,15.0,35.0,Departmental_road,Separated_carriageways,Reserved_channel,Flat,Straight,Normal,Unknown,On_road,Not_near_school,B28,Opposite_direction,Car(Quad/Passenger),None,No_impact,Straight_ahead,0,,,,,,,,,,,,Not a holiday,0
4051,201600002473,2016,12,20,Daylight,Out_of_agglomeration,Out_of_intersection,Fog_or_smoke,Multiple_three_plus,Manual_entry,-1.60176,46.62032,True,2016-12-20,9,45,09:45,Morning,False,Winter,2.0,15.0,35.0,Departmental_road,Separated_carriageways,Reserved_channel,Flat,Straight,Normal,Unknown,On_road,Not_near_school,G33,Other/Unknown,other,None,No_impact,Straight_ahead,0,,,,,,,,,,,,Not a holiday,0
4052,201600002473,2016,12,20,Daylight,Out_of_agglomeration,Out_of_intersection,Fog_or_smoke,Multiple_three_plus,Manual_entry,-1.60176,46.62032,True,2016-12-20,9,45,09:45,Morning,False,Winter,2.0,15.0,35.0,Departmental_road,Separated_carriageways,Reserved_channel,Flat,Straight,Normal,Unknown,On_road,Not_near_school,X24,Other/Unknown,Car(Quad/Passenger),None,No_impact,Straight_ahead,0,,,,,,,,,,,,Not a holiday,0
4053,201600002473,2016,12,20,Daylight,Out_of_agglomeration,Out_of_intersection,Fog_or_smoke,Multiple_three_plus,Manual_entry,-1.60176,46.62032,True,2016-12-20,9,45,09:45,Morning,False,Winter,2.0,15.0,35.0,Departmental_road,Separated_carriageways,Reserved_channel,Flat,Straight,Normal,Unknown,On_road,Not_near_school,G07,Other/Unknown,Car(Quad/Passenger),None,No_impact,Straight_ahead,0,,,,,,,,,,,,Not a holiday,0
4054,201600002473,2016,12,20,Daylight,Out_of_agglomeration,Out_of_intersection,Fog_or_smoke,Multiple_three_plus,Manual_entry,-1.60176,46.62032,True,2016-12-20,9,45,09:45,Morning,False,Winter,2.0,15.0,35.0,Departmental_road,Separated_carriageways,Reserved_channel,Flat,Straight,Normal,Unknown,On_road,Not_near_school,A27,Opposite_direction,Car(Quad/Passenger),None,No_impact,Straight_ahead,0,,,,,,,,,,,,Not a holiday,0
4055,201600002473,2016,12,20,Daylight,Out_of_agglomeration,Out_of_intersection,Fog_or_smoke,Multiple_three_plus,Manual_entry,-1.60176,46.62032,True,2016-12-20,9,45,09:45,Morning,False,Winter,2.0,15.0,35.0,Departmental_road,Separated_carriageways,Reserved_channel,Flat,Straight,Normal,Unknown,On_road,Not_near_school,U21,Other/Unknown,Car(Quad/Passenger),None,No_impact,Straight_ahead,0,,,,,,,,,,,,Not a holiday,0
4056,201600002473,2016,12,20,Daylight,Out_of_agglomeration,Out_of_intersection,Fog_or_smoke,Multiple_three_plus,Manual_entry,-1.60176,46.62032,True,2016-12-20,9,45,09:45,Morning,False,Winter,2.0,15.0,35.0,Departmental_road,Separated_carriageways,Reserved_channel,Flat,Straight,Normal,Unknown,On_road,Not_near_school,B02,Other/Unknown,Car(Quad/Passenger),None,No_impact,Straight_ahead,0,,,,,,,,,,,,Not a holiday,0
4057,201600002473,2016,12,20,Daylight,Out_of_agglomeration,Out_of_intersection,Fog_or_smoke,Multiple_three_plus,Manual_entry,-1.60176,46.62032,True,2016-12-20,9,45,09:45,Morning,False,Winter,2.0,15.0,35.0,Departmental_road,Separated_carriageways,Reserved_channel,Flat,Straight,Normal,Unknown,On_road,Not_near_school,T20,Other/Unknown,Car(Quad/Passenger),None,No_impact,Straight_ahead,0,,,,,,,,,,,,Not a holiday,0
4058,201600002473,2016,12,20,Daylight,Out_of_agglomeration,Out_of_intersection,Fog_or_smoke,Multiple_three_plus,Manual_entry,-1.60176,46.62032,True,2016-12-20,9,45,09:45,Morning,False,Winter,2.0,15.0,35.0,Departmental_road,Separated_carriageways,Reserved_channel,Flat,Straight,Normal,Unknown,On_road,Not_near_school,F06,Other/Unknown,Car(Quad/Passenger),None,No_impact,Straight_ahead,0,,,,,,,,,,,,Not a holiday,0
4059,201600002473,2016,12,20,Daylight,Out_of_agglomeration,Out_of_intersection,Fog_or_smoke,Multiple_three_plus,Manual_entry,-1.60176,46.62032,True,2016-12-20,9,45,09:45,Morning,False,Winter,2.0,15.0,35.0,Departmental_road,Separated_carriageways,Reserved_channel,Flat,Straight,Normal,Unknown,On_road,Not_near_school,E31,Opposite_direction,other,None,No_impact,Straight_ahead,0,,,,,,,,,,,,Not a holiday,0
4060,201600002473,2016,12,20,Daylight,Out_of_agglomeration,Out_of_intersection,Fog_or_smoke,Multiple_three_plus,Manual_entry,-1.60176,46.62032,True,2016-12-20,9,45,09:45,Morning,False,Winter,2.0,15.0,35.0,Departmental_road,Separated_carriageways,Reserved_channel,Flat,Straight,Normal,Unknown,On_road,Not_near_school,N14,Other/Unknown,Car(Quad/Passenger),None,No_impact,Straight_ahead,0,,,,,,,,,,,,Not a holiday,0
4061,201600002473,2016,12,20,Daylight,Out_of_agglomeration,Out_of_intersection,Fog_or_smoke,Multiple_three_plus,Manual_entry,-1.60176,46.62032,True,2016-12-20,9,45,09:45,Morning,False,Winter,2.0,15.0,35.0,Departmental_road,Separated_carriageways,Reserved_channel,Flat,Straight,Normal,Unknown,On_road,Not_near_school,H08,Other/Unknown,Car(Quad/Passenger),None,No_impact,Straight_ahead,0,,,,,,,,,,,,Not a holiday,0
4062,201600002473,2016,12,20,Daylight,Out_of_agglomeration,Out_of_intersection,Fog_or_smoke,Multiple_three_plus,Manual_entry,-1.60176,46.62032,True,2016-12-20,9,45,09:45,Morning,False,Winter,2.0,15.0,35.0,Departmental_road,Separated_carriageways,Reserved_channel,Flat,Straight,Normal,Unknown,On_road,Not_near_school,Y25,Other/Unknown,Car(Quad/Passenger),None,No_impact,Straight_ahead,0,,,,,,,,,,,,Not a holiday,0
4063,201600002473,2016,12,20,Daylight,Out_of_agglomeration,Out_of_intersection,Fog_or_smoke,Multiple_three_plus,Manual_entry,-1.60176,46.62032,True,2016-12-20,9,45,09:45,Morning,False,Winter,2.0,15.0,35.0,Departmental_road,Separated_carriageways,Reserved_channel,Flat,Straight,Normal,Unknown,On_road,Not_near_school,J10,Other/Unknown,Car(Quad/Passenger),None,No_impact,Straight_ahead,0,,,,,,,,,,,,Not a holiday,0
4064,201600002473,2016,12,20,Daylight,Out_of_agglomeration,Out_of_intersection,Fog_or_smoke,Multiple_three_plus,Manual_entry,-1.60176,46.62032,True,2016-12-20,9,45,09:45,Morning,False,Winter,2.0,15.0,35.0,Departmental_road,Separated_carriageways,Reserved_channel,Flat,Straight,Normal,Unknown,On_road,Not_near_school,D30,Opposite_direction,Car(Quad/Passenger),None,No_impact,Straight_ahead,0,,,,,,,,,,,,Not a holiday,0
4065,201600002473,2016,12,20,Daylight,Out_of_agglomeration,Out_of_intersection,Fog_or_smoke,Multiple_three_plus,Manual_entry,-1.60176,46.62032,True,2016-12-20,9,45,09:45,Morning,False,Winter,2.0,15.0,35.0,Departmental_road,Separated_carriageways,Reserved_channel,Flat,Straight,Normal,Unknown,On_road,Not_near_school,D04,Other/Unknown,Car(Quad/Passenger),None,No_impact,Straight_ahead,0,,,,,,,,,,,,Not a holiday,0
4066,201600002473,2016,12,20,Daylight,Out_of_agglomeration,Out_of_intersection,Fog_or_smoke,Multiple_three_plus,Manual_entry,-1.60176,46.62032,True,2016-12-20,9,45,09:45,Morning,False,Winter,2.0,15.0,35.0,Departmental_road,Separated_carriageways,Reserved_channel,Flat,Straight,Normal,Unknown,On_road,Not_near_school,L12,Other/Unknown,Car(Quad/Passenger),None,No_impact,Straight_ahead,0,,,,,,,,,,,,Not a holiday,0
4067,201600002473,2016,12,20,Daylight,Out_of_agglomeration,Out_of_intersection,Fog_or_smoke,Multiple_three_plus,Manual_entry,-1.60176,46.62032,True,2016-12-20,9,45,09:45,Morning,False,Winter,2.0,15.0,35.0,Departmental_road,Separated_carriageways,Reserved_channel,Flat,Straight,Normal,Unknown,On_road,Not_near_school,A01,Other/Unknown,Car(Quad/Passenger),None,No_impact,Straight_ahead,0,,,,,,,,,,,,Not a holiday,0
4068,201600002473,2016,12,20,Daylight,Out_of_agglomeration,Out_of_intersection,Fog_or_smoke,Multiple_three_plus,Manual_entry,-1.60176,46.62032,True,2016-12-20,9,45,09:45,Morning,False,Winter,2.0,15.0,35.0,Departmental_road,Separated_carriageways,Reserved_channel,Flat,Straight,Normal,Unknown,On_road,Not_near_school,V22,Other/Unknown,Car(Quad/Passenger),None,No_impact,Straight_ahead,0,,,,,,,,,,,,Not a holiday,0
4069,201600002473,2016,12,20,Daylight,Out_of_agglomeration,Out_of_intersection,Fog_or_smoke,Multiple_three_plus,Manual_entry,-1.60176,46.62032,True,2016-12-20,9,45,09:45,Morning,False,Winter,2.0,15.0,35.0,Departmental_road,Separated_carriageways,Reserved_channel,Flat,Straight,Normal,Unknown,On_road,Not_near_school,C29,Opposite_direction,Car(Quad/Passenger),None,No_impact,Straight_ahead,0,,,,,,,,,,,,Not a holiday,0
4070,201600002473,2016,12,20,Daylight,Out_of_agglomeration,Out_of_intersection,Fog_or_smoke,Multiple_three_plus,Manual_entry,-1.60176,46.62032,True,2016-12-20,9,45,09:45,Morning,False,Winter,2.0,15.0,35.0,Departmental_road,Separated_carriageways,Reserved_channel,Flat,Straight,Normal,Unknown,On_road,Not_near_school,S19,Other/Unknown,Car(Quad/Passenger),None,No_impact,Straight_ahead,0,,,,,,,,,,,,Not a holiday,0
4071,201600002473,2016,12,20,Daylight,Out_of_agglomeration,Out_of_intersection,Fog_or_smoke,Multiple_three_plus,Manual_entry,-1.60176,46.62032,True,2016-12-20,9,45,09:45,Morning,False,Winter,2.0,15.0,35.0,Departmental_road,Separated_carriageways,Reserved_channel,Flat,Straight,Normal,Unknown,On_road,Not_near_school,Z26,Opposite_direction,Car(Quad/Passenger),None,No_impact,Straight_ahead,0,,,,,,,,,,,,Not a holiday,0
4072,201600002473,2016,12,20,Daylight,Out_of_agglomeration,Out_of_intersection,Fog_or_smoke,Multiple_three_plus,Manual_entry,-1.60176,46.62032,True,2016-12-20,9,45,09:45,Morning,False,Winter,2.0,15.0,35.0,Departmental_road,Separated_carriageways,Reserved_channel,Flat,Straight,Normal,Unknown,On_road,Not_near_school,Q17,Other/Unknown,Utility(Truck/Agri),None,No_impact,Straight_ahead,0,,,,,,,,,,,,Not a holiday,0
4073,201600002473,2016,12,20,Daylight,Out_of_agglomeration,Out_of_intersection,Fog_or_smoke,Multiple_three_plus,Manual_entry,-1.60176,46.62032,True,2016-12-20,9,45,09:45,Morning,False,Winter,2.0,15.0,35.0,Departmental_road,Separated_carriageways,Reserved_channel,Flat,Straight,Normal,Unknown,On_road,Not_near_school,W23,Other/Unknown,Car(Quad/Passenger),None,No_impact,Straight_ahead,0,,,,,,,,,,,,Not a holiday,0
4074,201600002473,2016,12,20,Daylight,Out_of_agglomeration,Out_of_intersection,Fog_or_smoke,Multiple_three_plus,Manual_entry,-1.60176,46.62032,True,2016-12-20,9,45,09:45,Morning,False,Winter,2.0,15.0,35.0,Departmental_road,Separated_carriageways,Reserved_channel,Flat,Straight,Normal,Unknown,On_road,Not_near_school,E05,Other/Unknown,Car(Quad/Passenger),None,No_impact,Straight_ahead,0,,,,,,,,,,,,Not a holiday,0
4075,201600002473,2016,12,20,Daylight,Out_of_agglomeration,Out_of_intersection,Fog_or_smoke,Multiple_three_plus,Manual_entry,-1.60176,46.62032,True,2016-12-20,9,45,09:45,Morning,False,Winter,2.0,15.0,35.0,Departmental_road,Separated_carriageways,Reserved_channel,Flat,Straight,Normal,Unknown,On_road,Not_near_school,M39,Opposite_direction,Bus/Coach,None,No_impact,Straight_ahead,0,,,,,,,,,,,,Not a holiday,0
4076,201600002473,2016,12,20,Daylight,Out_of_agglomeration,Out_of_intersection,Fog_or_smoke,Multiple_three_plus,Manual_entry,-1.60176,46.62032,True,2016-12-20,9,45,09:45,Morning,False,Winter,2.0,15.0,35.0,Departmental_road,Separated_carriageways,Reserved_channel,Flat,Straight,Normal,Unknown,On_road,Not_near_school,O15,Other/Unknown,Car(Quad/Passenger),None,No_impact,Straight_ahead,0,,,,,,,,,,,,Not a holiday,0
4077,201600002473,2016,12,20,Daylight,Out_of_agglomeration,Out_of_intersection,Fog_or_smoke,Multiple_three_plus,Manual_entry,-1.60176,46.62032,True,2016-12-20,9,45,09:45,Morning,False,Winter,2.0,15.0,35.0,Departmental_road,Separated_carriageways,Reserved_channel,Flat,Straight,Normal,Unknown,On_road,Not_near_school,C03,Other/Unknown,Car(Quad/Passenger),None,No_impact,Straight_ahead,0,,,,,,,,,,,,Not a holiday,0
4078,201600002473,2016,12,20,Daylight,Out_of_agglomeration,Out_of_intersection,Fog_or_smoke,Multiple_three_plus,Manual_entry,-1.60176,46.62032,True,2016-12-20,9,45,09:45,Morning,False,Winter,2.0,15.0,35.0,Departmental_road,Separated_carriageways,Reserved_channel,Flat,Straight,Normal,Unknown,On_road,Not_near_school,N40,Opposite_direction,other,None,No_impact,Straight_ahead,0,,,,,,,,,,,,Not a holiday,0
4079,201600002473,2016,12,20,Daylight,Out_of_agglomeration,Out_of_intersection,Fog_or_smoke,Multiple_three_plus,Manual_entry,-1.60176,46.62032,True,2016-12-20,9,45,09:45,Morning,False,Winter,2.0,15.0,35.0,Departmental_road,Separated_carriageways,Reserved_channel,Flat,Straight,Normal,Unknown,On_road,Not_near_school,K11,Other/Unknown,Car(Quad/Passenger),None,No_impact,Straight_ahead,0,,,,,,,,,,,,Not a holiday,0
4080,201600002474,2016,9,8,Daylight,Built_up_area,Intersection_X,Normal,Frontal_two_vehicles,Manual_entry,-2.23595,47.00316,True,2016-09-08,14,15,14:15,Afternoon,False,Autumn,2.0,0.0,0.0,Communal_way,Bidirectional,Unknown,Flat,Straight,Normal,Roundabout,Unknown,Unknown,A01,Same_direction,Car(Quad/Passenger),None,No_impact,Straight_ahead,0,,,,,,,,,,,,Not a holiday,0
4081,201600002474,2016,9,8,Daylight,Built_up_area,Intersection_X,Normal,Frontal_two_vehicles,Manual_entry,-2.23595,47.00316,True,2016-09-08,14,15,14:15,Afternoon,False,Autumn,2.0,0.0,0.0,Communal_way,Bidirectional,Unknown,Flat,Straight,Normal,Roundabout,Unknown,Unknown,B02,Same_direction,Motorcycle,None,No_impact,Interaction,0,,,,,,,,,,,,Not a holiday,0
4082,201600002475,2016,10,2,Daylight,Out_of_agglomeration,Out_of_intersection,Normal,Side_two_vehicles,Manual_entry,-2.26612,46.98283,True,2016-10-02,12,0,12:00,Afternoon,True,Autumn,0.0,40.0,103.0,Departmental_road,Bidirectional,Unknown,Flat,Straight,Normal,Roundabout,On_road,Not_near_school,B02,Other/Unknown,Car(Quad/Passenger),Cyclist,Front,Straight_ahead,0,,,,,,,,,,,,Not a holiday,0
4083,201600002475,2016,10,2,Daylight,Out_of_agglomeration,Out_of_intersection,Normal,Side_two_vehicles,Manual_entry,-2.26612,46.98283,True,2016-10-02,12,0,12:00,Afternoon,True,Autumn,0.0,40.0,103.0,Departmental_road,Bidirectional,Unknown,Flat,Straight,Normal,Roundabout,On_road,Not_near_school,A01,Opposite_direction,Motorcycle,Cyclist,Front_right,Roundabout,0,,,,,,,,,,,,Not a holiday,0
4084,201600002476,2016,1,28,Night_without_public_lighting,Out_of_agglomeration,Out_of_intersection,Normal,No_collision,Manual_entry,-1.95028,46.73321,True,2016-01-28,19,45,19:45,Evening,False,Winter,1.0,0.0,40.0,Departmental_road,Bidirectional,Unknown,Unknown,Straight,Normal,Unknown,On_road,Not_near_school,A01,Opposite_direction,Car(Quad/Passenger),None,No_impact,Roundabout,0,,,,,,,,,,,,Not a holiday,0
4085,201600002477,2016,2,27,Night_without_public_lighting,Out_of_agglomeration,Out_of_intersection,Normal,Other_collision,Manual_entry,-1.974,46.795,True,2016-02-27,0,15,00:15,Night,True,Winter,0.0,0.0,60.0,Departmental_road,Bidirectional,Unknown,Flat,Straight,Normal,Unknown,On_road,Not_near_school,A01,Opposite_direction,Car(Quad/Passenger),None,Front,Turning,0,,,,,,,,,,,,Not a holiday,0
4086,201600002478,2016,3,22,Daylight,Out_of_agglomeration,Out_of_intersection,Normal,Side_two_vehicles,Manual_entry,-1.8401,46.64735,True,2016-03-22,16,15,16:15,Afternoon,False,Spring,0.0,0.0,60.0,Departmental_road,Bidirectional,Unknown,Flat,Straight,Normal,Unknown,On_road,Not_near_school,B02,Other/Unknown,Cycle,Cyclist,Front,Avoiding_obstacle,0,,,,,,,,,,,,Not a holiday,0
4087,201600002478,2016,3,22,Daylight,Out_of_agglomeration,Out_of_intersection,Normal,Side_two_vehicles,Manual_entry,-1.8401,46.64735,True,2016-03-22,16,15,16:15,Afternoon,False,Spring,0.0,0.0,60.0,Departmental_road,Bidirectional,Unknown,Flat,Straight,Normal,Unknown,On_road,Not_near_school,A01,Opposite_direction,Car(Quad/Passenger),Cyclist,Front_left,Straight_ahead,0,,,,,,,,,,,,Not a holiday,0
4088,201600002479,2016,5,16,Daylight,Built_up_area,Out_of_intersection,Normal,Other_collision,Manual_entry,-1.83324,46.60551,True,2016-05-16,19,20,19:20,Evening,False,Spring,1.0,0.0,40.0,Departmental_road,One_way,Unknown,Flat,Curve_right,Normal,Roundabout,On_road,Not_near_school,A01,Other/Unknown,Motorcycle,None,Front_left,Straight_ahead,0,,,,,,,,,,,,Whit Monday,1
4089,201600002480,2016,8,22,Daylight,Out_of_agglomeration,Out_of_intersection,Normal,Other_collision,Manual_entry,-1.95338,46.74023,True,2016-08-22,20,0,20:00,Evening,False,Summer,0.0,0.0,85.0,Departmental_road,Bidirectional,Unknown,Unknown,Curve_left,Normal,Unknown,On_verge,Not_near_school,A01,Other/Unknown,Motorcycle,None,Front,Turning,0,,,,,,,,,,,,Not a holiday,0
4090,201600002481,2016,8,25,Daylight,Out_of_agglomeration,Out_of_intersection,Normal,Rear_end_two_vehicles,Manual_entry,-1.87895,46.64027,True,2016-08-25,9,40,09:40,Morning,False,Summer,2.0,0.0,0.0,Departmental_road,Bidirectional,Unknown,Unknown,Unknown,Normal,Unknown,On_road,Unknown,A01,Other/Unknown,Motorcycle,Cyclist,Front,None,0,,,,,,,,,,,,Not a holiday,0
4091,201600002481,2016,8,25,Daylight,Out_of_agglomeration,Out_of_intersection,Normal,Rear_end_two_vehicles,Manual_entry,-1.87895,46.64027,True,2016-08-25,9,40,09:40,Morning,False,Summer,2.0,0.0,0.0,Departmental_road,Bidirectional,Unknown,Unknown,Unknown,Normal,Unknown,On_road,Unknown,B02,Other/Unknown,Utility(Truck/Agri),None,Rear_left,Roundabout,0,,,,,,,,,,,,Not a holiday,0
4092,201600002482,2016,9,1,Daylight,Built_up_area,Intersection_T,Normal,Side_two_vehicles,Manual_entry,-1.76418,46.69619,True,2016-09-01,16,30,16:30,Afternoon,False,Autumn,0.0,0.0,60.0,Departmental_road,Bidirectional,Unknown,Slope,Straight,Normal,Unknown,On_road,Not_near_school,A01,Opposite_direction,Car(Quad/Passenger),Cyclist,Front,other,0,,,,,,,,,,,,Not a holiday,0
4093,201600002482,2016,9,1,Daylight,Built_up_area,Intersection_T,Normal,Side_two_vehicles,Manual_entry,-1.76418,46.69619,True,2016-09-01,16,30,16:30,Afternoon,False,Autumn,0.0,0.0,60.0,Departmental_road,Bidirectional,Unknown,Slope,Straight,Normal,Unknown,On_road,Not_near_school,B02,Other/Unknown,other,Cyclist,Right_side,Roundabout,0,,,,,,,,,,,,Not a holiday,0
4094,201600002483,2016,9,5,Daylight,Out_of_agglomeration,Out_of_intersection,Normal,Other_collision,Manual_entry,-2.00266,46.74088,True,2016-09-05,15,30,15:30,Afternoon,False,Autumn,0.0,0.0,70.0,Departmental_road,Bidirectional,Unknown,Unknown,Curve_right,Normal,Unknown,On_road,Not_near_school,A01,Opposite_direction,Motorcycle,Pedestrian,Left_side,Avoiding_obstacle,0,,,,,,,,,,,,Not a holiday,0
4095,201600002484,2016,9,29,Daylight,Built_up_area,Intersection_T,Normal,Side_two_vehicles,Manual_entry,-1.85753,46.62517,True,2016-09-29,17,45,17:45,Evening,False,Autumn,2.0,0.0,60.0,Communal_way,Bidirectional,Unknown,Unknown,Straight,Normal,Unknown,On_road,Not_near_school,A01,Same_direction,Cycle,Cyclist,Left_side,Straight_ahead,0,,,,,,,,,,,,Not a holiday,0
4096,201600002484,2016,9,29,Daylight,Built_up_area,Intersection_T,Normal,Side_two_vehicles,Manual_entry,-1.85753,46.62517,True,2016-09-29,17,45,17:45,Evening,False,Autumn,2.0,0.0,60.0,Communal_way,Bidirectional,Unknown,Unknown,Straight,Normal,Unknown,On_road,Not_near_school,B02,Same_direction,Car(Quad/Passenger),Cyclist,Front,Roundabout,0,,,,,,,,,,,,Not a holiday,0
4097,201600002485,2016,10,17,Daylight,Out_of_agglomeration,Roundabout,Cloudy,Side_two_vehicles,Manual_entry,-1.9487,46.72779,True,2016-10-17,18,45,18:45,Evening,False,Autumn,0.0,0.0,0.0,other,Unknown,Unknown,Unknown,Unknown,Wet,Unknown,On_road,Unknown,B02,Same_direction,Cycle,None,Rear_right,Straight_ahead,0,,,,,,,,,,,,Not a holiday,0
4098,201600002485,2016,10,17,Daylight,Out_of_agglomeration,Roundabout,Cloudy,Side_two_vehicles,Manual_entry,-1.9487,46.72779,True,2016-10-17,18,45,18:45,Evening,False,Autumn,0.0,0.0,0.0,other,Unknown,Unknown,Unknown,Unknown,Wet,Unknown,On_road,Unknown,A01,Same_direction,Car(Quad/Passenger),other,Front_right,Park/Start/Stop,0,,,,,,,,,,,,Not a holiday,0
4099,201600002486,2016,10,30,Night_without_public_lighting,Out_of_agglomeration,Out_of_intersection,Normal,Frontal_two_vehicles,Manual_entry,-1.81516,46.59951,True,2016-10-30,2,0,02:00,Night,True,Autumn,2.0,0.0,0.0,Departmental_road,Bidirectional,Unknown,Flat,Straight,Normal,Unknown,On_verge,Unknown,B02,Other/Unknown,Car(Quad/Passenger),Cyclist,Front,Interaction,0,,,,,,,,,,,,Not a holiday,0
4100,201600002486,2016,10,30,Night_without_public_lighting,Out_of_agglomeration,Out_of_intersection,Normal,Frontal_two_vehicles,Manual_entry,-1.81516,46.59951,True,2016-10-30,2,0,02:00,Night,True,Autumn,2.0,0.0,0.0,Departmental_road,Bidirectional,Unknown,Flat,Straight,Normal,Unknown,On_verge,Unknown,A01,Opposite_direction,Car(Quad/Passenger),Cyclist,Multiple impacts,Avoiding_obstacle,0,,,,,,,,,,,,Not a holiday,0
4101,201600002487,2016,10,30,Daylight,Built_up_area,Out_of_intersection,Normal,Frontal_two_vehicles,Manual_entry,-1.9679,46.70999,True,2016-10-30,17,0,17:00,Evening,True,Autumn,0.0,7.0,100.0,Communal_way,Separated_carriageways,Cycle_bank,Unknown,Straight,Normal,Unknown,On_bike_path,Unknown,A01,Same_direction,Car(Quad/Passenger),other,Front,Roundabout,0,,,,,,,,,,,,Not a holiday,0
4102,201600002487,2016,10,30,Daylight,Built_up_area,Out_of_intersection,Normal,Frontal_two_vehicles,Manual_entry,-1.9679,46.70999,True,2016-10-30,17,0,17:00,Evening,True,Autumn,0.0,7.0,100.0,Communal_way,Separated_carriageways,Cycle_bank,Unknown,Straight,Normal,Unknown,On_bike_path,Unknown,B02,Same_direction,Cycle,Cyclist,Front_right,Straight_ahead,0,,,,,,,,,,,,Not a holiday,0
4103,201600002488,2016,12,5,Night_without_public_lighting,Built_up_area,Out_of_intersection,Normal,No_collision,Manual_entry,-2.00423,46.74064,True,2016-12-05,3,0,03:00,Night,False,Winter,2.0,0.0,58.0,Communal_way,Bidirectional,Unknown,Flat,Curve_right,Wet,Unknown,On_verge,Not_near_school,A01,Same_direction,Car(Quad/Passenger),None,Rear_right,Roundabout,0,,,,,,,,,,,,Not a holiday,0
4104,201600002489,2016,12,19,Night_with_public_lighting_on,Built_up_area,Out_of_intersection,Fog_or_smoke,Other_collision,Manual_entry,-1.85915,46.62788,True,2016-12-19,18,30,18:30,Evening,False,Winter,0.0,0.0,70.0,Communal_way,Unknown,Unknown,Flat,Straight,Normal,Unknown,On_road,Not_near_school,A01,Same_direction,Car(Quad/Passenger),Pedestrian,Front_right,Straight_ahead,0,,,,,,,,,,,,Not a holiday,0
4105,201600002490,2016,12,26,Night_with_public_lighting_on,Built_up_area,Out_of_intersection,Light_rain,Frontal_two_vehicles,Manual_entry,-2.0551,46.77331,True,2016-12-26,17,30,17:30,Evening,False,Winter,2.0,0.0,0.0,Communal_way,Bidirectional,Unknown,Flat,Straight,Wet,Unknown,On_road,Not_near_school,A01,Same_direction,Car(Quad/Passenger),Cyclist,Front,None,0,,,,,,,,,,,,Not a holiday,0
4106,201600002490,2016,12,26,Night_with_public_lighting_on,Built_up_area,Out_of_intersection,Light_rain,Frontal_two_vehicles,Manual_entry,-2.0551,46.77331,True,2016-12-26,17,30,17:30,Evening,False,Winter,2.0,0.0,0.0,Communal_way,Bidirectional,Unknown,Flat,Straight,Wet,Unknown,On_road,Not_near_school,B02,Same_direction,Motorcycle,Cyclist,Right_side,Reversing,0,,,,,,,,,,,,Not a holiday,0
4107,201600002491,2016,12,27,Daylight,Out_of_agglomeration,Intersection_X,Normal,Side_two_vehicles,Manual_entry,-1.86033,46.70517,True,2016-12-27,13,15,13:15,Afternoon,False,Winter,2.0,0.0,60.0,Departmental_road,Bidirectional,Unknown,Flat,Straight,Normal,Unknown,On_road,Unknown,B02,Opposite_direction,Car(Quad/Passenger),Cyclist,Front,Straight_ahead,0,,,,,,,,,,,,Not a holiday,0
4108,201600002491,2016,12,27,Daylight,Out_of_agglomeration,Intersection_X,Normal,Side_two_vehicles,Manual_entry,-1.86033,46.70517,True,2016-12-27,13,15,13:15,Afternoon,False,Winter,2.0,0.0,60.0,Departmental_road,Bidirectional,Unknown,Flat,Straight,Normal,Unknown,On_road,Unknown,A01,Same_direction,Motorcycle,Cyclist,Front_left,Loss_of_control,0,,,,,,,,,,,,Not a holiday,0
4109,201600002492,2016,3,31,Daylight,Built_up_area,Roundabout,Normal,Side_two_vehicles,Manual_entry,-2.04662,46.91555,True,2016-03-31,13,15,13:15,Afternoon,False,Spring,0.0,0.0,0.0,Departmental_road,Bidirectional,Unknown,Unknown,Straight,Normal,Unknown,On_road,Not_near_school,A01,Opposite_direction,Car(Quad/Passenger),Cyclist,Front_left,Park/Start/Stop,0,,,,,,,,,,,,Not a holiday,0
4110,201600002492,2016,3,31,Daylight,Built_up_area,Roundabout,Normal,Side_two_vehicles,Manual_entry,-2.04662,46.91555,True,2016-03-31,13,15,13:15,Afternoon,False,Spring,0.0,0.0,0.0,Departmental_road,Bidirectional,Unknown,Unknown,Straight,Normal,Unknown,On_road,Not_near_school,B02,Opposite_direction,Motorcycle,Cyclist,Front_right,Straight_ahead,0,,,,,,,,,,,,Not a holiday,0