,accident_id,year,month,day,lighting_label,urban_label,intersection_label,weather_label,collision_label,gps_label,longitude_num,latitude_num,valid_geo,date,hour,minute,time_hhmm,time_of_day,is_weekend,season,num_lanes,pedestrian_crossing_width,road_width,road_category_label,traffic_regime_label,reserved_lane_label,road_profile_label,road_layout_label,surface_condition_label,infrastructure_label,situation_label,school_zone_label,vehicle_id,traffic_direction_label,vehicle_category_label,mobile_obstacle_label,impact_point_label,manoeuvre_label,occupants_group,birth_year,sex_label,user_category_label,injury_severity_label,seat_position_label,journey_purpose_label,pedestrian_location_label,pedestrian_action_label,pedestrian_state_label,safety_equipment_type,safety_equipment_usage,holiday_name,is_holiday
4111,201600002493,2016,5,6,Daylight,Out_of_agglomeration,Out_of_intersection,Normal,Other_collision,Manual_entry,-1.99169,46.83406,True,2016-05-06,9,15,09:15,Morning,False,Spring,2.0,0.0,55.0,Departmental_road,Bidirectional,Unknown,Flat,Straight,Normal,Unknown,On_road,Not_near_school,A01,Other/Unknown,Car(Quad/Passenger),None,Front_left,None,0,,,,,,,,,,,,Not a holiday,0
4112,201600002494,2016,5,16,Night_without_public_lighting,Out_of_agglomeration,Out_of_intersection,Normal,Other_collision,Manual_entry,-2.05645,46.90392,True,2016-05-16,22,25,22:25,Night,False,Spring,2.0,0.0,69.0,Departmental_road,Bidirectional,Unknown,Flat,Straight,Normal,Unknown,On_verge,Unknown,A01,Opposite_direction,Car(Quad/Passenger),None,Front_right,Loss_of_control,0,,,,,,,,,,,,Whit Monday,1
4113,201600002495,2016,5,19,Daylight,Built_up_area,Out_of_intersection,Normal,Other_collision,Manual_entry,-1.98903,46.90043,True,2016-05-19,19,30,19:30,Evening,False,Spring,2.0,0.0,0.0,Departmental_road,Bidirectional,Unknown,Unknown,Straight,Normal,Unknown,On_road,Not_near_school,A01,Opposite_direction,Motorcycle,None,No_impact,None,0,,,,,,,,,,,,Not a holiday,0
4114,201600002496,2016,8,9,Daylight,Built_up_area,Out_of_intersection,Normal,Side_two_vehicles,Manual_entry,-2.04208,46.79009,True,2016-08-09,10,30,10:30,Morning,False,Summer,2.0,0.0,0.0,Departmental_road,Bidirectional,Unknown,Flat,Straight,Normal,Unknown,On_road,Unknown,A01,Opposite_direction,Car(Quad/Passenger),Cyclist,Front_left,Loss_of_control,0,,,,,,,,,,,,Not a holiday,0
4115,201600002496,2016,8,9,Daylight,Built_up_area,Out_of_intersection,Normal,Side_two_vehicles,Manual_entry,-2.04208,46.79009,True,2016-08-09,10,30,10:30,Morning,False,Summer,2.0,0.0,0.0,Departmental_road,Bidirectional,Unknown,Flat,Straight,Normal,Unknown,On_road,Unknown,B02,Opposite_direction,Motorcycle,Cyclist,Front,Straight_ahead,0,,,,,,,,,,,,Not a holiday,0
4116,201600002497,2016,8,31,Daylight,Built_up_area,Intersection_T,Normal,Side_two_vehicles,Manual_entry,-2.00225,46.90246,True,2016-08-31,15,45,15:45,Afternoon,False,Summer,1.0,0.0,61.0,Departmental_road,Bidirectional,Unknown,Flat,Straight,Normal,Unknown,On_road,Unknown,B02,Other/Unknown,Cycle,Cyclist,Front_right,other,0,,,,,,,,,,,,Not a holiday,0
4117,201600002497,2016,8,31,Daylight,Built_up_area,Intersection_T,Normal,Side_two_vehicles,Manual_entry,-2.00225,46.90246,True,2016-08-31,15,45,15:45,Afternoon,False,Summer,1.0,0.0,61.0,Departmental_road,Bidirectional,Unknown,Flat,Straight,Normal,Unknown,On_road,Unknown,A01,Other/Unknown,Car(Quad/Passenger),Cyclist,Rear_left,Roundabout,0,,,,,,,,,,,,Not a holiday,0
4118,201600002498,2016,8,31,Daylight,Built_up_area,Out_of_intersection,Normal,Other_collision,Manual_entry,-2.05266,46.91509,True,2016-08-31,18,15,18:15,Evening,False,Summer,2.0,0.0,77.0,Departmental_road,Bidirectional,Unknown,Flat,Curve_right,Normal,Unknown,On_road,Unknown,A01,Other/Unknown,Motorcycle,None,No_impact,Straight_ahead,0,,,,,,,,,,,,Not a holiday,0
4119,201600002499,2016,8,10,Daylight,Out_of_agglomeration,Out_of_intersection,Normal,Other_collision,Manual_entry,-2.10394,46.92115,True,2016-08-10,18,30,18:30,Evening,False,Summer,2.0,55.0,0.0,Departmental_road,Bidirectional,Unknown,Flat,Straight,Normal,Unknown,On_road,Unknown,A01,Other/Unknown,Car(Quad/Passenger),Pedestrian,Front,Straight_ahead,0,,,,,,,,,,,,Not a holiday,0
4120,201600002500,2016,9,8,Night_without_public_lighting,Out_of_agglomeration,Out_of_intersection,Normal,Other_collision,Manual_entry,-2.08888,46.83352,True,2016-09-08,21,45,21:45,Night,False,Autumn,2.0,0.0,64.0,Departmental_road,Bidirectional,Unknown,Flat,Straight,Normal,Unknown,On_road,Unknown,A01,Opposite_direction,Motorcycle,None,Front,Turning,0,,,,,,,,,,,,Not a holiday,0
4121,201600002501,2016,10,19,Daylight,Out_of_agglomeration,Out_of_intersection,Normal,Side_two_vehicles,Manual_entry,-2.01542,46.95554,True,2016-10-19,17,45,17:45,Evening,False,Autumn,2.0,0.0,68.0,Departmental_road,Bidirectional,Unknown,Flat,Straight,Normal,Unknown,On_road,Not_near_school,A01,Opposite_direction,Car(Quad/Passenger),Cyclist,Right_side,Loss_of_control,0,,,,,,,,,,,,Not a holiday,0
4122,201600002501,2016,10,19,Daylight,Out_of_agglomeration,Out_of_intersection,Normal,Side_two_vehicles,Manual_entry,-2.01542,46.95554,True,2016-10-19,17,45,17:45,Evening,False,Autumn,2.0,0.0,68.0,Departmental_road,Bidirectional,Unknown,Flat,Straight,Normal,Unknown,On_road,Not_near_school,B02,Other/Unknown,Motorcycle,Cyclist,Front,Straight_ahead,0,,,,,,,,,,,,Not a holiday,0
4123,201600002502,2016,5,31,Daylight,Out_of_agglomeration,Out_of_intersection,Normal,Multiple_three_plus,Manual_entry,-1.59864,46.45508,True,2016-05-31,9,30,09:30,Morning,False,Spring,0.0,0.0,55.0,Departmental_road,Bidirectional,Unknown,Slope,Straight,Normal,Unknown,On_road,Not_near_school,A01,Other/Unknown,Car(Quad/Passenger),Cyclist,Front,Straight_ahead,0,,,,,,,,,,,,Not a holiday,0
4124,201600002502,2016,5,31,Daylight,Out_of_agglomeration,Out_of_intersection,Normal,Multiple_three_plus,Manual_entry,-1.59864,46.45508,True,2016-05-31,9,30,09:30,Morning,False,Spring,0.0,0.0,55.0,Departmental_road,Bidirectional,Unknown,Slope,Straight,Normal,Unknown,On_road,Not_near_school,D04,Other/Unknown,Cycle,None,Rear_right,Straight_ahead,0,,,,,,,,,,,,Not a holiday,0
4125,201600002502,2016,5,31,Daylight,Out_of_agglomeration,Out_of_intersection,Normal,Multiple_three_plus,Manual_entry,-1.59864,46.45508,True,2016-05-31,9,30,09:30,Morning,False,Spring,0.0,0.0,55.0,Departmental_road,Bidirectional,Unknown,Slope,Straight,Normal,Unknown,On_road,Not_near_school,B02,Other/Unknown,Cycle,None,Rear_right,Straight_ahead,0,,,,,,,,,,,,Not a holiday,0
4126,201600002502,2016,5,31,Daylight,Out_of_agglomeration,Out_of_intersection,Normal,Multiple_three_plus,Manual_entry,-1.59864,46.45508,True,2016-05-31,9,30,09:30,Morning,False,Spring,0.0,0.0,55.0,Departmental_road,Bidirectional,Unknown,Slope,Straight,Normal,Unknown,On_road,Not_near_school,C03,Other/Unknown,Cycle,None,Rear_right,Straight_ahead,0,,,,,,,,,,,,Not a holiday,0
4127,201600002503,2016,1,16,Daylight,Out_of_agglomeration,Out_of_intersection,Normal,Side_two_vehicles,Manual_entry,-1.42301,46.42608,True,2016-01-16,17,15,17:15,Evening,True,Winter,1.0,0.0,42.0,Communal_way,Bidirectional,Unknown,Flat,Straight,Normal,Unknown,On_road,Unknown,B02,Same_direction,Cycle,Cyclist,Front,Straight_ahead,0,,,,,,,,,,,,Not a holiday,0
4128,201600002503,2016,1,16,Daylight,Out_of_agglomeration,Out_of_intersection,Normal,Side_two_vehicles,Manual_entry,-1.42301,46.42608,True,2016-01-16,17,15,17:15,Evening,True,Winter,1.0,0.0,42.0,Communal_way,Bidirectional,Unknown,Flat,Straight,Normal,Unknown,On_road,Unknown,A01,Same_direction,Motorcycle,Cyclist,Front_left,Park/Start/Stop,0,,,,,,,,,,,,Not a holiday,0
4129,201600002504,2016,1,25,Twilight_or_dawn,Out_of_agglomeration,Out_of_intersection,Normal,Other_collision,Manual_entry,-1.30455,46.45406,True,2016-01-25,7,45,07:45,Morning,False,Winter,0.0,0.0,50.0,Departmental_road,Bidirectional,Unknown,Slope,Straight,Normal,Unknown,On_road,Unknown,A01,Opposite_direction,Car(Quad/Passenger),Other vehicle,Front,Reversing,0,,,,,,,,,,,,Not a holiday,0
4130,201600002505,2016,3,18,Daylight,Built_up_area,Out_of_intersection,Normal,Side_two_vehicles,Manual_entry,-1.57149,46.41519,True,2016-03-18,9,15,09:15,Morning,False,Spring,2.0,0.0,70.0,Communal_way,Unknown,Unknown,Flat,Curve_left,Normal,Roundabout,On_road,Not_near_school,B02,Opposite_direction,Cycle,Cyclist,Left_side,Straight_ahead,0,,,,,,,,,,,,Not a holiday,0
4131,201600002505,2016,3,18,Daylight,Built_up_area,Out_of_intersection,Normal,Side_two_vehicles,Manual_entry,-1.57149,46.41519,True,2016-03-18,9,15,09:15,Morning,False,Spring,2.0,0.0,70.0,Communal_way,Unknown,Unknown,Flat,Curve_left,Normal,Roundabout,On_road,Not_near_school,A01,Opposite_direction,Car(Quad/Passenger),Cyclist,Right_side,Roundabout,0,,,,,,,,,,,,Not a holiday,0
4132,201600002506,2016,5,3,Night_without_public_lighting,Out_of_agglomeration,Roundabout,Normal,Side_two_vehicles,Manual_entry,-1.4438,46.48963,True,2016-05-03,21,15,21:15,Night,False,Spring,0.0,0.0,0.0,Departmental_road,Bidirectional,Unknown,Flat,Curve_right,Unknown,Unknown,Unknown,Not_near_school,B02,Opposite_direction,Car(Quad/Passenger),Cyclist,No_impact,Turning,0,,,,,,,,,,,,Not a holiday,0
4133,201600002506,2016,5,3,Night_without_public_lighting,Out_of_agglomeration,Roundabout,Normal,Side_two_vehicles,Manual_entry,-1.4438,46.48963,True,2016-05-03,21,15,21:15,Night,False,Spring,0.0,0.0,0.0,Departmental_road,Bidirectional,Unknown,Flat,Curve_right,Unknown,Unknown,Unknown,Not_near_school,A01,Opposite_direction,Motorcycle,Cyclist,No_impact,Turning,0,,,,,,,,,,,,Not a holiday,0
4134,201600002507,2016,6,4,Daylight,Out_of_agglomeration,Out_of_intersection,Normal,Side_two_vehicles,Manual_entry,-1.59319,46.47992,True,2016-06-04,16,45,16:45,Afternoon,True,Summer,0.0,0.0,60.0,Departmental_road,Bidirectional,Unknown,Flat,Straight,Normal,Unknown,On_road,Not_near_school,A01,Opposite_direction,Motorcycle,Cyclist,Front,other,0,,,,,,,,,,,,Not a holiday,0
4135,201600002507,2016,6,4,Daylight,Out_of_agglomeration,Out_of_intersection,Normal,Side_two_vehicles,Manual_entry,-1.59319,46.47992,True,2016-06-04,16,45,16:45,Afternoon,True,Summer,0.0,0.0,60.0,Departmental_road,Bidirectional,Unknown,Flat,Straight,Normal,Unknown,On_road,Not_near_school,B02,Opposite_direction,Motorcycle,Cyclist,Right_side,Roundabout,0,,,,,,,,,,,,Not a holiday,0
4136,201600002508,2016,6,28,Daylight,Built_up_area,Out_of_intersection,Normal,Other_collision,Manual_entry,-1.57687,46.41504,True,2016-06-28,15,30,15:30,Afternoon,False,Summer,0.0,0.0,60.0,Departmental_road,Bidirectional,Unknown,Unknown,Straight,Normal,Unknown,On_road,Not_near_school,A01,Opposite_direction,Car(Quad/Passenger),Pedestrian,Front_right,Roundabout,0,,,,,,,,,,,,Not a holiday,0
4137,201600002509,2016,7,2,Daylight,Out_of_agglomeration,Out_of_intersection,Normal,Side_two_vehicles,Manual_entry,-1.59023,46.45241,True,2016-07-02,7,45,07:45,Morning,True,Summer,2.0,0.0,64.0,Departmental_road,Bidirectional,Unknown,Flat,Straight,Normal,Unknown,On_road,Not_near_school,B02,Opposite_direction,Cycle,Cyclist,Rear_left,Straight_ahead,0,,,,,,,,,,,,Not a holiday,0
4138,201600002509,2016,7,2,Daylight,Out_of_agglomeration,Out_of_intersection,Normal,Side_two_vehicles,Manual_entry,-1.59023,46.45241,True,2016-07-02,7,45,07:45,Morning,True,Summer,2.0,0.0,64.0,Departmental_road,Bidirectional,Unknown,Flat,Straight,Normal,Unknown,On_road,Not_near_school,A01,Opposite_direction,Car(Quad/Passenger),Cyclist,Left_side,other,0,,,,,,,,,,,,Not a holiday,0
4139,201600002510,2016,7,12,Daylight,Out_of_agglomeration,Out_of_intersection,Normal,Other_collision,Manual_entry,-1.38794,46.4247,True,2016-07-12,14,45,14:45,Afternoon,False,Summer,2.0,0.0,48.0,Communal_way,Bidirectional,Unknown,Flat,Unknown,Normal,Unknown,On_road,Unknown,A01,Same_direction,Car(Quad/Passenger),Pedestrian,Rear_right,Straight_ahead,0,,,,,,,,,,,,Not a holiday,0
4140,201600002511,2016,7,13,Daylight,Built_up_area,Out_of_intersection,Normal,Other_collision,Manual_entry,-1.49486,46.46956,True,2016-07-13,10,45,10:45,Morning,False,Summer,2.0,0.0,50.0,Departmental_road,Bidirectional,Unknown,Unknown,Curve_right,Normal,Pedestrian_area,On_road,Not_near_school,A01,Other/Unknown,Car(Quad/Passenger),Pedestrian,Front,Avoiding_obstacle,0,,,,,,,,,,,,Not a holiday,0
4141,201600002512,2016,8,16,Night_without_public_lighting,Out_of_agglomeration,Out_of_intersection,Normal,Other_collision,Manual_entry,-1.68578,46.44958,True,2016-08-16,4,15,04:15,Night,False,Summer,2.0,0.0,50.0,Departmental_road,Bidirectional,Unknown,Unknown,Curve_right,Unknown,Unknown,Unknown,Not_near_school,A01,Opposite_direction,Car(Quad/Passenger),None,Front,Straight_ahead,0,,,,,,,,,,,,Not a holiday,0
4142,201600002513,2016,8,18,Night_with_public_lighting_on,Built_up_area,Out_of_intersection,Normal,Other_collision,Manual_entry,-1.48095,46.38823,True,2016-08-18,23,30,23:30,Night,False,Summer,0.0,0.0,50.0,Communal_way,Unknown,Unknown,Flat,Unknown,Normal,Unknown,On_road,Not_near_school,A01,Same_direction,Cycle,None,Front,Straight_ahead,0,,,,,,,,,,,,Not a holiday,0
4143,201600002514,2016,8,25,Daylight,Out_of_agglomeration,Out_of_intersection,Normal,No_collision,Manual_entry,-1.43793,46.40765,True,2016-08-25,18,0,18:00,Evening,False,Summer,2.0,0.0,55.0,Departmental_road,Bidirectional,Unknown,Unknown,Straight,Normal,Unknown,On_road,Unknown,A01,Opposite_direction,Car(Quad/Passenger),None,Front_right,Straight_ahead,0,,,,,,,,,,,,Not a holiday,0
4144,201600002515,2016,9,30,Night_without_public_lighting,Out_of_agglomeration,Out_of_intersection,Light_rain,Other_collision,Manual_entry,-1.3442,46.45967,True,2016-09-30,23,15,23:15,Night,False,Autumn,2.0,0.0,80.0,Departmental_road,Bidirectional,Unknown,Slope,Straight,Wet,Unknown,On_verge,Unknown,A01,Opposite_direction,Car(Quad/Passenger),None,Front_right,Straight_ahead,0,,,,,,,,,,,,Not a holiday,0
4145,201600002516,2016,9,30,Daylight,Out_of_agglomeration,Out_of_intersection,Light_rain,Chain_three_plus,Manual_entry,-1.42129,46.46902,True,2016-09-30,16,0,16:00,Afternoon,False,Autumn,2.0,0.0,79.0,Departmental_road,Bidirectional,Unknown,Flat,Straight,Wet,Unknown,On_road,Not_near_school,A01,Other/Unknown,Utility(Truck/Agri),Cyclist,Left_side,Roundabout,0,,,,,,,,,,,,Not a holiday,0
4146,201600002516,2016,9,30,Daylight,Out_of_agglomeration,Out_of_intersection,Light_rain,Chain_three_plus,Manual_entry,-1.42129,46.46902,True,2016-09-30,16,0,16:00,Afternoon,False,Autumn,2.0,0.0,79.0,Departmental_road,Bidirectional,Unknown,Flat,Straight,Wet,Unknown,On_road,Not_near_school,B02,Other/Unknown,Car(Quad/Passenger),Cyclist,Front,Straight_ahead,0,,,,,,,,,,,,Not a holiday,0
4147,201600002516,2016,9,30,Daylight,Out_of_agglomeration,Out_of_intersection,Light_rain,Chain_three_plus,Manual_entry,-1.42129,46.46902,True,2016-09-30,16,0,16:00,Afternoon,False,Autumn,2.0,0.0,79.0,Departmental_road,Bidirectional,Unknown,Flat,Straight,Wet,Unknown,On_road,Not_near_school,C03,Opposite_direction,Car(Quad/Passenger),Cyclist,Front,Interaction,0,,,,,,,,,,,,Not a holiday,0
4148,201600002517,2016,10,18,Daylight,Built_up_area,Out_of_intersection,Dazzling,Rear_end_two_vehicles,Manual_entry,-1.41332,46.40636,True,2016-10-18,8,45,08:45,Morning,False,Autumn,0.0,0.0,67.0,Departmental_road,Bidirectional,Unknown,Flat,Straight,Normal,Unknown,On_road,Unknown,B02,Opposite_direction,Cycle,Cyclist,Rear_right,Turning,0,,,,,,,,,,,,Not a holiday,0
4149,201600002517,2016,10,18,Daylight,Built_up_area,Out_of_intersection,Dazzling,Rear_end_two_vehicles,Manual_entry,-1.41332,46.40636,True,2016-10-18,8,45,08:45,Morning,False,Autumn,0.0,0.0,67.0,Departmental_road,Bidirectional,Unknown,Flat,Straight,Normal,Unknown,On_road,Unknown,A01,Opposite_direction,Car(Quad/Passenger),Cyclist,Front_right,Turning,0,,,,,,,,,,,,Not a holiday,0
4150,201600002518,2016,10,31,Night_with_public_lighting_on,Built_up_area,Out_of_intersection,Normal,Rear_end_two_vehicles,Manual_entry,-1.61567,46.46542,True,2016-10-31,21,0,21:00,Night,False,Autumn,0.0,0.0,0.0,Communal_way,Bidirectional,Unknown,Flat,Straight,Normal,Unknown,On_road,Not_near_school,A01,Same_direction,Motorcycle,None,Front,Turning,0,,,,,,,,,,,,Not a holiday,0
4151,201600002518,2016,10,31,Night_with_public_lighting_on,Built_up_area,Out_of_intersection,Normal,Rear_end_two_vehicles,Manual_entry,-1.61567,46.46542,True,2016-10-31,21,0,21:00,Night,False,Autumn,0.0,0.0,0.0,Communal_way,Bidirectional,Unknown,Flat,Straight,Normal,Unknown,On_road,Not_near_school,B02,Same_direction,Car(Quad/Passenger),Cyclist,Rear_right,Turning,0,,,,,,,,,,,,Not a holiday,0
4152,201600002519,2016,2,29,Daylight,Out_of_agglomeration,Intersection_T,Normal,Side_two_vehicles,Manual_entry,-0.74356,44.72073,True,2016-02-29,14,30,14:30,Afternoon,False,Winter,0.0,0.0,0.0,Departmental_road,Bidirectional,Unknown,Unknown,Straight,Normal,Unknown,On_road,Not_near_school,A01,Other/Unknown,Bus/Coach,other,Left_side,Turning,0,,,,,,,,,,,,Not a holiday,0
4153,201600002519,2016,2,29,Daylight,Out_of_agglomeration,Intersection_T,Normal,Side_two_vehicles,Manual_entry,-0.74356,44.72073,True,2016-02-29,14,30,14:30,Afternoon,False,Winter,0.0,0.0,0.0,Departmental_road,Bidirectional,Unknown,Unknown,Straight,Normal,Unknown,On_road,Not_near_school,B02,Unknown,Cycle,Cyclist,Front_left,Turning,0,,,,,,,,,,,,Not a holiday,0
4154,201600002520,2016,8,29,Daylight,Built_up_area,Out_of_intersection,Normal,Frontal_two_vehicles,Manual_entry,-0.63184,44.90787,True,2016-08-29,17,0,17:00,Evening,False,Summer,2.0,0.0,61.0,Communal_way,Bidirectional,Unknown,Flat,Curve_right,Normal,Unknown,On_road,Not_near_school,B02,Same_direction,Personal mobility,Cyclist,Right_side,Straight_ahead,10+,,,,,,,,,,,,Not a holiday,0
4155,201600002520,2016,8,29,Daylight,Built_up_area,Out_of_intersection,Normal,Frontal_two_vehicles,Manual_entry,-0.63184,44.90787,True,2016-08-29,17,0,17:00,Evening,False,Summer,2.0,0.0,61.0,Communal_way,Bidirectional,Unknown,Flat,Curve_right,Normal,Unknown,On_road,Not_near_school,A01,Same_direction,Car(Quad/Passenger),Cyclist,Right_side,Avoiding_obstacle,0,,,,,,,,,,,,Not a holiday,0
4156,201600002521,2016,1,23,Night_without_public_lighting,Out_of_agglomeration,Out_of_intersection,Light_rain,Other_collision,Manual_entry,,,False,2016-01-23,2,0,02:00,Night,True,Winter,2.0,0.0,74.0,Departmental_road,Bidirectional,Unknown,Flat,Straight,Wet,Unknown,On_verge,Unknown,A01,Opposite_direction,Car(Quad/Passenger),None,Front,Avoiding_obstacle,0,,,,,,,,,,,,Not a holiday,0
4157,201600002522,2016,3,1,Daylight,Built_up_area,Out_of_intersection,Normal,Other_collision,Manual_entry,-0.96537,44.63902,True,2016-03-01,10,0,10:00,Morning,False,Spring,2.0,0.0,0.0,Departmental_road,Bidirectional,Unknown,Unknown,Unknown,Unknown,Unknown,Unknown,Not_near_school,A01,Other/Unknown,Bus/Coach,Pedestrian,No_impact,Roundabout,0,,,,,,,,,,,,Not a holiday,0
4158,201600002523,2016,3,31,Night_with_public_lighting_on,Built_up_area,>4_branches,Normal,Other_collision,Manual_entry,-0.9372,44.60237,True,2016-03-31,18,15,18:15,Evening,False,Spring,0.0,0.0,0.0,Departmental_road,Unknown,Unknown,Unknown,Unknown,Unknown,Unknown,Unknown,Not_near_school,A01,Opposite_direction,Cycle,None,Front,Roundabout,0,,,,,,,,,,,,Not a holiday,0
4159,201600002524,2016,4,17,Daylight,Out_of_agglomeration,Out_of_intersection,Light_rain,Other_collision,Manual_entry,,,False,2016-04-17,13,15,13:15,Afternoon,True,Spring,0.0,0.0,70.0,Departmental_road,Bidirectional,Unknown,Flat,Curve_left,Wet,Roundabout,On_road,Not_near_school,A01,Other/Unknown,Car(Quad/Passenger),None,Rear,Straight_ahead,0,,,,,,,,,,,,Not a holiday,0
4160,201600002525,2016,6,6,Daylight,Built_up_area,Intersection_X,Normal,Side_two_vehicles,Manual_entry,-1.01529,44.68138,True,2016-06-06,17,15,17:15,Evening,False,Summer,2.0,,,Communal_way,Bidirectional,Unknown,Unknown,Unknown,Unknown,Unknown,Unknown,Unknown,B02,Opposite_direction,Car(Quad/Passenger),Cyclist,Front,Straight_ahead,0,,,,,,,,,,,,Not a holiday,0
4161,201600002525,2016,6,6,Daylight,Built_up_area,Intersection_X,Normal,Side_two_vehicles,Manual_entry,-1.01529,44.68138,True,2016-06-06,17,15,17:15,Evening,False,Summer,2.0,,,Communal_way,Bidirectional,Unknown,Unknown,Unknown,Unknown,Unknown,Unknown,Unknown,A01,Other/Unknown,Motorcycle,Cyclist,Front_left,Straight_ahead,0,,,,,,,,,,,,Not a holiday,0
4162,201600002526,2016,6,7,Daylight,Built_up_area,Out_of_intersection,Normal,Multiple_three_plus,Manual_entry,-0.96585,44.63633,True,2016-06-07,16,45,16:45,Afternoon,False,Summer,2.0,0.0,64.0,Departmental_road,Bidirectional,Bike_path,Hilltop,Straight,Normal,Unknown,On_road,Unknown,A01,Opposite_direction,Motorcycle,Cyclist,Left_side,Straight_ahead,0,,,,,,,,,,,,Not a holiday,0
4163,201600002526,2016,6,7,Daylight,Built_up_area,Out_of_intersection,Normal,Multiple_three_plus,Manual_entry,-0.96585,44.63633,True,2016-06-07,16,45,16:45,Afternoon,False,Summer,2.0,0.0,64.0,Departmental_road,Bidirectional,Bike_path,Hilltop,Straight,Normal,Unknown,On_road,Unknown,C03,Other/Unknown,Utility(Truck/Agri),Cyclist,Front,Straight_ahead,0,,,,,,,,,,,,Not a holiday,0
4164,201600002526,2016,6,7,Daylight,Built_up_area,Out_of_intersection,Normal,Multiple_three_plus,Manual_entry,-0.96585,44.63633,True,2016-06-07,16,45,16:45,Afternoon,False,Summer,2.0,0.0,64.0,Departmental_road,Bidirectional,Bike_path,Hilltop,Straight,Normal,Unknown,On_road,Unknown,B02,Opposite_direction,Car(Quad/Passenger),Cyclist,Right_side,Park/Start/Stop,0,,,,,,,,,,,,Not a holiday,0
4165,201600002527,2016,6,28,Daylight,Built_up_area,Out_of_intersection,Normal,Frontal_two_vehicles,Manual_entry,-0.98777,44.65721,True,2016-06-28,17,15,17:15,Evening,False,Summer,2.0,65.0,0.0,Departmental_road,Bidirectional,Unknown,Unknown,Curve_left,Normal,Unknown,On_road,Not_near_school,A01,Opposite_direction,Car(Quad/Passenger),Cyclist,Front,Straight_ahead,0,,,,,,,,,,,,Not a holiday,0
4166,201600002527,2016,6,28,Daylight,Built_up_area,Out_of_intersection,Normal,Frontal_two_vehicles,Manual_entry,-0.98777,44.65721,True,2016-06-28,17,15,17:15,Evening,False,Summer,2.0,65.0,0.0,Departmental_road,Bidirectional,Unknown,Unknown,Curve_left,Normal,Unknown,On_road,Not_near_school,B02,Other/Unknown,Car(Quad/Passenger),None,Front,Straight_ahead,0,,,,,,,,,,,,Not a holiday,0
4167,201600002528,2016,8,6,Daylight,Built_up_area,Out_of_intersection,Normal,Side_two_vehicles,Manual_entry,-0.992,44.642,True,2016-08-06,11,15,11:15,Morning,True,Summer,0.0,0.0,0.0,Departmental_road,Unknown,Unknown,Unknown,Straight,Normal,Unknown,On_road,Not_near_school,A01,Same_direction,Motorcycle,Cyclist,Front,other,0,,,,,,,,,,,,Not a holiday,0
4168,201600002528,2016,8,6,Daylight,Built_up_area,Out_of_intersection,Normal,Side_two_vehicles,Manual_entry,-0.992,44.642,True,2016-08-06,11,15,11:15,Morning,True,Summer,0.0,0.0,0.0,Departmental_road,Unknown,Unknown,Unknown,Straight,Normal,Unknown,On_road,Not_near_school,B02,Same_direction,Car(Quad/Passenger),Cyclist,Front_left,Park/Start/Stop,0,,,,,,,,,,,,Not a holiday,0
4169,201600002529,2016,9,8,Daylight,Out_of_agglomeration,Out_of_intersection,Normal,Frontal_two_vehicles,Manual_entry,,,False,2016-09-08,15,45,15:45,Afternoon,False,Autumn,0.0,0.0,0.0,Departmental_road,Unknown,Unknown,Unknown,Straight,Normal,Unknown,On_road,Not_near_school,A01,Opposite_direction,Car(Quad/Passenger),Cyclist,Right_side,Avoiding_obstacle,0,,,,,,,,,,,,Not a holiday,0
4170,201600002529,2016,9,8,Daylight,Out_of_agglomeration,Out_of_intersection,Normal,Frontal_two_vehicles,Manual_entry,,,False,2016-09-08,15,45,15:45,Afternoon,False,Autumn,0.0,0.0,0.0,Departmental_road,Unknown,Unknown,Unknown,Straight,Normal,Unknown,On_road,Not_near_school,B02,Other/Unknown,Car(Quad/Passenger),Cyclist,Right_side,Straight_ahead,0,,,,,,,,,,,,Not a holiday,0
4171,201600002530,2016,9,7,Daylight,Built_up_area,Intersection_X,Normal,Side_two_vehicles,Manual_entry,-0.93457,44.61923,True,2016-09-07,17,15,17:15,Evening,False,Autumn,2.0,0.0,0.0,Communal_way,Bidirectional,Unknown,Flat,Straight,Normal,Unknown,Unknown,Unknown,A01,Other/Unknown,Car(Quad/Passenger),Cyclist,Front,Straight_ahead,0,,,,,,,,,,,,Not a holiday,0
4172,201600002530,2016,9,7,Daylight,Built_up_area,Intersection_X,Normal,Side_two_vehicles,Manual_entry,-0.93457,44.61923,True,2016-09-07,17,15,17:15,Evening,False,Autumn,2.0,0.0,0.0,Communal_way,Bidirectional,Unknown,Flat,Straight,Normal,Unknown,Unknown,Unknown,B02,Opposite_direction,Car(Quad/Passenger),None,Front_left,Straight_ahead,0,,,,,,,,,,,,Not a holiday,0
4173,201600002531,2016,11,6,Daylight,Out_of_agglomeration,Out_of_intersection,Normal,Other_collision,Manual_entry,-0.97345,44.66733,True,2016-11-06,16,15,16:15,Afternoon,True,Autumn,2.0,0.0,42.0,Communal_way,Bidirectional,Unknown,Unknown,Straight,Normal,Unknown,On_verge,Near_school,A01,Same_direction,Car(Quad/Passenger),None,Front,Straight_ahead,0,,,,,,,,,,,,Not a holiday,0