,accident_id,year,month,day,lighting_label,urban_label,intersection_label,weather_label,collision_label,gps_label,longitude_num,latitude_num,valid_geo,date,hour,minute,time_hhmm,time_of_day,is_weekend,season,num_lanes,pedestrian_crossing_width,road_width,road_category_label,traffic_regime_label,reserved_lane_label,road_profile_label,road_layout_label,surface_condition_label,infrastructure_label,situation_label,school_zone_label,vehicle_id,traffic_direction_label,vehicle_category_label,mobile_obstacle_label,impact_point_label,manoeuvre_label,occupants_group,birth_year,sex_label,user_category_label,injury_severity_label,seat_position_label,journey_purpose_label,pedestrian_location_label,pedestrian_action_label,pedestrian_state_label,safety_equipment_type,safety_equipment_usage,holiday_name,is_holiday
4174,201600002532,2016,12,6,Daylight,Built_up_area,Intersection_T,Normal,Frontal_two_vehicles,Manual_entry,-1.02052,44.68903,True,2016-12-06,7,45,07:45,Morning,False,Winter,2.0,0.0,70.0,Departmental_road,Bidirectional,Unknown,Flat,Curve_left,Normal,Unknown,On_road,Unknown,A01,Opposite_direction,Car(Quad/Passenger),Cyclist,Right_side,Turning,0,,,,,,,,,,,,Not a holiday,0
4175,201600002532,2016,12,6,Daylight,Built_up_area,Intersection_T,Normal,Frontal_two_vehicles,Manual_entry,-1.02052,44.68903,True,2016-12-06,7,45,07:45,Morning,False,Winter,2.0,0.0,70.0,Departmental_road,Bidirectional,Unknown,Flat,Curve_left,Normal,Unknown,On_road,Unknown,B02,Opposite_direction,Motorcycle,Cyclist,Front_right,Turning,0,,,,,,,,,,,,Not a holiday,0
4176,201600002533,2016,1,14,Twilight_or_dawn,Built_up_area,Out_of_intersection,Cloudy,Other_collision,Manual_entry,-0.63466,44.90972,True,2016-01-14,8,30,08:30,Morning,False,Winter,1.0,0.0,50.0,Communal_way,One_way,Cycle_bank,Flat,Straight,Wet,Pedestrian_area,On_road,Not_near_school,A01,Opposite_direction,Car(Quad/Passenger),Pedestrian,Front,Straight_ahead,0,,,,,,,,,,,,Not a holiday,0
4177,201600002534,2016,1,24,Night_without_public_lighting,Out_of_agglomeration,Out_of_intersection,Fog_or_smoke,Other_collision,Manual_entry,-0.55146,44.95643,True,2016-01-24,6,0,06:00,Morning,True,Winter,2.0,0.0,70.0,Departmental_road,Bidirectional,Unknown,Flat,Straight,Wet,Unknown,On_verge,Not_near_school,A01,Other/Unknown,Car(Quad/Passenger),None,Front,Straight_ahead,0,,,,,,,,,,,,Not a holiday,0
4178,201600002535,2016,5,13,Daylight,Out_of_agglomeration,Intersection_X,Normal,Side_two_vehicles,Manual_entry,-0.62161,44.94732,True,2016-05-13,19,15,19:15,Evening,False,Spring,2.0,0.0,0.0,Communal_way,Bidirectional,Unknown,Flat,Curve_left,Normal,Unknown,Unknown,Not_near_school,A01,Same_direction,other,Cyclist,Front_right,Loss_of_control,0,,,,,,,,,,,,Not a holiday,0
4179,201600002535,2016,5,13,Daylight,Out_of_agglomeration,Intersection_X,Normal,Side_two_vehicles,Manual_entry,-0.62161,44.94732,True,2016-05-13,19,15,19:15,Evening,False,Spring,2.0,0.0,0.0,Communal_way,Bidirectional,Unknown,Flat,Curve_left,Normal,Unknown,Unknown,Not_near_school,B02,Same_direction,Car(Quad/Passenger),Cyclist,Right_side,Straight_ahead,0,,,,,,,,,,,,Not a holiday,0
4180,201600002536,2016,6,22,Daylight,Out_of_agglomeration,Out_of_intersection,Normal,Rear_end_two_vehicles,Manual_entry,-0.67025,44.91699,True,2016-06-22,18,0,18:00,Evening,False,Summer,2.0,0.0,80.0,Departmental_road,Bidirectional,Unknown,Flat,Straight,Normal,Unknown,On_road,Unknown,A01,Other/Unknown,other,Cyclist,Rear_right,Straight_ahead,0,,,,,,,,,,,,Not a holiday,0
4181,201600002536,2016,6,22,Daylight,Out_of_agglomeration,Out_of_intersection,Normal,Rear_end_two_vehicles,Manual_entry,-0.67025,44.91699,True,2016-06-22,18,0,18:00,Evening,False,Summer,2.0,0.0,80.0,Departmental_road,Bidirectional,Unknown,Flat,Straight,Normal,Unknown,On_road,Unknown,B02,Other/Unknown,Utility(Truck/Agri),Cyclist,Front,Turning,0,,,,,,,,,,,,Not a holiday,0
4182,201600002537,2016,8,16,Night_without_public_lighting,Out_of_agglomeration,Out_of_intersection,Normal,Other_collision,Manual_entry,-0.7065,44.92238,True,2016-08-16,5,15,05:15,Morning,False,Summer,2.0,0.0,48.0,Communal_way,Bidirectional,Unknown,Flat,Straight,Other,Unknown,On_road,Not_near_school,A01,Other/Unknown,Car(Quad/Passenger),None,Left_side,Avoiding_obstacle,0,,,,,,,,,,,,Not a holiday,0
4183,201600002538,2016,8,26,Daylight,Built_up_area,Out_of_intersection,Normal,Frontal_two_vehicles,Manual_entry,-0.60494,44.91413,True,2016-08-26,17,30,17:30,Evening,False,Summer,2.0,0.0,0.0,Communal_way,Bidirectional,Unknown,Unknown,Curve_right,Normal,Unknown,On_road,Not_near_school,A01,Same_direction,Utility(Truck/Agri),Cyclist,Front,Avoiding_obstacle,0,,,,,,,,,,,,Not a holiday,0
4184,201600002538,2016,8,26,Daylight,Built_up_area,Out_of_intersection,Normal,Frontal_two_vehicles,Manual_entry,-0.60494,44.91413,True,2016-08-26,17,30,17:30,Evening,False,Summer,2.0,0.0,0.0,Communal_way,Bidirectional,Unknown,Unknown,Curve_right,Normal,Unknown,On_road,Not_near_school,B02,Same_direction,Car(Quad/Passenger),Cyclist,Front,Straight_ahead,0,,,,,,,,,,,,Not a holiday,0
4185,201600002539,2016,9,11,Twilight_or_dawn,Built_up_area,Out_of_intersection,Normal,Frontal_two_vehicles,Manual_entry,-0.62124,44.92981,True,2016-09-11,19,30,19:30,Evening,True,Autumn,2.0,0.0,70.0,Communal_way,Bidirectional,Unknown,Flat,Straight,Normal,Unknown,On_road,Not_near_school,B02,Other/Unknown,Car(Quad/Passenger),Cyclist,Front,Straight_ahead,0,,,,,,,,,,,,Not a holiday,0
4186,201600002539,2016,9,11,Twilight_or_dawn,Built_up_area,Out_of_intersection,Normal,Frontal_two_vehicles,Manual_entry,-0.62124,44.92981,True,2016-09-11,19,30,19:30,Evening,True,Autumn,2.0,0.0,70.0,Communal_way,Bidirectional,Unknown,Flat,Straight,Normal,Unknown,On_road,Not_near_school,A01,Opposite_direction,Car(Quad/Passenger),Cyclist,Front,Avoiding_obstacle,0,,,,,,,,,,,,Not a holiday,0
4187,201600002540,2016,10,1,Daylight,Built_up_area,Intersection_X,Normal,Side_two_vehicles,Manual_entry,-0.6395,44.90745,True,2016-10-01,13,30,13:30,Afternoon,True,Autumn,3.0,0.0,0.0,Communal_way,Bidirectional,Unknown,Flat,Straight,Normal,Roundabout,On_road,Not_near_school,A01,Opposite_direction,Car(Quad/Passenger),Cyclist,Left_side,Straight_ahead,0,,,,,,,,,,,,Not a holiday,0
4188,201600002540,2016,10,1,Daylight,Built_up_area,Intersection_X,Normal,Side_two_vehicles,Manual_entry,-0.6395,44.90745,True,2016-10-01,13,30,13:30,Afternoon,True,Autumn,3.0,0.0,0.0,Communal_way,Bidirectional,Unknown,Flat,Straight,Normal,Roundabout,On_road,Not_near_school,B02,Opposite_direction,Car(Quad/Passenger),Cyclist,Front,Roundabout,0,,,,,,,,,,,,Not a holiday,0
4189,201600002541,2016,10,27,Daylight,Built_up_area,Out_of_intersection,Normal,Side_two_vehicles,Manual_entry,-0.62082,44.9057,True,2016-10-27,16,0,16:00,Afternoon,False,Autumn,2.0,0.0,70.0,Communal_way,Bidirectional,Bike_path,Flat,Straight,Normal,Unknown,On_road,Not_near_school,B01,Other/Unknown,Car(Quad/Passenger),Cyclist,Front_left,Straight_ahead,0,,,,,,,,,,,,Not a holiday,0
4190,201600002541,2016,10,27,Daylight,Built_up_area,Out_of_intersection,Normal,Side_two_vehicles,Manual_entry,-0.62082,44.9057,True,2016-10-27,16,0,16:00,Afternoon,False,Autumn,2.0,0.0,70.0,Communal_way,Bidirectional,Bike_path,Flat,Straight,Normal,Unknown,On_road,Not_near_school,A01,Opposite_direction,Motorcycle,Cyclist,Front,Avoiding_obstacle,0,,,,,,,,,,,,Not a holiday,0
4191,201600002542,2016,11,24,Daylight,Built_up_area,Out_of_intersection,Light_rain,Frontal_two_vehicles,Manual_entry,-0.61294,44.95776,True,2016-11-24,8,45,08:45,Morning,False,Autumn,2.0,0.0,35.0,Communal_way,Bidirectional,Unknown,Flat,Straight,Wet,Unknown,On_road,Unknown,B02,Same_direction,Motorcycle,Cyclist,Front_left,Straight_ahead,0,,,,,,,,,,,,Not a holiday,0
4192,201600002542,2016,11,24,Daylight,Built_up_area,Out_of_intersection,Light_rain,Frontal_two_vehicles,Manual_entry,-0.61294,44.95776,True,2016-11-24,8,45,08:45,Morning,False,Autumn,2.0,0.0,35.0,Communal_way,Bidirectional,Unknown,Flat,Straight,Wet,Unknown,On_road,Unknown,A01,Same_direction,Car(Quad/Passenger),Cyclist,Right_side,Avoiding_obstacle,0,,,,,,,,,,,,Not a holiday,0
4193,201600002543,2016,1,11,Twilight_or_dawn,Built_up_area,Intersection_T,Strong_wind_or_storm,Side_two_vehicles,Manual_entry,-1.14437,44.7977,True,2016-01-11,16,15,16:15,Afternoon,False,Winter,2.0,0.0,60.0,Departmental_road,Bidirectional,Unknown,Flat,Straight,Wet,Unknown,On_road,Not_near_school,A01,Opposite_direction,Car(Quad/Passenger),Cyclist,Right_side,Straight_ahead,0,,,,,,,,,,,,Not a holiday,0
4194,201600002543,2016,1,11,Twilight_or_dawn,Built_up_area,Intersection_T,Strong_wind_or_storm,Side_two_vehicles,Manual_entry,-1.14437,44.7977,True,2016-01-11,16,15,16:15,Afternoon,False,Winter,2.0,0.0,60.0,Departmental_road,Bidirectional,Unknown,Flat,Straight,Wet,Unknown,On_road,Not_near_school,B02,Other/Unknown,Cycle,Cyclist,Front_left,Roundabout,0,,,,,,,,,,,,Not a holiday,0
4195,201600002544,2016,7,9,Daylight,Out_of_agglomeration,Out_of_intersection,Normal,Frontal_two_vehicles,Manual_entry,-1.16681,44.78308,True,2016-07-09,10,0,10:00,Morning,True,Summer,2.0,0.0,60.0,Departmental_road,Bidirectional,Unknown,Flat,Straight,Normal,Unknown,On_road,Not_near_school,B02,Opposite_direction,Car(Quad/Passenger),Cyclist,Front_left,None,0,,,,,,,,,,,,Not a holiday,0
4196,201600002544,2016,7,9,Daylight,Out_of_agglomeration,Out_of_intersection,Normal,Frontal_two_vehicles,Manual_entry,-1.16681,44.78308,True,2016-07-09,10,0,10:00,Morning,True,Summer,2.0,0.0,60.0,Departmental_road,Bidirectional,Unknown,Flat,Straight,Normal,Unknown,On_road,Not_near_school,A01,Other/Unknown,Car(Quad/Passenger),Cyclist,Front,None,0,,,,,,,,,,,,Not a holiday,0
4197,201600002545,2016,7,28,Daylight,Built_up_area,Intersection_T,Normal,No_collision,Manual_entry,-1.20106,44.72672,True,2016-07-28,15,15,15:15,Afternoon,False,Summer,2.0,,,Communal_way,Bidirectional,Unknown,Unknown,Unknown,Unknown,Unknown,Unknown,Unknown,A01,Same_direction,Car(Quad/Passenger),None,Multiple impacts,Roundabout,0,,,,,,,,,,,,Not a holiday,0
4198,201600002546,2016,10,10,Night_with_public_lighting_on,Out_of_agglomeration,Out_of_intersection,Normal,Frontal_two_vehicles,Manual_entry,-1.23852,44.68796,True,2016-10-10,4,30,04:30,Night,False,Autumn,2.0,0.0,56.0,Departmental_road,Bidirectional,Unknown,Slope,Curve_left,Normal,Unknown,On_road,Unknown,B02,Opposite_direction,Car(Quad/Passenger),Cyclist,Right_side,None,0,,,,,,,,,,,,Not a holiday,0
4199,201600002546,2016,10,10,Night_with_public_lighting_on,Out_of_agglomeration,Out_of_intersection,Normal,Frontal_two_vehicles,Manual_entry,-1.23852,44.68796,True,2016-10-10,4,30,04:30,Night,False,Autumn,2.0,0.0,56.0,Departmental_road,Bidirectional,Unknown,Slope,Curve_left,Normal,Unknown,On_road,Unknown,A01,Other/Unknown,Car(Quad/Passenger),Cyclist,Right_side,None,0,,,,,,,,,,,,Not a holiday,0
4200,201600002547,2016,3,2,Daylight,Out_of_agglomeration,Out_of_intersection,Light_rain,Frontal_two_vehicles,Manual_entry,,,False,2016-03-02,16,30,16:30,Afternoon,False,Spring,0.0,0.0,0.0,Departmental_road,Unknown,Unknown,Unknown,Unknown,Unknown,Unknown,Unknown,Not_near_school,B02,Same_direction,Car(Quad/Passenger),None,No_impact,None,0,,,,,,,,,,,,Not a holiday,0
4201,201600002547,2016,3,2,Daylight,Out_of_agglomeration,Out_of_intersection,Light_rain,Frontal_two_vehicles,Manual_entry,,,False,2016-03-02,16,30,16:30,Afternoon,False,Spring,0.0,0.0,0.0,Departmental_road,Unknown,Unknown,Unknown,Unknown,Unknown,Unknown,Unknown,Not_near_school,A01,Same_direction,Car(Quad/Passenger),Cyclist,No_impact,None,0,,,,,,,,,,,,Not a holiday,0
4202,201600002548,2016,4,23,Twilight_or_dawn,Out_of_agglomeration,Out_of_intersection,Normal,Frontal_two_vehicles,Manual_entry,,,False,2016-04-23,6,45,06:45,Morning,True,Spring,2.0,0.0,78.0,Departmental_road,Bidirectional,Unknown,Unknown,Straight,Normal,Unknown,On_road,Not_near_school,A01,Other/Unknown,Car(Quad/Passenger),Cyclist,Right_side,Avoiding_obstacle,0,,,,,,,,,,,,Not a holiday,0
4203,201600002548,2016,4,23,Twilight_or_dawn,Out_of_agglomeration,Out_of_intersection,Normal,Frontal_two_vehicles,Manual_entry,,,False,2016-04-23,6,45,06:45,Morning,True,Spring,2.0,0.0,78.0,Departmental_road,Bidirectional,Unknown,Unknown,Straight,Normal,Unknown,On_road,Not_near_school,B02,Opposite_direction,Car(Quad/Passenger),Cyclist,Front,Straight_ahead,0,,,,,,,,,,,,Not a holiday,0
4204,201600002549,2016,5,10,Daylight,Built_up_area,Out_of_intersection,Normal,Frontal_two_vehicles,Manual_entry,-0.77973,44.81481,True,2016-05-10,21,0,21:00,Night,False,Spring,2.0,0.0,0.0,Departmental_road,Bidirectional,Unknown,Unknown,Unknown,Unknown,Unknown,Unknown,Not_near_school,B02,Other/Unknown,Cycle,Cyclist,Front_left,Turning,0,,,,,,,,,,,,Not a holiday,0
4205,201600002549,2016,5,10,Daylight,Built_up_area,Out_of_intersection,Normal,Frontal_two_vehicles,Manual_entry,-0.77973,44.81481,True,2016-05-10,21,0,21:00,Night,False,Spring,2.0,0.0,0.0,Departmental_road,Bidirectional,Unknown,Unknown,Unknown,Unknown,Unknown,Unknown,Not_near_school,A01,Other/Unknown,Motorcycle,Cyclist,Front,Turning,0,,,,,,,,,,,,Not a holiday,0
4206,201600002550,2016,10,23,Night_without_public_lighting,Out_of_agglomeration,Out_of_intersection,Normal,Side_two_vehicles,Manual_entry,-0.83553,44.83159,True,2016-10-23,6,30,06:30,Morning,True,Autumn,2.0,0.0,76.0,Departmental_road,Bidirectional,Unknown,Flat,Curve_right,Wet,Unknown,On_road,Unknown,A01,Other/Unknown,Car(Quad/Passenger),Cyclist,Front_right,Reversing,0,,,,,,,,,,,,Not a holiday,0
4207,201600002550,2016,10,23,Night_without_public_lighting,Out_of_agglomeration,Out_of_intersection,Normal,Side_two_vehicles,Manual_entry,-0.83553,44.83159,True,2016-10-23,6,30,06:30,Morning,True,Autumn,2.0,0.0,76.0,Departmental_road,Bidirectional,Unknown,Flat,Curve_right,Wet,Unknown,On_road,Unknown,B02,Opposite_direction,Car(Quad/Passenger),Cyclist,Left_side,Interaction,0,,,,,,,,,,,,Not a holiday,0
4208,201600002551,2016,3,22,Daylight,Built_up_area,Out_of_intersection,Normal,Side_two_vehicles,Manual_entry,,,False,2016-03-22,15,0,15:00,Afternoon,False,Spring,2.0,20.0,90.0,Communal_way,Separated_carriageways,Unknown,Flat,Straight,Normal,Pedestrian_area,On_road,Near_school,B02,Same_direction,Car(Quad/Passenger),Cyclist,Front,Straight_ahead,0,,,,,,,,,,,,Not a holiday,0
4209,201600002551,2016,3,22,Daylight,Built_up_area,Out_of_intersection,Normal,Side_two_vehicles,Manual_entry,,,False,2016-03-22,15,0,15:00,Afternoon,False,Spring,2.0,20.0,90.0,Communal_way,Separated_carriageways,Unknown,Flat,Straight,Normal,Pedestrian_area,On_road,Near_school,A01,Same_direction,Cycle,Cyclist,Front_left,Loss_of_control,0,,,,,,,,,,,,Not a holiday,0
4210,201600002552,2016,6,10,Daylight,Built_up_area,Roundabout,Normal,Side_two_vehicles,Manual_entry,-0.69734,44.88131,True,2016-06-10,10,30,10:30,Morning,False,Summer,2.0,,,Communal_way,Bidirectional,Unknown,Flat,Unknown,Wet,Roundabout,Unknown,Unknown,A01,Same_direction,Utility(Truck/Agri),Cyclist,Front,Park/Start/Stop,0,,,,,,,,,,,,Not a holiday,0
4211,201600002552,2016,6,10,Daylight,Built_up_area,Roundabout,Normal,Side_two_vehicles,Manual_entry,-0.69734,44.88131,True,2016-06-10,10,30,10:30,Morning,False,Summer,2.0,,,Communal_way,Bidirectional,Unknown,Flat,Unknown,Wet,Roundabout,Unknown,Unknown,B02,Same_direction,Motorcycle,Cyclist,Left_side,None,0,,,,,,,,,,,,Not a holiday,0
4212,201600002553,2016,7,7,Daylight,Built_up_area,Out_of_intersection,Normal,Rear_end_two_vehicles,Manual_entry,-0.76664,44.89432,True,2016-07-07,16,15,16:15,Afternoon,False,Summer,2.0,70.0,0.0,Departmental_road,Bidirectional,Unknown,Flat,Straight,Normal,Unknown,On_road,Not_near_school,A01,Other/Unknown,Car(Quad/Passenger),None,Rear_left,Turning,0,,,,,,,,,,,,Not a holiday,0
4213,201600002553,2016,7,7,Daylight,Built_up_area,Out_of_intersection,Normal,Rear_end_two_vehicles,Manual_entry,-0.76664,44.89432,True,2016-07-07,16,15,16:15,Afternoon,False,Summer,2.0,70.0,0.0,Departmental_road,Bidirectional,Unknown,Flat,Straight,Normal,Unknown,On_road,Not_near_school,B02,Other/Unknown,Motorcycle,Cyclist,Front,Turning,0,,,,,,,,,,,,Not a holiday,0
4214,201600002554,2016,7,31,Daylight,Out_of_agglomeration,Out_of_intersection,Cloudy,Other_collision,Manual_entry,-0.72194,44.90686,True,2016-07-31,7,30,07:30,Morning,True,Summer,0.0,0.0,0.0,Departmental_road,Bidirectional,Unknown,Flat,Straight,Normal,Unknown,On_verge,Not_near_school,A01,Other/Unknown,Car(Quad/Passenger),None,Front_right,Straight_ahead,0,,,,,,,,,,,,Not a holiday,0
4215,201600002555,2016,8,30,Daylight,Built_up_area,Out_of_intersection,Normal,Frontal_two_vehicles,Manual_entry,-0.71365,44.86563,True,2016-08-30,13,15,13:15,Afternoon,False,Summer,2.0,0.0,74.0,Communal_way,Bidirectional,Cycle_bank,Flat,Straight,Normal,Unknown,On_road,Unknown,B02,Other/Unknown,Car(Quad/Passenger),Cyclist,Front,Turning,0,,,,,,,,,,,,Not a holiday,0
4216,201600002555,2016,8,30,Daylight,Built_up_area,Out_of_intersection,Normal,Frontal_two_vehicles,Manual_entry,-0.71365,44.86563,True,2016-08-30,13,15,13:15,Afternoon,False,Summer,2.0,0.0,74.0,Communal_way,Bidirectional,Cycle_bank,Flat,Straight,Normal,Unknown,On_road,Unknown,A01,Opposite_direction,Car(Quad/Passenger),Cyclist,Front,Avoiding_obstacle,0,,,,,,,,,,,,Not a holiday,0
4217,201600002556,2016,9,10,Night_with_public_lighting_on,Built_up_area,Out_of_intersection,Normal,Other_collision,Manual_entry,-0.69624,44.88723,True,2016-09-10,0,1,00:01,Night,True,Autumn,2.0,10.0,40.0,Communal_way,Separated_carriageways,Bike_path,Unknown,Curve_left,Normal,Unknown,On_road,Unknown,A01,Other/Unknown,Motorcycle,None,Front,Straight_ahead,0,,,,,,,,,,,,Not a holiday,0
4218,201600002557,2016,10,6,Daylight,Built_up_area,Intersection_X,Normal,Side_two_vehicles,Manual_entry,-0.69909,44.8786,True,2016-10-06,11,30,11:30,Morning,False,Autumn,2.0,0.0,65.0,Communal_way,Bidirectional,Unknown,Flat,Straight,Normal,Unknown,On_road,Not_near_school,B01,Opposite_direction,Car(Quad/Passenger),Cyclist,Front,Straight_ahead,0,,,,,,,,,,,,Not a holiday,0
4219,201600002557,2016,10,6,Daylight,Built_up_area,Intersection_X,Normal,Side_two_vehicles,Manual_entry,-0.69909,44.8786,True,2016-10-06,11,30,11:30,Morning,False,Autumn,2.0,0.0,65.0,Communal_way,Bidirectional,Unknown,Flat,Straight,Normal,Unknown,On_road,Not_near_school,A02,Opposite_direction,Car(Quad/Passenger),Cyclist,Front_left,Straight_ahead,0,,,,,,,,,,,,Not a holiday,0
4220,201600002558,2016,2,19,Daylight,Out_of_agglomeration,Intersection_X,Normal,Side_two_vehicles,Manual_entry,,,False,2016-02-19,9,0,09:00,Morning,False,Winter,2.0,0.0,0.0,Departmental_road,Bidirectional,Unknown,Flat,Straight,Wet,Unknown,On_road,Not_near_school,A01,Other/Unknown,Car(Quad/Passenger),Cyclist,Front_right,Straight_ahead,0,,,,,,,,,,,,Not a holiday,0
4221,201600002558,2016,2,19,Daylight,Out_of_agglomeration,Intersection_X,Normal,Side_two_vehicles,Manual_entry,,,False,2016-02-19,9,0,09:00,Morning,False,Winter,2.0,0.0,0.0,Departmental_road,Bidirectional,Unknown,Flat,Straight,Wet,Unknown,On_road,Not_near_school,B02,Opposite_direction,Car(Quad/Passenger),Cyclist,Right_side,Loss_of_control,0,,,,,,,,,,,,Not a holiday,0
4222,201600002559,2016,3,18,Daylight,Out_of_agglomeration,Out_of_intersection,Normal,Rear_end_two_vehicles,Manual_entry,,,False,2016-03-18,17,45,17:45,Evening,False,Spring,0.0,0.0,60.0,Departmental_road,Bidirectional,Unknown,Hill_bottom,Straight,Normal,Unknown,On_road,Not_near_school,B02,Opposite_direction,Motorcycle,Cyclist,Front,other,0,,,,,,,,,,,,Not a holiday,0
4223,201600002559,2016,3,18,Daylight,Out_of_agglomeration,Out_of_intersection,Normal,Rear_end_two_vehicles,Manual_entry,,,False,2016-03-18,17,45,17:45,Evening,False,Spring,0.0,0.0,60.0,Departmental_road,Bidirectional,Unknown,Hill_bottom,Straight,Normal,Unknown,On_road,Not_near_school,A01,Opposite_direction,Car(Quad/Passenger),None,Rear_right,Turning,0,,,,,,,,,,,,Not a holiday,0
4224,201600002560,2016,6,24,Night_without_public_lighting,Out_of_agglomeration,Out_of_intersection,Normal,Rear_end_two_vehicles,Manual_entry,,,False,2016-06-24,23,30,23:30,Night,False,Summer,2.0,0.0,0.0,Departmental_road,Bidirectional,Unknown,Slope,Straight,Normal,Unknown,On_road,Not_near_school,B02,Opposite_direction,Motorcycle,None,Rear_right,Straight_ahead,0,,,,,,,,,,,,Not a holiday,0
4225,201600002560,2016,6,24,Night_without_public_lighting,Out_of_agglomeration,Out_of_intersection,Normal,Rear_end_two_vehicles,Manual_entry,,,False,2016-06-24,23,30,23:30,Night,False,Summer,2.0,0.0,0.0,Departmental_road,Bidirectional,Unknown,Slope,Straight,Normal,Unknown,On_road,Not_near_school,A01,Opposite_direction,Car(Quad/Passenger),Cyclist,Front,Straight_ahead,0,,,,,,,,,,,,Not a holiday,0
4226,201600002561,2016,7,15,Daylight,Out_of_agglomeration,Intersection_X,Normal,Side_two_vehicles,Manual_entry,-0.6471,45.13042,True,2016-07-15,17,0,17:00,Evening,False,Summer,2.0,,,Departmental_road,Bidirectional,Unknown,Unknown,Unknown,Unknown,Unknown,Unknown,Unknown,B02,Opposite_direction,Car(Quad/Passenger),Cyclist,Rear_right,Roundabout,0,,,,,,,,,,,,Not a holiday,0
4227,201600002561,2016,7,15,Daylight,Out_of_agglomeration,Intersection_X,Normal,Side_two_vehicles,Manual_entry,-0.6471,45.13042,True,2016-07-15,17,0,17:00,Evening,False,Summer,2.0,,,Departmental_road,Bidirectional,Unknown,Unknown,Unknown,Unknown,Unknown,Unknown,Unknown,A01,Opposite_direction,Car(Quad/Passenger),Cyclist,Front,Straight_ahead,0,,,,,,,,,,,,Not a holiday,0
4228,201600002562,2016,7,2,Daylight,Out_of_agglomeration,Intersection_X,Cloudy,Side_two_vehicles,Manual_entry,-0.60925,45.06104,True,2016-07-02,11,45,11:45,Morning,True,Summer,2.0,0.0,29.0,Departmental_road,Bidirectional,Unknown,Flat,Straight,Normal,Unknown,Unknown,Not_near_school,B02,Other/Unknown,Cycle,Cyclist,Front_left,Roundabout,0,,,,,,,,,,,,Not a holiday,0
4229,201600002562,2016,7,2,Daylight,Out_of_agglomeration,Intersection_X,Cloudy,Side_two_vehicles,Manual_entry,-0.60925,45.06104,True,2016-07-02,11,45,11:45,Morning,True,Summer,2.0,0.0,29.0,Departmental_road,Bidirectional,Unknown,Flat,Straight,Normal,Unknown,Unknown,Not_near_school,A01,Opposite_direction,Motorcycle,Cyclist,Front_right,Straight_ahead,0,,,,,,,,,,,,Not a holiday,0
4230,201600002563,2016,12,12,Daylight,Out_of_agglomeration,Out_of_intersection,Normal,Other_collision,Manual_entry,,,False,2016-12-12,15,15,15:15,Afternoon,False,Winter,2.0,0.0,71.0,Departmental_road,Bidirectional,Unknown,Flat,Straight,Unknown,Unknown,On_road,Unknown,A01,Opposite_direction,Car(Quad/Passenger),None,Front_right,Turning,0,,,,,,,,,,,,Not a holiday,0
4231,201600002564,2016,2,4,Daylight,Out_of_agglomeration,Intersection_X,Normal,Side_two_vehicles,Manual_entry,-0.57145,45.23947,True,2016-02-04,8,45,08:45,Morning,False,Winter,2.0,0.0,0.0,Departmental_road,Bidirectional,Unknown,Unknown,Straight,Normal,Roundabout,On_road,Not_near_school,B02,Other/Unknown,Car(Quad/Passenger),Cyclist,Front_right,Straight_ahead,0,,,,,,,,,,,,Not a holiday,0
4232,201600002564,2016,2,4,Daylight,Out_of_agglomeration,Intersection_X,Normal,Side_two_vehicles,Manual_entry,-0.57145,45.23947,True,2016-02-04,8,45,08:45,Morning,False,Winter,2.0,0.0,0.0,Departmental_road,Bidirectional,Unknown,Unknown,Straight,Normal,Roundabout,On_road,Not_near_school,A01,Opposite_direction,Car(Quad/Passenger),Cyclist,Front,Straight_ahead,0,,,,,,,,,,,,Not a holiday,0
4233,201600002565,2016,5,14,Night_without_public_lighting,Out_of_agglomeration,Out_of_intersection,Normal,Other_collision,Manual_entry,,,False,2016-05-14,23,0,23:00,Night,True,Spring,2.0,0.0,60.0,Departmental_road,Bidirectional,Unknown,Slope,Curve_left,Normal,Unknown,On_verge,Not_near_school,A01,Same_direction,Car(Quad/Passenger),None,Front_right,Straight_ahead,0,,,,,,,,,,,,Not a holiday,0
4234,201600002566,2016,7,17,Daylight,Built_up_area,Out_of_intersection,Normal,Frontal_two_vehicles,Manual_entry,-0.61598,45.29249,True,2016-07-17,14,45,14:45,Afternoon,True,Summer,2.0,0.0,0.0,Departmental_road,Bidirectional,Unknown,Flat,Curve_right,Normal,Unknown,On_road,Unknown,B02,Other/Unknown,Car(Quad/Passenger),Cyclist,Front_left,Straight_ahead,0,,,,,,,,,,,,Not a holiday,0
4235,201600002566,2016,7,17,Daylight,Built_up_area,Out_of_intersection,Normal,Frontal_two_vehicles,Manual_entry,-0.61598,45.29249,True,2016-07-17,14,45,14:45,Afternoon,True,Summer,2.0,0.0,0.0,Departmental_road,Bidirectional,Unknown,Flat,Curve_right,Normal,Unknown,On_road,Unknown,A01,Other/Unknown,Motorcycle,Cyclist,Right_side,Avoiding_obstacle,0,,,,,,,,,,,,Not a holiday,0
4236,201600002567,2016,9,10,Daylight,Built_up_area,Intersection_T,Normal,Side_two_vehicles,Manual_entry,-0.60067,45.29103,True,2016-09-10,19,0,19:00,Evening,True,Autumn,2.0,0.0,58.0,Departmental_road,Bidirectional,Unknown,Flat,Straight,Normal,Unknown,On_road,Not_near_school,A01,Other/Unknown,Car(Quad/Passenger),Cyclist,Right_side,Roundabout,0,,,,,,,,,,,,Not a holiday,0
4237,201600002567,2016,9,10,Daylight,Built_up_area,Intersection_T,Normal,Side_two_vehicles,Manual_entry,-0.60067,45.29103,True,2016-09-10,19,0,19:00,Evening,True,Autumn,2.0,0.0,58.0,Departmental_road,Bidirectional,Unknown,Flat,Straight,Normal,Unknown,On_road,Not_near_school,B02,Opposite_direction,Motorcycle,Cyclist,Front,Straight_ahead,0,,,,,,,,,,,,Not a holiday,0