,accident_id,year,month,day,lighting_label,urban_label,intersection_label,weather_label,collision_label,gps_label,longitude_num,latitude_num,valid_geo,date,hour,minute,time_hhmm,time_of_day,is_weekend,season,num_lanes,pedestrian_crossing_width,road_width,road_category_label,traffic_regime_label,reserved_lane_label,road_profile_label,road_layout_label,surface_condition_label,infrastructure_label,situation_label,school_zone_label,vehicle_id,traffic_direction_label,vehicle_category_label,mobile_obstacle_label,impact_point_label,manoeuvre_label,occupants_group,birth_year,sex_label,user_category_label,injury_severity_label,seat_position_label,journey_purpose_label,pedestrian_location_label,pedestrian_action_label,pedestrian_state_label,safety_equipment_type,safety_equipment_usage,holiday_name,is_holiday
4238,201600002568,2016,9,15,Daylight,Built_up_area,Out_of_intersection,Normal,Other_collision,Manual_entry,-0.56744,45.23117,True,2016-09-15,15,0,15:00,Afternoon,False,Autumn,2.0,0.0,0.0,Departmental_road,Bidirectional,Unknown,Unknown,Curve_left,Normal,Unknown,On_verge,Not_near_school,A01,Opposite_direction,Car(Quad/Passenger),None,Left_side,Straight_ahead,0,,,,,,,,,,,,Not a holiday,0
4239,201600002569,2016,10,6,Daylight,Out_of_agglomeration,Out_of_intersection,Normal,Frontal_two_vehicles,Manual_entry,-0.50321,45.2758,True,2016-10-06,15,45,15:45,Afternoon,False,Autumn,2.0,0.0,52.0,Departmental_road,Bidirectional,Unknown,Flat,Straight,Normal,Unknown,On_road,Not_near_school,A01,Opposite_direction,Car(Quad/Passenger),Cyclist,Front_right,Avoiding_obstacle,0,,,,,,,,,,,,Not a holiday,0
4240,201600002569,2016,10,6,Daylight,Out_of_agglomeration,Out_of_intersection,Normal,Frontal_two_vehicles,Manual_entry,-0.50321,45.2758,True,2016-10-06,15,45,15:45,Afternoon,False,Autumn,2.0,0.0,52.0,Departmental_road,Bidirectional,Unknown,Flat,Straight,Normal,Unknown,On_road,Not_near_school,B02,Other/Unknown,Car(Quad/Passenger),Cyclist,Right_side,Straight_ahead,0,,,,,,,,,,,,Not a holiday,0
4241,201600002570,2016,12,9,Night_with_public_lighting_on,Built_up_area,Out_of_intersection,Normal,No_collision,Manual_entry,-0.57346,45.22929,True,2016-12-09,21,15,21:15,Night,False,Winter,2.0,0.0,0.0,Departmental_road,Bidirectional,Unknown,Unknown,Straight,Wet,Unknown,On_verge,Unknown,A01,Opposite_direction,Car(Quad/Passenger),None,Front_right,Straight_ahead,0,,,,,,,,,,,,Not a holiday,0
4242,201600002571,2016,3,19,Daylight,Out_of_agglomeration,Out_of_intersection,Normal,Frontal_two_vehicles,Manual_entry,,,False,2016-03-19,18,0,18:00,Evening,True,Spring,2.0,0.0,69.0,Departmental_road,Bidirectional,Unknown,Unknown,Straight,Normal,Unknown,On_road,Not_near_school,A01,Other/Unknown,Car(Quad/Passenger),None,Right_side,Avoiding_obstacle,0,,,,,,,,,,,,Not a holiday,0
4243,201600002571,2016,3,19,Daylight,Out_of_agglomeration,Out_of_intersection,Normal,Frontal_two_vehicles,Manual_entry,,,False,2016-03-19,18,0,18:00,Evening,True,Spring,2.0,0.0,69.0,Departmental_road,Bidirectional,Unknown,Unknown,Straight,Normal,Unknown,On_road,Not_near_school,B02,Opposite_direction,Motorcycle,None,Front,Straight_ahead,0,,,,,,,,,,,,Not a holiday,0
4244,201600002572,2016,8,16,Daylight,Out_of_agglomeration,Out_of_intersection,Normal,Other_collision,Manual_entry,,,False,2016-08-16,18,30,18:30,Evening,False,Summer,4.0,0.0,74.0,National_road,Separated_carriageways,Unknown,Flat,Straight,Normal,Unknown,On_emergency_stop_band,Not_near_school,A01,Opposite_direction,Motorcycle,None,Front_right,None,0,,,,,,,,,,,,Not a holiday,0
4245,201600002573,2016,10,11,Daylight,Out_of_agglomeration,Out_of_intersection,Normal,Rear_end_two_vehicles,Manual_entry,,,False,2016-10-11,9,0,09:00,Morning,False,Autumn,4.0,0.0,0.0,National_road,Separated_carriageways,Unknown,Unknown,Straight,Normal,Unknown,On_emergency_stop_band,Not_near_school,A01,Other/Unknown,Bus/Coach,None,Rear_right,None,0,,,,,,,,,,,,Not a holiday,0
4246,201600002573,2016,10,11,Daylight,Out_of_agglomeration,Out_of_intersection,Normal,Rear_end_two_vehicles,Manual_entry,,,False,2016-10-11,9,0,09:00,Morning,False,Autumn,4.0,0.0,0.0,National_road,Separated_carriageways,Unknown,Unknown,Straight,Normal,Unknown,On_emergency_stop_band,Not_near_school,B02,Other/Unknown,Bus/Coach,None,Front,None,0,,,,,,,,,,,,Not a holiday,0
4247,201600002574,2016,12,13,Night_with_public_lighting_on,Out_of_agglomeration,Intersection_T,Normal,Other_collision,Manual_entry,-0.42083,45.2087,True,2016-12-13,20,15,20:15,Evening,False,Winter,2.0,,72.0,Departmental_road,Bidirectional,Unknown,Unknown,Unknown,Unknown,Unknown,Unknown,Unknown,A01,Other/Unknown,Car(Quad/Passenger),None,Front,Straight_ahead,0,,,,,,,,,,,,Not a holiday,0
4248,201600002575,2016,5,2,Daylight,Out_of_agglomeration,Intersection_X,Normal,Side_two_vehicles,Manual_entry,-0.48365,44.9599,True,2016-05-02,14,45,14:45,Afternoon,False,Spring,2.0,0.0,0.0,Departmental_road,Bidirectional,Unknown,Flat,Straight,Normal,Roundabout,On_road,Unknown,B02,Opposite_direction,Motorcycle,Cyclist,Front,Straight_ahead,0,,,,,,,,,,,,Not a holiday,0
4249,201600002575,2016,5,2,Daylight,Out_of_agglomeration,Intersection_X,Normal,Side_two_vehicles,Manual_entry,-0.48365,44.9599,True,2016-05-02,14,45,14:45,Afternoon,False,Spring,2.0,0.0,0.0,Departmental_road,Bidirectional,Unknown,Flat,Straight,Normal,Roundabout,On_road,Unknown,A01,Other/Unknown,Car(Quad/Passenger),Cyclist,Front_right,Loss_of_control,0,,,,,,,,,,,,Not a holiday,0
4250,201600002576,2016,5,4,Daylight,Out_of_agglomeration,Intersection_X,Normal,Multiple_three_plus,Manual_entry,-0.47605,44.92176,True,2016-05-04,17,45,17:45,Evening,False,Spring,2.0,0.0,60.0,Departmental_road,Bidirectional,Unknown,Hill_bottom,Straight,Normal,Roundabout,On_road,Not_near_school,A01,Other/Unknown,Cycle,Cyclist,Front,other,0,,,,,,,,,,,,Not a holiday,0
4251,201600002576,2016,5,4,Daylight,Out_of_agglomeration,Intersection_X,Normal,Multiple_three_plus,Manual_entry,-0.47605,44.92176,True,2016-05-04,17,45,17:45,Evening,False,Spring,2.0,0.0,60.0,Departmental_road,Bidirectional,Unknown,Hill_bottom,Straight,Normal,Roundabout,On_road,Not_near_school,B02,Opposite_direction,Motorcycle,Cyclist,Front,Straight_ahead,0,,,,,,,,,,,,Not a holiday,0
4252,201600002576,2016,5,4,Daylight,Out_of_agglomeration,Intersection_X,Normal,Multiple_three_plus,Manual_entry,-0.47605,44.92176,True,2016-05-04,17,45,17:45,Evening,False,Spring,2.0,0.0,60.0,Departmental_road,Bidirectional,Unknown,Hill_bottom,Straight,Normal,Roundabout,On_road,Not_near_school,C03,Other/Unknown,Car(Quad/Passenger),Cyclist,Front_right,Roundabout,0,,,,,,,,,,,,Not a holiday,0
4253,201600002577,2016,5,8,Twilight_or_dawn,Built_up_area,Out_of_intersection,Normal,No_collision,Manual_entry,-0.48954,44.9459,True,2016-05-08,19,15,19:15,Evening,True,Spring,2.0,0.0,0.0,Communal_way,Bidirectional,Unknown,Flat,Straight,Normal,Unknown,On_road,Not_near_school,A01,Opposite_direction,Motorcycle,Other vehicle,No_impact,Interaction,0,,,,,,,,,,,,Victory in Europe Day,1
4254,201600002578,2016,5,29,Daylight,Out_of_agglomeration,Out_of_intersection,Normal,Other_collision,Manual_entry,-0.45131,44.9302,True,2016-05-29,17,35,17:35,Evening,True,Spring,2.0,0.0,100.0,Departmental_road,Bidirectional,Unknown,Flat,Straight,Normal,Unknown,On_road,Unknown,A01,Other/Unknown,Cycle,None,Front,Straight_ahead,0,,,,,,,,,,,,Not a holiday,0
4255,201600002579,2016,7,7,Daylight,Built_up_area,Intersection_X,Normal,Other_collision,Manual_entry,-0.46435,44.94525,True,2016-07-07,9,45,09:45,Morning,False,Summer,2.0,,,Communal_way,Bidirectional,Unknown,Unknown,Unknown,Unknown,Unknown,Unknown,Unknown,A01,Same_direction,Car(Quad/Passenger),Pedestrian,Front_right,Straight_ahead,0,,,,,,,,,,,,Not a holiday,0
4256,201600002580,2016,7,19,Daylight,Out_of_agglomeration,Out_of_intersection,Normal,Other_collision,Manual_entry,-0.46254,44.95533,True,2016-07-19,20,45,20:45,Evening,False,Summer,2.0,0.0,0.0,Departmental_road,Separated_carriageways,Unknown,Unknown,Straight,Unknown,Unknown,Unknown,Not_near_school,A01,Other/Unknown,Motorcycle,None,Front,other,0,,,,,,,,,,,,Not a holiday,0
4257,201600002581,2016,1,10,Night_without_public_lighting,Out_of_agglomeration,Out_of_intersection,Light_rain,Other_collision,Manual_entry,,,False,2016-01-10,18,15,18:15,Evening,True,Winter,2.0,52.0,0.0,Departmental_road,Bidirectional,Unknown,Flat,Straight,Wet,Interchange,On_road,Unknown,A01,Same_direction,Utility(Truck/Agri),Pedestrian,Front_right,Straight_ahead,0,,,,,,,,,,,,Not a holiday,0
4258,201600002582,2016,6,26,Daylight,Built_up_area,Out_of_intersection,Normal,Other_collision,Manual_entry,-0.38803,44.90363,True,2016-06-26,18,45,18:45,Evening,True,Summer,2.0,0.0,64.0,Departmental_road,Bidirectional,Unknown,Flat,Straight,Normal,Unknown,On_verge,Unknown,A01,Opposite_direction,Car(Quad/Passenger),None,Front_right,Turning,0,,,,,,,,,,,,Not a holiday,0
4259,201600002582,2016,6,26,Daylight,Built_up_area,Out_of_intersection,Normal,Other_collision,Manual_entry,-0.38803,44.90363,True,2016-06-26,18,45,18:45,Evening,True,Summer,2.0,0.0,64.0,Departmental_road,Bidirectional,Unknown,Flat,Straight,Normal,Unknown,On_verge,Unknown,B02,Opposite_direction,Car(Quad/Passenger),Pedestrian,Rear,other,0,,,,,,,,,,,,Not a holiday,0
4260,201600002583,2016,7,26,Daylight,Out_of_agglomeration,Intersection_T,Normal,Side_two_vehicles,Manual_entry,-0.39627,44.87447,True,2016-07-26,16,30,16:30,Afternoon,False,Summer,2.0,0.0,0.0,Departmental_road,Bidirectional,Unknown,Unknown,Unknown,Normal,Unknown,Unknown,Not_near_school,A01,Other/Unknown,Car(Quad/Passenger),Cyclist,Front,Straight_ahead,0,,,,,,,,,,,,Not a holiday,0
4261,201600002583,2016,7,26,Daylight,Out_of_agglomeration,Intersection_T,Normal,Side_two_vehicles,Manual_entry,-0.39627,44.87447,True,2016-07-26,16,30,16:30,Afternoon,False,Summer,2.0,0.0,0.0,Departmental_road,Bidirectional,Unknown,Unknown,Unknown,Normal,Unknown,Unknown,Not_near_school,B02,Same_direction,Car(Quad/Passenger),Cyclist,No_impact,Roundabout,0,,,,,,,,,,,,Not a holiday,0
4262,201600002584,2016,9,17,Twilight_or_dawn,Out_of_agglomeration,Out_of_intersection,Normal,Rear_end_two_vehicles,Unknown,,,False,2016-09-17,5,30,05:30,Morning,True,Autumn,4.0,,,National_road,Separated_carriageways,Unknown,Flat,Straight,Normal,Unknown,Unknown,Unknown,B01,Opposite_direction,Bus/Coach,Cyclist,Rear_right,Straight_ahead,0,,,,,,,,,,,,Not a holiday,0
4263,201600002584,2016,9,17,Twilight_or_dawn,Out_of_agglomeration,Out_of_intersection,Normal,Rear_end_two_vehicles,Unknown,,,False,2016-09-17,5,30,05:30,Morning,True,Autumn,4.0,,,National_road,Separated_carriageways,Unknown,Flat,Straight,Normal,Unknown,Unknown,Unknown,A01,Opposite_direction,Car(Quad/Passenger),Cyclist,Front,Straight_ahead,0,,,,,,,,,,,,Not a holiday,0
4264,201600002585,2016,11,2,Daylight,Out_of_agglomeration,Out_of_intersection,Fog_or_smoke,Chain_three_plus,Manual_entry,-0.35476,44.88152,True,2016-11-02,11,15,11:15,Morning,False,Autumn,4.0,0.0,0.0,National_road,Separated_carriageways,Unknown,Unknown,Straight,Unknown,Unknown,On_road,Not_near_school,A01,Opposite_direction,Bus/Coach,Cyclist,Rear_left,Straight_ahead,0,,,,,,,,,,,,Not a holiday,0
4265,201600002585,2016,11,2,Daylight,Out_of_agglomeration,Out_of_intersection,Fog_or_smoke,Chain_three_plus,Manual_entry,-0.35476,44.88152,True,2016-11-02,11,15,11:15,Morning,False,Autumn,4.0,0.0,0.0,National_road,Separated_carriageways,Unknown,Unknown,Straight,Unknown,Unknown,On_road,Not_near_school,B02,Opposite_direction,Car(Quad/Passenger),Cyclist,Front,Straight_ahead,0,,,,,,,,,,,,Not a holiday,0
4266,201600002585,2016,11,2,Daylight,Out_of_agglomeration,Out_of_intersection,Fog_or_smoke,Chain_three_plus,Manual_entry,-0.35476,44.88152,True,2016-11-02,11,15,11:15,Morning,False,Autumn,4.0,0.0,0.0,National_road,Separated_carriageways,Unknown,Unknown,Straight,Unknown,Unknown,On_road,Not_near_school,C03,Opposite_direction,Car(Quad/Passenger),Cyclist,Front,Turning,0,,,,,,,,,,,,Not a holiday,0
4267,201600002586,2016,12,11,Night_with_public_lighting_on,Built_up_area,Out_of_intersection,Normal,No_collision,Manual_entry,,,False,2016-12-11,19,15,19:15,Evening,True,Winter,2.0,0.0,0.0,Departmental_road,Bidirectional,Unknown,Flat,Straight,Normal,Unknown,On_road,Unknown,A01,Opposite_direction,Car(Quad/Passenger),None,Left_side,Turning,0,,,,,,,,,,,,Not a holiday,0
4268,201600002587,2016,2,7,Night_with_public_lighting_on,Out_of_agglomeration,Out_of_intersection,Heavy_rain,Frontal_two_vehicles,Manual_entry,-0.53277,44.65327,True,2016-02-07,19,45,19:45,Evening,True,Winter,0.0,65.0,0.0,Departmental_road,Bidirectional,Unknown,Unknown,Curve_right,Wet,Unknown,On_road,Not_near_school,A01,Other/Unknown,Car(Quad/Passenger),Cyclist,Right_side,Avoiding_obstacle,0,,,,,,,,,,,,Not a holiday,0
4269,201600002587,2016,2,7,Night_with_public_lighting_on,Out_of_agglomeration,Out_of_intersection,Heavy_rain,Frontal_two_vehicles,Manual_entry,-0.53277,44.65327,True,2016-02-07,19,45,19:45,Evening,True,Winter,0.0,65.0,0.0,Departmental_road,Bidirectional,Unknown,Unknown,Curve_right,Wet,Unknown,On_road,Not_near_school,B02,Opposite_direction,Car(Quad/Passenger),Cyclist,Right_side,Straight_ahead,0,,,,,,,,,,,,Not a holiday,0
4270,201600002588,2016,3,18,Daylight,Built_up_area,Out_of_intersection,Normal,Side_two_vehicles,Manual_entry,,,False,2016-03-18,19,0,19:00,Evening,False,Spring,0.0,0.0,0.0,Departmental_road,Unknown,Unknown,Unknown,Unknown,Unknown,Unknown,Unknown,Not_near_school,A01,Same_direction,Cycle,Cyclist,Left_side,Park/Start/Stop,0,,,,,,,,,,,,Not a holiday,0
4271,201600002588,2016,3,18,Daylight,Built_up_area,Out_of_intersection,Normal,Side_two_vehicles,Manual_entry,,,False,2016-03-18,19,0,19:00,Evening,False,Spring,0.0,0.0,0.0,Departmental_road,Unknown,Unknown,Unknown,Unknown,Unknown,Unknown,Unknown,Not_near_school,B02,Same_direction,Car(Quad/Passenger),Cyclist,Front,Straight_ahead,0,,,,,,,,,,,,Not a holiday,0
4272,201600002589,2016,5,7,Twilight_or_dawn,Built_up_area,Out_of_intersection,Normal,Frontal_two_vehicles,Manual_entry,-0.50658,44.71733,True,2016-05-07,6,15,06:15,Morning,True,Spring,2.0,0.0,0.0,Departmental_road,Bidirectional,Unknown,Unknown,Curve_right,Normal,Unknown,On_road,Not_near_school,A01,Opposite_direction,Car(Quad/Passenger),Cyclist,Right_side,Avoiding_obstacle,0,,,,,,,,,,,,Not a holiday,0
4273,201600002589,2016,5,7,Twilight_or_dawn,Built_up_area,Out_of_intersection,Normal,Frontal_two_vehicles,Manual_entry,-0.50658,44.71733,True,2016-05-07,6,15,06:15,Morning,True,Spring,2.0,0.0,0.0,Departmental_road,Bidirectional,Unknown,Unknown,Curve_right,Normal,Unknown,On_road,Not_near_school,B02,Other/Unknown,Motorcycle,Cyclist,Front,Straight_ahead,0,,,,,,,,,,,,Not a holiday,0
4274,201600002590,2016,5,11,Daylight,Out_of_agglomeration,Intersection_T,Normal,Chain_three_plus,Manual_entry,-0.46604,44.69877,True,2016-05-11,9,45,09:45,Morning,False,Spring,3.0,0.0,40.0,Departmental_road,Bidirectional,Unknown,Flat,Straight,Normal,Roundabout,On_road,Not_near_school,C03,Other/Unknown,Car(Quad/Passenger),Cyclist,Rear_right,Turning,0,,,,,,,,,,,,Not a holiday,0
4275,201600002590,2016,5,11,Daylight,Out_of_agglomeration,Intersection_T,Normal,Chain_three_plus,Manual_entry,-0.46604,44.69877,True,2016-05-11,9,45,09:45,Morning,False,Spring,3.0,0.0,40.0,Departmental_road,Bidirectional,Unknown,Flat,Straight,Normal,Roundabout,On_road,Not_near_school,A01,Other/Unknown,Car(Quad/Passenger),Cyclist,Front,Turning,0,,,,,,,,,,,,Not a holiday,0
4276,201600002590,2016,5,11,Daylight,Out_of_agglomeration,Intersection_T,Normal,Chain_three_plus,Manual_entry,-0.46604,44.69877,True,2016-05-11,9,45,09:45,Morning,False,Spring,3.0,0.0,40.0,Departmental_road,Bidirectional,Unknown,Flat,Straight,Normal,Roundabout,On_road,Not_near_school,B02,Other/Unknown,Car(Quad/Passenger),Cyclist,Rear_right,Turning,0,,,,,,,,,,,,Not a holiday,0
4277,201600002591,2016,5,14,Daylight,Out_of_agglomeration,Out_of_intersection,Light_rain,Frontal_two_vehicles,Manual_entry,-0.57727,44.69336,True,2016-05-14,9,45,09:45,Morning,True,Spring,2.0,65.0,65.0,Departmental_road,Bidirectional,Unknown,Flat,Straight,Normal,Unknown,On_road,Not_near_school,A01,Opposite_direction,Car(Quad/Passenger),Cyclist,Front,Avoiding_obstacle,0,,,,,,,,,,,,Not a holiday,0
4278,201600002591,2016,5,14,Daylight,Out_of_agglomeration,Out_of_intersection,Light_rain,Frontal_two_vehicles,Manual_entry,-0.57727,44.69336,True,2016-05-14,9,45,09:45,Morning,True,Spring,2.0,65.0,65.0,Departmental_road,Bidirectional,Unknown,Flat,Straight,Normal,Unknown,On_road,Not_near_school,B02,Other/Unknown,Car(Quad/Passenger),Cyclist,Front,Straight_ahead,0,,,,,,,,,,,,Not a holiday,0
4279,201600002592,2016,5,30,Daylight,Out_of_agglomeration,Intersection_T,Light_rain,Side_two_vehicles,Manual_entry,-0.46587,44.69885,True,2016-05-30,15,0,15:00,Afternoon,False,Spring,4.0,0.0,0.0,Departmental_road,Bidirectional,Unknown,Unknown,Straight,Wet,Roundabout,On_road,Unknown,A01,Other/Unknown,Car(Quad/Passenger),Cyclist,Rear,Roundabout,0,,,,,,,,,,,,Not a holiday,0
4280,201600002592,2016,5,30,Daylight,Out_of_agglomeration,Intersection_T,Light_rain,Side_two_vehicles,Manual_entry,-0.46587,44.69885,True,2016-05-30,15,0,15:00,Afternoon,False,Spring,4.0,0.0,0.0,Departmental_road,Bidirectional,Unknown,Unknown,Straight,Wet,Roundabout,On_road,Unknown,B02,Opposite_direction,Motorcycle,Cyclist,Front,Straight_ahead,0,,,,,,,,,,,,Not a holiday,0
4281,201600002593,2016,7,13,Daylight,Built_up_area,Out_of_intersection,Normal,Other_collision,Manual_entry,,,False,2016-07-13,8,30,08:30,Morning,False,Summer,2.0,63.0,0.0,Departmental_road,Bidirectional,Unknown,Flat,Straight,Normal,Unknown,On_road,Not_near_school,A01,Opposite_direction,Utility(Truck/Agri),Pedestrian,Front_left,Straight_ahead,0,,,,,,,,,,,,Not a holiday,0
4282,201600002594,2016,8,21,Twilight_or_dawn,Built_up_area,Out_of_intersection,Normal,Frontal_two_vehicles,Manual_entry,-0.44924,44.6996,True,2016-08-21,7,15,07:15,Morning,True,Summer,2.0,0.0,74.0,Departmental_road,Bidirectional,Unknown,Flat,Curve_right,Wet,Unknown,On_road,Not_near_school,B02,Opposite_direction,Car(Quad/Passenger),Cyclist,Front,Straight_ahead,0,,,,,,,,,,,,Not a holiday,0
4283,201600002594,2016,8,21,Twilight_or_dawn,Built_up_area,Out_of_intersection,Normal,Frontal_two_vehicles,Manual_entry,-0.44924,44.6996,True,2016-08-21,7,15,07:15,Morning,True,Summer,2.0,0.0,74.0,Departmental_road,Bidirectional,Unknown,Flat,Curve_right,Wet,Unknown,On_road,Not_near_school,A01,Other/Unknown,Car(Quad/Passenger),Cyclist,Front,Avoiding_obstacle,0,,,,,,,,,,,,Not a holiday,0
4284,201600002595,2016,9,21,Daylight,Built_up_area,Out_of_intersection,Normal,Other_collision,Manual_entry,-0.52087,44.68328,True,2016-09-21,11,45,11:45,Morning,False,Autumn,0.0,0.0,73.0,Departmental_road,Bidirectional,Unknown,Flat,Straight,Normal,Unknown,On_road,Not_near_school,A01,Other/Unknown,Car(Quad/Passenger),Pedestrian,Front,Straight_ahead,0,,,,,,,,,,,,Not a holiday,0
4285,201600002596,2016,11,14,Daylight,Out_of_agglomeration,Out_of_intersection,Normal,Multiple_three_plus,Manual_entry,-0.46355,44.65166,True,2016-11-14,9,0,09:00,Morning,False,Autumn,2.0,0.0,60.0,Departmental_road,Bidirectional,Unknown,Unknown,Curve_left,Normal,Unknown,On_road,Unknown,A01,Opposite_direction,Car(Quad/Passenger),Cyclist,Front,other,0,,,,,,,,,,,,Not a holiday,0
4286,201600002596,2016,11,14,Daylight,Out_of_agglomeration,Out_of_intersection,Normal,Multiple_three_plus,Manual_entry,-0.46355,44.65166,True,2016-11-14,9,0,09:00,Morning,False,Autumn,2.0,0.0,60.0,Departmental_road,Bidirectional,Unknown,Unknown,Curve_left,Normal,Unknown,On_road,Unknown,C03,Other/Unknown,Car(Quad/Passenger),Cyclist,Front,Straight_ahead,0,,,,,,,,,,,,Not a holiday,0
4287,201600002596,2016,11,14,Daylight,Out_of_agglomeration,Out_of_intersection,Normal,Multiple_three_plus,Manual_entry,-0.46355,44.65166,True,2016-11-14,9,0,09:00,Morning,False,Autumn,2.0,0.0,60.0,Departmental_road,Bidirectional,Unknown,Unknown,Curve_left,Normal,Unknown,On_road,Unknown,B02,Opposite_direction,Bus/Coach,Cyclist,Rear_right,Straight_ahead,0,,,,,,,,,,,,Not a holiday,0
4288,201600002597,2016,11,17,Twilight_or_dawn,Out_of_agglomeration,Other,Normal,Side_two_vehicles,Manual_entry,-0.4957,44.69399,True,2016-11-17,7,15,07:15,Morning,False,Autumn,4.0,,,Highway,Separated_carriageways,Unknown,Unknown,Unknown,Unknown,Interchange,Unknown,Unknown,A01,Other/Unknown,Car(Quad/Passenger),Cyclist,Front,Roundabout,0,,,,,,,,,,,,Not a holiday,0
4289,201600002597,2016,11,17,Twilight_or_dawn,Out_of_agglomeration,Other,Normal,Side_two_vehicles,Manual_entry,-0.4957,44.69399,True,2016-11-17,7,15,07:15,Morning,False,Autumn,4.0,,,Highway,Separated_carriageways,Unknown,Unknown,Unknown,Unknown,Interchange,Unknown,Unknown,B02,Opposite_direction,Motorcycle,Cyclist,Right_side,Straight_ahead,0,,,,,,,,,,,,Not a holiday,0
4290,201600002598,2016,2,14,Night_without_public_lighting,Out_of_agglomeration,Out_of_intersection,Normal,Other_collision,Manual_entry,-0.29255,44.77132,True,2016-02-14,22,30,22:30,Night,True,Winter,0.0,0.0,17.0,other,Unknown,Unknown,Flat,Straight,Wet,Unknown,On_bike_path,Unknown,A01,Opposite_direction,Motorcycle,None,Front,Straight_ahead,0,,,,,,,,,,,,Not a holiday,0
4291,201600002599,2016,5,5,Daylight,Out_of_agglomeration,Intersection_X,Normal,Side_two_vehicles,Manual_entry,-0.32906,44.80439,True,2016-05-05,10,45,10:45,Morning,False,Spring,2.0,0.0,60.0,Departmental_road,Bidirectional,Unknown,Hilltop,Curve_left,Normal,Unknown,On_road,Not_near_school,B02,Other/Unknown,Motorcycle,None,Front_left,Interaction,0,,,,,,,,,,,,Ascension Thursday,1
4292,201600002599,2016,5,5,Daylight,Out_of_agglomeration,Intersection_X,Normal,Side_two_vehicles,Manual_entry,-0.32906,44.80439,True,2016-05-05,10,45,10:45,Morning,False,Spring,2.0,0.0,60.0,Departmental_road,Bidirectional,Unknown,Hilltop,Curve_left,Normal,Unknown,On_road,Not_near_school,A01,Other/Unknown,Motorcycle,None,Left_side,other,0,,,,,,,,,,,,Ascension Thursday,1
4293,201600002600,2016,5,10,Twilight_or_dawn,Out_of_agglomeration,Out_of_intersection,Normal,Other_collision,Manual_entry,-0.38172,44.83053,True,2016-05-10,7,30,07:30,Morning,False,Spring,2.0,70.0,0.0,Departmental_road,Bidirectional,Unknown,Slope,Straight,Normal,Unknown,On_road,Not_near_school,A01,Opposite_direction,Personal mobility,Pedestrian,Right_side,Straight_ahead,4,,,,,,,,,,,,Not a holiday,0
4294,201600002601,2016,7,15,Daylight,Out_of_agglomeration,Intersection_T,Normal,Rear_end_two_vehicles,Manual_entry,-0.29781,44.77667,True,2016-07-15,14,15,14:15,Afternoon,False,Summer,2.0,0.0,58.0,Departmental_road,Bidirectional,Unknown,Hilltop,Straight,Normal,Unknown,On_road,Unknown,A01,Other/Unknown,Motorcycle,Cyclist,Front,Straight_ahead,0,,,,,,,,,,,,Not a holiday,0
4295,201600002601,2016,7,15,Daylight,Out_of_agglomeration,Intersection_T,Normal,Rear_end_two_vehicles,Manual_entry,-0.29781,44.77667,True,2016-07-15,14,15,14:15,Afternoon,False,Summer,2.0,0.0,58.0,Departmental_road,Bidirectional,Unknown,Hilltop,Straight,Normal,Unknown,On_road,Unknown,B02,Other/Unknown,Car(Quad/Passenger),Cyclist,Rear,Roundabout,0,,,,,,,,,,,,Not a holiday,0
4296,201600002602,2016,7,23,Daylight,Out_of_agglomeration,Out_of_intersection,Normal,Side_two_vehicles,Manual_entry,-0.28396,44.76576,True,2016-07-23,16,45,16:45,Afternoon,True,Summer,2.0,0.0,60.0,Communal_way,Bidirectional,Unknown,Flat,Straight,Normal,Unknown,On_road,Not_near_school,B02,Same_direction,Motorcycle,Cyclist,Front,Straight_ahead,0,,,,,,,,,,,,Not a holiday,0
4297,201600002602,2016,7,23,Daylight,Out_of_agglomeration,Out_of_intersection,Normal,Side_two_vehicles,Manual_entry,-0.28396,44.76576,True,2016-07-23,16,45,16:45,Afternoon,True,Summer,2.0,0.0,60.0,Communal_way,Bidirectional,Unknown,Flat,Straight,Normal,Unknown,On_road,Not_near_school,A01,Same_direction,Utility(Truck/Agri),None,Front_right,Roundabout,0,,,,,,,,,,,,Not a holiday,0
4298,201600002603,2016,8,28,Daylight,Out_of_agglomeration,Out_of_intersection,Normal,Other_collision,Manual_entry,-0.44779,44.72654,True,2016-08-28,17,45,17:45,Evening,True,Summer,2.0,0.0,60.0,Departmental_road,Bidirectional,Unknown,Flat,Curve_right,Normal,Unknown,On_verge,Unknown,A01,Opposite_direction,Car(Quad/Passenger),None,Front,Avoiding_obstacle,0,,,,,,,,,,,,Not a holiday,0
4299,201600002604,2016,11,16,Night_with_public_lighting_on,Built_up_area,Intersection_T,Light_rain,Side_two_vehicles,Manual_entry,,,False,2016-11-16,7,30,07:30,Morning,False,Autumn,2.0,0.0,30.0,Departmental_road,Separated_carriageways,Unknown,Flat,Straight,Wet,Unknown,On_road,Unknown,A01,Opposite_direction,Motorcycle,Cyclist,Left_side,Straight_ahead,0,,,,,,,,,,,,Not a holiday,0
4300,201600002604,2016,11,16,Night_with_public_lighting_on,Built_up_area,Intersection_T,Light_rain,Side_two_vehicles,Manual_entry,,,False,2016-11-16,7,30,07:30,Morning,False,Autumn,2.0,0.0,30.0,Departmental_road,Separated_carriageways,Unknown,Flat,Straight,Wet,Unknown,On_road,Unknown,B02,Same_direction,Car(Quad/Passenger),Cyclist,Rear,Roundabout,0,,,,,,,,,,,,Not a holiday,0