,accident_id,year,month,day,lighting_label,urban_label,intersection_label,weather_label,collision_label,gps_label,longitude_num,latitude_num,valid_geo,date,hour,minute,time_hhmm,time_of_day,is_weekend,season,num_lanes,pedestrian_crossing_width,road_width,road_category_label,traffic_regime_label,reserved_lane_label,road_profile_label,road_layout_label,surface_condition_label,infrastructure_label,situation_label,school_zone_label,vehicle_id,traffic_direction_label,vehicle_category_label,mobile_obstacle_label,impact_point_label,manoeuvre_label,occupants_group,birth_year,sex_label,user_category_label,injury_severity_label,seat_position_label,journey_purpose_label,pedestrian_location_label,pedestrian_action_label,pedestrian_state_label,safety_equipment_type,safety_equipment_usage,holiday_name,is_holiday
4301,201600002605,2016,12,21,Daylight,Built_up_area,Out_of_intersection,Normal,Chain_three_plus,Manual_entry,,,False,2016-12-21,10,15,10:15,Morning,False,Winter,0.0,0.0,70.0,Departmental_road,Bidirectional,Unknown,Flat,Straight,Normal,Unknown,On_road,Unknown,B02,Other/Unknown,Car(Quad/Passenger),Cyclist,Rear_left,other,0,,,,,,,,,,,,Not a holiday,0
4302,201600002605,2016,12,21,Daylight,Built_up_area,Out_of_intersection,Normal,Chain_three_plus,Manual_entry,,,False,2016-12-21,10,15,10:15,Morning,False,Winter,0.0,0.0,70.0,Departmental_road,Bidirectional,Unknown,Flat,Straight,Normal,Unknown,On_road,Unknown,C03,Other/Unknown,Motorcycle,Cyclist,Front_right,other,0,,,,,,,,,,,,Not a holiday,0
4303,201600002605,2016,12,21,Daylight,Built_up_area,Out_of_intersection,Normal,Chain_three_plus,Manual_entry,,,False,2016-12-21,10,15,10:15,Morning,False,Winter,0.0,0.0,70.0,Departmental_road,Bidirectional,Unknown,Flat,Straight,Normal,Unknown,On_road,Unknown,A01,Other/Unknown,Car(Quad/Passenger),Cyclist,Rear_left,Turning,0,,,,,,,,,,,,Not a holiday,0
4304,201600002606,2016,3,4,Night_with_public_lighting_on,Built_up_area,Out_of_intersection,Light_rain,Other_collision,Manual_entry,-0.44977,44.8249,True,2016-03-04,19,15,19:15,Evening,False,Spring,2.0,0.0,0.0,Departmental_road,Bidirectional,Unknown,Flat,Straight,Wet,Unknown,On_road,Not_near_school,A01,Other/Unknown,Car(Quad/Passenger),Pedestrian,Right_side,Straight_ahead,0,,,,,,,,,,,,Not a holiday,0
4305,201600002607,2016,12,15,Night_without_public_lighting,Out_of_agglomeration,Out_of_intersection,Cloudy,Frontal_two_vehicles,Manual_entry,-0.45365,44.8566,True,2016-12-15,20,15,20:15,Evening,False,Winter,2.0,0.0,60.0,Departmental_road,Bidirectional,Unknown,Flat,S-bend,Wet,Unknown,On_road,Unknown,A01,Opposite_direction,Car(Quad/Passenger),Cyclist,Right_side,Straight_ahead,0,,,,,,,,,,,,Not a holiday,0
4306,201600002607,2016,12,15,Night_without_public_lighting,Out_of_agglomeration,Out_of_intersection,Cloudy,Frontal_two_vehicles,Manual_entry,-0.45365,44.8566,True,2016-12-15,20,15,20:15,Evening,False,Winter,2.0,0.0,60.0,Departmental_road,Bidirectional,Unknown,Flat,S-bend,Wet,Unknown,On_road,Unknown,B01,Other/Unknown,Car(Quad/Passenger),Cyclist,Right_side,Avoiding_obstacle,0,,,,,,,,,,,,Not a holiday,0
4307,201600002608,2016,2,3,Daylight,Built_up_area,Out_of_intersection,Normal,Frontal_two_vehicles,Manual_entry,-0.5483,44.7508,True,2016-02-03,13,15,13:15,Afternoon,False,Winter,2.0,0.0,0.0,Departmental_road,Bidirectional,Unknown,Flat,Straight,Normal,Unknown,On_road,Unknown,B02,Opposite_direction,Motorcycle,None,Front,Straight_ahead,0,,,,,,,,,,,,Not a holiday,0
4308,201600002608,2016,2,3,Daylight,Built_up_area,Out_of_intersection,Normal,Frontal_two_vehicles,Manual_entry,-0.5483,44.7508,True,2016-02-03,13,15,13:15,Afternoon,False,Winter,2.0,0.0,0.0,Departmental_road,Bidirectional,Unknown,Flat,Straight,Normal,Unknown,On_road,Unknown,A01,Opposite_direction,Car(Quad/Passenger),None,Rear_right,Turning,0,,,,,,,,,,,,Not a holiday,0
4309,201600002609,2016,2,2,Night_with_public_lighting_on,Built_up_area,Out_of_intersection,Light_rain,Other_collision,Manual_entry,-0.59299,44.74659,True,2016-02-02,21,30,21:30,Night,False,Winter,0.0,0.0,0.0,Departmental_road,Unknown,Unknown,Unknown,Straight,Wet,Unknown,On_road,Not_near_school,A01,Opposite_direction,Motorcycle,None,Front,Straight_ahead,0,,,,,,,,,,,,Not a holiday,0
4310,201600002610,2016,5,21,Daylight,Out_of_agglomeration,Out_of_intersection,Normal,Other_collision,Manual_entry,-0.52968,44.76297,True,2016-05-21,12,0,12:00,Afternoon,True,Spring,2.0,0.0,75.0,Departmental_road,Bidirectional,Unknown,Flat,Curve_right,Normal,Unknown,On_verge,Not_near_school,A01,Other/Unknown,Car(Quad/Passenger),None,Right_side,other,0,,,,,,,,,,,,Not a holiday,0
4311,201600002611,2016,6,23,Daylight,Out_of_agglomeration,Out_of_intersection,Normal,Side_two_vehicles,Manual_entry,-0.60078,44.6663,True,2016-06-23,13,45,13:45,Afternoon,False,Summer,2.0,0.0,0.0,Departmental_road,Bidirectional,Unknown,Flat,Straight,Normal,Unknown,On_road,Unknown,B01,Opposite_direction,Utility(Truck/Agri),Cyclist,Right_side,Roundabout,0,,,,,,,,,,,,Not a holiday,0
4312,201600002611,2016,6,23,Daylight,Out_of_agglomeration,Out_of_intersection,Normal,Side_two_vehicles,Manual_entry,-0.60078,44.6663,True,2016-06-23,13,45,13:45,Afternoon,False,Summer,2.0,0.0,0.0,Departmental_road,Bidirectional,Unknown,Flat,Straight,Normal,Unknown,On_road,Unknown,A01,Opposite_direction,Car(Quad/Passenger),Cyclist,Front,other,0,,,,,,,,,,,,Not a holiday,0
4313,201600002612,2016,8,4,Daylight,Built_up_area,Roundabout,Normal,Rear_end_two_vehicles,Manual_entry,-0.54435,44.71601,True,2016-08-04,18,0,18:00,Evening,False,Summer,2.0,,,Departmental_road,Bidirectional,Unknown,Unknown,Unknown,Unknown,Roundabout,Unknown,Unknown,B02,Opposite_direction,Cycle,Cyclist,Rear_right,Straight_ahead,0,,,,,,,,,,,,Not a holiday,0
4314,201600002612,2016,8,4,Daylight,Built_up_area,Roundabout,Normal,Rear_end_two_vehicles,Manual_entry,-0.54435,44.71601,True,2016-08-04,18,0,18:00,Evening,False,Summer,2.0,,,Departmental_road,Bidirectional,Unknown,Unknown,Unknown,Unknown,Roundabout,Unknown,Unknown,A01,Opposite_direction,Car(Quad/Passenger),Cyclist,Front_right,Park/Start/Stop,0,,,,,,,,,,,,Not a holiday,0
4315,201600002613,2016,11,29,Night_without_public_lighting,Out_of_agglomeration,Intersection_T,Normal,Frontal_two_vehicles,Manual_entry,-0.532,44.73091,True,2016-11-29,18,0,18:00,Evening,False,Autumn,0.0,0.0,0.0,Departmental_road,Unknown,Unknown,Unknown,Unknown,Unknown,Unknown,On_road,Not_near_school,B02,Other/Unknown,Motorcycle,Cyclist,Front,Straight_ahead,0,,,,,,,,,,,,Not a holiday,0
4316,201600002613,2016,11,29,Night_without_public_lighting,Out_of_agglomeration,Intersection_T,Normal,Frontal_two_vehicles,Manual_entry,-0.532,44.73091,True,2016-11-29,18,0,18:00,Evening,False,Autumn,0.0,0.0,0.0,Departmental_road,Unknown,Unknown,Unknown,Unknown,Unknown,Unknown,On_road,Not_near_school,A01,Opposite_direction,Utility(Truck/Agri),Cyclist,Front,Roundabout,0,,,,,,,,,,,,Not a holiday,0
4317,201600002614,2016,12,8,Daylight,Built_up_area,Intersection_X,Normal,Side_two_vehicles,Manual_entry,-0.5537,44.6084,True,2016-12-08,12,50,12:50,Afternoon,False,Winter,2.0,0.0,0.0,Departmental_road,Bidirectional,Unknown,Flat,Straight,Normal,Unknown,Unknown,Not_near_school,A01,Other/Unknown,Car(Quad/Passenger),Cyclist,Left_side,Loss_of_control,0,,,,,,,,,,,,Not a holiday,0
4318,201600002614,2016,12,8,Daylight,Built_up_area,Intersection_X,Normal,Side_two_vehicles,Manual_entry,-0.5537,44.6084,True,2016-12-08,12,50,12:50,Afternoon,False,Winter,2.0,0.0,0.0,Departmental_road,Bidirectional,Unknown,Flat,Straight,Normal,Unknown,Unknown,Not_near_school,B01,Opposite_direction,Motorcycle,Cyclist,Front,Straight_ahead,0,,,,,,,,,,,,Not a holiday,0
4319,201600002615,2016,12,15,Daylight,Out_of_agglomeration,Out_of_intersection,Normal,Frontal_two_vehicles,Manual_entry,-0.56009,44.74786,True,2016-12-15,15,15,15:15,Afternoon,False,Winter,2.0,0.0,0.0,Departmental_road,Bidirectional,Unknown,Flat,Curve_left,Normal,Unknown,On_road,Not_near_school,A01,Other/Unknown,Car(Quad/Passenger),Cyclist,Left_side,Avoiding_obstacle,0,,,,,,,,,,,,Not a holiday,0
4320,201600002615,2016,12,15,Daylight,Out_of_agglomeration,Out_of_intersection,Normal,Frontal_two_vehicles,Manual_entry,-0.56009,44.74786,True,2016-12-15,15,15,15:15,Afternoon,False,Winter,2.0,0.0,0.0,Departmental_road,Bidirectional,Unknown,Flat,Curve_left,Normal,Unknown,On_road,Not_near_school,B02,Opposite_direction,Car(Quad/Passenger),Cyclist,Right_side,Straight_ahead,0,,,,,,,,,,,,Not a holiday,0
4321,201600002616,2016,12,20,Daylight,Built_up_area,Out_of_intersection,Normal,Other_collision,Manual_entry,-0.59661,44.65182,True,2016-12-20,12,15,12:15,Afternoon,False,Winter,2.0,0.0,0.0,Departmental_road,Bidirectional,Unknown,Flat,Straight,Normal,Unknown,On_verge,Near_school,A01,Opposite_direction,Utility(Truck/Agri),Pedestrian,Rear_right,Turning,0,,,,,,,,,,,,Not a holiday,0
4322,201600002617,2016,1,10,Daylight,Built_up_area,Out_of_intersection,Heavy_rain,Side_two_vehicles,Manual_entry,-0.29381,44.57384,True,2016-01-10,14,45,14:45,Afternoon,True,Winter,2.0,0.0,60.0,Communal_way,Bidirectional,Unknown,Unknown,Curve_right,Wet,Unknown,On_road,Unknown,B02,Same_direction,Car(Quad/Passenger),Cyclist,Right_side,Straight_ahead,0,,,,,,,,,,,,Not a holiday,0
4323,201600002617,2016,1,10,Daylight,Built_up_area,Out_of_intersection,Heavy_rain,Side_two_vehicles,Manual_entry,-0.29381,44.57384,True,2016-01-10,14,45,14:45,Afternoon,True,Winter,2.0,0.0,60.0,Communal_way,Bidirectional,Unknown,Unknown,Curve_right,Wet,Unknown,On_road,Unknown,A01,Same_direction,Car(Quad/Passenger),Cyclist,Right_side,Straight_ahead,0,,,,,,,,,,,,Not a holiday,0
4324,201600002618,2016,1,14,Daylight,Built_up_area,Out_of_intersection,Normal,Other_collision,Manual_entry,-0.32278,44.64368,True,2016-01-14,11,0,11:00,Morning,False,Winter,2.0,0.0,72.0,Departmental_road,Bidirectional,Unknown,Unknown,Straight,Wet,Unknown,On_road,Near_school,A01,Opposite_direction,Car(Quad/Passenger),Pedestrian,Front_right,Straight_ahead,0,,,,,,,,,,,,Not a holiday,0
4325,201600002619,2016,2,2,Daylight,Built_up_area,Intersection_X,Normal,Rear_end_two_vehicles,Manual_entry,-0.4032,44.6783,True,2016-02-02,9,15,09:15,Morning,False,Winter,2.0,0.0,69.0,Departmental_road,Bidirectional,Unknown,Flat,Straight,Normal,Roundabout,On_road,Unknown,A01,Other/Unknown,Car(Quad/Passenger),None,Rear,Roundabout,0,,,,,,,,,,,,Not a holiday,0
4326,201600002619,2016,2,2,Daylight,Built_up_area,Intersection_X,Normal,Rear_end_two_vehicles,Manual_entry,-0.4032,44.6783,True,2016-02-02,9,15,09:15,Morning,False,Winter,2.0,0.0,69.0,Departmental_road,Bidirectional,Unknown,Flat,Straight,Normal,Roundabout,On_road,Unknown,B02,Other/Unknown,Cycle,None,Right_side,Straight_ahead,0,,,,,,,,,,,,Not a holiday,0
4327,201600002620,2016,4,4,Night_without_public_lighting,Out_of_agglomeration,Intersection_X,Normal,Side_two_vehicles,Manual_entry,-0.31901,44.56875,True,2016-04-04,6,15,06:15,Morning,False,Spring,0.0,0.0,61.0,Communal_way,Unknown,Unknown,Unknown,Curve_left,Normal,Unknown,On_road,Unknown,A01,Same_direction,Motorcycle,Cyclist,Left_side,Straight_ahead,0,,,,,,,,,,,,Not a holiday,0
4328,201600002620,2016,4,4,Night_without_public_lighting,Out_of_agglomeration,Intersection_X,Normal,Side_two_vehicles,Manual_entry,-0.31901,44.56875,True,2016-04-04,6,15,06:15,Morning,False,Spring,0.0,0.0,61.0,Communal_way,Unknown,Unknown,Unknown,Curve_left,Normal,Unknown,On_road,Unknown,B02,Same_direction,Utility(Truck/Agri),Cyclist,Right_side,Straight_ahead,0,,,,,,,,,,,,Not a holiday,0
4329,201600002621,2016,4,19,Night_with_public_lighting_on,Built_up_area,Out_of_intersection,Normal,Other_collision,Manual_entry,-0.31654,44.61143,True,2016-04-19,4,30,04:30,Night,False,Spring,0.0,0.0,60.0,Departmental_road,Bidirectional,Unknown,Flat,Curve_right,Normal,Unknown,Unknown,Not_near_school,A01,Other/Unknown,Car(Quad/Passenger),None,Front_left,None,0,,,,,,,,,,,,Not a holiday,0
4330,201600002622,2016,5,12,Daylight,Out_of_agglomeration,Out_of_intersection,Normal,Frontal_two_vehicles,Manual_entry,-0.36305,44.63654,True,2016-05-12,11,45,11:45,Morning,False,Spring,2.0,35.0,70.0,Departmental_road,Bidirectional,Unknown,Flat,Curve_right,Normal,Unknown,Unknown,Unknown,A01,Opposite_direction,Car(Quad/Passenger),None,Rear,other,0,,,,,,,,,,,,Not a holiday,0
4331,201600002622,2016,5,12,Daylight,Out_of_agglomeration,Out_of_intersection,Normal,Frontal_two_vehicles,Manual_entry,-0.36305,44.63654,True,2016-05-12,11,45,11:45,Morning,False,Spring,2.0,35.0,70.0,Departmental_road,Bidirectional,Unknown,Flat,Curve_right,Normal,Unknown,Unknown,Unknown,B02,Opposite_direction,other,None,Right_side,Straight_ahead,0,,,,,,,,,,,,Not a holiday,0
4332,201600002623,2016,7,29,Daylight,Out_of_agglomeration,Out_of_intersection,Normal,Other_collision,Manual_entry,-0.42147,44.61902,True,2016-07-29,19,45,19:45,Evening,False,Summer,2.0,0.0,70.0,Departmental_road,Bidirectional,Unknown,Flat,Straight,Other,Unknown,On_verge,Not_near_school,A01,Opposite_direction,Car(Quad/Passenger),None,Multiple impacts,Avoiding_obstacle,0,,,,,,,,,,,,Not a holiday,0
4333,201600002624,2016,8,21,Night_with_public_lighting_not_functioning,Built_up_area,Out_of_intersection,Normal,Other_collision,Manual_entry,-0.29766,44.58662,True,2016-08-21,5,0,05:00,Morning,True,Summer,2.0,0.0,69.0,Departmental_road,Bidirectional,Unknown,Flat,Straight,Normal,Unknown,On_sidewalk,Not_near_school,A01,Opposite_direction,Car(Quad/Passenger),None,Front,Straight_ahead,0,,,,,,,,,,,,Not a holiday,0
4334,201600002625,2016,9,11,Night_without_public_lighting,Out_of_agglomeration,Out_of_intersection,Normal,Frontal_two_vehicles,Manual_entry,-0.41289,44.70102,True,2016-09-11,0,30,00:30,Night,True,Autumn,2.0,0.0,72.0,Departmental_road,Bidirectional,Unknown,Flat,Curve_right,Normal,Unknown,On_road,Not_near_school,A01,Other/Unknown,Motorcycle,Cyclist,Front,Reversing,0,,,,,,,,,,,,Not a holiday,0
4335,201600002625,2016,9,11,Night_without_public_lighting,Out_of_agglomeration,Out_of_intersection,Normal,Frontal_two_vehicles,Manual_entry,-0.41289,44.70102,True,2016-09-11,0,30,00:30,Night,True,Autumn,2.0,0.0,72.0,Departmental_road,Bidirectional,Unknown,Flat,Curve_right,Normal,Unknown,On_road,Not_near_school,B02,Opposite_direction,Motorcycle,Cyclist,Front,Straight_ahead,0,,,,,,,,,,,,Not a holiday,0
4336,201600002626,2016,9,13,Daylight,Built_up_area,Out_of_intersection,Light_rain,Other_collision,Manual_entry,-0.49971,44.54804,True,2016-09-13,16,0,16:00,Afternoon,False,Autumn,2.0,0.0,58.0,Departmental_road,Bidirectional,Unknown,Unknown,Straight,Wet,Unknown,On_verge,Not_near_school,A01,Opposite_direction,Motorcycle,None,Front,Turning,0,,,,,,,,,,,,Not a holiday,0
4337,201600002627,2016,11,1,Daylight,Out_of_agglomeration,Out_of_intersection,Normal,No_collision,Manual_entry,-0.41245,44.68476,True,2016-11-01,14,45,14:45,Afternoon,False,Autumn,2.0,0.0,70.0,Departmental_road,Bidirectional,Unknown,Flat,Straight,Normal,Unknown,On_road,Not_near_school,A01,Other/Unknown,Motorcycle,None,No_impact,Straight_ahead,0,,,,,,,,,,,,All Saints Day,1
4338,201600002628,2016,11,16,Twilight_or_dawn,Built_up_area,Intersection_T,Normal,Side_two_vehicles,Manual_entry,-0.31388,44.60942,True,2016-11-16,16,45,16:45,Afternoon,False,Autumn,2.0,0.0,0.0,Departmental_road,Bidirectional,Unknown,Unknown,Straight,Unknown,Roundabout,On_road,Not_near_school,A01,Other/Unknown,Motorcycle,Cyclist,Front_left,Straight_ahead,0,,,,,,,,,,,,Not a holiday,0
4339,201600002628,2016,11,16,Twilight_or_dawn,Built_up_area,Intersection_T,Normal,Side_two_vehicles,Manual_entry,-0.31388,44.60942,True,2016-11-16,16,45,16:45,Afternoon,False,Autumn,2.0,0.0,0.0,Departmental_road,Bidirectional,Unknown,Unknown,Straight,Unknown,Roundabout,On_road,Not_near_school,B02,Opposite_direction,Car(Quad/Passenger),Cyclist,Front,Roundabout,0,,,,,,,,,,,,Not a holiday,0
4340,201600002629,2016,11,18,Night_without_public_lighting,Out_of_agglomeration,Intersection_Y,Light_rain,Frontal_two_vehicles,Manual_entry,-0.40407,44.70085,True,2016-11-18,23,30,23:30,Night,False,Autumn,2.0,0.0,72.0,Departmental_road,Bidirectional,Unknown,Unknown,Unknown,Wet,Unknown,On_road,Not_near_school,B02,Other/Unknown,Car(Quad/Passenger),Cyclist,Front,Avoiding_obstacle,0,,,,,,,,,,,,Not a holiday,0
4341,201600002629,2016,11,18,Night_without_public_lighting,Out_of_agglomeration,Intersection_Y,Light_rain,Frontal_two_vehicles,Manual_entry,-0.40407,44.70085,True,2016-11-18,23,30,23:30,Night,False,Autumn,2.0,0.0,72.0,Departmental_road,Bidirectional,Unknown,Unknown,Unknown,Wet,Unknown,On_road,Not_near_school,A01,Opposite_direction,Car(Quad/Passenger),Cyclist,Right_side,Straight_ahead,0,,,,,,,,,,,,Not a holiday,0
4342,201600002630,2016,12,20,Daylight,Out_of_agglomeration,Intersection_T,Normal,Side_two_vehicles,Manual_entry,-0.37223,44.61211,True,2016-12-20,16,30,16:30,Afternoon,False,Winter,2.0,0.0,0.0,Departmental_road,Bidirectional,Unknown,Flat,Straight,Normal,Roundabout,On_road,Unknown,B02,Other/Unknown,Car(Quad/Passenger),Cyclist,Front_right,Straight_ahead,0,,,,,,,,,,,,Not a holiday,0
4343,201600002630,2016,12,20,Daylight,Out_of_agglomeration,Intersection_T,Normal,Side_two_vehicles,Manual_entry,-0.37223,44.61211,True,2016-12-20,16,30,16:30,Afternoon,False,Winter,2.0,0.0,0.0,Departmental_road,Bidirectional,Unknown,Flat,Straight,Normal,Roundabout,On_road,Unknown,A01,Opposite_direction,Bus/Coach,Cyclist,Right_side,Roundabout,0,,,,,,,,,,,,Not a holiday,0
4344,201600002631,2016,1,24,Night_without_public_lighting,Out_of_agglomeration,Out_of_intersection,Fog_or_smoke,Other_collision,Manual_entry,-0.40748,44.98274,True,2016-01-24,1,30,01:30,Night,True,Winter,2.0,48.0,0.0,Communal_way,Bidirectional,Unknown,Unknown,Unknown,Unknown,Unknown,On_road,Not_near_school,A01,Same_direction,Car(Quad/Passenger),None,Right_side,Straight_ahead,0,,,,,,,,,,,,Not a holiday,0
4345,201600002632,2016,4,30,Twilight_or_dawn,Out_of_agglomeration,Out_of_intersection,Heavy_rain,Side_two_vehicles,Manual_entry,,,False,2016-04-30,20,15,20:15,Evening,True,Spring,2.0,0.0,70.0,Departmental_road,Bidirectional,Unknown,Slope,Curve_left,Wet,Unknown,On_road,Not_near_school,B02,Opposite_direction,Utility(Truck/Agri),Cyclist,Front,Straight_ahead,0,,,,,,,,,,,,Not a holiday,0
4346,201600002632,2016,4,30,Twilight_or_dawn,Out_of_agglomeration,Out_of_intersection,Heavy_rain,Side_two_vehicles,Manual_entry,,,False,2016-04-30,20,15,20:15,Evening,True,Spring,2.0,0.0,70.0,Departmental_road,Bidirectional,Unknown,Slope,Curve_left,Wet,Unknown,On_road,Not_near_school,A01,Other/Unknown,Car(Quad/Passenger),None,Front_right,Avoiding_obstacle,0,,,,,,,,,,,,Not a holiday,0
4347,201600002633,2016,5,1,Night_without_public_lighting,Out_of_agglomeration,Out_of_intersection,Normal,Rear_end_two_vehicles,Manual_entry,-0.44152,45.01205,True,2016-05-01,21,45,21:45,Night,True,Spring,2.0,0.0,0.0,National_road,Bidirectional,Unknown,Flat,Straight,Normal,Unknown,On_road,Not_near_school,A01,Opposite_direction,Motorcycle,Cyclist,Front,Turning,0,,,,,,,,,,,,Labour Day,1
4348,201600002633,2016,5,1,Night_without_public_lighting,Out_of_agglomeration,Out_of_intersection,Normal,Rear_end_two_vehicles,Manual_entry,-0.44152,45.01205,True,2016-05-01,21,45,21:45,Night,True,Spring,2.0,0.0,0.0,National_road,Bidirectional,Unknown,Flat,Straight,Normal,Unknown,On_road,Not_near_school,B02,Opposite_direction,Car(Quad/Passenger),Train,Front,Straight_ahead,0,,,,,,,,,,,,Labour Day,1
4349,201600002634,2016,6,27,Daylight,Built_up_area,Intersection_T,Normal,Frontal_two_vehicles,Manual_entry,,,False,2016-06-27,7,30,07:30,Morning,False,Summer,2.0,0.0,0.0,Departmental_road,Bidirectional,Unknown,Flat,Curve_left,Normal,Unknown,On_road,Unknown,A01,Other/Unknown,Motorcycle,Cyclist,Front,Straight_ahead,0,,,,,,,,,,,,Not a holiday,0
4350,201600002634,2016,6,27,Daylight,Built_up_area,Intersection_T,Normal,Frontal_two_vehicles,Manual_entry,,,False,2016-06-27,7,30,07:30,Morning,False,Summer,2.0,0.0,0.0,Departmental_road,Bidirectional,Unknown,Flat,Curve_left,Normal,Unknown,On_road,Unknown,B02,Opposite_direction,Car(Quad/Passenger),Cyclist,Right_side,Roundabout,0,,,,,,,,,,,,Not a holiday,0
4351,201600002635,2016,11,12,Night_without_public_lighting,Out_of_agglomeration,Out_of_intersection,Normal,Other_collision,Manual_entry,-0.44044,45.03011,True,2016-11-12,0,1,00:01,Night,True,Autumn,2.0,0.0,0.0,Departmental_road,Bidirectional,Unknown,Unknown,Straight,Unknown,Unknown,Unknown,Not_near_school,A01,Opposite_direction,Car(Quad/Passenger),None,Front,None,0,,,,,,,,,,,,Not a holiday,0
4352,201600002636,2016,1,14,Night_with_public_lighting_on,Built_up_area,Intersection_X,Normal,Side_two_vehicles,Manual_entry,-0.24705,44.54991,True,2016-01-14,19,15,19:15,Evening,False,Winter,0.0,0.0,0.0,Departmental_road,Unknown,Unknown,Unknown,Unknown,Unknown,Unknown,Unknown,Not_near_school,A01,Opposite_direction,Car(Quad/Passenger),Cyclist,Left_side,Park/Start/Stop,0,,,,,,,,,,,,Not a holiday,0
4353,201600002636,2016,1,14,Night_with_public_lighting_on,Built_up_area,Intersection_X,Normal,Side_two_vehicles,Manual_entry,-0.24705,44.54991,True,2016-01-14,19,15,19:15,Evening,False,Winter,0.0,0.0,0.0,Departmental_road,Unknown,Unknown,Unknown,Unknown,Unknown,Unknown,Unknown,Not_near_school,B02,Other/Unknown,Motorcycle,Cyclist,Front,Straight_ahead,0,,,,,,,,,,,,Not a holiday,0
4354,201600002637,2016,1,30,Night_with_public_lighting_on,Out_of_agglomeration,Intersection_X,Normal,Other_collision,Manual_entry,-0.216,44.57047,True,2016-01-30,5,30,05:30,Morning,True,Winter,3.0,,,Departmental_road,Bidirectional,Unknown,Flat,Straight,Unknown,Roundabout,Unknown,Unknown,A01,Opposite_direction,Car(Quad/Passenger),None,Front_right,Straight_ahead,0,,,,,,,,,,,,Not a holiday,0
4355,201600002638,2016,2,5,Night_without_public_lighting,Out_of_agglomeration,Out_of_intersection,Normal,No_collision,Manual_entry,-0.18,44.577,True,2016-02-05,22,15,22:15,Night,False,Winter,0.0,0.0,74.0,Departmental_road,Bidirectional,Unknown,Flat,Straight,Normal,Unknown,On_verge,Not_near_school,A01,Other/Unknown,Car(Quad/Passenger),None,Front,None,0,,,,,,,,,,,,Not a holiday,0
4356,201600002639,2016,5,15,Daylight,Out_of_agglomeration,Out_of_intersection,Normal,Other_collision,Manual_entry,-0.22744,44.53719,True,2016-05-15,7,15,07:15,Morning,True,Spring,2.0,0.0,0.0,Departmental_road,Bidirectional,Unknown,Unknown,Unknown,Unknown,Bridge,Unknown,Not_near_school,A01,Other/Unknown,Car(Quad/Passenger),None,Right_side,Straight_ahead,0,,,,,,,,,,,,Not a holiday,0
4357,201600002640,2016,5,31,Daylight,Built_up_area,Out_of_intersection,Normal,Side_two_vehicles,Manual_entry,-0.25765,44.54852,True,2016-05-31,18,30,18:30,Evening,False,Spring,4.0,0.0,0.0,Departmental_road,Separated_carriageways,Unknown,Unknown,Unknown,Unknown,Unknown,Unknown,Not_near_school,A01,Opposite_direction,Car(Quad/Passenger),Cyclist,Front,Loss_of_control,0,,,,,,,,,,,,Not a holiday,0
4358,201600002640,2016,5,31,Daylight,Built_up_area,Out_of_intersection,Normal,Side_two_vehicles,Manual_entry,-0.25765,44.54852,True,2016-05-31,18,30,18:30,Evening,False,Spring,4.0,0.0,0.0,Departmental_road,Separated_carriageways,Unknown,Unknown,Unknown,Unknown,Unknown,Unknown,Not_near_school,B02,Opposite_direction,Car(Quad/Passenger),Cyclist,Front_left,Straight_ahead,0,,,,,,,,,,,,Not a holiday,0
4359,201600002641,2016,8,30,Daylight,Out_of_agglomeration,Intersection_Y,Normal,Other_collision,Manual_entry,-0.23679,44.58991,True,2016-08-30,8,0,08:00,Morning,False,Summer,0.0,0.0,0.0,Departmental_road,Bidirectional,Unknown,Slope,Curve_right,Normal,Unknown,On_verge,Unknown,A01,Opposite_direction,Car(Quad/Passenger),None,Front_right,Turning,0,,,,,,,,,,,,Not a holiday,0
4360,201600002642,2016,9,5,Daylight,Built_up_area,Out_of_intersection,Normal,Frontal_two_vehicles,Manual_entry,-0.15053,44.5734,True,2016-09-05,12,0,12:00,Afternoon,False,Autumn,2.0,0.0,51.0,Departmental_road,Bidirectional,Unknown,Flat,Curve_left,Normal,Unknown,On_road,Not_near_school,B01,Other/Unknown,Car(Quad/Passenger),Cyclist,Front_right,Avoiding_obstacle,0,,,,,,,,,,,,Not a holiday,0
4361,201600002642,2016,9,5,Daylight,Built_up_area,Out_of_intersection,Normal,Frontal_two_vehicles,Manual_entry,-0.15053,44.5734,True,2016-09-05,12,0,12:00,Afternoon,False,Autumn,2.0,0.0,51.0,Departmental_road,Bidirectional,Unknown,Flat,Curve_left,Normal,Unknown,On_road,Not_near_school,A01,Opposite_direction,Utility(Truck/Agri),None,Front_right,Straight_ahead,0,,,,,,,,,,,,Not a holiday,0
4362,201600002643,2016,9,28,Daylight,Built_up_area,Intersection_T,Normal,Side_two_vehicles,Manual_entry,-0.24369,44.54663,True,2016-09-28,9,0,09:00,Morning,False,Autumn,2.0,0.0,0.0,National_road,Bidirectional,Unknown,Slope,Straight,Normal,Unknown,On_road,Unknown,B02,Opposite_direction,Car(Quad/Passenger),None,Front_right,Roundabout,0,,,,,,,,,,,,Not a holiday,0