,accident_id,year,month,day,lighting_label,urban_label,intersection_label,weather_label,collision_label,gps_label,longitude_num,latitude_num,valid_geo,date,hour,minute,time_hhmm,time_of_day,is_weekend,season,num_lanes,pedestrian_crossing_width,road_width,road_category_label,traffic_regime_label,reserved_lane_label,road_profile_label,road_layout_label,surface_condition_label,infrastructure_label,situation_label,school_zone_label,vehicle_id,traffic_direction_label,vehicle_category_label,mobile_obstacle_label,impact_point_label,manoeuvre_label,occupants_group,birth_year,sex_label,user_category_label,injury_severity_label,seat_position_label,journey_purpose_label,pedestrian_location_label,pedestrian_action_label,pedestrian_state_label,safety_equipment_type,safety_equipment_usage,holiday_name,is_holiday
4363,201600002643,2016,9,28,Daylight,Built_up_area,Intersection_T,Normal,Side_two_vehicles,Manual_entry,-0.24369,44.54663,True,2016-09-28,9,0,09:00,Morning,False,Autumn,2.0,0.0,0.0,National_road,Bidirectional,Unknown,Slope,Straight,Normal,Unknown,On_road,Unknown,A01,Other/Unknown,Car(Quad/Passenger),None,Right_side,Straight_ahead,0,,,,,,,,,,,,Not a holiday,0
4364,201600002644,2016,10,11,Twilight_or_dawn,Out_of_agglomeration,Out_of_intersection,Normal,Other_collision,Manual_entry,-0.25099,44.55873,True,2016-10-11,17,30,17:30,Evening,False,Autumn,2.0,0.0,0.0,Departmental_road,Bidirectional,Cycle_bank,Hilltop,Straight,Normal,Bridge,On_road,Unknown,A01,Other/Unknown,Cycle,None,Front,Straight_ahead,0,,,,,,,,,,,,Not a holiday,0
4365,201600002645,2016,10,23,Daylight,Built_up_area,Out_of_intersection,Normal,Multiple_three_plus,Manual_entry,-0.26483,44.55942,True,2016-10-23,18,0,18:00,Evening,True,Autumn,2.0,0.0,0.0,Departmental_road,Bidirectional,Unknown,Unknown,Straight,Normal,Unknown,Unknown,Not_near_school,A01,Opposite_direction,Motorcycle,Cyclist,Front,Straight_ahead,0,,,,,,,,,,,,Not a holiday,0
4366,201600002645,2016,10,23,Daylight,Built_up_area,Out_of_intersection,Normal,Multiple_three_plus,Manual_entry,-0.26483,44.55942,True,2016-10-23,18,0,18:00,Evening,True,Autumn,2.0,0.0,0.0,Departmental_road,Bidirectional,Unknown,Unknown,Straight,Normal,Unknown,Unknown,Not_near_school,B02,Opposite_direction,Motorcycle,Cyclist,Front,Straight_ahead,0,,,,,,,,,,,,Not a holiday,0
4367,201600002645,2016,10,23,Daylight,Built_up_area,Out_of_intersection,Normal,Multiple_three_plus,Manual_entry,-0.26483,44.55942,True,2016-10-23,18,0,18:00,Evening,True,Autumn,2.0,0.0,0.0,Departmental_road,Bidirectional,Unknown,Unknown,Straight,Normal,Unknown,Unknown,Not_near_school,C03,Other/Unknown,Motorcycle,Cyclist,Front,Avoiding_obstacle,0,,,,,,,,,,,,Not a holiday,0
4368,201600002646,2016,11,10,Night_without_public_lighting,Out_of_agglomeration,Out_of_intersection,Light_rain,Frontal_two_vehicles,Manual_entry,-0.224,44.55,True,2016-11-10,18,15,18:15,Evening,False,Autumn,0.0,0.0,0.0,Departmental_road,Unknown,Unknown,Unknown,Curve_left,Unknown,Unknown,Unknown,Not_near_school,A01,Same_direction,Car(Quad/Passenger),Cyclist,Front,Avoiding_obstacle,0,,,,,,,,,,,,Not a holiday,0
4369,201600002646,2016,11,10,Night_without_public_lighting,Out_of_agglomeration,Out_of_intersection,Light_rain,Frontal_two_vehicles,Manual_entry,-0.224,44.55,True,2016-11-10,18,15,18:15,Evening,False,Autumn,0.0,0.0,0.0,Departmental_road,Unknown,Unknown,Unknown,Curve_left,Unknown,Unknown,Unknown,Not_near_school,B02,Same_direction,Car(Quad/Passenger),Cyclist,Right_side,Straight_ahead,0,,,,,,,,,,,,Not a holiday,0
4370,201600002647,2016,3,27,Daylight,Out_of_agglomeration,Out_of_intersection,Dazzling,Frontal_two_vehicles,Manual_entry,,,False,2016-03-27,18,0,18:00,Evening,True,Spring,1.0,0.0,0.0,Departmental_road,Bidirectional,Unknown,Unknown,Straight,Normal,Roundabout,On_road,Not_near_school,B02,Same_direction,Car(Quad/Passenger),Cyclist,Front,Straight_ahead,0,,,,,,,,,,,,Not a holiday,0
4371,201600002647,2016,3,27,Daylight,Out_of_agglomeration,Out_of_intersection,Dazzling,Frontal_two_vehicles,Manual_entry,,,False,2016-03-27,18,0,18:00,Evening,True,Spring,1.0,0.0,0.0,Departmental_road,Bidirectional,Unknown,Unknown,Straight,Normal,Roundabout,On_road,Not_near_school,A01,Same_direction,Car(Quad/Passenger),Cyclist,Front,Avoiding_obstacle,0,,,,,,,,,,,,Not a holiday,0
4372,201600002648,2016,8,10,Night_without_public_lighting,Out_of_agglomeration,Out_of_intersection,Normal,Other_collision,Manual_entry,0.10865,44.60469,True,2016-08-10,5,0,05:00,Morning,False,Summer,2.0,0.0,53.0,Departmental_road,Bidirectional,Unknown,Slope,S-bend,Normal,Unknown,On_verge,Unknown,A01,Other/Unknown,Car(Quad/Passenger),None,Right_side,Straight_ahead,0,,,,,,,,,,,,Not a holiday,0
4373,201600002649,2016,1,5,Night_with_public_lighting_on,Built_up_area,Out_of_intersection,Heavy_rain,Other_collision,Manual_entry,-0.04028,44.5837,True,2016-01-05,18,0,18:00,Evening,False,Winter,2.0,0.0,0.0,Departmental_road,Bidirectional,Unknown,Flat,Straight,Wet,Unknown,On_road,Unknown,A01,Opposite_direction,Car(Quad/Passenger),Pedestrian,Front_left,Straight_ahead,0,,,,,,,,,,,,Not a holiday,0
4374,201600002650,2016,1,15,Night_with_public_lighting_on,Built_up_area,Out_of_intersection,Normal,Frontal_two_vehicles,Manual_entry,-0.0907,44.58405,True,2016-01-15,18,0,18:00,Evening,False,Winter,0.0,0.0,59.0,Departmental_road,Bidirectional,Unknown,Flat,Straight,Normal,Unknown,On_road,Unknown,A01,Other/Unknown,Car(Quad/Passenger),Cyclist,Right_side,Roundabout,0,,,,,,,,,,,,Not a holiday,0
4375,201600002650,2016,1,15,Night_with_public_lighting_on,Built_up_area,Out_of_intersection,Normal,Frontal_two_vehicles,Manual_entry,-0.0907,44.58405,True,2016-01-15,18,0,18:00,Evening,False,Winter,0.0,0.0,59.0,Departmental_road,Bidirectional,Unknown,Flat,Straight,Normal,Unknown,On_road,Unknown,B02,Opposite_direction,Motorcycle,Cyclist,Front,Straight_ahead,0,,,,,,,,,,,,Not a holiday,0
4376,201600002651,2016,1,18,Daylight,Out_of_agglomeration,Intersection_T,Heavy_rain,Frontal_two_vehicles,Manual_entry,-0.0194,44.59473,True,2016-01-18,10,0,10:00,Morning,False,Winter,0.0,0.0,0.0,Departmental_road,Bidirectional,Unknown,Flat,Curve_right,Wet,Unknown,On_road,Unknown,A01,Opposite_direction,Car(Quad/Passenger),Cyclist,Front,Avoiding_obstacle,0,,,,,,,,,,,,Not a holiday,0
4377,201600002651,2016,1,18,Daylight,Out_of_agglomeration,Intersection_T,Heavy_rain,Frontal_two_vehicles,Manual_entry,-0.0194,44.59473,True,2016-01-18,10,0,10:00,Morning,False,Winter,0.0,0.0,0.0,Departmental_road,Bidirectional,Unknown,Flat,Curve_right,Wet,Unknown,On_road,Unknown,B02,Other/Unknown,Car(Quad/Passenger),Cyclist,Front,Straight_ahead,0,,,,,,,,,,,,Not a holiday,0
4378,201600002652,2016,4,3,Twilight_or_dawn,Out_of_agglomeration,Out_of_intersection,Light_rain,Other_collision,Manual_entry,,,False,2016-04-03,19,0,19:00,Evening,True,Spring,2.0,0.0,0.0,Departmental_road,Unknown,Unknown,Hilltop,Straight,Wet,Unknown,Unknown,Not_near_school,A01,Same_direction,Car(Quad/Passenger),None,Front_right,Straight_ahead,0,,,,,,,,,,,,Not a holiday,0
4379,201600002653,2016,4,29,Daylight,Out_of_agglomeration,Out_of_intersection,Normal,Frontal_two_vehicles,Manual_entry,-0.04726,44.59643,True,2016-04-29,19,30,19:30,Evening,False,Spring,2.0,0.0,0.0,Departmental_road,Bidirectional,Unknown,Hilltop,Curve_right,Normal,Unknown,On_road,Not_near_school,A01,Opposite_direction,Car(Quad/Passenger),Cyclist,Front,Avoiding_obstacle,0,,,,,,,,,,,,Not a holiday,0
4380,201600002653,2016,4,29,Daylight,Out_of_agglomeration,Out_of_intersection,Normal,Frontal_two_vehicles,Manual_entry,-0.04726,44.59643,True,2016-04-29,19,30,19:30,Evening,False,Spring,2.0,0.0,0.0,Departmental_road,Bidirectional,Unknown,Hilltop,Curve_right,Normal,Unknown,On_road,Not_near_school,B02,Other/Unknown,Car(Quad/Passenger),Cyclist,Front,Straight_ahead,0,,,,,,,,,,,,Not a holiday,0
4381,201600002654,2016,6,8,Daylight,Out_of_agglomeration,Out_of_intersection,Normal,Frontal_two_vehicles,Manual_entry,-0.16096,44.55392,True,2016-06-08,19,45,19:45,Evening,False,Summer,2.0,0.0,65.0,Departmental_road,Bidirectional,Unknown,Flat,Straight,Normal,Unknown,On_verge,Not_near_school,B02,Opposite_direction,Car(Quad/Passenger),Cyclist,Front,Straight_ahead,0,,,,,,,,,,,,Not a holiday,0
4382,201600002654,2016,6,8,Daylight,Out_of_agglomeration,Out_of_intersection,Normal,Frontal_two_vehicles,Manual_entry,-0.16096,44.55392,True,2016-06-08,19,45,19:45,Evening,False,Summer,2.0,0.0,65.0,Departmental_road,Bidirectional,Unknown,Flat,Straight,Normal,Unknown,On_verge,Not_near_school,A01,Other/Unknown,Car(Quad/Passenger),Cyclist,Front,Avoiding_obstacle,0,,,,,,,,,,,,Not a holiday,0
4383,201600002655,2016,6,29,Night_without_public_lighting,Out_of_agglomeration,Out_of_intersection,Normal,Other_collision,Manual_entry,,,False,2016-06-29,22,15,22:15,Night,False,Summer,0.0,25.0,50.0,Departmental_road,Bidirectional,Unknown,Flat,Straight,Normal,Unknown,On_verge,Not_near_school,A01,Opposite_direction,Car(Quad/Passenger),None,Front_right,Straight_ahead,0,,,,,,,,,,,,Not a holiday,0
4384,201600002656,2016,8,20,Daylight,Out_of_agglomeration,Intersection_T,Normal,Side_two_vehicles,Manual_entry,-0.06235,44.64262,True,2016-08-20,16,45,16:45,Afternoon,True,Summer,2.0,0.0,77.0,Departmental_road,Bidirectional,Unknown,Flat,Straight,Normal,Unknown,On_road,Unknown,B02,Other/Unknown,Motorcycle,None,Front_left,Roundabout,0,,,,,,,,,,,,Not a holiday,0
4385,201600002656,2016,8,20,Daylight,Out_of_agglomeration,Intersection_T,Normal,Side_two_vehicles,Manual_entry,-0.06235,44.64262,True,2016-08-20,16,45,16:45,Afternoon,True,Summer,2.0,0.0,77.0,Departmental_road,Bidirectional,Unknown,Flat,Straight,Normal,Unknown,On_road,Unknown,A01,Other/Unknown,Car(Quad/Passenger),None,Front,other,0,,,,,,,,,,,,Not a holiday,0
4386,201600002657,2016,8,24,Daylight,Built_up_area,Intersection_T,Normal,Other_collision,Manual_entry,-0.04474,44.58239,True,2016-08-24,18,0,18:00,Evening,False,Summer,2.0,0.0,73.0,Departmental_road,Bidirectional,Unknown,Unknown,Straight,Normal,Unknown,On_verge,Unknown,A01,Other/Unknown,Car(Quad/Passenger),None,Front,Straight_ahead,0,,,,,,,,,,,,Not a holiday,0
4387,201600002658,2016,10,4,Daylight,Out_of_agglomeration,Out_of_intersection,Normal,No_collision,Manual_entry,-0.0414,44.60414,True,2016-10-04,17,0,17:00,Evening,False,Autumn,2.0,0.0,60.0,Departmental_road,Bidirectional,Unknown,Flat,Curve_right,Normal,Unknown,On_verge,Not_near_school,A01,Opposite_direction,Car(Quad/Passenger),None,No_impact,Straight_ahead,0,,,,,,,,,,,,Not a holiday,0
4388,201600002659,2016,11,4,Twilight_or_dawn,Out_of_agglomeration,Intersection_T,Normal,Side_two_vehicles,Manual_entry,-0.03464,44.55011,True,2016-11-04,17,15,17:15,Evening,False,Autumn,2.0,0.0,113.0,Departmental_road,Bidirectional,Unknown,Flat,Straight,Normal,Roundabout,On_road,Not_near_school,A01,Other/Unknown,Car(Quad/Passenger),Cyclist,Front_left,Straight_ahead,0,,,,,,,,,,,,Not a holiday,0
4389,201600002659,2016,11,4,Twilight_or_dawn,Out_of_agglomeration,Intersection_T,Normal,Side_two_vehicles,Manual_entry,-0.03464,44.55011,True,2016-11-04,17,15,17:15,Evening,False,Autumn,2.0,0.0,113.0,Departmental_road,Bidirectional,Unknown,Flat,Straight,Normal,Roundabout,On_road,Not_near_school,B02,Other/Unknown,Car(Quad/Passenger),Cyclist,Front,Loss_of_control,0,,,,,,,,,,,,Not a holiday,0
4390,201600002660,2016,12,7,Daylight,Out_of_agglomeration,Out_of_intersection,Normal,No_collision,Manual_entry,-0.13766,44.50429,True,2016-12-07,19,15,19:15,Evening,False,Winter,2.0,0.0,54.0,Departmental_road,Bidirectional,Unknown,Flat,Straight,Normal,Unknown,On_verge,Unknown,A01,Other/Unknown,Car(Quad/Passenger),None,Multiple impacts,Straight_ahead,0,,,,,,,,,,,,Not a holiday,0
4391,201600002661,2016,12,8,Daylight,Out_of_agglomeration,Intersection_X,Normal,Chain_three_plus,Manual_entry,-0.05938,44.62952,True,2016-12-08,13,45,13:45,Afternoon,False,Winter,2.0,0.0,60.0,Departmental_road,Bidirectional,Unknown,Unknown,Straight,Normal,Unknown,On_road,Not_near_school,C03,Other/Unknown,Utility(Truck/Agri),Cyclist,Rear_right,Roundabout,0,,,,,,,,,,,,Not a holiday,0
4392,201600002661,2016,12,8,Daylight,Out_of_agglomeration,Intersection_X,Normal,Chain_three_plus,Manual_entry,-0.05938,44.62952,True,2016-12-08,13,45,13:45,Afternoon,False,Winter,2.0,0.0,60.0,Departmental_road,Bidirectional,Unknown,Unknown,Straight,Normal,Unknown,On_road,Not_near_school,A01,Other/Unknown,Utility(Truck/Agri),Cyclist,Front,Turning,0,,,,,,,,,,,,Not a holiday,0
4393,201600002661,2016,12,8,Daylight,Out_of_agglomeration,Intersection_X,Normal,Chain_three_plus,Manual_entry,-0.05938,44.62952,True,2016-12-08,13,45,13:45,Afternoon,False,Winter,2.0,0.0,60.0,Departmental_road,Bidirectional,Unknown,Unknown,Straight,Normal,Unknown,On_road,Not_near_school,B02,Other/Unknown,Car(Quad/Passenger),Cyclist,Rear_right,Straight_ahead,0,,,,,,,,,,,,Not a holiday,0
4394,201600002662,2016,12,14,Night_without_public_lighting,Out_of_agglomeration,Out_of_intersection,Normal,Rear_end_two_vehicles,Manual_entry,,,False,2016-12-14,19,15,19:15,Evening,False,Winter,0.0,0.0,70.0,Departmental_road,Bidirectional,Unknown,Unknown,Curve_left,Wet,Unknown,On_road,Unknown,B02,Opposite_direction,Car(Quad/Passenger),Cyclist,No_impact,Straight_ahead,0,,,,,,,,,,,,Not a holiday,0
4395,201600002662,2016,12,14,Night_without_public_lighting,Out_of_agglomeration,Out_of_intersection,Normal,Rear_end_two_vehicles,Manual_entry,,,False,2016-12-14,19,15,19:15,Evening,False,Winter,0.0,0.0,70.0,Departmental_road,Bidirectional,Unknown,Unknown,Curve_left,Wet,Unknown,On_road,Unknown,A01,Opposite_direction,Car(Quad/Passenger),Cyclist,Multiple impacts,Straight_ahead,0,,,,,,,,,,,,Not a holiday,0
4396,201600002663,2016,12,26,Night_without_public_lighting,Out_of_agglomeration,Out_of_intersection,Light_rain,Other_collision,Manual_entry,-0.00866,44.63024,True,2016-12-26,18,45,18:45,Evening,False,Winter,2.0,0.0,50.0,Departmental_road,Bidirectional,Unknown,Unknown,Curve_left,Wet,Unknown,On_verge,Unknown,A01,Other/Unknown,Car(Quad/Passenger),None,Front_right,Straight_ahead,0,,,,,,,,,,,,Not a holiday,0
4397,201600002664,2016,7,12,Daylight,Built_up_area,Out_of_intersection,Normal,No_collision,Manual_entry,,,False,2016-07-12,11,15,11:15,Morning,False,Summer,2.0,5.0,35.0,Departmental_road,Separated_carriageways,Unknown,Flat,Straight,Normal,Unknown,On_verge,Not_near_school,A01,Other/Unknown,Car(Quad/Passenger),None,Front,Straight_ahead,0,,,,,,,,,,,,Not a holiday,0
4398,201600002665,2016,9,17,Daylight,Out_of_agglomeration,Out_of_intersection,Normal,Other_collision,Manual_entry,-0.44789,44.48653,True,2016-09-17,11,0,11:00,Morning,True,Autumn,2.0,0.0,0.0,Departmental_road,Bidirectional,Unknown,Slope,Curve_left,Normal,Bridge,On_verge,Unknown,A01,Opposite_direction,Car(Quad/Passenger),None,Front,Straight_ahead,0,,,,,,,,,,,,Not a holiday,0
4399,201600002666,2016,2,12,Daylight,Built_up_area,Intersection_X,Cloudy,Frontal_two_vehicles,Manual_entry,,,False,2016-02-12,18,0,18:00,Evening,False,Winter,0.0,0.0,52.0,Departmental_road,Bidirectional,Unknown,Unknown,Straight,Normal,Unknown,Unknown,Unknown,A01,Opposite_direction,Car(Quad/Passenger),Cyclist,Left_side,Straight_ahead,0,,,,,,,,,,,,Not a holiday,0
4400,201600002666,2016,2,12,Daylight,Built_up_area,Intersection_X,Cloudy,Frontal_two_vehicles,Manual_entry,,,False,2016-02-12,18,0,18:00,Evening,False,Winter,0.0,0.0,52.0,Departmental_road,Bidirectional,Unknown,Unknown,Straight,Normal,Unknown,Unknown,Unknown,B02,Other/Unknown,Car(Quad/Passenger),Cyclist,Front,Loss_of_control,0,,,,,,,,,,,,Not a holiday,0
4401,201600002667,2016,2,13,Twilight_or_dawn,Out_of_agglomeration,Intersection_X,Normal,Side_two_vehicles,Manual_entry,-0.18723,44.7106,True,2016-02-13,18,0,18:00,Evening,True,Winter,2.0,,,Departmental_road,Bidirectional,Unknown,Flat,Straight,Wet,Unknown,Unknown,Unknown,A01,Opposite_direction,Car(Quad/Passenger),Cyclist,Right_side,Loss_of_control,0,,,,,,,,,,,,Not a holiday,0
4402,201600002667,2016,2,13,Twilight_or_dawn,Out_of_agglomeration,Intersection_X,Normal,Side_two_vehicles,Manual_entry,-0.18723,44.7106,True,2016-02-13,18,0,18:00,Evening,True,Winter,2.0,,,Departmental_road,Bidirectional,Unknown,Flat,Straight,Wet,Unknown,Unknown,Unknown,B02,Opposite_direction,Car(Quad/Passenger),Cyclist,Front,Straight_ahead,0,,,,,,,,,,,,Not a holiday,0
4403,201600002668,2016,3,8,Daylight,Built_up_area,Out_of_intersection,Normal,No_collision,Manual_entry,-0.195,44.737,True,2016-03-08,18,0,18:00,Evening,False,Spring,0.0,0.0,0.0,Departmental_road,Unknown,Unknown,Unknown,Unknown,Unknown,Unknown,Unknown,Not_near_school,A01,Same_direction,Car(Quad/Passenger),None,Right_side,Straight_ahead,0,,,,,,,,,,,,Not a holiday,0
4404,201600002669,2016,3,12,Night_without_public_lighting,Out_of_agglomeration,Out_of_intersection,Normal,Other_collision,Manual_entry,,,False,2016-03-12,19,15,19:15,Evening,True,Spring,0.0,0.0,0.0,Departmental_road,Unknown,Unknown,Unknown,Straight,Unknown,Unknown,On_road,Not_near_school,A01,Opposite_direction,Car(Quad/Passenger),Pedestrian,Front_right,Turning,0,,,,,,,,,,,,Not a holiday,0
4405,201600002670,2016,4,15,Daylight,Built_up_area,Out_of_intersection,Heavy_rain,Frontal_two_vehicles,Manual_entry,-0.08314,44.74805,True,2016-04-15,19,0,19:00,Evening,False,Spring,0.0,32.0,0.0,Communal_way,Bidirectional,Unknown,Flat,Straight,Wet,Unknown,On_road,Unknown,A01,Same_direction,Car(Quad/Passenger),Cyclist,No_impact,Straight_ahead,0,,,,,,,,,,,,Not a holiday,0
4406,201600002670,2016,4,15,Daylight,Built_up_area,Out_of_intersection,Heavy_rain,Frontal_two_vehicles,Manual_entry,-0.08314,44.74805,True,2016-04-15,19,0,19:00,Evening,False,Spring,0.0,32.0,0.0,Communal_way,Bidirectional,Unknown,Flat,Straight,Wet,Unknown,On_road,Unknown,B02,Same_direction,Car(Quad/Passenger),Cyclist,Front,Avoiding_obstacle,0,,,,,,,,,,,,Not a holiday,0
4407,201600002671,2016,8,21,Daylight,Out_of_agglomeration,Intersection_X,Normal,Frontal_two_vehicles,Manual_entry,-0.14594,44.69242,True,2016-08-21,18,30,18:30,Evening,True,Summer,2.0,43.0,0.0,Departmental_road,Bidirectional,Unknown,Flat,Straight,Normal,Unknown,On_road,Not_near_school,A01,Opposite_direction,Car(Quad/Passenger),None,Front_right,Straight_ahead,0,,,,,,,,,,,,Not a holiday,0
4408,201600002671,2016,8,21,Daylight,Out_of_agglomeration,Intersection_X,Normal,Frontal_two_vehicles,Manual_entry,-0.14594,44.69242,True,2016-08-21,18,30,18:30,Evening,True,Summer,2.0,43.0,0.0,Departmental_road,Bidirectional,Unknown,Flat,Straight,Normal,Unknown,On_road,Not_near_school,B02,Same_direction,Cycle,None,Right_side,Loss_of_control,0,,,,,,,,,,,,Not a holiday,0
4409,201600002672,2016,10,20,Daylight,Out_of_agglomeration,Out_of_intersection,Dazzling,Frontal_two_vehicles,Manual_entry,,,False,2016-10-20,10,15,10:15,Morning,False,Autumn,2.0,0.0,53.0,Departmental_road,Bidirectional,Unknown,Slope,Curve_right,Normal,Unknown,On_road,Not_near_school,B02,Opposite_direction,Car(Quad/Passenger),Cyclist,Front,Straight_ahead,0,,,,,,,,,,,,Not a holiday,0
4410,201600002672,2016,10,20,Daylight,Out_of_agglomeration,Out_of_intersection,Dazzling,Frontal_two_vehicles,Manual_entry,,,False,2016-10-20,10,15,10:15,Morning,False,Autumn,2.0,0.0,53.0,Departmental_road,Bidirectional,Unknown,Slope,Curve_right,Normal,Unknown,On_road,Not_near_school,A01,Other/Unknown,Car(Quad/Passenger),Cyclist,Front,Avoiding_obstacle,0,,,,,,,,,,,,Not a holiday,0
4411,201600002673,2016,11,11,Daylight,Out_of_agglomeration,Out_of_intersection,Normal,Other_collision,Manual_entry,-0.10844,44.68575,True,2016-11-11,10,0,10:00,Morning,False,Autumn,2.0,0.0,70.0,Departmental_road,Bidirectional,Unknown,Flat,Curve_right,Wet,Unknown,On_verge,Not_near_school,A01,Other/Unknown,Car(Quad/Passenger),None,Right_side,Straight_ahead,0,,,,,,,,,,,,Armistice Day,1
4412,201600002674,2016,12,14,Daylight,Out_of_agglomeration,Out_of_intersection,Normal,Other_collision,Manual_entry,-0.06091,44.77352,True,2016-12-14,12,15,12:15,Afternoon,False,Winter,2.0,0.0,60.0,Departmental_road,Bidirectional,Unknown,Slope,Straight,Normal,Unknown,On_verge,Unknown,A01,Opposite_direction,Car(Quad/Passenger),None,Multiple impacts,Turning,0,,,,,,,,,,,,Not a holiday,0
4413,201600002675,2016,1,2,Daylight,Built_up_area,Intersection_T,Normal,Side_two_vehicles,Manual_entry,-0.94244,45.30197,True,2016-01-02,15,30,15:30,Afternoon,True,Winter,1.0,0.0,53.0,Communal_way,One_way,Unknown,Flat,Straight,Normal,Unknown,On_road,Not_near_school,A01,Same_direction,Cycle,Cyclist,Front,Straight_ahead,0,,,,,,,,,,,,Not a holiday,0
4414,201600002675,2016,1,2,Daylight,Built_up_area,Intersection_T,Normal,Side_two_vehicles,Manual_entry,-0.94244,45.30197,True,2016-01-02,15,30,15:30,Afternoon,True,Winter,1.0,0.0,53.0,Communal_way,One_way,Unknown,Flat,Straight,Normal,Unknown,On_road,Not_near_school,B02,Same_direction,Car(Quad/Passenger),Cyclist,Right_side,None,0,,,,,,,,,,,,Not a holiday,0
4415,201600002676,2016,1,8,Twilight_or_dawn,Out_of_agglomeration,Intersection_X,Light_rain,Side_two_vehicles,Manual_entry,-1.00285,45.24865,True,2016-01-08,15,30,15:30,Afternoon,False,Winter,2.0,62.0,0.0,Departmental_road,Bidirectional,Unknown,Flat,Straight,Wet,Unknown,On_road,Not_near_school,B02,Opposite_direction,Car(Quad/Passenger),Cyclist,Front_left,Roundabout,0,,,,,,,,,,,,Not a holiday,0
4416,201600002676,2016,1,8,Twilight_or_dawn,Out_of_agglomeration,Intersection_X,Light_rain,Side_two_vehicles,Manual_entry,-1.00285,45.24865,True,2016-01-08,15,30,15:30,Afternoon,False,Winter,2.0,62.0,0.0,Departmental_road,Bidirectional,Unknown,Flat,Straight,Wet,Unknown,On_road,Not_near_school,A01,Opposite_direction,Car(Quad/Passenger),Cyclist,Front,other,0,,,,,,,,,,,,Not a holiday,0
4417,201600002677,2016,5,23,Twilight_or_dawn,Built_up_area,Out_of_intersection,Normal,Frontal_two_vehicles,Manual_entry,-0.92775,45.29388,True,2016-05-23,20,30,20:30,Evening,False,Spring,2.0,0.0,78.0,Departmental_road,Bidirectional,Unknown,Flat,Curve_right,Normal,Unknown,On_road,Unknown,B02,Same_direction,Car(Quad/Passenger),Cyclist,Front,Straight_ahead,0,,,,,,,,,,,,Not a holiday,0
4418,201600002677,2016,5,23,Twilight_or_dawn,Built_up_area,Out_of_intersection,Normal,Frontal_two_vehicles,Manual_entry,-0.92775,45.29388,True,2016-05-23,20,30,20:30,Evening,False,Spring,2.0,0.0,78.0,Departmental_road,Bidirectional,Unknown,Flat,Curve_right,Normal,Unknown,On_road,Unknown,A01,Same_direction,Motorcycle,Cyclist,Front,Avoiding_obstacle,0,,,,,,,,,,,,Not a holiday,0
4419,201600002678,2016,6,24,Daylight,Built_up_area,Intersection_T,Normal,Side_two_vehicles,Manual_entry,-0.86455,45.29108,True,2016-06-24,5,45,05:45,Morning,False,Summer,2.0,0.0,53.0,Departmental_road,Bidirectional,Unknown,Flat,Straight,Normal,Unknown,On_road,Not_near_school,A01,Other/Unknown,Car(Quad/Passenger),Cyclist,Right_side,Straight_ahead,0,,,,,,,,,,,,Not a holiday,0
4420,201600002678,2016,6,24,Daylight,Built_up_area,Intersection_T,Normal,Side_two_vehicles,Manual_entry,-0.86455,45.29108,True,2016-06-24,5,45,05:45,Morning,False,Summer,2.0,0.0,53.0,Departmental_road,Bidirectional,Unknown,Flat,Straight,Normal,Unknown,On_road,Not_near_school,B02,Same_direction,Utility(Truck/Agri),Cyclist,Right_side,Roundabout,0,,,,,,,,,,,,Not a holiday,0
4421,201600002679,2016,10,5,Daylight,Out_of_agglomeration,Intersection_Y,Normal,Frontal_two_vehicles,Manual_entry,,,False,2016-10-05,9,0,09:00,Morning,False,Autumn,2.0,0.0,62.0,Departmental_road,Bidirectional,Unknown,Unknown,Straight,Normal,Unknown,On_road,Unknown,B02,Other/Unknown,Car(Quad/Passenger),None,Front_right,Roundabout,0,,,,,,,,,,,,Not a holiday,0
4422,201600002679,2016,10,5,Daylight,Out_of_agglomeration,Intersection_Y,Normal,Frontal_two_vehicles,Manual_entry,,,False,2016-10-05,9,0,09:00,Morning,False,Autumn,2.0,0.0,62.0,Departmental_road,Bidirectional,Unknown,Unknown,Straight,Normal,Unknown,On_road,Unknown,A01,Other/Unknown,Car(Quad/Passenger),None,Front,Straight_ahead,0,,,,,,,,,,,,Not a holiday,0
4423,201600002680,2016,12,15,Daylight,Built_up_area,Intersection_X,Fog_or_smoke,Side_two_vehicles,Manual_entry,-0.88038,45.32259,True,2016-12-15,9,0,09:00,Morning,False,Winter,2.0,0.0,62.0,Communal_way,Bidirectional,Unknown,Flat,Straight,Normal,Unknown,On_road,Unknown,A01,Other/Unknown,Cycle,Cyclist,Front,Straight_ahead,0,,,,,,,,,,,,Not a holiday,0
4424,201600002680,2016,12,15,Daylight,Built_up_area,Intersection_X,Fog_or_smoke,Side_two_vehicles,Manual_entry,-0.88038,45.32259,True,2016-12-15,9,0,09:00,Morning,False,Winter,2.0,0.0,62.0,Communal_way,Bidirectional,Unknown,Flat,Straight,Normal,Unknown,On_road,Unknown,B02,Other/Unknown,Car(Quad/Passenger),Cyclist,Front_right,Straight_ahead,0,,,,,,,,,,,,Not a holiday,0
4425,201600002681,2016,1,31,Daylight,Built_up_area,Out_of_intersection,Light_rain,Other_collision,Manual_entry,-0.74581,45.03798,True,2016-01-31,12,45,12:45,Afternoon,True,Winter,2.0,0.0,0.0,Departmental_road,Unknown,Unknown,Unknown,Unknown,Wet,Unknown,Unknown,Not_near_school,A01,Other/Unknown,Car(Quad/Passenger),None,No_impact,None,0,,,,,,,,,,,,Not a holiday,0