,accident_id,year,month,day,lighting_label,urban_label,intersection_label,weather_label,collision_label,gps_label,longitude_num,latitude_num,valid_geo,date,hour,minute,time_hhmm,time_of_day,is_weekend,season,num_lanes,pedestrian_crossing_width,road_width,road_category_label,traffic_regime_label,reserved_lane_label,road_profile_label,road_layout_label,surface_condition_label,infrastructure_label,situation_label,school_zone_label,vehicle_id,traffic_direction_label,vehicle_category_label,mobile_obstacle_label,impact_point_label,manoeuvre_label,occupants_group,birth_year,sex_label,user_category_label,injury_severity_label,seat_position_label,journey_purpose_label,pedestrian_location_label,pedestrian_action_label,pedestrian_state_label,safety_equipment_type,safety_equipment_usage,holiday_name,is_holiday
4426,201600002682,2016,2,1,Twilight_or_dawn,Out_of_agglomeration,Out_of_intersection,Light_rain,Other_collision,Manual_entry,-0.82352,44.98301,True,2016-02-01,8,15,08:15,Morning,False,Winter,2.0,0.0,50.0,Departmental_road,Bidirectional,Unknown,Flat,Straight,Wet,Unknown,On_verge,Not_near_school,A01,Other/Unknown,Car(Quad/Passenger),None,Multiple impacts,other,0,,,,,,,,,,,,Not a holiday,0
4427,201600002683,2016,3,5,Twilight_or_dawn,Out_of_agglomeration,Out_of_intersection,Cloudy,Other_collision,Manual_entry,,,False,2016-03-05,19,45,19:45,Evening,True,Spring,2.0,0.0,50.0,Departmental_road,Bidirectional,Unknown,Slope,Curve_left,Normal,Unknown,On_verge,Not_near_school,A01,Other/Unknown,Car(Quad/Passenger),None,Front,Straight_ahead,0,,,,,,,,,,,,Not a holiday,0
4428,201600002684,2016,4,9,Night_without_public_lighting,Out_of_agglomeration,Roundabout,Normal,No_collision,Manual_entry,-0.77158,45.00713,True,2016-04-09,2,45,02:45,Night,True,Spring,2.0,0.0,80.0,Departmental_road,Bidirectional,Unknown,Flat,Straight,Normal,Roundabout,On_road,Not_near_school,A01,Opposite_direction,Motorcycle,None,Front,Straight_ahead,0,,,,,,,,,,,,Not a holiday,0
4429,201600002685,2016,5,15,Night_without_public_lighting,Built_up_area,Out_of_intersection,Normal,Other_collision,Manual_entry,-0.71076,45.09717,True,2016-05-15,0,1,00:01,Night,True,Spring,2.0,0.0,0.0,Departmental_road,Bidirectional,Unknown,Unknown,Curve_left,Unknown,Unknown,Unknown,Not_near_school,A01,Opposite_direction,Car(Quad/Passenger),None,Front_right,Straight_ahead,0,,,,,,,,,,,,Not a holiday,0
4430,201600002686,2016,5,17,Daylight,Out_of_agglomeration,Out_of_intersection,Normal,No_collision,Manual_entry,,,False,2016-05-17,8,30,08:30,Morning,False,Spring,2.0,0.0,57.0,Departmental_road,Bidirectional,Unknown,Flat,Straight,Normal,Unknown,On_verge,Unknown,A01,Other/Unknown,Car(Quad/Passenger),None,No_impact,Straight_ahead,0,,,,,,,,,,,,Not a holiday,0
4431,201600002687,2016,6,19,Daylight,Out_of_agglomeration,Out_of_intersection,Normal,Other_collision,Manual_entry,,,False,2016-06-19,13,0,13:00,Afternoon,True,Summer,2.0,0.0,73.0,Departmental_road,Bidirectional,Unknown,Flat,Straight,Normal,Unknown,On_road,Unknown,A01,Other/Unknown,Car(Quad/Passenger),None,Multiple impacts,Turning,0,,,,,,,,,,,,Not a holiday,0
4432,201600002688,2016,7,1,Night_without_public_lighting,Out_of_agglomeration,Out_of_intersection,Normal,Other_collision,Manual_entry,,,False,2016-07-01,4,15,04:15,Night,False,Summer,2.0,0.0,58.0,Departmental_road,Bidirectional,Unknown,Flat,Straight,Normal,Unknown,On_road,Not_near_school,A01,Other/Unknown,Car(Quad/Passenger),Pedestrian,Right_side,Straight_ahead,0,,,,,,,,,,,,Not a holiday,0
4433,201600002689,2016,7,2,Daylight,Out_of_agglomeration,Intersection_T,Normal,Frontal_two_vehicles,Manual_entry,-0.78118,45.09071,True,2016-07-02,10,30,10:30,Morning,True,Summer,2.0,,,Communal_way,Bidirectional,Unknown,Unknown,Unknown,Unknown,Unknown,Unknown,Unknown,A01,Opposite_direction,Car(Quad/Passenger),other,Right_side,other,0,,,,,,,,,,,,Not a holiday,0
4434,201600002689,2016,7,2,Daylight,Out_of_agglomeration,Intersection_T,Normal,Frontal_two_vehicles,Manual_entry,-0.78118,45.09071,True,2016-07-02,10,30,10:30,Morning,True,Summer,2.0,,,Communal_way,Bidirectional,Unknown,Unknown,Unknown,Unknown,Unknown,Unknown,Unknown,B02,Opposite_direction,Cycle,Cyclist,Rear_right,Straight_ahead,0,,,,,,,,,,,,Not a holiday,0
4435,201600002690,2016,8,12,Daylight,Out_of_agglomeration,Intersection_X,Normal,Side_two_vehicles,Manual_entry,-0.74841,45.0443,True,2016-08-12,20,0,20:00,Evening,False,Summer,2.0,0.0,44.0,Communal_way,Bidirectional,Unknown,Unknown,Straight,Normal,Unknown,On_road,Not_near_school,B02,Opposite_direction,Motorcycle,Cyclist,Rear_left,Park/Start/Stop,0,,,,,,,,,,,,Not a holiday,0
4436,201600002690,2016,8,12,Daylight,Out_of_agglomeration,Intersection_X,Normal,Side_two_vehicles,Manual_entry,-0.74841,45.0443,True,2016-08-12,20,0,20:00,Evening,False,Summer,2.0,0.0,44.0,Communal_way,Bidirectional,Unknown,Unknown,Straight,Normal,Unknown,On_road,Not_near_school,A01,Opposite_direction,Car(Quad/Passenger),Cyclist,Front,Straight_ahead,0,,,,,,,,,,,,Not a holiday,0
4437,201600002691,2016,10,28,Daylight,Out_of_agglomeration,Out_of_intersection,Fog_or_smoke,Side_two_vehicles,Manual_entry,-0.76759,45.00414,True,2016-10-28,8,15,08:15,Morning,False,Autumn,2.0,0.0,60.0,Departmental_road,Bidirectional,Unknown,Flat,Straight,Normal,Unknown,On_road,Unknown,A01,Opposite_direction,Car(Quad/Passenger),Cyclist,Front_left,Avoiding_obstacle,0,,,,,,,,,,,,Not a holiday,0
4438,201600002691,2016,10,28,Daylight,Out_of_agglomeration,Out_of_intersection,Fog_or_smoke,Side_two_vehicles,Manual_entry,-0.76759,45.00414,True,2016-10-28,8,15,08:15,Morning,False,Autumn,2.0,0.0,60.0,Departmental_road,Bidirectional,Unknown,Flat,Straight,Normal,Unknown,On_road,Unknown,B02,Other/Unknown,Car(Quad/Passenger),Cyclist,Front,Straight_ahead,0,,,,,,,,,,,,Not a holiday,0
4439,201600002692,2016,12,12,Daylight,Out_of_agglomeration,Out_of_intersection,Normal,Other_collision,Manual_entry,,,False,2016-12-12,8,45,08:45,Morning,False,Winter,2.0,0.0,62.0,Departmental_road,Bidirectional,Unknown,Unknown,S-bend,Normal,Unknown,On_road,Not_near_school,A01,Other/Unknown,Car(Quad/Passenger),None,Front,Straight_ahead,0,,,,,,,,,,,,Not a holiday,0
4440,201600002693,2016,1,22,Daylight,Out_of_agglomeration,Out_of_intersection,Heavy_rain,Other_collision,Manual_entry,-0.68401,44.98778,True,2016-01-22,11,0,11:00,Morning,False,Winter,0.0,0.0,60.0,Communal_way,Bidirectional,Unknown,Flat,Curve_right,Wet,Unknown,On_verge,Not_near_school,A01,Same_direction,Utility(Truck/Agri),None,Front,None,0,,,,,,,,,,,,Not a holiday,0
4441,201600002694,2016,4,8,Twilight_or_dawn,Out_of_agglomeration,Out_of_intersection,Normal,Other_collision,Manual_entry,-0.67905,45.02089,True,2016-04-08,20,30,20:30,Evening,False,Spring,0.0,0.0,45.0,Departmental_road,Bidirectional,Unknown,Flat,Straight,Normal,Unknown,On_verge,Not_near_school,A01,Opposite_direction,Car(Quad/Passenger),None,Front,None,0,,,,,,,,,,,,Not a holiday,0
4442,201600002695,2016,5,18,Daylight,Out_of_agglomeration,Intersection_T,Light_rain,Frontal_two_vehicles,Manual_entry,-0.5906,44.99462,True,2016-05-18,9,0,09:00,Morning,False,Spring,2.0,0.0,47.0,Departmental_road,Bidirectional,Unknown,Flat,Straight,Wet,Unknown,On_road,Not_near_school,A01,Opposite_direction,Car(Quad/Passenger),Cyclist,Right_side,Straight_ahead,0,,,,,,,,,,,,Not a holiday,0
4443,201600002695,2016,5,18,Daylight,Out_of_agglomeration,Intersection_T,Light_rain,Frontal_two_vehicles,Manual_entry,-0.5906,44.99462,True,2016-05-18,9,0,09:00,Morning,False,Spring,2.0,0.0,47.0,Departmental_road,Bidirectional,Unknown,Flat,Straight,Wet,Unknown,On_road,Not_near_school,B02,Other/Unknown,Motorcycle,Cyclist,Front,Avoiding_obstacle,0,,,,,,,,,,,,Not a holiday,0
4444,201600002696,2016,6,10,Daylight,Built_up_area,Out_of_intersection,Normal,No_collision,Manual_entry,-0.68381,45.01007,True,2016-06-10,16,0,16:00,Afternoon,False,Summer,0.0,0.0,54.0,Departmental_road,Bidirectional,Unknown,Flat,Straight,Wet,Unknown,On_verge,Unknown,A01,Other/Unknown,Car(Quad/Passenger),None,Multiple impacts,None,0,,,,,,,,,,,,Not a holiday,0
4445,201600002697,2016,10,30,Night_without_public_lighting,Built_up_area,Out_of_intersection,Normal,Other_collision,Manual_entry,-0.63917,44.97533,True,2016-10-30,18,0,18:00,Evening,True,Autumn,2.0,0.0,50.0,Departmental_road,Bidirectional,Unknown,Flat,Straight,Normal,Unknown,On_road,Unknown,A01,Other/Unknown,Car(Quad/Passenger),Pedestrian,Front_right,Straight_ahead,0,,,,,,,,,,,,Not a holiday,0
4446,201600002698,2016,12,23,Night_without_public_lighting,Out_of_agglomeration,Intersection_X,Light_rain,Side_two_vehicles,Manual_entry,-0.66809,44.96524,True,2016-12-23,19,15,19:15,Evening,False,Winter,2.0,,,Communal_way,Bidirectional,Unknown,Unknown,Straight,Wet,Unknown,Unknown,Unknown,B02,Other/Unknown,Car(Quad/Passenger),Cyclist,Left_side,Straight_ahead,0,,,,,,,,,,,,Not a holiday,0
4447,201600002698,2016,12,23,Night_without_public_lighting,Out_of_agglomeration,Intersection_X,Light_rain,Side_two_vehicles,Manual_entry,-0.66809,44.96524,True,2016-12-23,19,15,19:15,Evening,False,Winter,2.0,,,Communal_way,Bidirectional,Unknown,Unknown,Straight,Wet,Unknown,Unknown,Unknown,A01,Opposite_direction,Utility(Truck/Agri),Cyclist,Front,Loss_of_control,0,,,,,,,,,,,,Not a holiday,0
4448,201600002699,2016,7,26,Daylight,Out_of_agglomeration,Out_of_intersection,Normal,Other_collision,Manual_entry,-0.7697,45.21023,True,2016-07-26,15,15,15:15,Afternoon,False,Summer,2.0,0.0,0.0,Departmental_road,Bidirectional,Unknown,Unknown,Unknown,Unknown,Unknown,Unknown,Not_near_school,A01,Other/Unknown,Car(Quad/Passenger),None,Front,Interaction,0,,,,,,,,,,,,Not a holiday,0
4449,201600002700,2016,8,31,Daylight,Out_of_agglomeration,Intersection_T,Normal,Side_two_vehicles,Manual_entry,-0.81394,45.14325,True,2016-08-31,13,0,13:00,Afternoon,False,Summer,2.0,0.0,0.0,Communal_way,Bidirectional,Unknown,Flat,Unknown,Unknown,Unknown,Unknown,Not_near_school,A01,Same_direction,Motorcycle,Cyclist,Front,Loss_of_control,0,,,,,,,,,,,,Not a holiday,0
4450,201600002700,2016,8,31,Daylight,Out_of_agglomeration,Intersection_T,Normal,Side_two_vehicles,Manual_entry,-0.81394,45.14325,True,2016-08-31,13,0,13:00,Afternoon,False,Summer,2.0,0.0,0.0,Communal_way,Bidirectional,Unknown,Flat,Unknown,Unknown,Unknown,Unknown,Not_near_school,B02,Same_direction,Car(Quad/Passenger),Cyclist,Front_left,Straight_ahead,0,,,,,,,,,,,,Not a holiday,0
4451,201600002701,2016,10,4,Night_without_public_lighting,Out_of_agglomeration,Out_of_intersection,Normal,Rear_end_two_vehicles,Manual_entry,-0.80843,45.11576,True,2016-10-04,21,0,21:00,Night,False,Autumn,0.0,50.0,100.0,Departmental_road,Separated_carriageways,Unknown,Flat,Straight,Normal,Unknown,On_road,Not_near_school,A01,Opposite_direction,other,Cyclist,Rear_right,None,0,,,,,,,,,,,,Not a holiday,0
4452,201600002701,2016,10,4,Night_without_public_lighting,Out_of_agglomeration,Out_of_intersection,Normal,Rear_end_two_vehicles,Manual_entry,-0.80843,45.11576,True,2016-10-04,21,0,21:00,Night,False,Autumn,0.0,50.0,100.0,Departmental_road,Separated_carriageways,Unknown,Flat,Straight,Normal,Unknown,On_road,Not_near_school,B02,Opposite_direction,Car(Quad/Passenger),Cyclist,Front,Turning,0,,,,,,,,,,,,Not a holiday,0
4453,201600002702,2016,11,5,Night_without_public_lighting,Out_of_agglomeration,Out_of_intersection,Normal,Other_collision,Manual_entry,-0.86509,45.20876,True,2016-11-05,18,45,18:45,Evening,True,Autumn,2.0,0.0,76.0,Departmental_road,Bidirectional,Unknown,Flat,Straight,Normal,Unknown,On_verge,Not_near_school,A01,Other/Unknown,Car(Quad/Passenger),None,Front,Park/Start/Stop,0,,,,,,,,,,,,Not a holiday,0
4454,201600002703,2016,1,12,Twilight_or_dawn,Out_of_agglomeration,Out_of_intersection,Light_rain,Frontal_two_vehicles,Manual_entry,-0.97519,45.40063,True,2016-01-12,17,30,17:30,Evening,False,Winter,2.0,0.0,46.0,Departmental_road,Bidirectional,Unknown,Flat,Straight,Wet,Unknown,On_road,Not_near_school,A01,Other/Unknown,Car(Quad/Passenger),None,Front,Straight_ahead,0,,,,,,,,,,,,Not a holiday,0
4455,201600002703,2016,1,12,Twilight_or_dawn,Out_of_agglomeration,Out_of_intersection,Light_rain,Frontal_two_vehicles,Manual_entry,-0.97519,45.40063,True,2016-01-12,17,30,17:30,Evening,False,Winter,2.0,0.0,46.0,Departmental_road,Bidirectional,Unknown,Flat,Straight,Wet,Unknown,On_road,Not_near_school,B02,Opposite_direction,Car(Quad/Passenger),None,Right_side,None,0,,,,,,,,,,,,Not a holiday,0
4456,201600002704,2016,5,26,Daylight,Out_of_agglomeration,Out_of_intersection,Normal,No_collision,Manual_entry,-0.91656,45.37956,True,2016-05-26,17,30,17:30,Evening,False,Spring,2.0,0.0,51.0,Departmental_road,Bidirectional,Unknown,Flat,Curve_left,Normal,Unknown,On_verge,Not_near_school,A01,Opposite_direction,Car(Quad/Passenger),None,Front_right,Turning,0,,,,,,,,,,,,Not a holiday,0
4457,201600002705,2016,7,27,Night_without_public_lighting,Built_up_area,Out_of_intersection,Normal,No_collision,Manual_entry,-1.1366,45.4886,True,2016-07-27,5,45,05:45,Morning,False,Summer,2.0,0.0,40.0,Communal_way,Separated_carriageways,Unknown,Flat,Straight,Normal,Unknown,On_verge,Unknown,A01,Same_direction,Motorcycle,None,Front_left,Straight_ahead,0,,,,,,,,,,,,Not a holiday,0
4458,201600002706,2016,7,31,Daylight,Out_of_agglomeration,Intersection_X,Normal,Side_two_vehicles,Manual_entry,-1.03506,45.41531,True,2016-07-31,11,45,11:45,Morning,True,Summer,2.0,0.0,0.0,Departmental_road,Bidirectional,Unknown,Flat,Straight,Normal,Roundabout,On_road,Not_near_school,A01,Opposite_direction,Motorcycle,Cyclist,Front_left,Straight_ahead,0,,,,,,,,,,,,Not a holiday,0
4459,201600002706,2016,7,31,Daylight,Out_of_agglomeration,Intersection_X,Normal,Side_two_vehicles,Manual_entry,-1.03506,45.41531,True,2016-07-31,11,45,11:45,Morning,True,Summer,2.0,0.0,0.0,Departmental_road,Bidirectional,Unknown,Flat,Straight,Normal,Roundabout,On_road,Not_near_school,B02,Other/Unknown,Car(Quad/Passenger),Cyclist,Front_right,Loss_of_control,0,,,,,,,,,,,,Not a holiday,0
4460,201600002707,2016,8,31,Daylight,Out_of_agglomeration,Out_of_intersection,Normal,No_collision,Manual_entry,-0.99891,45.40849,True,2016-08-31,13,45,13:45,Afternoon,False,Summer,2.0,0.0,38.0,Communal_way,Bidirectional,Unknown,Flat,Curve_left,Normal,Unknown,On_verge,Not_near_school,A01,Opposite_direction,Car(Quad/Passenger),None,Front_left,Straight_ahead,0,,,,,,,,,,,,Not a holiday,0
4461,201600002708,2016,10,8,Night_with_public_lighting_on,Built_up_area,Out_of_intersection,Normal,Other_collision,Manual_entry,,,False,2016-10-08,19,45,19:45,Evening,True,Autumn,2.0,61.0,0.0,Departmental_road,Bidirectional,Unknown,Flat,Straight,Unknown,Unknown,On_road,Not_near_school,A01,Other/Unknown,Car(Quad/Passenger),Pedestrian,Front,Straight_ahead,0,,,,,,,,,,,,Not a holiday,0
4462,201600002709,2016,11,22,Daylight,Out_of_agglomeration,Intersection_X,Normal,Side_two_vehicles,Manual_entry,-1.02594,45.37899,True,2016-11-22,13,30,13:30,Afternoon,False,Autumn,2.0,0.0,0.0,Departmental_road,Bidirectional,Unknown,Unknown,Straight,Normal,Roundabout,Unknown,Not_near_school,B02,Other/Unknown,Car(Quad/Passenger),Cyclist,Right_side,Straight_ahead,0,,,,,,,,,,,,Not a holiday,0
4463,201600002709,2016,11,22,Daylight,Out_of_agglomeration,Intersection_X,Normal,Side_two_vehicles,Manual_entry,-1.02594,45.37899,True,2016-11-22,13,30,13:30,Afternoon,False,Autumn,2.0,0.0,0.0,Departmental_road,Bidirectional,Unknown,Unknown,Straight,Normal,Roundabout,Unknown,Not_near_school,A01,Opposite_direction,Car(Quad/Passenger),Cyclist,Front,Roundabout,0,,,,,,,,,,,,Not a holiday,0
4464,201600002710,2016,3,18,Daylight,Out_of_agglomeration,Out_of_intersection,Light_rain,Frontal_two_vehicles,Manual_entry,-0.30423,44.88062,True,2016-03-18,9,30,09:30,Morning,False,Spring,2.0,0.0,0.0,Departmental_road,Bidirectional,Unknown,Hilltop,Straight,Wet,Unknown,On_road,Not_near_school,A01,Opposite_direction,Utility(Truck/Agri),Cyclist,Right_side,Straight_ahead,0,,,,,,,,,,,,Not a holiday,0
4465,201600002710,2016,3,18,Daylight,Out_of_agglomeration,Out_of_intersection,Light_rain,Frontal_two_vehicles,Manual_entry,-0.30423,44.88062,True,2016-03-18,9,30,09:30,Morning,False,Spring,2.0,0.0,0.0,Departmental_road,Bidirectional,Unknown,Hilltop,Straight,Wet,Unknown,On_road,Not_near_school,B02,Other/Unknown,Car(Quad/Passenger),Cyclist,Right_side,Avoiding_obstacle,0,,,,,,,,,,,,Not a holiday,0
4466,201600002711,2016,3,29,Daylight,Built_up_area,Roundabout,Light_rain,Side_two_vehicles,Manual_entry,-0.24034,44.92992,True,2016-03-29,20,0,20:00,Evening,False,Spring,2.0,0.0,0.0,Communal_way,Bidirectional,Unknown,Flat,Curve_right,Wet,Roundabout,On_road,Unknown,B02,Same_direction,Cycle,Cyclist,Front,Park/Start/Stop,0,,,,,,,,,,,,Not a holiday,0
4467,201600002711,2016,3,29,Daylight,Built_up_area,Roundabout,Light_rain,Side_two_vehicles,Manual_entry,-0.24034,44.92992,True,2016-03-29,20,0,20:00,Evening,False,Spring,2.0,0.0,0.0,Communal_way,Bidirectional,Unknown,Flat,Curve_right,Wet,Roundabout,On_road,Unknown,A01,Same_direction,Car(Quad/Passenger),Cyclist,Right_side,Park/Start/Stop,0,,,,,,,,,,,,Not a holiday,0
4468,201600002712,2016,4,8,Daylight,Built_up_area,Intersection_X,Normal,Side_two_vehicles,Manual_entry,-0.23628,44.93543,True,2016-04-08,16,45,16:45,Afternoon,False,Spring,0.0,10.0,70.0,Departmental_road,Separated_carriageways,Unknown,Flat,Straight,Normal,Roundabout,On_road,Unknown,B02,Opposite_direction,Motorcycle,Cyclist,Front,Straight_ahead,0,,,,,,,,,,,,Not a holiday,0
4469,201600002712,2016,4,8,Daylight,Built_up_area,Intersection_X,Normal,Side_two_vehicles,Manual_entry,-0.23628,44.93543,True,2016-04-08,16,45,16:45,Afternoon,False,Spring,0.0,10.0,70.0,Departmental_road,Separated_carriageways,Unknown,Flat,Straight,Normal,Roundabout,On_road,Unknown,A01,Other/Unknown,Car(Quad/Passenger),Cyclist,Front_right,Roundabout,0,,,,,,,,,,,,Not a holiday,0
4470,201600002713,2016,4,13,Daylight,Built_up_area,Intersection_X,Normal,Side_two_vehicles,Manual_entry,-0.24645,44.91608,True,2016-04-13,14,0,14:00,Afternoon,False,Spring,1.0,,,Communal_way,One_way,Unknown,Unknown,Unknown,Unknown,Roundabout,Unknown,Unknown,A01,Same_direction,Car(Quad/Passenger),Cyclist,Front_right,Straight_ahead,0,,,,,,,,,,,,Not a holiday,0
4471,201600002713,2016,4,13,Daylight,Built_up_area,Intersection_X,Normal,Side_two_vehicles,Manual_entry,-0.24645,44.91608,True,2016-04-13,14,0,14:00,Afternoon,False,Spring,1.0,,,Communal_way,One_way,Unknown,Unknown,Unknown,Unknown,Roundabout,Unknown,Unknown,B02,Same_direction,Cycle,Cyclist,Front,Straight_ahead,0,,,,,,,,,,,,Not a holiday,0
4472,201600002714,2016,5,29,Night_without_public_lighting,Out_of_agglomeration,Out_of_intersection,Normal,Other_collision,Manual_entry,,,False,2016-05-29,1,30,01:30,Night,True,Spring,0.0,0.0,69.0,Departmental_road,Bidirectional,Unknown,Unknown,Straight,Normal,Unknown,On_verge,Unknown,A01,Opposite_direction,Car(Quad/Passenger),None,Front_right,Avoiding_obstacle,0,,,,,,,,,,,,Not a holiday,0
4473,201600002715,2016,6,13,Daylight,Built_up_area,Out_of_intersection,Normal,Rear_end_two_vehicles,Manual_entry,,,False,2016-06-13,12,30,12:30,Afternoon,False,Summer,2.0,0.0,0.0,Departmental_road,Bidirectional,Unknown,Flat,Straight,Normal,Unknown,On_road,Not_near_school,B02,Opposite_direction,Car(Quad/Passenger),Cyclist,Rear_right,Straight_ahead,0,,,,,,,,,,,,Not a holiday,0
4474,201600002715,2016,6,13,Daylight,Built_up_area,Out_of_intersection,Normal,Rear_end_two_vehicles,Manual_entry,,,False,2016-06-13,12,30,12:30,Afternoon,False,Summer,2.0,0.0,0.0,Departmental_road,Bidirectional,Unknown,Flat,Straight,Normal,Unknown,On_road,Not_near_school,A01,Opposite_direction,Car(Quad/Passenger),Cyclist,Front,Straight_ahead,0,,,,,,,,,,,,Not a holiday,0
4475,201600002716,2016,8,10,Daylight,Built_up_area,Out_of_intersection,Normal,Other_collision,Manual_entry,-0.23693,44.90948,True,2016-08-10,12,45,12:45,Afternoon,False,Summer,2.0,0.0,0.0,Departmental_road,Bidirectional,Unknown,Flat,Straight,Normal,Unknown,On_road,Unknown,A01,Opposite_direction,Car(Quad/Passenger),None,Front_right,Turning,0,,,,,,,,,,,,Not a holiday,0
4476,201600002717,2016,8,19,Daylight,Built_up_area,Intersection_T,Normal,Frontal_two_vehicles,Manual_entry,-0.3206,44.9091,True,2016-08-19,20,0,20:00,Evening,False,Summer,2.0,0.0,0.0,Departmental_road,Bidirectional,Unknown,Flat,Straight,Normal,Unknown,On_road,Not_near_school,A01,Other/Unknown,Car(Quad/Passenger),Cyclist,Front,Straight_ahead,0,,,,,,,,,,,,Not a holiday,0
4477,201600002717,2016,8,19,Daylight,Built_up_area,Intersection_T,Normal,Frontal_two_vehicles,Manual_entry,-0.3206,44.9091,True,2016-08-19,20,0,20:00,Evening,False,Summer,2.0,0.0,0.0,Departmental_road,Bidirectional,Unknown,Flat,Straight,Normal,Unknown,On_road,Not_near_school,B01,Other/Unknown,Cycle,Cyclist,Front,Roundabout,0,,,,,,,,,,,,Not a holiday,0
4478,201600002718,2016,9,9,Night_with_public_lighting_on,Built_up_area,Out_of_intersection,Normal,Side_two_vehicles,Manual_entry,-0.23403,44.94215,True,2016-09-09,4,45,04:45,Night,False,Autumn,0.0,0.0,63.0,Departmental_road,Bidirectional,Unknown,Unknown,Straight,Unknown,Unknown,On_sidewalk,Not_near_school,B02,Other/Unknown,Bus/Coach,None,Front_right,other,0,,,,,,,,,,,,Not a holiday,0
4479,201600002718,2016,9,9,Night_with_public_lighting_on,Built_up_area,Out_of_intersection,Normal,Side_two_vehicles,Manual_entry,-0.23403,44.94215,True,2016-09-09,4,45,04:45,Night,False,Autumn,0.0,0.0,63.0,Departmental_road,Bidirectional,Unknown,Unknown,Straight,Unknown,Unknown,On_sidewalk,Not_near_school,A01,Opposite_direction,Car(Quad/Passenger),None,Front_right,Straight_ahead,0,,,,,,,,,,,,Not a holiday,0
4480,201600002719,2016,10,4,Daylight,Out_of_agglomeration,Out_of_intersection,Normal,No_collision,Manual_entry,-0.30597,44.87113,True,2016-10-04,8,45,08:45,Morning,False,Autumn,2.0,0.0,60.0,Departmental_road,Bidirectional,Unknown,Flat,Straight,Normal,Unknown,On_verge,Unknown,A01,Other/Unknown,Motorcycle,None,Right_side,Avoiding_obstacle,0,,,,,,,,,,,,Not a holiday,0
4481,201600002720,2016,11,25,Night_with_public_lighting_on,Built_up_area,Intersection_X,Normal,Frontal_two_vehicles,Manual_entry,-0.22476,44.92208,True,2016-11-25,20,0,20:00,Evening,False,Autumn,5.0,,,Departmental_road,Bidirectional,Unknown,Flat,Straight,Wet,Roundabout,On_road,Unknown,B01,Other/Unknown,Motorcycle,Cyclist,Front,Straight_ahead,0,,,,,,,,,,,,Not a holiday,0
4482,201600002720,2016,11,25,Night_with_public_lighting_on,Built_up_area,Intersection_X,Normal,Frontal_two_vehicles,Manual_entry,-0.22476,44.92208,True,2016-11-25,20,0,20:00,Evening,False,Autumn,5.0,,,Departmental_road,Bidirectional,Unknown,Flat,Straight,Wet,Roundabout,On_road,Unknown,A01,Opposite_direction,Car(Quad/Passenger),Cyclist,Right_side,Roundabout,0,,,,,,,,,,,,Not a holiday,0
4483,201600002721,2016,1,18,Daylight,Out_of_agglomeration,Out_of_intersection,Light_rain,Other_collision,Manual_entry,-0.04286,44.82392,True,2016-01-18,8,45,08:45,Morning,False,Winter,2.0,0.0,75.0,Departmental_road,Bidirectional,Unknown,Unknown,Straight,Wet,Unknown,On_verge,Unknown,A01,Opposite_direction,Car(Quad/Passenger),None,Front_right,Straight_ahead,0,,,,,,,,,,,,Not a holiday,0
4484,201600002722,2016,3,7,Night_without_public_lighting,Out_of_agglomeration,Out_of_intersection,Normal,Other_collision,Manual_entry,-0.29686,44.81547,True,2016-03-07,20,15,20:15,Evening,False,Spring,2.0,48.0,0.0,Departmental_road,Bidirectional,Unknown,Slope,Straight,Normal,Unknown,On_verge,Not_near_school,A01,Opposite_direction,Car(Quad/Passenger),None,Right_side,Straight_ahead,0,,,,,,,,,,,,Not a holiday,0
4485,201600002723,2016,3,9,Daylight,Out_of_agglomeration,Out_of_intersection,Normal,Frontal_two_vehicles,Manual_entry,,,False,2016-03-09,18,0,18:00,Evening,False,Spring,2.0,0.0,91.0,Departmental_road,Bidirectional,Unknown,Slope,Curve_right,Normal,Unknown,On_road,Unknown,A01,Same_direction,Car(Quad/Passenger),Cyclist,Right_side,Straight_ahead,0,,,,,,,,,,,,Not a holiday,0
4486,201600002723,2016,3,9,Daylight,Out_of_agglomeration,Out_of_intersection,Normal,Frontal_two_vehicles,Manual_entry,,,False,2016-03-09,18,0,18:00,Evening,False,Spring,2.0,0.0,91.0,Departmental_road,Bidirectional,Unknown,Slope,Curve_right,Normal,Unknown,On_road,Unknown,B02,Same_direction,Car(Quad/Passenger),Cyclist,Right_side,Straight_ahead,0,,,,,,,,,,,,Not a holiday,0
4487,201600002724,2016,4,1,Daylight,Out_of_agglomeration,Intersection_X,Normal,Other_collision,Manual_entry,-0.11409,44.76692,True,2016-04-01,9,15,09:15,Morning,False,Spring,0.0,0.0,80.0,Departmental_road,Bidirectional,Unknown,Flat,Straight,Normal,Unknown,On_road,Unknown,A01,Other/Unknown,Bus/Coach,Cyclist,Left_side,Straight_ahead,0,,,,,,,,,,,,Not a holiday,0
4488,201600002724,2016,4,1,Daylight,Out_of_agglomeration,Intersection_X,Normal,Other_collision,Manual_entry,-0.11409,44.76692,True,2016-04-01,9,15,09:15,Morning,False,Spring,0.0,0.0,80.0,Departmental_road,Bidirectional,Unknown,Flat,Straight,Normal,Unknown,On_road,Unknown,B02,Other/Unknown,Car(Quad/Passenger),Cyclist,Front,Park/Start/Stop,0,,,,,,,,,,,,Not a holiday,0