,accident_id,year,month,day,lighting_label,urban_label,intersection_label,weather_label,collision_label,gps_label,longitude_num,latitude_num,valid_geo,date,hour,minute,time_hhmm,time_of_day,is_weekend,season,num_lanes,pedestrian_crossing_width,road_width,road_category_label,traffic_regime_label,reserved_lane_label,road_profile_label,road_layout_label,surface_condition_label,infrastructure_label,situation_label,school_zone_label,vehicle_id,traffic_direction_label,vehicle_category_label,mobile_obstacle_label,impact_point_label,manoeuvre_label,occupants_group,birth_year,sex_label,user_category_label,injury_severity_label,seat_position_label,journey_purpose_label,pedestrian_location_label,pedestrian_action_label,pedestrian_state_label,safety_equipment_type,safety_equipment_usage,holiday_name,is_holiday
4489,201600002725,2016,4,6,Daylight,Out_of_agglomeration,Intersection_X,Normal,Side_two_vehicles,Manual_entry,,,False,2016-04-06,9,30,09:30,Morning,False,Spring,2.0,0.0,76.0,Departmental_road,Bidirectional,Unknown,Flat,S-bend,Normal,Roundabout,Unknown,Not_near_school,A01,Opposite_direction,Car(Quad/Passenger),Cyclist,Front,Loss_of_control,0,,,,,,,,,,,,Not a holiday,0
4490,201600002725,2016,4,6,Daylight,Out_of_agglomeration,Intersection_X,Normal,Side_two_vehicles,Manual_entry,,,False,2016-04-06,9,30,09:30,Morning,False,Spring,2.0,0.0,76.0,Departmental_road,Bidirectional,Unknown,Flat,S-bend,Normal,Roundabout,Unknown,Not_near_school,B02,Other/Unknown,Motorcycle,Cyclist,Front,Straight_ahead,0,,,,,,,,,,,,Not a holiday,0
4491,201600002726,2016,4,6,Daylight,Built_up_area,Out_of_intersection,Normal,Frontal_two_vehicles,Manual_entry,-0.29189,44.83065,True,2016-04-06,18,15,18:15,Evening,False,Spring,2.0,0.0,47.0,Departmental_road,Bidirectional,Unknown,Flat,Curve_left,Normal,Unknown,On_road,Not_near_school,A01,Other/Unknown,Car(Quad/Passenger),Cyclist,Front,Straight_ahead,0,,,,,,,,,,,,Not a holiday,0
4492,201600002726,2016,4,6,Daylight,Built_up_area,Out_of_intersection,Normal,Frontal_two_vehicles,Manual_entry,-0.29189,44.83065,True,2016-04-06,18,15,18:15,Evening,False,Spring,2.0,0.0,47.0,Departmental_road,Bidirectional,Unknown,Flat,Curve_left,Normal,Unknown,On_road,Not_near_school,B02,Opposite_direction,Car(Quad/Passenger),Cyclist,Front,Reversing,0,,,,,,,,,,,,Not a holiday,0
4493,201600002727,2016,4,24,Daylight,Out_of_agglomeration,Intersection_T,Normal,Side_two_vehicles,Manual_entry,-0.30289,44.80138,True,2016-04-24,20,15,20:15,Evening,True,Spring,2.0,0.0,58.0,Departmental_road,Bidirectional,Unknown,Hilltop,Straight,Normal,Roundabout,On_road,Unknown,A01,Other/Unknown,Motorcycle,Cyclist,Front,Straight_ahead,0,,,,,,,,,,,,Not a holiday,0
4494,201600002727,2016,4,24,Daylight,Out_of_agglomeration,Intersection_T,Normal,Side_two_vehicles,Manual_entry,-0.30289,44.80138,True,2016-04-24,20,15,20:15,Evening,True,Spring,2.0,0.0,58.0,Departmental_road,Bidirectional,Unknown,Hilltop,Straight,Normal,Roundabout,On_road,Unknown,B02,Same_direction,Car(Quad/Passenger),Cyclist,Right_side,Loss_of_control,0,,,,,,,,,,,,Not a holiday,0
4495,201600002728,2016,5,19,Daylight,Built_up_area,Out_of_intersection,Normal,Rear_end_two_vehicles,Manual_entry,-0.21654,44.84287,True,2016-05-19,16,15,16:15,Afternoon,False,Spring,2.0,0.0,60.0,Departmental_road,Bidirectional,Unknown,Flat,Straight,Normal,Unknown,Unknown,Not_near_school,B02,Opposite_direction,Motorcycle,Cyclist,Front,Straight_ahead,0,,,,,,,,,,,,Not a holiday,0
4496,201600002728,2016,5,19,Daylight,Built_up_area,Out_of_intersection,Normal,Rear_end_two_vehicles,Manual_entry,-0.21654,44.84287,True,2016-05-19,16,15,16:15,Afternoon,False,Spring,2.0,0.0,60.0,Departmental_road,Bidirectional,Unknown,Flat,Straight,Normal,Unknown,Unknown,Not_near_school,A01,Opposite_direction,Utility(Truck/Agri),Cyclist,Rear_right,other,0,,,,,,,,,,,,Not a holiday,0
4497,201600002729,2016,7,11,Daylight,Out_of_agglomeration,Intersection_X,Normal,Side_two_vehicles,Manual_entry,-0.0532,44.83268,True,2016-07-11,18,30,18:30,Evening,False,Summer,2.0,0.0,56.0,Departmental_road,Bidirectional,Unknown,Flat,Straight,Normal,Unknown,On_road,Not_near_school,A01,Other/Unknown,Utility(Truck/Agri),Cyclist,Front,Straight_ahead,0,,,,,,,,,,,,Not a holiday,0
4498,201600002729,2016,7,11,Daylight,Out_of_agglomeration,Intersection_X,Normal,Side_two_vehicles,Manual_entry,-0.0532,44.83268,True,2016-07-11,18,30,18:30,Evening,False,Summer,2.0,0.0,56.0,Departmental_road,Bidirectional,Unknown,Flat,Straight,Normal,Unknown,On_road,Not_near_school,B02,Same_direction,Car(Quad/Passenger),Cyclist,Front_left,Loss_of_control,0,,,,,,,,,,,,Not a holiday,0
4499,201600002730,2016,8,4,Daylight,Out_of_agglomeration,Out_of_intersection,Light_rain,Side_two_vehicles,Manual_entry,-0.14639,44.81549,True,2016-08-04,17,30,17:30,Evening,False,Summer,2.0,,52.0,Departmental_road,Bidirectional,Unknown,Flat,Curve_left,Wet,Unknown,On_road,Not_near_school,A01,Opposite_direction,Car(Quad/Passenger),None,Front,None,0,,,,,,,,,,,,Not a holiday,0
4500,201600002730,2016,8,4,Daylight,Out_of_agglomeration,Out_of_intersection,Light_rain,Side_two_vehicles,Manual_entry,-0.14639,44.81549,True,2016-08-04,17,30,17:30,Evening,False,Summer,2.0,,52.0,Departmental_road,Bidirectional,Unknown,Flat,Curve_left,Wet,Unknown,On_road,Not_near_school,B01,Other/Unknown,Car(Quad/Passenger),None,Right_side,Straight_ahead,0,,,,,,,,,,,,Not a holiday,0
4501,201600002731,2016,9,3,Daylight,Out_of_agglomeration,Intersection_Y,Normal,Frontal_two_vehicles,Manual_entry,-0.20961,44.83488,True,2016-09-03,14,45,14:45,Afternoon,True,Autumn,2.0,0.0,0.0,Departmental_road,Bidirectional,Unknown,Unknown,Straight,Normal,Unknown,On_road,Not_near_school,A01,Opposite_direction,Car(Quad/Passenger),Cyclist,Front,other,0,,,,,,,,,,,,Not a holiday,0
4502,201600002731,2016,9,3,Daylight,Out_of_agglomeration,Intersection_Y,Normal,Frontal_two_vehicles,Manual_entry,-0.20961,44.83488,True,2016-09-03,14,45,14:45,Afternoon,True,Autumn,2.0,0.0,0.0,Departmental_road,Bidirectional,Unknown,Unknown,Straight,Normal,Unknown,On_road,Not_near_school,B02,Other/Unknown,Car(Quad/Passenger),None,Front,Straight_ahead,0,,,,,,,,,,,,Not a holiday,0
4503,201600002732,2016,9,28,Daylight,Out_of_agglomeration,Intersection_X,Normal,Side_two_vehicles,Manual_entry,-0.20697,44.79981,True,2016-09-28,16,30,16:30,Afternoon,False,Autumn,2.0,0.0,0.0,Departmental_road,Bidirectional,Unknown,Flat,Straight,Normal,Unknown,On_road,Unknown,B01,Other/Unknown,Car(Quad/Passenger),Cyclist,Front,Straight_ahead,0,,,,,,,,,,,,Not a holiday,0
4504,201600002732,2016,9,28,Daylight,Out_of_agglomeration,Intersection_X,Normal,Side_two_vehicles,Manual_entry,-0.20697,44.79981,True,2016-09-28,16,30,16:30,Afternoon,False,Autumn,2.0,0.0,0.0,Departmental_road,Bidirectional,Unknown,Flat,Straight,Normal,Unknown,On_road,Unknown,A01,Unknown,Car(Quad/Passenger),Cyclist,Front_left,Straight_ahead,0,,,,,,,,,,,,Not a holiday,0
4505,201600002733,2016,10,28,Daylight,Built_up_area,Out_of_intersection,Normal,Frontal_two_vehicles,Manual_entry,-0.19633,44.82734,True,2016-10-28,17,45,17:45,Evening,False,Autumn,2.0,0.0,40.0,Communal_way,Bidirectional,Unknown,Unknown,Curve_left,Normal,Unknown,On_road,Unknown,A01,Same_direction,Motorcycle,Cyclist,Front,Avoiding_obstacle,0,,,,,,,,,,,,Not a holiday,0
4506,201600002733,2016,10,28,Daylight,Built_up_area,Out_of_intersection,Normal,Frontal_two_vehicles,Manual_entry,-0.19633,44.82734,True,2016-10-28,17,45,17:45,Evening,False,Autumn,2.0,0.0,40.0,Communal_way,Bidirectional,Unknown,Unknown,Curve_left,Normal,Unknown,On_road,Unknown,B02,Same_direction,Car(Quad/Passenger),Cyclist,Right_side,Straight_ahead,0,,,,,,,,,,,,Not a holiday,0
4507,201600002734,2016,11,29,Night_without_public_lighting,Out_of_agglomeration,Out_of_intersection,Normal,Other_collision,Manual_entry,,,False,2016-11-29,19,30,19:30,Evening,False,Autumn,2.0,0.0,57.0,Departmental_road,Bidirectional,Unknown,Unknown,Straight,Normal,Unknown,On_road,Unknown,A01,Opposite_direction,Car(Quad/Passenger),Pedestrian,Front_right,Straight_ahead,0,,,,,,,,,,,,Not a holiday,0
4508,201600002735,2016,2,11,Twilight_or_dawn,Out_of_agglomeration,Out_of_intersection,Light_rain,Frontal_two_vehicles,Manual_entry,,,False,2016-02-11,7,30,07:30,Morning,False,Winter,2.0,0.0,0.0,Departmental_road,Bidirectional,Unknown,Flat,Straight,Wet,Unknown,On_road,Unknown,A01,Opposite_direction,Car(Quad/Passenger),Cyclist,Right_side,Avoiding_obstacle,0,,,,,,,,,,,,Not a holiday,0
4509,201600002735,2016,2,11,Twilight_or_dawn,Out_of_agglomeration,Out_of_intersection,Light_rain,Frontal_two_vehicles,Manual_entry,,,False,2016-02-11,7,30,07:30,Morning,False,Winter,2.0,0.0,0.0,Departmental_road,Bidirectional,Unknown,Flat,Straight,Wet,Unknown,On_road,Unknown,B02,Other/Unknown,Car(Quad/Passenger),Cyclist,Right_side,Straight_ahead,0,,,,,,,,,,,,Not a holiday,0
4510,201600002736,2016,8,8,Daylight,Built_up_area,Out_of_intersection,Dazzling,Side_two_vehicles,Manual_entry,-0.05438,44.85445,True,2016-08-08,19,45,19:45,Evening,False,Summer,0.0,0.0,85.0,Departmental_road,Bidirectional,Unknown,Unknown,Straight,Normal,Unknown,On_road,Not_near_school,B02,Other/Unknown,Motorcycle,Cyclist,Front,Straight_ahead,0,,,,,,,,,,,,Not a holiday,0
4511,201600002736,2016,8,8,Daylight,Built_up_area,Out_of_intersection,Dazzling,Side_two_vehicles,Manual_entry,-0.05438,44.85445,True,2016-08-08,19,45,19:45,Evening,False,Summer,0.0,0.0,85.0,Departmental_road,Bidirectional,Unknown,Unknown,Straight,Normal,Unknown,On_road,Not_near_school,A01,Opposite_direction,Car(Quad/Passenger),Cyclist,Left_side,Roundabout,0,,,,,,,,,,,,Not a holiday,0
4512,201600002737,2016,10,6,Daylight,Built_up_area,Intersection_X,Normal,Side_two_vehicles,Manual_entry,0.15901,44.97084,True,2016-10-06,18,30,18:30,Evening,False,Autumn,2.0,0.0,0.0,Departmental_road,Bidirectional,Unknown,Flat,Straight,Normal,Unknown,On_road,Not_near_school,A01,Opposite_direction,Car(Quad/Passenger),Cyclist,Front,Straight_ahead,0,,,,,,,,,,,,Not a holiday,0
4513,201600002737,2016,10,6,Daylight,Built_up_area,Intersection_X,Normal,Side_two_vehicles,Manual_entry,0.15901,44.97084,True,2016-10-06,18,30,18:30,Evening,False,Autumn,2.0,0.0,0.0,Departmental_road,Bidirectional,Unknown,Flat,Straight,Normal,Unknown,On_road,Not_near_school,B02,Opposite_direction,Car(Quad/Passenger),Cyclist,Front_right,Loss_of_control,0,,,,,,,,,,,,Not a holiday,0
4514,201600002738,2016,12,19,Daylight,Out_of_agglomeration,Out_of_intersection,Normal,Rear_end_two_vehicles,Manual_entry,,,False,2016-12-19,11,30,11:30,Morning,False,Winter,2.0,0.0,70.0,Departmental_road,Bidirectional,Unknown,Flat,Straight,Normal,Unknown,On_road,Not_near_school,A01,Opposite_direction,Car(Quad/Passenger),Cyclist,Rear,Loss_of_control,0,,,,,,,,,,,,Not a holiday,0
4515,201600002738,2016,12,19,Daylight,Out_of_agglomeration,Out_of_intersection,Normal,Rear_end_two_vehicles,Manual_entry,,,False,2016-12-19,11,30,11:30,Morning,False,Winter,2.0,0.0,70.0,Departmental_road,Bidirectional,Unknown,Flat,Straight,Normal,Unknown,On_road,Not_near_school,B02,Opposite_direction,Car(Quad/Passenger),Cyclist,Front,Straight_ahead,0,,,,,,,,,,,,Not a holiday,0
4516,201600002739,2016,1,4,Daylight,Built_up_area,Out_of_intersection,Heavy_rain,Frontal_two_vehicles,Manual_entry,-0.05747,45.01592,True,2016-01-04,9,30,09:30,Morning,False,Winter,0.0,0.0,72.0,Departmental_road,Separated_carriageways,Unknown,Flat,Straight,Wet,Unknown,On_road,Unknown,A01,Opposite_direction,Car(Quad/Passenger),Cyclist,Front,Straight_ahead,0,,,,,,,,,,,,Not a holiday,0
4517,201600002739,2016,1,4,Daylight,Built_up_area,Out_of_intersection,Heavy_rain,Frontal_two_vehicles,Manual_entry,-0.05747,45.01592,True,2016-01-04,9,30,09:30,Morning,False,Winter,0.0,0.0,72.0,Departmental_road,Separated_carriageways,Unknown,Flat,Straight,Wet,Unknown,On_road,Unknown,B02,Other/Unknown,Car(Quad/Passenger),Cyclist,Front,Lane_change/Overtaking,0,,,,,,,,,,,,Not a holiday,0
4518,201600002740,2016,1,20,Night_with_public_lighting_on,Built_up_area,Out_of_intersection,Light_rain,Other_collision,Manual_entry,-0.13028,45.04195,True,2016-01-20,8,0,08:00,Morning,False,Winter,0.0,0.0,0.0,Departmental_road,Unknown,Unknown,Unknown,Unknown,Wet,Unknown,Unknown,Not_near_school,A01,Opposite_direction,Motorcycle,Pedestrian,Front,Straight_ahead,0,,,,,,,,,,,,Not a holiday,0
4519,201600002741,2016,1,29,Daylight,Built_up_area,Out_of_intersection,Normal,Side_two_vehicles,Manual_entry,,,False,2016-01-29,14,30,14:30,Afternoon,False,Winter,0.0,0.0,0.0,Communal_way,Bidirectional,Unknown,Flat,Straight,Normal,Unknown,On_road,Not_near_school,A01,Other/Unknown,Car(Quad/Passenger),Cyclist,Right_side,Emergency_manoeuvre,0,,,,,,,,,,,,Not a holiday,0
4520,201600002741,2016,1,29,Daylight,Built_up_area,Out_of_intersection,Normal,Side_two_vehicles,Manual_entry,,,False,2016-01-29,14,30,14:30,Afternoon,False,Winter,0.0,0.0,0.0,Communal_way,Bidirectional,Unknown,Flat,Straight,Normal,Unknown,On_road,Not_near_school,B02,Other/Unknown,Car(Quad/Passenger),Cyclist,Front_right,Roundabout,0,,,,,,,,,,,,Not a holiday,0
4521,201600002742,2016,3,18,Night_with_public_lighting_on,Built_up_area,Out_of_intersection,Light_rain,Side_two_vehicles,Manual_entry,,,False,2016-03-18,6,30,06:30,Morning,False,Spring,0.0,0.0,0.0,Departmental_road,Unknown,Unknown,Unknown,Unknown,Wet,Unknown,Unknown,Not_near_school,B02,Same_direction,Utility(Truck/Agri),Cyclist,Front,Straight_ahead,0,,,,,,,,,,,,Not a holiday,0
4522,201600002742,2016,3,18,Night_with_public_lighting_on,Built_up_area,Out_of_intersection,Light_rain,Side_two_vehicles,Manual_entry,,,False,2016-03-18,6,30,06:30,Morning,False,Spring,0.0,0.0,0.0,Departmental_road,Unknown,Unknown,Unknown,Unknown,Wet,Unknown,Unknown,Not_near_school,A01,Same_direction,Car(Quad/Passenger),Cyclist,Front_left,Park/Start/Stop,0,,,,,,,,,,,,Not a holiday,0
4523,201600002743,2016,4,11,Daylight,Out_of_agglomeration,Out_of_intersection,Normal,No_collision,Manual_entry,,,False,2016-04-11,17,45,17:45,Evening,False,Spring,2.0,0.0,65.0,Departmental_road,Bidirectional,Unknown,Flat,Curve_left,Wet,Unknown,On_verge,Not_near_school,A01,Opposite_direction,Motorcycle,None,No_impact,Straight_ahead,0,,,,,,,,,,,,Not a holiday,0
4524,201600002744,2016,6,11,Daylight,Built_up_area,Intersection_T,Normal,Other_collision,Manual_entry,-0.12233,45.0448,True,2016-06-11,19,30,19:30,Evening,True,Summer,2.0,,,Departmental_road,Bidirectional,Unknown,Flat,Straight,Normal,Unknown,On_road,Unknown,B02,Opposite_direction,Utility(Truck/Agri),Unknown,Unknown,Roundabout,0,,,,,,,,,,,,Not a holiday,0
4525,201600002744,2016,6,11,Daylight,Built_up_area,Intersection_T,Normal,Other_collision,Manual_entry,-0.12233,45.0448,True,2016-06-11,19,30,19:30,Evening,True,Summer,2.0,,,Departmental_road,Bidirectional,Unknown,Flat,Straight,Normal,Unknown,On_road,Unknown,A01,Opposite_direction,Motorcycle,Cyclist,Front,Straight_ahead,0,,,,,,,,,,,,Not a holiday,0
4526,201600002745,2016,7,9,Daylight,Out_of_agglomeration,Out_of_intersection,Normal,Other_collision,Manual_entry,-0.0092,45.07813,True,2016-07-09,15,45,15:45,Afternoon,True,Summer,2.0,0.0,80.0,Departmental_road,Bidirectional,Unknown,Flat,Curve_right,Normal,Unknown,On_verge,Unknown,A01,Opposite_direction,Motorcycle,None,Front,Straight_ahead,0,,,,,,,,,,,,Not a holiday,0
4527,201600002746,2016,7,25,Daylight,Built_up_area,Out_of_intersection,Normal,Other_collision,Manual_entry,-0.13593,45.03649,True,2016-07-25,16,15,16:15,Afternoon,False,Summer,2.0,0.0,62.0,Departmental_road,Bidirectional,Unknown,Unknown,Straight,Normal,Unknown,On_road,Not_near_school,A01,Opposite_direction,Car(Quad/Passenger),None,Front_right,Turning,0,,,,,,,,,,,,Not a holiday,0
4528,201600002747,2016,9,18,Twilight_or_dawn,Built_up_area,Out_of_intersection,Normal,No_collision,Manual_entry,-0.11857,45.02379,True,2016-09-18,20,0,20:00,Evening,True,Autumn,0.0,0.0,0.0,Communal_way,Unknown,Unknown,Flat,S-bend,Unknown,Unknown,Unknown,Not_near_school,A01,Same_direction,Utility(Truck/Agri),None,No_impact,Straight_ahead,0,,,,,,,,,,,,Not a holiday,0
4529,201600002748,2016,12,24,Night_without_public_lighting,Built_up_area,Out_of_intersection,Cloudy,Other_collision,Manual_entry,,,False,2016-12-24,1,0,01:00,Night,True,Winter,2.0,0.0,64.0,Departmental_road,Bidirectional,Unknown,Flat,Curve_left,Wet,Unknown,On_verge,Not_near_school,A01,Opposite_direction,Utility(Truck/Agri),None,Front,Straight_ahead,0,,,,,,,,,,,,Not a holiday,0
4530,201600002749,2016,1,21,Daylight,Out_of_agglomeration,Intersection_X,Normal,Side_two_vehicles,Manual_entry,-0.17248,44.96478,True,2016-01-21,8,45,08:45,Morning,False,Winter,2.0,0.0,0.0,Departmental_road,Bidirectional,Unknown,Unknown,Straight,Normal,Unknown,On_road,Not_near_school,B02,Other/Unknown,Car(Quad/Passenger),None,Right_side,Straight_ahead,0,,,,,,,,,,,,Not a holiday,0
4531,201600002749,2016,1,21,Daylight,Out_of_agglomeration,Intersection_X,Normal,Side_two_vehicles,Manual_entry,-0.17248,44.96478,True,2016-01-21,8,45,08:45,Morning,False,Winter,2.0,0.0,0.0,Departmental_road,Bidirectional,Unknown,Unknown,Straight,Normal,Unknown,On_road,Not_near_school,A01,Other/Unknown,Car(Quad/Passenger),Cyclist,Left_side,Loss_of_control,0,,,,,,,,,,,,Not a holiday,0
4532,201600002750,2016,3,20,Daylight,Out_of_agglomeration,Out_of_intersection,Normal,Other_collision,Manual_entry,-0.188,45.036,True,2016-03-20,18,15,18:15,Evening,True,Spring,2.0,0.0,66.0,Departmental_road,Bidirectional,Unknown,Flat,Straight,Normal,Bridge,On_verge,Unknown,A01,Opposite_direction,Car(Quad/Passenger),None,Front,Avoiding_obstacle,0,,,,,,,,,,,,Not a holiday,0
4533,201600002751,2016,6,20,Daylight,Out_of_agglomeration,Out_of_intersection,Normal,No_collision,Manual_entry,,,False,2016-06-20,18,0,18:00,Evening,False,Summer,1.0,0.0,60.0,Departmental_road,Bidirectional,Unknown,Slope,Curve_left,Normal,Unknown,On_verge,Unknown,A01,Opposite_direction,Car(Quad/Passenger),None,Front_right,Straight_ahead,0,,,,,,,,,,,,Not a holiday,0
4534,201600002752,2016,9,9,Daylight,Built_up_area,Intersection_T,Normal,Frontal_two_vehicles,Manual_entry,-0.28425,45.03123,True,2016-09-09,20,30,20:30,Evening,False,Autumn,2.0,0.0,60.0,Departmental_road,Bidirectional,Unknown,Hilltop,Straight,Normal,Unknown,On_road,Unknown,A01,Opposite_direction,Car(Quad/Passenger),Cyclist,Front_right,Straight_ahead,0,,,,,,,,,,,,Not a holiday,0
4535,201600002752,2016,9,9,Daylight,Built_up_area,Intersection_T,Normal,Frontal_two_vehicles,Manual_entry,-0.28425,45.03123,True,2016-09-09,20,30,20:30,Evening,False,Autumn,2.0,0.0,60.0,Departmental_road,Bidirectional,Unknown,Hilltop,Straight,Normal,Unknown,On_road,Unknown,B02,Opposite_direction,Car(Quad/Passenger),Cyclist,Right_side,Reversing,0,,,,,,,,,,,,Not a holiday,0
4536,201600002753,2016,10,25,Daylight,Out_of_agglomeration,Out_of_intersection,Light_rain,Frontal_two_vehicles,Manual_entry,-0.15367,45.07294,True,2016-10-25,15,0,15:00,Afternoon,False,Autumn,2.0,0.0,0.0,Departmental_road,Bidirectional,Unknown,Unknown,Curve_right,Wet,Unknown,Unknown,Not_near_school,B02,Opposite_direction,Cycle,Cyclist,Front,Straight_ahead,0,,,,,,,,,,,,Not a holiday,0
4537,201600002753,2016,10,25,Daylight,Out_of_agglomeration,Out_of_intersection,Light_rain,Frontal_two_vehicles,Manual_entry,-0.15367,45.07294,True,2016-10-25,15,0,15:00,Afternoon,False,Autumn,2.0,0.0,0.0,Departmental_road,Bidirectional,Unknown,Unknown,Curve_right,Wet,Unknown,Unknown,Not_near_school,A01,Other/Unknown,Car(Quad/Passenger),Cyclist,Front,Avoiding_obstacle,0,,,,,,,,,,,,Not a holiday,0
4538,201600002754,2016,12,4,Night_without_public_lighting,Out_of_agglomeration,Out_of_intersection,Normal,No_collision,Manual_entry,,,False,2016-12-04,4,45,04:45,Night,True,Winter,2.0,0.0,0.0,Departmental_road,Bidirectional,Unknown,Hill_bottom,Straight,Normal,Unknown,On_road,Unknown,A01,Opposite_direction,Car(Quad/Passenger),None,Front,Avoiding_obstacle,0,,,,,,,,,,,,Not a holiday,0
4539,201600002755,2016,6,11,Daylight,Built_up_area,Out_of_intersection,Normal,Other_collision,Manual_entry,0.08155,44.82085,True,2016-06-11,19,30,19:30,Evening,True,Summer,2.0,0.0,70.0,Departmental_road,Bidirectional,Unknown,Unknown,Curve_left,Normal,Unknown,On_verge,Not_near_school,A01,Other/Unknown,Motorcycle,None,Left_side,Straight_ahead,0,,,,,,,,,,,,Not a holiday,0
4540,201600002756,2016,6,23,Daylight,Out_of_agglomeration,Intersection_T,Normal,Side_two_vehicles,Manual_entry,,,False,2016-06-23,12,15,12:15,Afternoon,False,Summer,0.0,0.0,48.0,Departmental_road,Bidirectional,Unknown,Flat,Straight,Normal,Roundabout,On_verge,Not_near_school,A01,Other/Unknown,Utility(Truck/Agri),None,Multiple impacts,Straight_ahead,0,,,,,,,,,,,,Not a holiday,0
4541,201600002756,2016,6,23,Daylight,Out_of_agglomeration,Intersection_T,Normal,Side_two_vehicles,Manual_entry,,,False,2016-06-23,12,15,12:15,Afternoon,False,Summer,0.0,0.0,48.0,Departmental_road,Bidirectional,Unknown,Flat,Straight,Normal,Roundabout,On_verge,Not_near_school,B02,Same_direction,Car(Quad/Passenger),None,No_impact,None,0,,,,,,,,,,,,Not a holiday,0
4542,201600002757,2016,7,8,Daylight,Out_of_agglomeration,Out_of_intersection,Normal,Side_two_vehicles,Manual_entry,0.17514,44.78236,True,2016-07-08,17,45,17:45,Evening,False,Summer,0.0,0.0,0.0,Departmental_road,Unknown,Unknown,Unknown,Unknown,Unknown,Unknown,Unknown,Not_near_school,A01,Other/Unknown,Car(Quad/Passenger),Cyclist,Left_side,Park/Start/Stop,0,,,,,,,,,,,,Not a holiday,0
4543,201600002757,2016,7,8,Daylight,Out_of_agglomeration,Out_of_intersection,Normal,Side_two_vehicles,Manual_entry,0.17514,44.78236,True,2016-07-08,17,45,17:45,Evening,False,Summer,0.0,0.0,0.0,Departmental_road,Unknown,Unknown,Unknown,Unknown,Unknown,Unknown,Unknown,Not_near_school,B02,Other/Unknown,Motorcycle,Cyclist,Front,Straight_ahead,0,,,,,,,,,,,,Not a holiday,0
4544,201600002758,2016,4,29,Daylight,Built_up_area,Out_of_intersection,Normal,Side_two_vehicles,Manual_entry,,,False,2016-04-29,18,15,18:15,Evening,False,Spring,2.0,0.0,77.0,Departmental_road,Bidirectional,Unknown,Hilltop,Straight,Normal,Unknown,On_road,Not_near_school,A01,Other/Unknown,Car(Quad/Passenger),Cyclist,Left_side,Park/Start/Stop,0,,,,,,,,,,,,Not a holiday,0
4545,201600002758,2016,4,29,Daylight,Built_up_area,Out_of_intersection,Normal,Side_two_vehicles,Manual_entry,,,False,2016-04-29,18,15,18:15,Evening,False,Spring,2.0,0.0,77.0,Departmental_road,Bidirectional,Unknown,Hilltop,Straight,Normal,Unknown,On_road,Not_near_school,B02,Other/Unknown,Motorcycle,Cyclist,Front_left,Straight_ahead,0,,,,,,,,,,,,Not a holiday,0
4546,201600002759,2016,5,6,Daylight,Out_of_agglomeration,Out_of_intersection,Normal,Chain_three_plus,Manual_entry,-0.262,44.928,True,2016-05-06,20,45,20:45,Evening,False,Spring,2.0,0.0,75.0,Departmental_road,Bidirectional,Unknown,Flat,Curve_right,Normal,Unknown,On_road,Unknown,A01,Other/Unknown,Car(Quad/Passenger),Cyclist,Right_side,Avoiding_obstacle,0,,,,,,,,,,,,Not a holiday,0
4547,201600002759,2016,5,6,Daylight,Out_of_agglomeration,Out_of_intersection,Normal,Chain_three_plus,Manual_entry,-0.262,44.928,True,2016-05-06,20,45,20:45,Evening,False,Spring,2.0,0.0,75.0,Departmental_road,Bidirectional,Unknown,Flat,Curve_right,Normal,Unknown,On_road,Unknown,D04,Opposite_direction,Car(Quad/Passenger),Cyclist,Right_side,Straight_ahead,0,,,,,,,,,,,,Not a holiday,0
4548,201600002759,2016,5,6,Daylight,Out_of_agglomeration,Out_of_intersection,Normal,Chain_three_plus,Manual_entry,-0.262,44.928,True,2016-05-06,20,45,20:45,Evening,False,Spring,2.0,0.0,75.0,Departmental_road,Bidirectional,Unknown,Flat,Curve_right,Normal,Unknown,On_road,Unknown,C03,Opposite_direction,Car(Quad/Passenger),Cyclist,Right_side,Straight_ahead,0,,,,,,,,,,,,Not a holiday,0
4549,201600002759,2016,5,6,Daylight,Out_of_agglomeration,Out_of_intersection,Normal,Chain_three_plus,Manual_entry,-0.262,44.928,True,2016-05-06,20,45,20:45,Evening,False,Spring,2.0,0.0,75.0,Departmental_road,Bidirectional,Unknown,Flat,Curve_right,Normal,Unknown,On_road,Unknown,B02,Opposite_direction,Utility(Truck/Agri),Cyclist,Front_left,Straight_ahead,0,,,,,,,,,,,,Not a holiday,0
4550,201600002760,2016,7,29,Daylight,Out_of_agglomeration,Out_of_intersection,Normal,No_collision,Manual_entry,,,False,2016-07-29,19,15,19:15,Evening,False,Summer,2.0,0.0,58.0,Departmental_road,Bidirectional,Unknown,Unknown,Curve_left,Normal,Unknown,On_verge,Not_near_school,A01,Other/Unknown,Motorcycle,None,Front,Straight_ahead,0,,,,,,,,,,,,Not a holiday,0
4551,201600002761,2016,8,9,Daylight,Out_of_agglomeration,Out_of_intersection,Normal,Side_two_vehicles,Manual_entry,-0.35487,45.00024,True,2016-08-09,18,0,18:00,Evening,False,Summer,2.0,0.0,53.0,Departmental_road,Bidirectional,Unknown,Unknown,Straight,Normal,Unknown,On_road,Not_near_school,B02,Other/Unknown,Car(Quad/Passenger),None,Left_side,Straight_ahead,0,,,,,,,,,,,,Not a holiday,0