,accident_id,year,month,day,lighting_label,urban_label,intersection_label,weather_label,collision_label,gps_label,longitude_num,latitude_num,valid_geo,date,hour,minute,time_hhmm,time_of_day,is_weekend,season,num_lanes,pedestrian_crossing_width,road_width,road_category_label,traffic_regime_label,reserved_lane_label,road_profile_label,road_layout_label,surface_condition_label,infrastructure_label,situation_label,school_zone_label,vehicle_id,traffic_direction_label,vehicle_category_label,mobile_obstacle_label,impact_point_label,manoeuvre_label,occupants_group,birth_year,sex_label,user_category_label,injury_severity_label,seat_position_label,journey_purpose_label,pedestrian_location_label,pedestrian_action_label,pedestrian_state_label,safety_equipment_type,safety_equipment_usage,holiday_name,is_holiday
4552,201600002761,2016,8,9,Daylight,Out_of_agglomeration,Out_of_intersection,Normal,Side_two_vehicles,Manual_entry,-0.35487,45.00024,True,2016-08-09,18,0,18:00,Evening,False,Summer,2.0,0.0,53.0,Departmental_road,Bidirectional,Unknown,Unknown,Straight,Normal,Unknown,On_road,Not_near_school,A01,Other/Unknown,Personal mobility,None,Right_side,Straight_ahead,3,,,,,,,,,,,,Not a holiday,0
4553,201600002762,2016,8,15,Daylight,Out_of_agglomeration,Out_of_intersection,Normal,No_collision,Manual_entry,-0.34897,45.01435,True,2016-08-15,14,30,14:30,Afternoon,False,Summer,2.0,0.0,64.0,Departmental_road,Bidirectional,Unknown,Flat,Curve_left,Normal,Unknown,On_verge,Not_near_school,A01,Other/Unknown,Motorcycle,None,Front_right,Straight_ahead,0,,,,,,,,,,,,Assumption of Mary to Heaven,1
4554,201600002763,2016,9,25,Daylight,Built_up_area,Out_of_intersection,Normal,Rear_end_two_vehicles,Manual_entry,,,False,2016-09-25,12,15,12:15,Afternoon,True,Autumn,2.0,0.0,0.0,Departmental_road,Bidirectional,Unknown,Unknown,Straight,Unknown,Unknown,On_road,Not_near_school,B02,Opposite_direction,Car(Quad/Passenger),Cyclist,Rear_right,other,0,,,,,,,,,,,,Not a holiday,0
4555,201600002763,2016,9,25,Daylight,Built_up_area,Out_of_intersection,Normal,Rear_end_two_vehicles,Manual_entry,,,False,2016-09-25,12,15,12:15,Afternoon,True,Autumn,2.0,0.0,0.0,Departmental_road,Bidirectional,Unknown,Unknown,Straight,Unknown,Unknown,On_road,Not_near_school,A01,Opposite_direction,Car(Quad/Passenger),Cyclist,Front,Straight_ahead,0,,,,,,,,,,,,Not a holiday,0
4556,201600002764,2016,12,3,Night_with_public_lighting_on,Out_of_agglomeration,Out_of_intersection,Normal,Other_collision,Manual_entry,,,False,2016-12-03,18,30,18:30,Evening,True,Winter,2.0,69.0,0.0,Departmental_road,Bidirectional,Unknown,Flat,S-bend,Normal,Unknown,On_road,Unknown,A01,Opposite_direction,Car(Quad/Passenger),Cyclist,No_impact,None,0,,,,,,,,,,,,Not a holiday,0
4557,201600002764,2016,12,3,Night_with_public_lighting_on,Out_of_agglomeration,Out_of_intersection,Normal,Other_collision,Manual_entry,,,False,2016-12-03,18,30,18:30,Evening,True,Winter,2.0,69.0,0.0,Departmental_road,Bidirectional,Unknown,Flat,S-bend,Normal,Unknown,On_road,Unknown,B02,Opposite_direction,Motorcycle,Cyclist,Front_left,Straight_ahead,0,,,,,,,,,,,,Not a holiday,0
4558,201600002765,2016,8,6,Daylight,Out_of_agglomeration,Out_of_intersection,Normal,Rear_end_two_vehicles,Manual_entry,0.82212,45.1921,True,2016-08-06,17,45,17:45,Evening,True,Summer,2.0,71.0,0.0,Departmental_road,Bidirectional,Unknown,Flat,Straight,Normal,Unknown,On_road,Unknown,A01,Opposite_direction,Car(Quad/Passenger),Cyclist,Rear_left,other,0,,,,,,,,,,,,Not a holiday,0
4559,201600002765,2016,8,6,Daylight,Out_of_agglomeration,Out_of_intersection,Normal,Rear_end_two_vehicles,Manual_entry,0.82212,45.1921,True,2016-08-06,17,45,17:45,Evening,True,Summer,2.0,71.0,0.0,Departmental_road,Bidirectional,Unknown,Flat,Straight,Normal,Unknown,On_road,Unknown,B02,Opposite_direction,Cycle,None,Front,Straight_ahead,0,,,,,,,,,,,,Not a holiday,0
4560,201600002766,2016,9,24,Night_without_public_lighting,Out_of_agglomeration,Out_of_intersection,Normal,Other_collision,Manual_entry,0.65732,45.2753,True,2016-09-24,2,45,02:45,Night,True,Autumn,0.0,0.0,34.0,Communal_way,Bidirectional,Unknown,Slope,Straight,Normal,Unknown,On_road,Not_near_school,A01,Same_direction,Car(Quad/Passenger),None,Front,Straight_ahead,0,,,,,,,,,,,,Not a holiday,0
4561,201600002767,2016,11,9,Night_without_public_lighting,Out_of_agglomeration,Intersection_X,Light_rain,Side_two_vehicles,Manual_entry,0.69067,45.0698,True,2016-11-09,18,45,18:45,Evening,False,Autumn,0.0,0.0,0.0,National_road,Bidirectional,Unknown,Flat,Straight,Wet,Unknown,On_road,Unknown,B02,Opposite_direction,Car(Quad/Passenger),Cyclist,Front,None,0,,,,,,,,,,,,Not a holiday,0
4562,201600002767,2016,11,9,Night_without_public_lighting,Out_of_agglomeration,Intersection_X,Light_rain,Side_two_vehicles,Manual_entry,0.69067,45.0698,True,2016-11-09,18,45,18:45,Evening,False,Autumn,0.0,0.0,0.0,National_road,Bidirectional,Unknown,Flat,Straight,Wet,Unknown,On_road,Unknown,A01,Opposite_direction,Car(Quad/Passenger),Cyclist,Left_side,Straight_ahead,0,,,,,,,,,,,,Not a holiday,0
4563,201600002768,2016,4,13,Daylight,Out_of_agglomeration,Out_of_intersection,Normal,Other_collision,Manual_entry,0.65736,45.4058,True,2016-04-13,8,15,08:15,Morning,False,Spring,2.0,0.0,60.0,Departmental_road,Bidirectional,Unknown,Flat,Curve_left,Normal,Unknown,On_verge,Not_near_school,A01,Other/Unknown,Car(Quad/Passenger),None,Front_right,Avoiding_obstacle,0,,,,,,,,,,,,Not a holiday,0
4564,201600002769,2016,4,18,Daylight,Built_up_area,Out_of_intersection,Normal,Other_collision,Manual_entry,0.75,45.2914,True,2016-04-18,17,45,17:45,Evening,False,Spring,2.0,0.0,57.0,Departmental_road,Unknown,Unknown,Unknown,Straight,Normal,Unknown,On_road,Not_near_school,A01,Other/Unknown,Car(Quad/Passenger),Pedestrian,Front,Loss_of_control,0,,,,,,,,,,,,Not a holiday,0
4565,201600002770,2016,5,6,Daylight,Out_of_agglomeration,Out_of_intersection,Normal,No_collision,Manual_entry,0.63953,45.3549,True,2016-05-06,9,45,09:45,Morning,False,Spring,2.0,0.0,62.0,Departmental_road,Bidirectional,Unknown,Flat,Straight,Normal,Unknown,Unknown,Not_near_school,A01,Opposite_direction,Car(Quad/Passenger),None,Left_side,Turning,0,,,,,,,,,,,,Not a holiday,0
4566,201600002771,2016,5,30,Daylight,Out_of_agglomeration,Out_of_intersection,Light_rain,Other_collision,Manual_entry,0.43256,45.4705,True,2016-05-30,18,45,18:45,Evening,False,Spring,2.0,0.0,73.0,Departmental_road,Bidirectional,Unknown,Flat,Curve_left,Wet,Unknown,On_verge,Unknown,A01,Other/Unknown,Car(Quad/Passenger),None,Left_side,Straight_ahead,0,,,,,,,,,,,,Not a holiday,0
4567,201600002772,2016,6,21,Daylight,Built_up_area,Out_of_intersection,Normal,Other_collision,Manual_entry,0.69689,45.3908,True,2016-06-21,16,45,16:45,Afternoon,False,Summer,2.0,0.0,56.0,Departmental_road,Unknown,Unknown,Unknown,Straight,Normal,Unknown,Unknown,Not_near_school,A01,Other/Unknown,Cycle,None,Front_right,Straight_ahead,0,,,,,,,,,,,,Not a holiday,0
4568,201600002773,2016,7,2,Daylight,Out_of_agglomeration,Out_of_intersection,Normal,No_collision,Manual_entry,0.5039,45.394,True,2016-07-02,13,0,13:00,Afternoon,True,Summer,2.0,0.0,55.0,Departmental_road,Bidirectional,Unknown,Slope,Curve_left,Normal,Unknown,On_verge,Not_near_school,A01,Opposite_direction,Motorcycle,None,No_impact,Straight_ahead,0,,,,,,,,,,,,Not a holiday,0
4569,201600002774,2016,8,13,Daylight,Out_of_agglomeration,Out_of_intersection,Normal,No_collision,Manual_entry,0.74578,45.2972,True,2016-08-13,11,30,11:30,Morning,True,Summer,0.0,0.0,56.0,Departmental_road,Bidirectional,Unknown,Slope,Curve_right,Normal,Unknown,On_road,Unknown,A01,Opposite_direction,Motorcycle,None,Left_side,Straight_ahead,0,,,,,,,,,,,,Not a holiday,0
4570,201600002775,2016,9,16,Daylight,Out_of_agglomeration,Out_of_intersection,Light_rain,Side_two_vehicles,Manual_entry,0.64841,45.4206,True,2016-09-16,18,15,18:15,Evening,False,Autumn,2.0,0.0,77.0,Departmental_road,Bidirectional,Unknown,Flat,Curve_left,Wet,Unknown,On_road,Not_near_school,A01,Opposite_direction,Utility(Truck/Agri),Cyclist,Left_side,Avoiding_obstacle,0,,,,,,,,,,,,Not a holiday,0
4571,201600002775,2016,9,16,Daylight,Out_of_agglomeration,Out_of_intersection,Light_rain,Side_two_vehicles,Manual_entry,0.64841,45.4206,True,2016-09-16,18,15,18:15,Evening,False,Autumn,2.0,0.0,77.0,Departmental_road,Bidirectional,Unknown,Flat,Curve_left,Wet,Unknown,On_road,Not_near_school,B02,Other/Unknown,Car(Quad/Passenger),Cyclist,Front_right,Straight_ahead,0,,,,,,,,,,,,Not a holiday,0
4572,201600002776,2016,10,16,Night_without_public_lighting,Out_of_agglomeration,Out_of_intersection,Normal,No_collision,Manual_entry,0.63945,45.4299,True,2016-10-16,6,30,06:30,Morning,True,Autumn,0.0,0.0,60.0,Departmental_road,Bidirectional,Unknown,Slope,Curve_right,Normal,Unknown,On_verge,Unknown,A01,Opposite_direction,Utility(Truck/Agri),None,Left_side,Turning,0,,,,,,,,,,,,Not a holiday,0
4573,201600002777,2016,12,15,Night_without_public_lighting,Out_of_agglomeration,Intersection_T,Normal,Side_two_vehicles,Manual_entry,0.71745,45.3642,True,2016-12-15,5,45,05:45,Morning,False,Winter,2.0,50.0,50.0,Departmental_road,Bidirectional,Unknown,Slope,Straight,Normal,Roundabout,Unknown,Not_near_school,A01,Other/Unknown,Car(Quad/Passenger),Cyclist,Rear_left,Roundabout,0,,,,,,,,,,,,Not a holiday,0
4574,201600002777,2016,12,15,Night_without_public_lighting,Out_of_agglomeration,Intersection_T,Normal,Side_two_vehicles,Manual_entry,0.71745,45.3642,True,2016-12-15,5,45,05:45,Morning,False,Winter,2.0,50.0,50.0,Departmental_road,Bidirectional,Unknown,Slope,Straight,Normal,Roundabout,Unknown,Not_near_school,B02,Opposite_direction,Motorcycle,Cyclist,Front,Straight_ahead,0,,,,,,,,,,,,Not a holiday,0
4575,201600002778,2016,12,14,Night_without_public_lighting,Out_of_agglomeration,Out_of_intersection,Normal,No_collision,Manual_entry,0.74922,45.2721,True,2016-12-14,19,15,19:15,Evening,False,Winter,2.0,70.0,70.0,Departmental_road,Bidirectional,Unknown,Flat,Straight,Normal,Unknown,On_verge,Not_near_school,A01,Opposite_direction,Car(Quad/Passenger),None,Front,other,0,,,,,,,,,,,,Not a holiday,0
4576,201600002779,2016,1,9,Night_without_public_lighting,Out_of_agglomeration,Out_of_intersection,Heavy_rain,Side_two_vehicles,Manual_entry,0.44235,45.0726,True,2016-01-09,23,30,23:30,Night,True,Winter,0.0,0.0,0.0,Departmental_road,Separated_carriageways,Unknown,Slope,Straight,Wet,Unknown,On_road,Not_near_school,B02,Other/Unknown,Car(Quad/Passenger),Cyclist,Front_left,Straight_ahead,0,,,,,,,,,,,,Not a holiday,0
4577,201600002779,2016,1,9,Night_without_public_lighting,Out_of_agglomeration,Out_of_intersection,Heavy_rain,Side_two_vehicles,Manual_entry,0.44235,45.0726,True,2016-01-09,23,30,23:30,Night,True,Winter,0.0,0.0,0.0,Departmental_road,Separated_carriageways,Unknown,Slope,Straight,Wet,Unknown,On_road,Not_near_school,A01,Other/Unknown,Car(Quad/Passenger),Cyclist,Front_right,other,0,,,,,,,,,,,,Not a holiday,0
4578,201600002780,2016,1,25,Night_with_public_lighting_on,Built_up_area,Intersection_T,Normal,Side_two_vehicles,Manual_entry,0.61065,45.1615,True,2016-01-25,7,0,07:00,Morning,False,Winter,0.0,0.0,0.0,Communal_way,Unknown,Unknown,Unknown,Unknown,Unknown,Unknown,Unknown,Not_near_school,B02,Same_direction,Motorcycle,None,No_impact,None,0,,,,,,,,,,,,Not a holiday,0
4579,201600002780,2016,1,25,Night_with_public_lighting_on,Built_up_area,Intersection_T,Normal,Side_two_vehicles,Manual_entry,0.61065,45.1615,True,2016-01-25,7,0,07:00,Morning,False,Winter,0.0,0.0,0.0,Communal_way,Unknown,Unknown,Unknown,Unknown,Unknown,Unknown,Unknown,Not_near_school,A01,Same_direction,Car(Quad/Passenger),None,No_impact,None,0,,,,,,,,,,,,Not a holiday,0
4580,201600002781,2016,4,18,Daylight,Built_up_area,Out_of_intersection,Normal,Frontal_two_vehicles,Manual_entry,0.46799,45.1068,True,2016-04-18,18,15,18:15,Evening,False,Spring,0.0,0.0,70.0,Departmental_road,Bidirectional,Unknown,Flat,Straight,Normal,Unknown,On_sidewalk,Not_near_school,B02,Opposite_direction,Motorcycle,None,No_impact,Interaction,0,,,,,,,,,,,,Not a holiday,0
4581,201600002781,2016,4,18,Daylight,Built_up_area,Out_of_intersection,Normal,Frontal_two_vehicles,Manual_entry,0.46799,45.1068,True,2016-04-18,18,15,18:15,Evening,False,Spring,0.0,0.0,70.0,Departmental_road,Bidirectional,Unknown,Flat,Straight,Normal,Unknown,On_sidewalk,Not_near_school,A01,Opposite_direction,Car(Quad/Passenger),None,No_impact,Roundabout,0,,,,,,,,,,,,Not a holiday,0
4582,201600002782,2016,9,1,Daylight,Built_up_area,Level_crossing,Normal,Side_two_vehicles,Manual_entry,0.60018,45.1662,True,2016-09-01,12,15,12:15,Afternoon,False,Autumn,2.0,0.0,50.0,Departmental_road,Unknown,Unknown,Slope,Straight,Normal,Railway,On_road,Not_near_school,A01,Opposite_direction,Car(Quad/Passenger),Animal (moving),Front,Straight_ahead,0,,,,,,,,,,,,Not a holiday,0
4583,201600002782,2016,9,1,Daylight,Built_up_area,Level_crossing,Normal,Side_two_vehicles,Manual_entry,0.60018,45.1662,True,2016-09-01,12,15,12:15,Afternoon,False,Autumn,2.0,0.0,50.0,Departmental_road,Unknown,Unknown,Slope,Straight,Normal,Railway,On_road,Not_near_school,B02,Same_direction,Personal mobility,None,Right_side,None,0,,,,,,,,,,,,Not a holiday,0
4584,201600002783,2016,10,9,Daylight,Out_of_agglomeration,Out_of_intersection,Normal,Side_two_vehicles,Manual_entry,0.50273,45.1083,True,2016-10-09,16,15,16:15,Afternoon,True,Autumn,0.0,0.0,75.0,Departmental_road,Bidirectional,Unknown,Flat,Straight,Normal,Unknown,On_road,Not_near_school,A01,Opposite_direction,Car(Quad/Passenger),Cyclist,Front_left,Park/Start/Stop,0,,,,,,,,,,,,Not a holiday,0
4585,201600002783,2016,10,9,Daylight,Out_of_agglomeration,Out_of_intersection,Normal,Side_two_vehicles,Manual_entry,0.50273,45.1083,True,2016-10-09,16,15,16:15,Afternoon,True,Autumn,0.0,0.0,75.0,Departmental_road,Bidirectional,Unknown,Flat,Straight,Normal,Unknown,On_road,Not_near_school,B02,Opposite_direction,Car(Quad/Passenger),Cyclist,Front,Straight_ahead,0,,,,,,,,,,,,Not a holiday,0
4586,201600002784,2016,10,24,Twilight_or_dawn,Built_up_area,Out_of_intersection,Light_rain,No_collision,Manual_entry,0.59241,45.1727,True,2016-10-24,18,15,18:15,Evening,False,Autumn,2.0,0.0,0.0,Departmental_road,Bidirectional,Unknown,Unknown,Unknown,Wet,Unknown,On_road,Unknown,A01,Other/Unknown,Motorcycle,None,No_impact,None,0,,,,,,,,,,,,Not a holiday,0
4587,201600002785,2016,10,28,Daylight,Out_of_agglomeration,Out_of_intersection,Dazzling,Other_collision,Manual_entry,0.3399,45.0918,True,2016-10-28,16,45,16:45,Afternoon,False,Autumn,2.0,0.0,34.0,Departmental_road,Bidirectional,Unknown,Flat,Curve_left,Normal,Unknown,On_road,Unknown,A01,Opposite_direction,Utility(Truck/Agri),None,Front,Straight_ahead,0,,,,,,,,,,,,Not a holiday,0
4588,201600002786,2016,11,20,Night_without_public_lighting,Out_of_agglomeration,Out_of_intersection,Light_rain,Other_collision,Manual_entry,0.65354,45.1294,True,2016-11-20,21,30,21:30,Night,True,Autumn,2.0,0.0,55.0,Communal_way,Bidirectional,Unknown,Slope,Curve_right,Wet,Unknown,On_verge,Unknown,A01,Same_direction,Car(Quad/Passenger),None,Front_right,Straight_ahead,0,,,,,,,,,,,,Not a holiday,0
4589,201600002787,2016,12,18,Daylight,Out_of_agglomeration,Out_of_intersection,Normal,Rear_end_two_vehicles,Manual_entry,0.62057,45.1788,True,2016-12-18,10,45,10:45,Morning,True,Winter,2.0,0.0,0.0,Departmental_road,Unknown,Unknown,Flat,Unknown,Normal,Unknown,On_road,Not_near_school,A01,Same_direction,Motorcycle,None,Front_right,None,0,,,,,,,,,,,,Not a holiday,0
4590,201600002787,2016,12,18,Daylight,Out_of_agglomeration,Out_of_intersection,Normal,Rear_end_two_vehicles,Manual_entry,0.62057,45.1788,True,2016-12-18,10,45,10:45,Morning,True,Winter,2.0,0.0,0.0,Departmental_road,Unknown,Unknown,Flat,Unknown,Normal,Unknown,On_road,Not_near_school,B02,Same_direction,Utility(Truck/Agri),None,Rear_left,None,0,,,,,,,,,,,,Not a holiday,0
4591,201600002788,2016,1,10,Daylight,Out_of_agglomeration,Out_of_intersection,Cloudy,Frontal_two_vehicles,Manual_entry,1.03086,45.0913,True,2016-01-10,16,15,16:15,Afternoon,True,Winter,1.0,0.0,30.0,Communal_way,Bidirectional,Unknown,Hilltop,Curve_right,Wet,Unknown,On_road,Unknown,A01,Other/Unknown,Utility(Truck/Agri),Cyclist,Right_side,Straight_ahead,0,,,,,,,,,,,,Not a holiday,0
4592,201600002788,2016,1,10,Daylight,Out_of_agglomeration,Out_of_intersection,Cloudy,Frontal_two_vehicles,Manual_entry,1.03086,45.0913,True,2016-01-10,16,15,16:15,Afternoon,True,Winter,1.0,0.0,30.0,Communal_way,Bidirectional,Unknown,Hilltop,Curve_right,Wet,Unknown,On_road,Unknown,B02,Opposite_direction,Car(Quad/Passenger),Cyclist,Front,Straight_ahead,0,,,,,,,,,,,,Not a holiday,0
4593,201600002789,2016,1,19,Daylight,Out_of_agglomeration,Out_of_intersection,Normal,Other_collision,Manual_entry,0.95217,45.3318,True,2016-01-19,17,0,17:00,Evening,False,Winter,1.0,0.0,25.0,Departmental_road,Variable_assignment,Unknown,Hilltop,Curve_left,Normal,Bridge,On_road,Not_near_school,A01,Other/Unknown,Car(Quad/Passenger),None,Right_side,Straight_ahead,0,,,,,,,,,,,,Not a holiday,0
4594,201600002790,2016,5,20,Daylight,Out_of_agglomeration,Out_of_intersection,Normal,No_collision,Manual_entry,1.06039,45.1923,True,2016-05-20,9,45,09:45,Morning,False,Spring,2.0,0.0,60.0,Communal_way,Bidirectional,Unknown,Slope,Straight,Normal,Unknown,On_verge,Not_near_school,A01,Same_direction,Cycle,None,Rear_right,None,0,,,,,,,,,,,,Not a holiday,0
4595,201600002791,2016,7,25,Daylight,Out_of_agglomeration,Out_of_intersection,Normal,Frontal_two_vehicles,Manual_entry,1.03563,45.1349,True,2016-07-25,16,30,16:30,Afternoon,False,Summer,0.0,0.0,0.0,Departmental_road,Bidirectional,Unknown,Unknown,Curve_right,Normal,Unknown,Unknown,Not_near_school,A01,Opposite_direction,Car(Quad/Passenger),Cyclist,Right_side,Avoiding_obstacle,0,,,,,,,,,,,,Not a holiday,0
4596,201600002791,2016,7,25,Daylight,Out_of_agglomeration,Out_of_intersection,Normal,Frontal_two_vehicles,Manual_entry,1.03563,45.1349,True,2016-07-25,16,30,16:30,Afternoon,False,Summer,0.0,0.0,0.0,Departmental_road,Bidirectional,Unknown,Unknown,Curve_right,Normal,Unknown,Unknown,Not_near_school,B02,Other/Unknown,Car(Quad/Passenger),Cyclist,Right_side,Straight_ahead,0,,,,,,,,,,,,Not a holiday,0
4597,201600002792,2016,8,3,Daylight,Built_up_area,Intersection_X,Normal,Side_two_vehicles,Manual_entry,0.87335,45.3061,True,2016-08-03,15,30,15:30,Afternoon,False,Summer,2.0,0.0,70.0,National_road,Bidirectional,Unknown,Flat,Straight,Normal,Roundabout,On_road,Not_near_school,B02,Other/Unknown,Motorcycle,Cyclist,Left_side,Straight_ahead,0,,,,,,,,,,,,Not a holiday,0
4598,201600002792,2016,8,3,Daylight,Built_up_area,Intersection_X,Normal,Side_two_vehicles,Manual_entry,0.87335,45.3061,True,2016-08-03,15,30,15:30,Afternoon,False,Summer,2.0,0.0,70.0,National_road,Bidirectional,Unknown,Flat,Straight,Normal,Roundabout,On_road,Not_near_school,A01,Opposite_direction,Car(Quad/Passenger),Cyclist,Right_side,Straight_ahead,0,,,,,,,,,,,,Not a holiday,0
4599,201600002793,2016,12,12,Night_without_public_lighting,Out_of_agglomeration,Out_of_intersection,Normal,Side_two_vehicles,Manual_entry,0.83744,45.2128,True,2016-12-12,18,45,18:45,Evening,False,Winter,0.0,0.0,49.0,Departmental_road,Bidirectional,Unknown,Flat,Straight,Normal,Bridge,On_road,Unknown,B02,Opposite_direction,Motorcycle,Cyclist,Front_left,Straight_ahead,0,,,,,,,,,,,,Not a holiday,0
4600,201600002793,2016,12,12,Night_without_public_lighting,Out_of_agglomeration,Out_of_intersection,Normal,Side_two_vehicles,Manual_entry,0.83744,45.2128,True,2016-12-12,18,45,18:45,Evening,False,Winter,0.0,0.0,49.0,Departmental_road,Bidirectional,Unknown,Flat,Straight,Normal,Bridge,On_road,Unknown,A01,Other/Unknown,Car(Quad/Passenger),Cyclist,Front_left,Straight_ahead,0,,,,,,,,,,,,Not a holiday,0
4601,201600002794,2016,3,27,Daylight,Out_of_agglomeration,Out_of_intersection,Cloudy,Other_collision,Manual_entry,0.36131,44.9064,True,2016-03-27,12,15,12:15,Afternoon,True,Spring,2.0,0.0,42.0,Departmental_road,Bidirectional,Unknown,Unknown,Curve_left,Wet,Unknown,On_verge,Unknown,A01,Other/Unknown,Car(Quad/Passenger),None,Right_side,Interaction,0,,,,,,,,,,,,Not a holiday,0
4602,201600002795,2016,9,10,Daylight,Out_of_agglomeration,Out_of_intersection,Normal,Multiple_three_plus,Manual_entry,0.35177,44.8585,True,2016-09-10,17,45,17:45,Evening,True,Autumn,0.0,0.0,71.0,Departmental_road,Bidirectional,Unknown,Unknown,Straight,Normal,Unknown,On_road,Unknown,B02,Opposite_direction,Motorcycle,Cyclist,Front,Straight_ahead,0,,,,,,,,,,,,Not a holiday,0
4603,201600002795,2016,9,10,Daylight,Out_of_agglomeration,Out_of_intersection,Normal,Multiple_three_plus,Manual_entry,0.35177,44.8585,True,2016-09-10,17,45,17:45,Evening,True,Autumn,0.0,0.0,71.0,Departmental_road,Bidirectional,Unknown,Unknown,Straight,Normal,Unknown,On_road,Unknown,C03,Opposite_direction,Car(Quad/Passenger),Cyclist,Rear_right,Straight_ahead,0,,,,,,,,,,,,Not a holiday,0
4604,201600002795,2016,9,10,Daylight,Out_of_agglomeration,Out_of_intersection,Normal,Multiple_three_plus,Manual_entry,0.35177,44.8585,True,2016-09-10,17,45,17:45,Evening,True,Autumn,0.0,0.0,71.0,Departmental_road,Bidirectional,Unknown,Unknown,Straight,Normal,Unknown,On_road,Unknown,A01,Opposite_direction,Motorcycle,Cyclist,Front,Straight_ahead,0,,,,,,,,,,,,Not a holiday,0
4605,201600002796,2016,10,10,Daylight,Out_of_agglomeration,Intersection_T,Normal,Side_two_vehicles,Manual_entry,0.38933,44.8533,True,2016-10-10,17,30,17:30,Evening,False,Autumn,2.0,0.0,73.0,Departmental_road,Bidirectional,Unknown,Flat,Straight,Normal,Unknown,On_road,Unknown,B02,Opposite_direction,Motorcycle,Cyclist,Front,Straight_ahead,0,,,,,,,,,,,,Not a holiday,0
4606,201600002796,2016,10,10,Daylight,Out_of_agglomeration,Intersection_T,Normal,Side_two_vehicles,Manual_entry,0.38933,44.8533,True,2016-10-10,17,30,17:30,Evening,False,Autumn,2.0,0.0,73.0,Departmental_road,Bidirectional,Unknown,Flat,Straight,Normal,Unknown,On_road,Unknown,A01,Same_direction,Car(Quad/Passenger),Cyclist,Front,Loss_of_control,0,,,,,,,,,,,,Not a holiday,0
4607,201600002797,2016,11,23,Night_without_public_lighting,Out_of_agglomeration,Out_of_intersection,Normal,Frontal_two_vehicles,Manual_entry,0.22345,44.8879,True,2016-11-23,7,15,07:15,Morning,False,Autumn,2.0,0.0,70.0,Departmental_road,Bidirectional,Unknown,Slope,Straight,Normal,Unknown,On_road,Not_near_school,B02,Other/Unknown,Cycle,Cyclist,Front,Straight_ahead,0,,,,,,,,,,,,Not a holiday,0
4608,201600002797,2016,11,23,Night_without_public_lighting,Out_of_agglomeration,Out_of_intersection,Normal,Frontal_two_vehicles,Manual_entry,0.22345,44.8879,True,2016-11-23,7,15,07:15,Morning,False,Autumn,2.0,0.0,70.0,Departmental_road,Bidirectional,Unknown,Slope,Straight,Normal,Unknown,On_road,Not_near_school,A01,Opposite_direction,Car(Quad/Passenger),Cyclist,Front_right,Park/Start/Stop,0,,,,,,,,,,,,Not a holiday,0
4609,201600002798,2016,12,2,Twilight_or_dawn,Out_of_agglomeration,Out_of_intersection,Normal,Frontal_two_vehicles,Manual_entry,0.54307,44.8852,True,2016-12-02,7,45,07:45,Morning,False,Winter,0.0,0.0,72.0,Departmental_road,Bidirectional,Unknown,Flat,Curve_left,Normal,Unknown,On_road,Unknown,A01,Opposite_direction,Car(Quad/Passenger),Cyclist,Front,Avoiding_obstacle,0,,,,,,,,,,,,Not a holiday,0
4610,201600002798,2016,12,2,Twilight_or_dawn,Out_of_agglomeration,Out_of_intersection,Normal,Frontal_two_vehicles,Manual_entry,0.54307,44.8852,True,2016-12-02,7,45,07:45,Morning,False,Winter,0.0,0.0,72.0,Departmental_road,Bidirectional,Unknown,Flat,Curve_left,Normal,Unknown,On_road,Unknown,B02,Other/Unknown,Utility(Truck/Agri),Cyclist,Front,Straight_ahead,0,,,,,,,,,,,,Not a holiday,0
4611,201600002799,2016,12,27,Daylight,Out_of_agglomeration,Out_of_intersection,Normal,Multiple_three_plus,Manual_entry,0.58339,44.9538,True,2016-12-27,15,0,15:00,Afternoon,False,Winter,0.0,0.0,72.0,National_road,Bidirectional,Unknown,Unknown,Straight,Normal,Unknown,On_road,Unknown,B02,Opposite_direction,Car(Quad/Passenger),Cyclist,Rear_left,Straight_ahead,0,,,,,,,,,,,,Not a holiday,0
4612,201600002799,2016,12,27,Daylight,Out_of_agglomeration,Out_of_intersection,Normal,Multiple_three_plus,Manual_entry,0.58339,44.9538,True,2016-12-27,15,0,15:00,Afternoon,False,Winter,0.0,0.0,72.0,National_road,Bidirectional,Unknown,Unknown,Straight,Normal,Unknown,On_road,Unknown,C03,Opposite_direction,Car(Quad/Passenger),Cyclist,Front,Straight_ahead,0,,,,,,,,,,,,Not a holiday,0
4613,201600002799,2016,12,27,Daylight,Out_of_agglomeration,Out_of_intersection,Normal,Multiple_three_plus,Manual_entry,0.58339,44.9538,True,2016-12-27,15,0,15:00,Afternoon,False,Winter,0.0,0.0,72.0,National_road,Bidirectional,Unknown,Unknown,Straight,Normal,Unknown,On_road,Unknown,A01,Other/Unknown,Car(Quad/Passenger),Cyclist,Front,Avoiding_obstacle,0,,,,,,,,,,,,Not a holiday,0
4614,201600002800,2016,7,12,Daylight,Built_up_area,Intersection_X,Cloudy,Side_two_vehicles,Manual_entry,0.91063,44.8521,True,2016-07-12,10,30,10:30,Morning,False,Summer,0.0,0.0,0.0,Departmental_road,Unknown,Unknown,Unknown,Unknown,Unknown,Unknown,Unknown,Not_near_school,A01,Opposite_direction,Motorcycle,None,No_impact,Roundabout,0,,,,,,,,,,,,Not a holiday,0