,accident_id,year,month,day,lighting_label,urban_label,intersection_label,weather_label,collision_label,gps_label,longitude_num,latitude_num,valid_geo,date,hour,minute,time_hhmm,time_of_day,is_weekend,season,num_lanes,pedestrian_crossing_width,road_width,road_category_label,traffic_regime_label,reserved_lane_label,road_profile_label,road_layout_label,surface_condition_label,infrastructure_label,situation_label,school_zone_label,vehicle_id,traffic_direction_label,vehicle_category_label,mobile_obstacle_label,impact_point_label,manoeuvre_label,occupants_group,birth_year,sex_label,user_category_label,injury_severity_label,seat_position_label,journey_purpose_label,pedestrian_location_label,pedestrian_action_label,pedestrian_state_label,safety_equipment_type,safety_equipment_usage,holiday_name,is_holiday
4615,201600002800,2016,7,12,Daylight,Built_up_area,Intersection_X,Cloudy,Side_two_vehicles,Manual_entry,0.91063,44.8521,True,2016-07-12,10,30,10:30,Morning,False,Summer,0.0,0.0,0.0,Departmental_road,Unknown,Unknown,Unknown,Unknown,Unknown,Unknown,Unknown,Not_near_school,B02,Opposite_direction,Motorcycle,Cyclist,Front,Straight_ahead,0,,,,,,,,,,,,Not a holiday,0
4616,201600002801,2016,9,16,Daylight,Built_up_area,Place,Normal,Other_collision,Manual_entry,0.82373,44.812,True,2016-09-16,8,45,08:45,Morning,False,Autumn,0.0,0.0,0.0,Parking_lot,Unknown,Unknown,Unknown,Unknown,Normal,Unknown,Unknown,Near_school,A01,Same_direction,Car(Quad/Passenger),Pedestrian,Front,None,0,,,,,,,,,,,,Not a holiday,0
4617,201600002802,2016,12,6,Daylight,Out_of_agglomeration,Out_of_intersection,Normal,Other_collision,Manual_entry,0.88823,44.8257,True,2016-12-06,10,15,10:15,Morning,False,Winter,2.0,0.0,6.0,Departmental_road,Bidirectional,Unknown,Unknown,Straight,Unknown,Roundabout,On_road,Not_near_school,B02,Opposite_direction,Cycle,other,Rear_right,Straight_ahead,0,,,,,,,,,,,,Not a holiday,0
4618,201600002802,2016,12,6,Daylight,Out_of_agglomeration,Out_of_intersection,Normal,Other_collision,Manual_entry,0.88823,44.8257,True,2016-12-06,10,15,10:15,Morning,False,Winter,2.0,0.0,6.0,Departmental_road,Bidirectional,Unknown,Unknown,Straight,Unknown,Roundabout,On_road,Not_near_school,A01,Opposite_direction,Car(Quad/Passenger),other,Front_right,Straight_ahead,0,,,,,,,,,,,,Not a holiday,0
4619,201600002803,2016,5,13,Daylight,Out_of_agglomeration,Out_of_intersection,Normal,Other_collision,Manual_entry,0.83922,44.7019,True,2016-05-13,13,30,13:30,Afternoon,False,Spring,2.0,0.0,60.0,Departmental_road,Bidirectional,Unknown,Flat,Curve_left,Wet,Unknown,On_verge,Not_near_school,A01,Opposite_direction,Motorcycle,None,Front_left,Straight_ahead,0,,,,,,,,,,,,Not a holiday,0
4620,201600002804,2016,6,11,Night_without_public_lighting,Out_of_agglomeration,Out_of_intersection,Normal,Other_collision,Manual_entry,0.88386,44.6962,True,2016-06-11,2,15,02:15,Night,True,Summer,2.0,0.0,58.0,Departmental_road,Bidirectional,Unknown,Unknown,Curve_right,Normal,Unknown,Unknown,Not_near_school,A01,Other/Unknown,Car(Quad/Passenger),None,Left_side,Straight_ahead,0,,,,,,,,,,,,Not a holiday,0
4621,201600002805,2016,5,14,Night_without_public_lighting,Out_of_agglomeration,Out_of_intersection,Normal,Other_collision,Manual_entry,0.82919,44.8627,True,2016-05-14,0,30,00:30,Night,True,Spring,0.0,47.0,0.0,Departmental_road,Bidirectional,Unknown,Flat,S-bend,Normal,Unknown,On_road,Not_near_school,A01,Same_direction,Car(Quad/Passenger),None,Front,Interaction,0,,,,,,,,,,,,Not a holiday,0
4622,201600002806,2016,8,26,Night_with_public_lighting_on,Built_up_area,Out_of_intersection,Normal,Rear_end_two_vehicles,Manual_entry,0.70279,44.8341,True,2016-08-26,22,30,22:30,Night,False,Summer,2.0,0.0,60.0,Departmental_road,Bidirectional,Unknown,Flat,Straight,Normal,Unknown,On_road,Not_near_school,B02,Other/Unknown,Motorcycle,None,Front,Straight_ahead,0,,,,,,,,,,,,Not a holiday,0
4623,201600002806,2016,8,26,Night_with_public_lighting_on,Built_up_area,Out_of_intersection,Normal,Rear_end_two_vehicles,Manual_entry,0.70279,44.8341,True,2016-08-26,22,30,22:30,Night,False,Summer,2.0,0.0,60.0,Departmental_road,Bidirectional,Unknown,Flat,Straight,Normal,Unknown,On_road,Not_near_school,A01,Same_direction,Car(Quad/Passenger),None,Rear_left,other,0,,,,,,,,,,,,Not a holiday,0
4624,201600002807,2016,6,13,Daylight,Out_of_agglomeration,Intersection_X,Normal,Frontal_two_vehicles,Manual_entry,0.43408,44.754,True,2016-06-13,16,0,16:00,Afternoon,False,Summer,2.0,0.0,54.0,Departmental_road,Bidirectional,Unknown,Slope,Straight,Wet,Unknown,On_road,Unknown,A01,Opposite_direction,Car(Quad/Passenger),Cyclist,Front_right,Loss_of_control,0,,,,,,,,,,,,Not a holiday,0
4625,201600002807,2016,6,13,Daylight,Out_of_agglomeration,Intersection_X,Normal,Frontal_two_vehicles,Manual_entry,0.43408,44.754,True,2016-06-13,16,0,16:00,Afternoon,False,Summer,2.0,0.0,54.0,Departmental_road,Bidirectional,Unknown,Slope,Straight,Wet,Unknown,On_road,Unknown,B02,Other/Unknown,Car(Quad/Passenger),Cyclist,Front,Straight_ahead,0,,,,,,,,,,,,Not a holiday,0
4626,201600002808,2016,8,21,Daylight,Out_of_agglomeration,Out_of_intersection,Normal,No_collision,Manual_entry,0.41947,44.6906,True,2016-08-21,18,45,18:45,Evening,True,Summer,1.0,0.0,40.0,Communal_way,Bidirectional,Unknown,Slope,Curve_right,Normal,Unknown,On_verge,Unknown,A01,Same_direction,Motorcycle,None,Left_side,Straight_ahead,0,,,,,,,,,,,,Not a holiday,0
4627,201600002809,2016,7,3,Daylight,Out_of_agglomeration,Out_of_intersection,Normal,Frontal_two_vehicles,Manual_entry,0.19907,44.8953,True,2016-07-03,19,45,19:45,Evening,True,Summer,2.0,0.0,47.0,Communal_way,Bidirectional,Unknown,Hilltop,Curve_right,Normal,Unknown,On_road,Not_near_school,A01,Same_direction,Car(Quad/Passenger),Cyclist,Front,Straight_ahead,0,,,,,,,,,,,,Not a holiday,0
4628,201600002809,2016,7,3,Daylight,Out_of_agglomeration,Out_of_intersection,Normal,Frontal_two_vehicles,Manual_entry,0.19907,44.8953,True,2016-07-03,19,45,19:45,Evening,True,Summer,2.0,0.0,47.0,Communal_way,Bidirectional,Unknown,Hilltop,Curve_right,Normal,Unknown,On_road,Not_near_school,B02,Same_direction,Car(Quad/Passenger),Cyclist,Front_right,Straight_ahead,0,,,,,,,,,,,,Not a holiday,0
4629,201600002810,2016,7,11,Daylight,Out_of_agglomeration,Out_of_intersection,Normal,Frontal_two_vehicles,Manual_entry,0.18671,44.915,True,2016-07-11,12,30,12:30,Afternoon,False,Summer,0.0,0.0,60.0,Departmental_road,Bidirectional,Unknown,Hilltop,Straight,Normal,Unknown,On_road,Not_near_school,B02,Other/Unknown,Car(Quad/Passenger),Cyclist,Front,Straight_ahead,0,,,,,,,,,,,,Not a holiday,0
4630,201600002810,2016,7,11,Daylight,Out_of_agglomeration,Out_of_intersection,Normal,Frontal_two_vehicles,Manual_entry,0.18671,44.915,True,2016-07-11,12,30,12:30,Afternoon,False,Summer,0.0,0.0,60.0,Departmental_road,Bidirectional,Unknown,Hilltop,Straight,Normal,Unknown,On_road,Not_near_school,A01,Opposite_direction,Car(Quad/Passenger),Cyclist,Front,Avoiding_obstacle,0,,,,,,,,,,,,Not a holiday,0
4631,201600002811,2016,9,11,Daylight,Out_of_agglomeration,Out_of_intersection,Dazzling,Frontal_two_vehicles,Manual_entry,0.03291,44.9486,True,2016-09-11,19,45,19:45,Evening,True,Autumn,2.0,0.0,46.0,Departmental_road,Bidirectional,Unknown,Unknown,Curve_right,Normal,Unknown,On_road,Not_near_school,B02,Other/Unknown,Car(Quad/Passenger),Cyclist,Right_side,Straight_ahead,0,,,,,,,,,,,,Not a holiday,0
4632,201600002811,2016,9,11,Daylight,Out_of_agglomeration,Out_of_intersection,Dazzling,Frontal_two_vehicles,Manual_entry,0.03291,44.9486,True,2016-09-11,19,45,19:45,Evening,True,Autumn,2.0,0.0,46.0,Departmental_road,Bidirectional,Unknown,Unknown,Curve_right,Normal,Unknown,On_road,Not_near_school,A01,Opposite_direction,Motorcycle,Cyclist,Front,Straight_ahead,0,,,,,,,,,,,,Not a holiday,0
4633,201600002812,2016,12,24,Daylight,Out_of_agglomeration,Out_of_intersection,Light_rain,Frontal_two_vehicles,Manual_entry,0.1827,44.9439,True,2016-12-24,11,45,11:45,Morning,True,Winter,0.0,0.0,70.0,Departmental_road,Bidirectional,Unknown,Unknown,Curve_right,Oil,Unknown,On_road,Not_near_school,A01,Other/Unknown,Car(Quad/Passenger),Cyclist,Front,Avoiding_obstacle,0,,,,,,,,,,,,Not a holiday,0
4634,201600002812,2016,12,24,Daylight,Out_of_agglomeration,Out_of_intersection,Light_rain,Frontal_two_vehicles,Manual_entry,0.1827,44.9439,True,2016-12-24,11,45,11:45,Morning,True,Winter,0.0,0.0,70.0,Departmental_road,Bidirectional,Unknown,Unknown,Curve_right,Oil,Unknown,On_road,Not_near_school,B02,Opposite_direction,Car(Quad/Passenger),Cyclist,Front,Straight_ahead,0,,,,,,,,,,,,Not a holiday,0
4635,201600002813,2016,1,12,Daylight,Built_up_area,Intersection_T,Light_rain,Side_two_vehicles,Manual_entry,0.74725,45.4907,True,2016-01-12,13,30,13:30,Afternoon,False,Winter,2.0,0.0,60.0,Departmental_road,Bidirectional,Unknown,Flat,Straight,Wet,Unknown,On_road,Not_near_school,A01,Other/Unknown,Car(Quad/Passenger),Cyclist,Front_right,Roundabout,0,,,,,,,,,,,,Not a holiday,0
4636,201600002813,2016,1,12,Daylight,Built_up_area,Intersection_T,Light_rain,Side_two_vehicles,Manual_entry,0.74725,45.4907,True,2016-01-12,13,30,13:30,Afternoon,False,Winter,2.0,0.0,60.0,Departmental_road,Bidirectional,Unknown,Flat,Straight,Wet,Unknown,On_road,Not_near_school,B02,Opposite_direction,Car(Quad/Passenger),Cyclist,Front,None,0,,,,,,,,,,,,Not a holiday,0
4637,201600002814,2016,1,13,Night_without_public_lighting,Out_of_agglomeration,Out_of_intersection,Other,Other_collision,Manual_entry,0.65337,45.5091,True,2016-01-13,5,30,05:30,Morning,False,Winter,2.0,0.0,60.0,Departmental_road,Bidirectional,Unknown,Slope,Curve_left,Icy,Unknown,On_verge,Not_near_school,A01,Opposite_direction,Car(Quad/Passenger),None,Front,Straight_ahead,0,,,,,,,,,,,,Not a holiday,0
4638,201600002815,2016,11,6,Daylight,Out_of_agglomeration,Out_of_intersection,Normal,No_collision,Manual_entry,0.66888,45.6106,True,2016-11-06,14,30,14:30,Afternoon,True,Autumn,1.0,0.0,45.0,Communal_way,One_way,Unknown,Unknown,Straight,Normal,Unknown,On_road,Not_near_school,A01,Same_direction,Cycle,None,Front_right,Roundabout,0,,,,,,,,,,,,Not a holiday,0
4639,201600002816,2016,11,16,Night_without_public_lighting,Out_of_agglomeration,Out_of_intersection,Normal,Frontal_two_vehicles,Manual_entry,0.69777,45.5196,True,2016-11-16,18,45,18:45,Evening,False,Autumn,2.0,0.0,65.0,Departmental_road,Bidirectional,Unknown,Slope,Curve_right,Normal,Unknown,On_road,Unknown,B02,Other/Unknown,Car(Quad/Passenger),Cyclist,Front,None,0,,,,,,,,,,,,Not a holiday,0
4640,201600002816,2016,11,16,Night_without_public_lighting,Out_of_agglomeration,Out_of_intersection,Normal,Frontal_two_vehicles,Manual_entry,0.69777,45.5196,True,2016-11-16,18,45,18:45,Evening,False,Autumn,2.0,0.0,65.0,Departmental_road,Bidirectional,Unknown,Slope,Curve_right,Normal,Unknown,On_road,Unknown,A01,Opposite_direction,Car(Quad/Passenger),Cyclist,Front,Reversing,0,,,,,,,,,,,,Not a holiday,0
4641,201600002817,2016,12,16,Night_without_public_lighting,Out_of_agglomeration,Out_of_intersection,Other,Other_collision,Manual_entry,0.5453,45.5777,True,2016-12-16,3,15,03:15,Night,False,Winter,2.0,0.0,60.0,Departmental_road,Bidirectional,Unknown,Unknown,Curve_left,Normal,Unknown,On_verge,Not_near_school,A01,Opposite_direction,Car(Quad/Passenger),None,Front,Straight_ahead,0,,,,,,,,,,,,Not a holiday,0
4642,201600002818,2016,1,6,Night_with_public_lighting_on,Built_up_area,Intersection_Y,Light_rain,Side_two_vehicles,Manual_entry,0.9173,45.4151,True,2016-01-06,18,0,18:00,Evening,False,Winter,2.0,0.0,0.0,Departmental_road,Bidirectional,Unknown,Flat,Curve_left,Wet,Unknown,On_road,Not_near_school,B02,Other/Unknown,Cycle,Cyclist,Front_left,Straight_ahead,0,,,,,,,,,,,,Not a holiday,0
4643,201600002818,2016,1,6,Night_with_public_lighting_on,Built_up_area,Intersection_Y,Light_rain,Side_two_vehicles,Manual_entry,0.9173,45.4151,True,2016-01-06,18,0,18:00,Evening,False,Winter,2.0,0.0,0.0,Departmental_road,Bidirectional,Unknown,Flat,Curve_left,Wet,Unknown,On_road,Not_near_school,A01,Same_direction,Car(Quad/Passenger),Cyclist,Front_right,Roundabout,0,,,,,,,,,,,,Not a holiday,0
4644,201600002819,2016,6,9,Daylight,Out_of_agglomeration,Out_of_intersection,Normal,Frontal_two_vehicles,Manual_entry,1.09281,45.4979,True,2016-06-09,18,45,18:45,Evening,False,Summer,2.0,0.0,80.0,Departmental_road,Bidirectional,Unknown,Flat,Curve_left,Normal,Unknown,On_road,Not_near_school,A01,Other/Unknown,Car(Quad/Passenger),Cyclist,Front_left,Loss_of_control,0,,,,,,,,,,,,Not a holiday,0
4645,201600002819,2016,6,9,Daylight,Out_of_agglomeration,Out_of_intersection,Normal,Frontal_two_vehicles,Manual_entry,1.09281,45.4979,True,2016-06-09,18,45,18:45,Evening,False,Summer,2.0,0.0,80.0,Departmental_road,Bidirectional,Unknown,Flat,Curve_left,Normal,Unknown,On_road,Not_near_school,B02,Opposite_direction,Car(Quad/Passenger),Cyclist,Right_side,Straight_ahead,0,,,,,,,,,,,,Not a holiday,0
4646,201600002820,2016,7,3,Night_without_public_lighting,Out_of_agglomeration,Out_of_intersection,Normal,Other_collision,Manual_entry,0.94415,45.4899,True,2016-07-03,0,1,00:01,Night,True,Summer,2.0,0.0,70.0,National_road,Bidirectional,Unknown,Flat,Curve_left,Normal,Unknown,On_verge,Not_near_school,A01,Opposite_direction,Car(Quad/Passenger),None,Rear,Straight_ahead,0,,,,,,,,,,,,Not a holiday,0
4647,201600002821,2016,7,23,Daylight,Out_of_agglomeration,Out_of_intersection,Normal,Other_collision,Manual_entry,1.12514,45.3514,True,2016-07-23,10,30,10:30,Morning,True,Summer,2.0,0.0,59.0,Departmental_road,Bidirectional,Unknown,Flat,Curve_left,Other,Unknown,On_verge,Not_near_school,A01,Other/Unknown,Car(Quad/Passenger),None,Right_side,Straight_ahead,0,,,,,,,,,,,,Not a holiday,0
4648,201600002822,2016,9,14,Daylight,Out_of_agglomeration,Out_of_intersection,Heavy_rain,Other_collision,Manual_entry,0.97544,45.5659,True,2016-09-14,16,15,16:15,Afternoon,False,Autumn,2.0,0.0,0.0,National_road,Bidirectional,Unknown,Unknown,Straight,Wet,Unknown,On_verge,Not_near_school,A01,Other/Unknown,Utility(Truck/Agri),None,Front,None,0,,,,,,,,,,,,Not a holiday,0
4649,201600002823,2016,9,30,Daylight,Out_of_agglomeration,Out_of_intersection,Normal,Other_collision,Manual_entry,1.21212,45.4399,True,2016-09-30,14,45,14:45,Afternoon,False,Autumn,2.0,0.0,43.0,Departmental_road,Bidirectional,Unknown,Unknown,Straight,Normal,Unknown,On_verge,Unknown,A01,Other/Unknown,Car(Quad/Passenger),None,Left_side,Straight_ahead,0,,,,,,,,,,,,Not a holiday,0
4650,201600002824,2016,2,3,Night_without_public_lighting,Out_of_agglomeration,Out_of_intersection,Normal,Other_collision,Manual_entry,0.45892,45.194,True,2016-02-03,21,30,21:30,Night,False,Winter,2.0,0.0,52.0,Departmental_road,Bidirectional,Unknown,Slope,Straight,Normal,Unknown,On_verge,Not_near_school,A01,Other/Unknown,Car(Quad/Passenger),None,Front_left,Straight_ahead,0,,,,,,,,,,,,Not a holiday,0
4651,201600002825,2016,7,6,Daylight,Built_up_area,Out_of_intersection,Dazzling,Side_two_vehicles,Manual_entry,0.34931,45.2538,True,2016-07-06,18,15,18:15,Evening,False,Summer,2.0,63.0,0.0,other,Unknown,Unknown,Flat,Straight,Unknown,Unknown,On_road,Not_near_school,A01,Same_direction,Motorcycle,Cyclist,Front,Straight_ahead,0,,,,,,,,,,,,Not a holiday,0
4652,201600002825,2016,7,6,Daylight,Built_up_area,Out_of_intersection,Dazzling,Side_two_vehicles,Manual_entry,0.34931,45.2538,True,2016-07-06,18,15,18:15,Evening,False,Summer,2.0,63.0,0.0,other,Unknown,Unknown,Flat,Straight,Unknown,Unknown,On_road,Not_near_school,B02,Same_direction,Bus/Coach,None,Left_side,Roundabout,0,,,,,,,,,,,,Not a holiday,0
4653,201600002826,2016,7,18,Daylight,Out_of_agglomeration,Out_of_intersection,Normal,Frontal_two_vehicles,Manual_entry,0.27191,45.1968,True,2016-07-18,19,0,19:00,Evening,False,Summer,2.0,0.0,0.0,Departmental_road,Bidirectional,Unknown,Flat,Curve_left,Normal,Unknown,On_road,Unknown,A01,Other/Unknown,Car(Quad/Passenger),Cyclist,Front_right,Avoiding_obstacle,0,,,,,,,,,,,,Not a holiday,0
4654,201600002826,2016,7,18,Daylight,Out_of_agglomeration,Out_of_intersection,Normal,Frontal_two_vehicles,Manual_entry,0.27191,45.1968,True,2016-07-18,19,0,19:00,Evening,False,Summer,2.0,0.0,0.0,Departmental_road,Bidirectional,Unknown,Flat,Curve_left,Normal,Unknown,On_road,Unknown,B02,Opposite_direction,Car(Quad/Passenger),Cyclist,Front,Straight_ahead,0,,,,,,,,,,,,Not a holiday,0
4655,201600002827,2016,7,12,Daylight,Built_up_area,Place,Normal,Other_collision,Manual_entry,0.34009,45.2468,True,2016-07-12,15,30,15:30,Afternoon,False,Summer,0.0,0.0,0.0,Departmental_road,Bidirectional,Unknown,Flat,Straight,Normal,Unknown,On_road,Not_near_school,A01,Same_direction,Car(Quad/Passenger),Pedestrian,Rear_right,Loss_of_control,0,,,,,,,,,,,,Not a holiday,0
4656,201600002828,2016,7,30,Daylight,Out_of_agglomeration,Intersection_X,Normal,Side_two_vehicles,Manual_entry,0.38529,45.3938,True,2016-07-30,19,0,19:00,Evening,True,Summer,2.0,0.0,0.0,Departmental_road,Bidirectional,Unknown,Hilltop,Straight,Normal,Unknown,On_road,Not_near_school,B02,Other/Unknown,Car(Quad/Passenger),None,Left_side,Loss_of_control,0,,,,,,,,,,,,Not a holiday,0
4657,201600002828,2016,7,30,Daylight,Out_of_agglomeration,Intersection_X,Normal,Side_two_vehicles,Manual_entry,0.38529,45.3938,True,2016-07-30,19,0,19:00,Evening,True,Summer,2.0,0.0,0.0,Departmental_road,Bidirectional,Unknown,Hilltop,Straight,Normal,Unknown,On_road,Not_near_school,A01,Other/Unknown,Car(Quad/Passenger),Cyclist,Front,Straight_ahead,0,,,,,,,,,,,,Not a holiday,0
4658,201600002829,2016,8,7,Daylight,Out_of_agglomeration,Out_of_intersection,Normal,No_collision,Manual_entry,0.31764,45.2338,True,2016-08-07,17,45,17:45,Evening,True,Summer,2.0,0.0,0.0,Departmental_road,Bidirectional,Unknown,Slope,Curve_left,Normal,Unknown,On_road,Unknown,A01,Other/Unknown,Motorcycle,None,No_impact,Straight_ahead,0,,,,,,,,,,,,Not a holiday,0
4659,201600002830,2016,8,28,Night_without_public_lighting,Out_of_agglomeration,Intersection_X,Normal,Side_two_vehicles,Manual_entry,0.36723,45.1998,True,2016-08-28,21,30,21:30,Night,True,Summer,0.0,0.0,0.0,Departmental_road,Unknown,Unknown,Unknown,Unknown,Unknown,Unknown,Unknown,Not_near_school,A01,Other/Unknown,Car(Quad/Passenger),None,Front,None,0,,,,,,,,,,,,Not a holiday,0
4660,201600002830,2016,8,28,Night_without_public_lighting,Out_of_agglomeration,Intersection_X,Normal,Side_two_vehicles,Manual_entry,0.36723,45.1998,True,2016-08-28,21,30,21:30,Night,True,Summer,0.0,0.0,0.0,Departmental_road,Unknown,Unknown,Unknown,Unknown,Unknown,Unknown,Unknown,Not_near_school,B02,Opposite_direction,Car(Quad/Passenger),None,Left_side,Straight_ahead,0,,,,,,,,,,,,Not a holiday,0
4661,201600002831,2016,9,16,Daylight,Built_up_area,Out_of_intersection,Cloudy,Other_collision,Manual_entry,0.50402,45.2564,True,2016-09-16,11,45,11:45,Morning,False,Autumn,2.0,0.0,95.0,Departmental_road,Bidirectional,Unknown,Flat,Curve_right,Normal,Unknown,On_road,Unknown,A01,Opposite_direction,Car(Quad/Passenger),Pedestrian,Front_right,Straight_ahead,0,,,,,,,,,,,,Not a holiday,0
4662,201600002832,2016,10,31,Daylight,Out_of_agglomeration,Out_of_intersection,Normal,Other_collision,Manual_entry,0.37094,45.243,True,2016-10-31,13,30,13:30,Afternoon,False,Autumn,2.0,0.0,50.0,Communal_way,Bidirectional,Unknown,Hilltop,Curve_left,Wet,Unknown,On_road,Unknown,A01,Same_direction,Motorcycle,None,Front,Straight_ahead,0,,,,,,,,,,,,Not a holiday,0
4663,201600002833,2016,10,31,Daylight,Out_of_agglomeration,Out_of_intersection,Normal,Frontal_two_vehicles,Manual_entry,0.41401,45.2552,True,2016-10-31,16,15,16:15,Afternoon,False,Autumn,2.0,0.0,70.0,Departmental_road,Bidirectional,Unknown,Flat,Straight,Normal,Unknown,On_road,Unknown,B02,Other/Unknown,Car(Quad/Passenger),Cyclist,Right_side,other,0,,,,,,,,,,,,Not a holiday,0
4664,201600002833,2016,10,31,Daylight,Out_of_agglomeration,Out_of_intersection,Normal,Frontal_two_vehicles,Manual_entry,0.41401,45.2552,True,2016-10-31,16,15,16:15,Afternoon,False,Autumn,2.0,0.0,70.0,Departmental_road,Bidirectional,Unknown,Flat,Straight,Normal,Unknown,On_road,Unknown,A01,Opposite_direction,Car(Quad/Passenger),Cyclist,Right_side,Avoiding_obstacle,0,,,,,,,,,,,,Not a holiday,0
4665,201600002834,2016,12,27,Daylight,Out_of_agglomeration,Out_of_intersection,Normal,Multiple_three_plus,Manual_entry,0.36127,45.3034,True,2016-12-27,14,45,14:45,Afternoon,False,Winter,2.0,0.0,0.0,Departmental_road,Bidirectional,Unknown,Flat,Curve_right,Unknown,Unknown,On_road,Unknown,A01,Opposite_direction,Car(Quad/Passenger),Cyclist,Right_side,Reversing,0,,,,,,,,,,,,Not a holiday,0
4666,201600002834,2016,12,27,Daylight,Out_of_agglomeration,Out_of_intersection,Normal,Multiple_three_plus,Manual_entry,0.36127,45.3034,True,2016-12-27,14,45,14:45,Afternoon,False,Winter,2.0,0.0,0.0,Departmental_road,Bidirectional,Unknown,Flat,Curve_right,Unknown,Unknown,On_road,Unknown,C03,Other/Unknown,Car(Quad/Passenger),Cyclist,Front,Straight_ahead,0,,,,,,,,,,,,Not a holiday,0
4667,201600002834,2016,12,27,Daylight,Out_of_agglomeration,Out_of_intersection,Normal,Multiple_three_plus,Manual_entry,0.36127,45.3034,True,2016-12-27,14,45,14:45,Afternoon,False,Winter,2.0,0.0,0.0,Departmental_road,Bidirectional,Unknown,Flat,Curve_right,Unknown,Unknown,On_road,Unknown,B02,Other/Unknown,Car(Quad/Passenger),Cyclist,Right_side,Interaction,0,,,,,,,,,,,,Not a holiday,0
4668,201600002835,2016,1,29,Night_with_public_lighting_on,Built_up_area,Out_of_intersection,Normal,Other_collision,Manual_entry,0.39455,45.0515,True,2016-01-29,18,45,18:45,Evening,False,Winter,0.0,0.0,77.0,Departmental_road,Bidirectional,Unknown,Unknown,Straight,Normal,Unknown,On_road,Unknown,A01,Other/Unknown,Car(Quad/Passenger),Pedestrian,Front_right,Straight_ahead,0,,,,,,,,,,,,Not a holiday,0
4669,201600002836,2016,2,12,Night_with_public_lighting_on,Built_up_area,Intersection_T,Heavy_rain,Multiple_three_plus,Manual_entry,0.16316,45.0098,True,2016-02-12,7,45,07:45,Morning,False,Winter,2.0,0.0,0.0,Departmental_road,Unknown,Unknown,Flat,Straight,Wet,Roundabout,On_road,Unknown,A01,Opposite_direction,Cycle,None,Left_side,Roundabout,0,,,,,,,,,,,,Not a holiday,0
4670,201600002836,2016,2,12,Night_with_public_lighting_on,Built_up_area,Intersection_T,Heavy_rain,Multiple_three_plus,Manual_entry,0.16316,45.0098,True,2016-02-12,7,45,07:45,Morning,False,Winter,2.0,0.0,0.0,Departmental_road,Unknown,Unknown,Flat,Straight,Wet,Roundabout,On_road,Unknown,B02,Other/Unknown,Car(Quad/Passenger),None,Front_right,Straight_ahead,0,,,,,,,,,,,,Not a holiday,0
4671,201600002836,2016,2,12,Night_with_public_lighting_on,Built_up_area,Intersection_T,Heavy_rain,Multiple_three_plus,Manual_entry,0.16316,45.0098,True,2016-02-12,7,45,07:45,Morning,False,Winter,2.0,0.0,0.0,Departmental_road,Unknown,Unknown,Flat,Straight,Wet,Roundabout,On_road,Unknown,C03,Same_direction,Car(Quad/Passenger),None,No_impact,other,0,,,,,,,,,,,,Not a holiday,0
4672,201600002837,2016,3,2,Daylight,Built_up_area,Out_of_intersection,Normal,Other_collision,Manual_entry,0.16504,45.0093,True,2016-03-02,10,0,10:00,Morning,False,Spring,0.0,17.0,60.0,Departmental_road,Bidirectional,Unknown,Flat,Straight,Normal,Unknown,On_road,Unknown,A01,Same_direction,Car(Quad/Passenger),Pedestrian,Front,Straight_ahead,0,,,,,,,,,,,,Not a holiday,0
4673,201600002838,2016,5,23,Daylight,Out_of_agglomeration,Out_of_intersection,Light_rain,Multiple_three_plus,Manual_entry,0.38085,45.0413,True,2016-05-23,13,0,13:00,Afternoon,False,Spring,2.0,0.0,70.0,Departmental_road,Bidirectional,Unknown,Slope,Curve_left,Wet,Unknown,On_road,Not_near_school,C03,Other/Unknown,Cycle,Cyclist,Front,Straight_ahead,0,,,,,,,,,,,,Not a holiday,0
4674,201600002838,2016,5,23,Daylight,Out_of_agglomeration,Out_of_intersection,Light_rain,Multiple_three_plus,Manual_entry,0.38085,45.0413,True,2016-05-23,13,0,13:00,Afternoon,False,Spring,2.0,0.0,70.0,Departmental_road,Bidirectional,Unknown,Slope,Curve_left,Wet,Unknown,On_road,Not_near_school,A01,Opposite_direction,Car(Quad/Passenger),Cyclist,Rear,Loss_of_control,0,,,,,,,,,,,,Not a holiday,0
4675,201600002838,2016,5,23,Daylight,Out_of_agglomeration,Out_of_intersection,Light_rain,Multiple_three_plus,Manual_entry,0.38085,45.0413,True,2016-05-23,13,0,13:00,Afternoon,False,Spring,2.0,0.0,70.0,Departmental_road,Bidirectional,Unknown,Slope,Curve_left,Wet,Unknown,On_road,Not_near_school,B02,Other/Unknown,Cycle,Cyclist,Front,Straight_ahead,0,,,,,,,,,,,,Not a holiday,0
4676,201600002839,2016,8,3,Daylight,Built_up_area,Out_of_intersection,Normal,Other_collision,Manual_entry,0.16032,45.0099,True,2016-08-03,10,20,10:20,Morning,False,Summer,2.0,0.0,70.0,Departmental_road,Bidirectional,Unknown,Flat,Straight,Normal,Unknown,On_road,Unknown,A01,Opposite_direction,Car(Quad/Passenger),Pedestrian,Front_left,Straight_ahead,0,,,,,,,,,,,,Not a holiday,0