,accident_id,year,month,day,lighting_label,urban_label,intersection_label,weather_label,collision_label,gps_label,longitude_num,latitude_num,valid_geo,date,hour,minute,time_hhmm,time_of_day,is_weekend,season,num_lanes,pedestrian_crossing_width,road_width,road_category_label,traffic_regime_label,reserved_lane_label,road_profile_label,road_layout_label,surface_condition_label,infrastructure_label,situation_label,school_zone_label,vehicle_id,traffic_direction_label,vehicle_category_label,mobile_obstacle_label,impact_point_label,manoeuvre_label,occupants_group,birth_year,sex_label,user_category_label,injury_severity_label,seat_position_label,journey_purpose_label,pedestrian_location_label,pedestrian_action_label,pedestrian_state_label,safety_equipment_type,safety_equipment_usage,holiday_name,is_holiday
4677,201600002840,2016,8,4,Daylight,Out_of_agglomeration,Out_of_intersection,Light_rain,Frontal_two_vehicles,Manual_entry,0.15467,45.0441,True,2016-08-04,17,0,17:00,Evening,False,Summer,0.0,0.0,60.0,Departmental_road,Bidirectional,Unknown,Slope,Curve_right,Wet,Unknown,On_road,Not_near_school,A01,Opposite_direction,Car(Quad/Passenger),Cyclist,Front,Straight_ahead,0,,,,,,,,,,,,Not a holiday,0
4678,201600002840,2016,8,4,Daylight,Out_of_agglomeration,Out_of_intersection,Light_rain,Frontal_two_vehicles,Manual_entry,0.15467,45.0441,True,2016-08-04,17,0,17:00,Evening,False,Summer,0.0,0.0,60.0,Departmental_road,Bidirectional,Unknown,Slope,Curve_right,Wet,Unknown,On_road,Not_near_school,B02,Other/Unknown,Car(Quad/Passenger),Cyclist,Front,Straight_ahead,0,,,,,,,,,,,,Not a holiday,0
4679,201600002841,2016,8,23,Daylight,Out_of_agglomeration,Out_of_intersection,Dazzling,Frontal_two_vehicles,Manual_entry,0.35612,44.9974,True,2016-08-23,20,30,20:30,Evening,False,Summer,1.0,0.0,0.0,Communal_way,Bidirectional,Unknown,Flat,Straight,Normal,Unknown,On_road,Unknown,A01,Same_direction,Car(Quad/Passenger),Cyclist,Right_side,None,0,,,,,,,,,,,,Not a holiday,0
4680,201600002841,2016,8,23,Daylight,Out_of_agglomeration,Out_of_intersection,Dazzling,Frontal_two_vehicles,Manual_entry,0.35612,44.9974,True,2016-08-23,20,30,20:30,Evening,False,Summer,1.0,0.0,0.0,Communal_way,Bidirectional,Unknown,Flat,Straight,Normal,Unknown,On_road,Unknown,B02,Same_direction,Motorcycle,Cyclist,Front_left,None,0,,,,,,,,,,,,Not a holiday,0
4681,201600002842,2016,8,24,Daylight,Out_of_agglomeration,Out_of_intersection,Normal,Side_two_vehicles,Manual_entry,0.32876,45.034,True,2016-08-24,17,45,17:45,Evening,False,Summer,2.0,0.0,0.0,Departmental_road,Bidirectional,Unknown,Flat,Straight,Normal,Unknown,On_road,Unknown,B02,Opposite_direction,Motorcycle,Cyclist,Front,Straight_ahead,0,,,,,,,,,,,,Not a holiday,0
4682,201600002842,2016,8,24,Daylight,Out_of_agglomeration,Out_of_intersection,Normal,Side_two_vehicles,Manual_entry,0.32876,45.034,True,2016-08-24,17,45,17:45,Evening,False,Summer,2.0,0.0,0.0,Departmental_road,Bidirectional,Unknown,Flat,Straight,Normal,Unknown,On_road,Unknown,A01,Other/Unknown,Car(Quad/Passenger),Cyclist,Rear_left,Loss_of_control,0,,,,,,,,,,,,Not a holiday,0
4683,201600002843,2016,9,13,Daylight,Out_of_agglomeration,Out_of_intersection,Normal,Side_two_vehicles,Manual_entry,0.23399,44.9983,True,2016-09-13,10,45,10:45,Morning,False,Autumn,2.0,0.0,60.0,Departmental_road,Bidirectional,Unknown,Flat,S-bend,Normal,Unknown,On_road,Not_near_school,A01,Same_direction,Car(Quad/Passenger),other,Front,Roundabout,0,,,,,,,,,,,,Not a holiday,0
4684,201600002843,2016,9,13,Daylight,Out_of_agglomeration,Out_of_intersection,Normal,Side_two_vehicles,Manual_entry,0.23399,44.9983,True,2016-09-13,10,45,10:45,Morning,False,Autumn,2.0,0.0,60.0,Departmental_road,Bidirectional,Unknown,Flat,S-bend,Normal,Unknown,On_road,Not_near_school,B02,Same_direction,Cycle,Cyclist,Front,Straight_ahead,0,,,,,,,,,,,,Not a holiday,0
4685,201600002844,2016,3,8,Daylight,Out_of_agglomeration,Intersection_X,Normal,Frontal_two_vehicles,Manual_entry,0.11686,45.0131,True,2016-03-08,15,0,15:00,Afternoon,False,Spring,0.0,50.0,60.0,Departmental_road,Separated_carriageways,Unknown,Flat,Straight,Normal,Roundabout,On_road,Unknown,B02,Opposite_direction,Motorcycle,Cyclist,Front,Straight_ahead,0,,,,,,,,,,,,Not a holiday,0
4686,201600002844,2016,3,8,Daylight,Out_of_agglomeration,Intersection_X,Normal,Frontal_two_vehicles,Manual_entry,0.11686,45.0131,True,2016-03-08,15,0,15:00,Afternoon,False,Spring,0.0,50.0,60.0,Departmental_road,Separated_carriageways,Unknown,Flat,Straight,Normal,Roundabout,On_road,Unknown,A01,Opposite_direction,Utility(Truck/Agri),None,Rear_left,Turning,0,,,,,,,,,,,,Not a holiday,0
4687,201600002845,2016,5,31,Daylight,Out_of_agglomeration,Intersection_T,Normal,Frontal_two_vehicles,Manual_entry,0.10568,45.014,True,2016-05-31,12,45,12:45,Afternoon,False,Spring,2.0,0.0,0.0,Departmental_road,Bidirectional,Unknown,Flat,Straight,Unknown,Unknown,Unknown,Not_near_school,A01,Opposite_direction,Car(Quad/Passenger),Cyclist,Front_left,Loss_of_control,0,,,,,,,,,,,,Not a holiday,0
4688,201600002845,2016,5,31,Daylight,Out_of_agglomeration,Intersection_T,Normal,Frontal_two_vehicles,Manual_entry,0.10568,45.014,True,2016-05-31,12,45,12:45,Afternoon,False,Spring,2.0,0.0,0.0,Departmental_road,Bidirectional,Unknown,Flat,Straight,Unknown,Unknown,Unknown,Not_near_school,B02,Opposite_direction,Car(Quad/Passenger),Cyclist,Front,Straight_ahead,0,,,,,,,,,,,,Not a holiday,0
4689,201600002846,2016,1,17,Daylight,Out_of_agglomeration,Out_of_intersection,Normal,Frontal_two_vehicles,Manual_entry,-0.00221,45.1405,True,2016-01-17,12,15,12:15,Afternoon,True,Winter,2.0,0.0,70.0,Departmental_road,Bidirectional,Unknown,Unknown,Straight,Normal,Unknown,On_road,Unknown,B02,Opposite_direction,Car(Quad/Passenger),Cyclist,Front,Straight_ahead,0,,,,,,,,,,,,Not a holiday,0
4690,201600002846,2016,1,17,Daylight,Out_of_agglomeration,Out_of_intersection,Normal,Frontal_two_vehicles,Manual_entry,-0.00221,45.1405,True,2016-01-17,12,15,12:15,Afternoon,True,Winter,2.0,0.0,70.0,Departmental_road,Bidirectional,Unknown,Unknown,Straight,Normal,Unknown,On_road,Unknown,A01,Other/Unknown,Car(Quad/Passenger),Cyclist,Front,Avoiding_obstacle,0,,,,,,,,,,,,Not a holiday,0
4691,201600002847,2016,1,25,Daylight,Out_of_agglomeration,Out_of_intersection,Normal,No_collision,Manual_entry,0.08313,45.1681,True,2016-01-25,14,30,14:30,Afternoon,False,Winter,2.0,0.0,69.0,Departmental_road,Bidirectional,Unknown,Flat,Straight,Normal,Unknown,On_verge,Not_near_school,A01,Opposite_direction,Motorcycle,None,Multiple impacts,Straight_ahead,0,,,,,,,,,,,,Not a holiday,0
4692,201600002848,2016,3,5,Night_without_public_lighting,Out_of_agglomeration,Out_of_intersection,Light_rain,No_collision,Manual_entry,1.25562,44.8576,True,2016-03-05,5,45,05:45,Morning,True,Spring,2.0,0.0,65.0,Departmental_road,Bidirectional,Unknown,Flat,Curve_right,Wet,Unknown,On_verge,Not_near_school,A01,Other/Unknown,Car(Quad/Passenger),None,Multiple impacts,Straight_ahead,0,,,,,,,,,,,,Not a holiday,0
4693,201600002849,2016,7,2,Daylight,Out_of_agglomeration,Out_of_intersection,Normal,Frontal_two_vehicles,Manual_entry,1.14118,44.9291,True,2016-07-02,11,45,11:45,Morning,True,Summer,1.0,0.0,35.0,Departmental_road,Bidirectional,Unknown,Flat,Straight,Normal,Unknown,On_road,Unknown,A01,Opposite_direction,Car(Quad/Passenger),Cyclist,Right_side,Straight_ahead,0,,,,,,,,,,,,Not a holiday,0
4694,201600002849,2016,7,2,Daylight,Out_of_agglomeration,Out_of_intersection,Normal,Frontal_two_vehicles,Manual_entry,1.14118,44.9291,True,2016-07-02,11,45,11:45,Morning,True,Summer,1.0,0.0,35.0,Departmental_road,Bidirectional,Unknown,Flat,Straight,Normal,Unknown,On_road,Unknown,B02,Other/Unknown,Car(Quad/Passenger),Cyclist,Right_side,Straight_ahead,0,,,,,,,,,,,,Not a holiday,0
4695,201600002850,2016,7,30,Daylight,Out_of_agglomeration,Intersection_T,Normal,Side_two_vehicles,Manual_entry,1.2516,44.8589,True,2016-07-30,17,45,17:45,Evening,True,Summer,0.0,0.0,60.0,Departmental_road,Bidirectional,Unknown,Flat,S-bend,Normal,Unknown,On_road,Unknown,A01,Other/Unknown,Motorcycle,Cyclist,Front,Straight_ahead,0,,,,,,,,,,,,Not a holiday,0
4696,201600002850,2016,7,30,Daylight,Out_of_agglomeration,Intersection_T,Normal,Side_two_vehicles,Manual_entry,1.2516,44.8589,True,2016-07-30,17,45,17:45,Evening,True,Summer,0.0,0.0,60.0,Departmental_road,Bidirectional,Unknown,Flat,S-bend,Normal,Unknown,On_road,Unknown,B02,Other/Unknown,Car(Quad/Passenger),Cyclist,Left_side,Roundabout,0,,,,,,,,,,,,Not a holiday,0
4697,201600002851,2016,8,6,Daylight,Out_of_agglomeration,Out_of_intersection,Normal,Frontal_two_vehicles,Manual_entry,1.26624,44.9642,True,2016-08-06,17,45,17:45,Evening,True,Summer,0.0,0.0,35.0,Departmental_road,Bidirectional,Unknown,Flat,Curve_left,Normal,Unknown,On_road,Unknown,A01,Same_direction,Car(Quad/Passenger),other,Front_right,Turning,0,,,,,,,,,,,,Not a holiday,0
4698,201600002851,2016,8,6,Daylight,Out_of_agglomeration,Out_of_intersection,Normal,Frontal_two_vehicles,Manual_entry,1.26624,44.9642,True,2016-08-06,17,45,17:45,Evening,True,Summer,0.0,0.0,35.0,Departmental_road,Bidirectional,Unknown,Flat,Curve_left,Normal,Unknown,On_road,Unknown,B02,Same_direction,Cycle,Cyclist,No_impact,None,0,,,,,,,,,,,,Not a holiday,0
4699,201600002852,2016,2,20,Daylight,Out_of_agglomeration,Intersection_T,Normal,Side_two_vehicles,Manual_entry,1.05302,44.9449,True,2016-02-20,15,15,15:15,Afternoon,True,Winter,2.0,0.0,66.0,Departmental_road,Bidirectional,Unknown,Flat,Straight,Normal,Roundabout,On_road,Not_near_school,B02,Other/Unknown,Car(Quad/Passenger),Cyclist,Front,Straight_ahead,0,,,,,,,,,,,,Not a holiday,0
4700,201600002852,2016,2,20,Daylight,Out_of_agglomeration,Intersection_T,Normal,Side_two_vehicles,Manual_entry,1.05302,44.9449,True,2016-02-20,15,15,15:15,Afternoon,True,Winter,2.0,0.0,66.0,Departmental_road,Bidirectional,Unknown,Flat,Straight,Normal,Roundabout,On_road,Not_near_school,A01,Same_direction,Car(Quad/Passenger),Cyclist,Front_left,Roundabout,0,,,,,,,,,,,,Not a holiday,0
4701,201600002853,2016,5,21,Daylight,Out_of_agglomeration,Intersection_T,Normal,Frontal_two_vehicles,Manual_entry,0.98063,44.8317,True,2016-05-21,16,0,16:00,Afternoon,True,Spring,2.0,0.0,57.0,Departmental_road,Bidirectional,Unknown,Flat,Straight,Normal,Roundabout,On_road,Not_near_school,B02,Opposite_direction,Motorcycle,Cyclist,Front,Straight_ahead,0,,,,,,,,,,,,Not a holiday,0
4702,201600002853,2016,5,21,Daylight,Out_of_agglomeration,Intersection_T,Normal,Frontal_two_vehicles,Manual_entry,0.98063,44.8317,True,2016-05-21,16,0,16:00,Afternoon,True,Spring,2.0,0.0,57.0,Departmental_road,Bidirectional,Unknown,Flat,Straight,Normal,Roundabout,On_road,Not_near_school,A01,Other/Unknown,Car(Quad/Passenger),Cyclist,Front_right,Roundabout,0,,,,,,,,,,,,Not a holiday,0
4703,201600002854,2016,7,9,Daylight,Built_up_area,Out_of_intersection,Normal,No_collision,Manual_entry,0.92666,44.9195,True,2016-07-09,10,0,10:00,Morning,True,Summer,1.0,0.0,30.0,Communal_way,One_way,Unknown,Flat,Straight,Normal,Unknown,On_verge,Not_near_school,A01,Same_direction,Utility(Truck/Agri),Pedestrian,Rear_right,Loss_of_control,0,,,,,,,,,,,,Not a holiday,0
4704,201600002855,2016,7,26,Daylight,Out_of_agglomeration,Out_of_intersection,Normal,Side_two_vehicles,Manual_entry,1.07902,44.9271,True,2016-07-26,11,15,11:15,Morning,False,Summer,2.0,0.0,60.0,Departmental_road,Bidirectional,Unknown,Unknown,Curve_right,Normal,Unknown,On_road,Not_near_school,A01,Opposite_direction,Utility(Truck/Agri),Cyclist,Left_side,Roundabout,0,,,,,,,,,,,,Not a holiday,0
4705,201600002855,2016,7,26,Daylight,Out_of_agglomeration,Out_of_intersection,Normal,Side_two_vehicles,Manual_entry,1.07902,44.9271,True,2016-07-26,11,15,11:15,Morning,False,Summer,2.0,0.0,60.0,Departmental_road,Bidirectional,Unknown,Unknown,Curve_right,Normal,Unknown,On_road,Not_near_school,B02,Other/Unknown,Motorcycle,Cyclist,Front,Straight_ahead,0,,,,,,,,,,,,Not a holiday,0
4706,201600002856,2016,9,2,Daylight,Out_of_agglomeration,Out_of_intersection,Normal,Frontal_two_vehicles,Manual_entry,1.09885,45.0268,True,2016-09-02,15,30,15:30,Afternoon,False,Autumn,2.0,0.0,42.0,Departmental_road,Bidirectional,Unknown,Unknown,Curve_left,Normal,Unknown,On_road,Not_near_school,A01,Opposite_direction,Car(Quad/Passenger),Cyclist,Front,Park/Start/Stop,0,,,,,,,,,,,,Not a holiday,0
4707,201600002856,2016,9,2,Daylight,Out_of_agglomeration,Out_of_intersection,Normal,Frontal_two_vehicles,Manual_entry,1.09885,45.0268,True,2016-09-02,15,30,15:30,Afternoon,False,Autumn,2.0,0.0,42.0,Departmental_road,Bidirectional,Unknown,Unknown,Curve_left,Normal,Unknown,On_road,Not_near_school,B02,Other/Unknown,Car(Quad/Passenger),Cyclist,Front,Straight_ahead,0,,,,,,,,,,,,Not a holiday,0
4708,201600002857,2016,10,17,Daylight,Out_of_agglomeration,Out_of_intersection,Normal,Multiple_three_plus,Manual_entry,0.8809,45.0001,True,2016-10-17,12,15,12:15,Afternoon,False,Autumn,2.0,0.0,83.0,Departmental_road,Unknown,Unknown,Flat,Straight,Wet,Unknown,On_road,Not_near_school,C03,Opposite_direction,Car(Quad/Passenger),Cyclist,Front_left,Straight_ahead,0,,,,,,,,,,,,Not a holiday,0
4709,201600002857,2016,10,17,Daylight,Out_of_agglomeration,Out_of_intersection,Normal,Multiple_three_plus,Manual_entry,0.8809,45.0001,True,2016-10-17,12,15,12:15,Afternoon,False,Autumn,2.0,0.0,83.0,Departmental_road,Unknown,Unknown,Flat,Straight,Wet,Unknown,On_road,Not_near_school,A01,Other/Unknown,Car(Quad/Passenger),Cyclist,Front,Avoiding_obstacle,0,,,,,,,,,,,,Not a holiday,0
4710,201600002857,2016,10,17,Daylight,Out_of_agglomeration,Out_of_intersection,Normal,Multiple_three_plus,Manual_entry,0.8809,45.0001,True,2016-10-17,12,15,12:15,Afternoon,False,Autumn,2.0,0.0,83.0,Departmental_road,Unknown,Unknown,Flat,Straight,Wet,Unknown,On_road,Not_near_school,B02,Opposite_direction,Car(Quad/Passenger),Cyclist,Right_side,Straight_ahead,0,,,,,,,,,,,,Not a holiday,0
4711,201600002858,2016,11,18,Night_without_public_lighting,Out_of_agglomeration,Out_of_intersection,Light_rain,Frontal_two_vehicles,Manual_entry,0.94531,45.0618,True,2016-11-18,19,0,19:00,Evening,False,Autumn,2.0,0.0,54.0,Departmental_road,Bidirectional,Unknown,Flat,Straight,Wet,Unknown,On_road,Unknown,B02,Other/Unknown,Car(Quad/Passenger),Cyclist,Front,Straight_ahead,0,,,,,,,,,,,,Not a holiday,0
4712,201600002858,2016,11,18,Night_without_public_lighting,Out_of_agglomeration,Out_of_intersection,Light_rain,Frontal_two_vehicles,Manual_entry,0.94531,45.0618,True,2016-11-18,19,0,19:00,Evening,False,Autumn,2.0,0.0,54.0,Departmental_road,Bidirectional,Unknown,Flat,Straight,Wet,Unknown,On_road,Unknown,A01,Opposite_direction,Car(Quad/Passenger),Cyclist,Front,Straight_ahead,0,,,,,,,,,,,,Not a holiday,0
4713,201600002859,2016,12,3,Night_without_public_lighting,Out_of_agglomeration,Out_of_intersection,Normal,Frontal_two_vehicles,Manual_entry,1.06914,45.0328,True,2016-12-03,19,45,19:45,Evening,True,Winter,1.0,0.0,54.0,Departmental_road,Bidirectional,Unknown,Slope,Straight,Normal,Unknown,On_road,Not_near_school,B02,Opposite_direction,Car(Quad/Passenger),Cyclist,Front,Straight_ahead,0,,,,,,,,,,,,Not a holiday,0
4714,201600002859,2016,12,3,Night_without_public_lighting,Out_of_agglomeration,Out_of_intersection,Normal,Frontal_two_vehicles,Manual_entry,1.06914,45.0328,True,2016-12-03,19,45,19:45,Evening,True,Winter,1.0,0.0,54.0,Departmental_road,Bidirectional,Unknown,Slope,Straight,Normal,Unknown,On_road,Not_near_school,A01,Other/Unknown,Car(Quad/Passenger),Cyclist,Front,Avoiding_obstacle,0,,,,,,,,,,,,Not a holiday,0
4715,201600002860,2016,1,6,Daylight,Out_of_agglomeration,Out_of_intersection,Light_rain,Side_two_vehicles,Manual_entry,-1.49939,43.54414,True,2016-01-06,9,45,09:45,Morning,False,Winter,2.0,0.0,110.0,Departmental_road,Bidirectional,Unknown,Flat,Straight,Flooded,Unknown,On_road,Unknown,A01,Other/Unknown,Car(Quad/Passenger),Cyclist,Left_side,Loss_of_control,0,,,,,,,,,,,,Not a holiday,0
4716,201600002860,2016,1,6,Daylight,Out_of_agglomeration,Out_of_intersection,Light_rain,Side_two_vehicles,Manual_entry,-1.49939,43.54414,True,2016-01-06,9,45,09:45,Morning,False,Winter,2.0,0.0,110.0,Departmental_road,Bidirectional,Unknown,Flat,Straight,Flooded,Unknown,On_road,Unknown,B02,Opposite_direction,other,Cyclist,Front,Straight_ahead,0,,,,,,,,,,,,Not a holiday,0
4717,201600002861,2016,1,8,Daylight,Out_of_agglomeration,Out_of_intersection,Normal,Frontal_two_vehicles,Manual_entry,-0.4052,43.95889,True,2016-01-08,12,15,12:15,Afternoon,False,Winter,2.0,0.0,36.0,Communal_way,Bidirectional,Unknown,Flat,S-bend,Wet,Unknown,On_road,Unknown,A01,Same_direction,Car(Quad/Passenger),Cyclist,Right_side,Straight_ahead,0,,,,,,,,,,,,Not a holiday,0
4718,201600002861,2016,1,8,Daylight,Out_of_agglomeration,Out_of_intersection,Normal,Frontal_two_vehicles,Manual_entry,-0.4052,43.95889,True,2016-01-08,12,15,12:15,Afternoon,False,Winter,2.0,0.0,36.0,Communal_way,Bidirectional,Unknown,Flat,S-bend,Wet,Unknown,On_road,Unknown,B02,Same_direction,Bus/Coach,Cyclist,Right_side,Straight_ahead,0,,,,,,,,,,,,Not a holiday,0
4719,201600002862,2016,2,6,Daylight,Out_of_agglomeration,Out_of_intersection,Normal,No_collision,Manual_entry,-0.64252,44.04306,True,2016-02-06,10,45,10:45,Morning,True,Winter,0.0,0.0,41.0,Departmental_road,Bidirectional,Unknown,Unknown,Curve_left,Normal,Unknown,On_verge,Unknown,A01,Other/Unknown,Car(Quad/Passenger),None,Front_right,Turning,0,,,,,,,,,,,,Not a holiday,0
4720,201600002863,2016,2,19,Daylight,Out_of_agglomeration,Out_of_intersection,Normal,Frontal_two_vehicles,Manual_entry,-0.55731,43.92404,True,2016-02-19,9,0,09:00,Morning,False,Winter,0.0,0.0,70.0,Departmental_road,Bidirectional,Unknown,Flat,Straight,Normal,Unknown,On_road,Unknown,A01,Other/Unknown,Car(Quad/Passenger),Cyclist,Front_right,Avoiding_obstacle,0,,,,,,,,,,,,Not a holiday,0
4721,201600002863,2016,2,19,Daylight,Out_of_agglomeration,Out_of_intersection,Normal,Frontal_two_vehicles,Manual_entry,-0.55731,43.92404,True,2016-02-19,9,0,09:00,Morning,False,Winter,0.0,0.0,70.0,Departmental_road,Bidirectional,Unknown,Flat,Straight,Normal,Unknown,On_road,Unknown,B02,Opposite_direction,Car(Quad/Passenger),Cyclist,Front_right,Straight_ahead,0,,,,,,,,,,,,Not a holiday,0
4722,201600002864,2016,3,27,Daylight,Out_of_agglomeration,Out_of_intersection,Normal,No_collision,Manual_entry,-0.32491,44.10998,True,2016-03-27,15,15,15:15,Afternoon,True,Spring,2.0,0.0,38.0,Departmental_road,Bidirectional,Unknown,Flat,Straight,Normal,Unknown,On_road,Unknown,A01,Other/Unknown,Car(Quad/Passenger),Train,Right_side,Straight_ahead,0,,,,,,,,,,,,Not a holiday,0
4723,201600002865,2016,4,23,Daylight,Out_of_agglomeration,Out_of_intersection,Heavy_rain,Frontal_two_vehicles,Manual_entry,-0.52533,44.02487,True,2016-04-23,15,15,15:15,Afternoon,True,Spring,2.0,0.0,70.0,Departmental_road,Bidirectional,Unknown,Flat,Curve_right,Wet,Unknown,On_road,Not_near_school,A01,Opposite_direction,Car(Quad/Passenger),Cyclist,Front,Avoiding_obstacle,0,,,,,,,,,,,,Not a holiday,0
4724,201600002865,2016,4,23,Daylight,Out_of_agglomeration,Out_of_intersection,Heavy_rain,Frontal_two_vehicles,Manual_entry,-0.52533,44.02487,True,2016-04-23,15,15,15:15,Afternoon,True,Spring,2.0,0.0,70.0,Departmental_road,Bidirectional,Unknown,Flat,Curve_right,Wet,Unknown,On_road,Not_near_school,B02,Other/Unknown,Car(Quad/Passenger),Cyclist,Front,Straight_ahead,0,,,,,,,,,,,,Not a holiday,0
4725,201600002866,2016,5,25,Daylight,Out_of_agglomeration,Out_of_intersection,Normal,Other_collision,Manual_entry,0.28965,44.1285,True,2016-05-25,12,0,12:00,Afternoon,False,Spring,3.0,0.0,89.0,Departmental_road,Variable_assignment,Unknown,Flat,Straight,Normal,Unknown,On_verge,Not_near_school,A01,Opposite_direction,Car(Quad/Passenger),None,Front,Avoiding_obstacle,0,,,,,,,,,,,,Not a holiday,0
4726,201600002867,2016,6,19,Daylight,Out_of_agglomeration,Out_of_intersection,Normal,Frontal_two_vehicles,Manual_entry,-0.59541,43.96826,True,2016-06-19,14,0,14:00,Afternoon,True,Summer,2.0,0.0,68.0,Departmental_road,Bidirectional,Unknown,Flat,Straight,Normal,Unknown,On_road,Not_near_school,A01,Opposite_direction,Car(Quad/Passenger),Cyclist,Front,Avoiding_obstacle,0,,,,,,,,,,,,Not a holiday,0
4727,201600002867,2016,6,19,Daylight,Out_of_agglomeration,Out_of_intersection,Normal,Frontal_two_vehicles,Manual_entry,-0.59541,43.96826,True,2016-06-19,14,0,14:00,Afternoon,True,Summer,2.0,0.0,68.0,Departmental_road,Bidirectional,Unknown,Flat,Straight,Normal,Unknown,On_road,Not_near_school,B02,Other/Unknown,Utility(Truck/Agri),Cyclist,Right_side,Straight_ahead,0,,,,,,,,,,,,Not a holiday,0
4728,201600002868,2016,6,22,Daylight,Out_of_agglomeration,Out_of_intersection,Normal,Frontal_two_vehicles,Manual_entry,-0.62691,43.92119,True,2016-06-22,18,15,18:15,Evening,False,Summer,2.0,0.0,55.0,Departmental_road,Bidirectional,Unknown,Hill_bottom,Straight,Normal,Bridge,On_road,Unknown,A01,Opposite_direction,Car(Quad/Passenger),Cyclist,Front_right,Avoiding_obstacle,0,,,,,,,,,,,,Not a holiday,0
4729,201600002868,2016,6,22,Daylight,Out_of_agglomeration,Out_of_intersection,Normal,Frontal_two_vehicles,Manual_entry,-0.62691,43.92119,True,2016-06-22,18,15,18:15,Evening,False,Summer,2.0,0.0,55.0,Departmental_road,Bidirectional,Unknown,Hill_bottom,Straight,Normal,Bridge,On_road,Unknown,B02,Opposite_direction,Utility(Truck/Agri),Cyclist,Front_right,Interaction,0,,,,,,,,,,,,Not a holiday,0
4730,201600002869,2016,1,9,Night_without_public_lighting,Out_of_agglomeration,Out_of_intersection,Normal,Other_collision,Manual_entry,-0.7345,43.79484,True,2016-01-09,21,30,21:30,Night,True,Winter,2.0,0.0,75.0,Departmental_road,Bidirectional,Unknown,Flat,Straight,Normal,Unknown,On_road,Not_near_school,A01,Opposite_direction,Car(Quad/Passenger),None,Rear,Straight_ahead,0,,,,,,,,,,,,Not a holiday,0
4731,201600002870,2016,1,9,Daylight,Out_of_agglomeration,Out_of_intersection,Normal,Other_collision,Manual_entry,-1.00431,43.89631,True,2016-01-09,12,0,12:00,Afternoon,True,Winter,0.0,0.0,0.0,Communal_way,Bidirectional,Unknown,Flat,Straight,Normal,Unknown,Unknown,Not_near_school,A01,Same_direction,Car(Quad/Passenger),None,Right_side,Avoiding_obstacle,0,,,,,,,,,,,,Not a holiday,0
4732,201600002871,2016,3,4,Night_without_public_lighting,Out_of_agglomeration,Out_of_intersection,Light_rain,No_collision,Manual_entry,-0.88011,43.88868,True,2016-03-04,4,40,04:40,Night,False,Spring,2.0,0.0,60.0,Departmental_road,Bidirectional,Unknown,Flat,Curve_left,Wet,Unknown,On_road,Unknown,A01,Opposite_direction,Car(Quad/Passenger),other,Multiple impacts,Roundabout,0,,,,,,,,,,,,Not a holiday,0
4733,201600002872,2016,7,12,Daylight,Out_of_agglomeration,Out_of_intersection,Normal,Other_collision,Manual_entry,-0.81017,43.8573,True,2016-07-12,11,50,11:50,Morning,False,Summer,0.0,40.0,0.0,Communal_way,Bidirectional,Unknown,Flat,Straight,Normal,Unknown,On_verge,Not_near_school,A01,Same_direction,Car(Quad/Passenger),None,Front_left,Straight_ahead,0,,,,,,,,,,,,Not a holiday,0
4734,201600002873,2016,9,14,Daylight,Out_of_agglomeration,Out_of_intersection,Normal,Other_collision,Manual_entry,-0.87782,43.76111,True,2016-09-14,16,45,16:45,Afternoon,False,Autumn,2.0,0.0,0.0,Departmental_road,Bidirectional,Unknown,Unknown,Curve_left,Normal,Unknown,On_road,Not_near_school,A01,Opposite_direction,Car(Quad/Passenger),Pedestrian,Right_side,Straight_ahead,0,,,,,,,,,,,,Not a holiday,0
4735,201600002874,2016,2,6,Daylight,Out_of_agglomeration,Roundabout,Normal,Side_two_vehicles,Manual_entry,-1.01643,43.73826,True,2016-02-06,15,30,15:30,Afternoon,True,Winter,0.0,0.0,0.0,Departmental_road,One_way,Unknown,Flat,Curve_right,Normal,Unknown,On_road,Not_near_school,A01,Opposite_direction,Car(Quad/Passenger),None,Rear,None,0,,,,,,,,,,,,Not a holiday,0
4736,201600002874,2016,2,6,Daylight,Out_of_agglomeration,Roundabout,Normal,Side_two_vehicles,Manual_entry,-1.01643,43.73826,True,2016-02-06,15,30,15:30,Afternoon,True,Winter,0.0,0.0,0.0,Departmental_road,One_way,Unknown,Flat,Curve_right,Normal,Unknown,On_road,Not_near_school,B02,Opposite_direction,Cycle,None,Front,None,0,,,,,,,,,,,,Not a holiday,0
4737,201600002875,2016,3,21,Daylight,Out_of_agglomeration,Out_of_intersection,Normal,Other_collision,Manual_entry,-1.10002,43.65564,True,2016-03-21,17,15,17:15,Evening,False,Spring,2.0,0.0,50.0,Departmental_road,Bidirectional,Unknown,Flat,Straight,Normal,Unknown,Unknown,Not_near_school,A01,Other/Unknown,Car(Quad/Passenger),None,Front,Straight_ahead,0,,,,,,,,,,,,Not a holiday,0
4738,201600002876,2016,4,9,Night_without_public_lighting,Out_of_agglomeration,Out_of_intersection,Heavy_rain,Other_collision,Manual_entry,-1.09992,43.65476,True,2016-04-09,3,15,03:15,Night,True,Spring,0.0,0.0,80.0,Departmental_road,Bidirectional,Unknown,Unknown,Curve_left,Wet,Unknown,On_verge,Not_near_school,A01,Opposite_direction,Car(Quad/Passenger),None,Front_right,Straight_ahead,0,,,,,,,,,,,,Not a holiday,0
4739,201600002877,2016,6,24,Twilight_or_dawn,Out_of_agglomeration,Out_of_intersection,Light_rain,Frontal_two_vehicles,Manual_entry,-1.04049,43.66105,True,2016-06-24,21,30,21:30,Night,False,Summer,2.0,0.0,64.0,Departmental_road,Bidirectional,Unknown,Flat,Curve_right,Wet,Unknown,On_road,Unknown,A01,Opposite_direction,Car(Quad/Passenger),Cyclist,Front_right,Avoiding_obstacle,0,,,,,,,,,,,,Not a holiday,0