,accident_id,year,month,day,lighting_label,urban_label,intersection_label,weather_label,collision_label,gps_label,longitude_num,latitude_num,valid_geo,date,hour,minute,time_hhmm,time_of_day,is_weekend,season,num_lanes,pedestrian_crossing_width,road_width,road_category_label,traffic_regime_label,reserved_lane_label,road_profile_label,road_layout_label,surface_condition_label,infrastructure_label,situation_label,school_zone_label,vehicle_id,traffic_direction_label,vehicle_category_label,mobile_obstacle_label,impact_point_label,manoeuvre_label,occupants_group,birth_year,sex_label,user_category_label,injury_severity_label,seat_position_label,journey_purpose_label,pedestrian_location_label,pedestrian_action_label,pedestrian_state_label,safety_equipment_type,safety_equipment_usage,holiday_name,is_holiday
4740,201600002877,2016,6,24,Twilight_or_dawn,Out_of_agglomeration,Out_of_intersection,Light_rain,Frontal_two_vehicles,Manual_entry,-1.04049,43.66105,True,2016-06-24,21,30,21:30,Night,False,Summer,2.0,0.0,64.0,Departmental_road,Bidirectional,Unknown,Flat,Curve_right,Wet,Unknown,On_road,Unknown,B02,Other/Unknown,Car(Quad/Passenger),Cyclist,Front,Straight_ahead,0,,,,,,,,,,,,Not a holiday,0
4741,201600002878,2016,7,12,Daylight,Out_of_agglomeration,Out_of_intersection,Cloudy,Chain_three_plus,Manual_entry,-1.17564,43.70427,True,2016-07-12,11,30,11:30,Morning,False,Summer,4.0,132.0,146.0,Departmental_road,Separated_carriageways,Unknown,Flat,Straight,Normal,Unknown,On_road,Unknown,A01,Other/Unknown,Bus/Coach,Cyclist,Front_right,Turning,0,,,,,,,,,,,,Not a holiday,0
4742,201600002878,2016,7,12,Daylight,Out_of_agglomeration,Out_of_intersection,Cloudy,Chain_three_plus,Manual_entry,-1.17564,43.70427,True,2016-07-12,11,30,11:30,Morning,False,Summer,4.0,132.0,146.0,Departmental_road,Separated_carriageways,Unknown,Flat,Straight,Normal,Unknown,On_road,Unknown,B02,Other/Unknown,Bus/Coach,Cyclist,Rear_right,Turning,0,,,,,,,,,,,,Not a holiday,0
4743,201600002878,2016,7,12,Daylight,Out_of_agglomeration,Out_of_intersection,Cloudy,Chain_three_plus,Manual_entry,-1.17564,43.70427,True,2016-07-12,11,30,11:30,Morning,False,Summer,4.0,132.0,146.0,Departmental_road,Separated_carriageways,Unknown,Flat,Straight,Normal,Unknown,On_road,Unknown,C03,Other/Unknown,Car(Quad/Passenger),Cyclist,Multiple impacts,Turning,0,,,,,,,,,,,,Not a holiday,0
4744,201600002879,2016,8,7,Daylight,Out_of_agglomeration,Roundabout,Normal,No_collision,Manual_entry,-1.00702,43.7495,True,2016-08-07,16,30,16:30,Afternoon,True,Summer,1.0,0.0,0.0,Departmental_road,Unknown,Unknown,Unknown,Unknown,Normal,Unknown,On_road,Not_near_school,A01,Opposite_direction,Car(Quad/Passenger),None,Multiple impacts,None,0,,,,,,,,,,,,Not a holiday,0
4745,201600002880,2016,10,28,Daylight,Out_of_agglomeration,Intersection_X,Normal,Rear_end_two_vehicles,Manual_entry,-0.98203,43.68639,True,2016-10-28,14,40,14:40,Afternoon,False,Autumn,2.0,0.0,10.0,Departmental_road,Bidirectional,Unknown,Flat,Unknown,Normal,Unknown,On_road,Not_near_school,A01,Opposite_direction,Motorcycle,None,Rear_left,Roundabout,0,,,,,,,,,,,,Not a holiday,0
4746,201600002880,2016,10,28,Daylight,Out_of_agglomeration,Intersection_X,Normal,Rear_end_two_vehicles,Manual_entry,-0.98203,43.68639,True,2016-10-28,14,40,14:40,Afternoon,False,Autumn,2.0,0.0,10.0,Departmental_road,Bidirectional,Unknown,Flat,Unknown,Normal,Unknown,On_road,Not_near_school,B02,Opposite_direction,Motorcycle,Cyclist,Front,other,0,,,,,,,,,,,,Not a holiday,0
4747,201600002881,2016,11,13,Daylight,Built_up_area,Out_of_intersection,Normal,Side_two_vehicles,Manual_entry,-1.00953,43.69274,True,2016-11-13,10,35,10:35,Morning,True,Autumn,2.0,0.0,76.0,Departmental_road,Bidirectional,Unknown,Flat,Straight,Normal,Unknown,On_road,Unknown,A01,Opposite_direction,Car(Quad/Passenger),Cyclist,Front_right,Roundabout,0,,,,,,,,,,,,Not a holiday,0
4748,201600002881,2016,11,13,Daylight,Built_up_area,Out_of_intersection,Normal,Side_two_vehicles,Manual_entry,-1.00953,43.69274,True,2016-11-13,10,35,10:35,Morning,True,Autumn,2.0,0.0,76.0,Departmental_road,Bidirectional,Unknown,Flat,Straight,Normal,Unknown,On_road,Unknown,B02,Other/Unknown,Cycle,Cyclist,Front,Straight_ahead,0,,,,,,,,,,,,Not a holiday,0
4749,201600002882,2016,5,7,Twilight_or_dawn,Built_up_area,Out_of_intersection,Normal,No_collision,Manual_entry,-1.43087,43.65425,True,2016-05-07,6,0,06:00,Morning,True,Spring,0.0,0.0,0.0,other,Unknown,Bike_path,Flat,Straight,Normal,Unknown,On_bike_path,Not_near_school,A01,Same_direction,Cycle,None,No_impact,Interaction,0,,,,,,,,,,,,Not a holiday,0
4750,201600002883,2016,7,2,Daylight,Out_of_agglomeration,Out_of_intersection,Normal,Side_two_vehicles,Manual_entry,-1.43388,43.61987,True,2016-07-02,13,30,13:30,Afternoon,True,Summer,2.0,0.0,0.0,Departmental_road,Bidirectional,Unknown,Slope,Curve_right,Normal,Unknown,On_road,Not_near_school,A01,Opposite_direction,Car(Quad/Passenger),Cyclist,Front,Avoiding_obstacle,0,,,,,,,,,,,,Not a holiday,0
4751,201600002883,2016,7,2,Daylight,Out_of_agglomeration,Out_of_intersection,Normal,Side_two_vehicles,Manual_entry,-1.43388,43.61987,True,2016-07-02,13,30,13:30,Afternoon,True,Summer,2.0,0.0,0.0,Departmental_road,Bidirectional,Unknown,Slope,Curve_right,Normal,Unknown,On_road,Not_near_school,B02,Other/Unknown,Car(Quad/Passenger),Cyclist,Front_left,Straight_ahead,0,,,,,,,,,,,,Not a holiday,0
4752,201600002884,2016,7,8,Night_with_public_lighting_on,Built_up_area,Out_of_intersection,Normal,No_collision,Manual_entry,-1.44896,43.59222,True,2016-07-08,23,0,23:00,Night,False,Summer,2.0,0.0,56.0,Departmental_road,Bidirectional,Unknown,Flat,Curve_left,Normal,Unknown,On_verge,Unknown,A01,Opposite_direction,Motorcycle,None,Front,Straight_ahead,0,,,,,,,,,,,,Not a holiday,0
4753,201600002885,2016,7,16,Night_without_public_lighting,Out_of_agglomeration,Out_of_intersection,Normal,Rear_end_two_vehicles,Manual_entry,-1.33986,43.64314,True,2016-07-16,4,45,04:45,Night,True,Summer,2.0,0.0,70.0,Departmental_road,Bidirectional,Unknown,Flat,Straight,Normal,Unknown,On_road,Not_near_school,A01,Opposite_direction,Motorcycle,Cyclist,Rear_right,Straight_ahead,0,,,,,,,,,,,,Not a holiday,0
4754,201600002885,2016,7,16,Night_without_public_lighting,Out_of_agglomeration,Out_of_intersection,Normal,Rear_end_two_vehicles,Manual_entry,-1.33986,43.64314,True,2016-07-16,4,45,04:45,Night,True,Summer,2.0,0.0,70.0,Departmental_road,Bidirectional,Unknown,Flat,Straight,Normal,Unknown,On_road,Not_near_school,B02,Opposite_direction,Utility(Truck/Agri),Cyclist,Front,Straight_ahead,0,,,,,,,,,,,,Not a holiday,0
4755,201600002886,2016,7,18,Daylight,Built_up_area,Out_of_intersection,Normal,Side_two_vehicles,Manual_entry,-1.42818,43.58936,True,2016-07-18,18,50,18:50,Evening,False,Summer,0.0,35.0,100.0,Departmental_road,Separated_carriageways,Unknown,Flat,Straight,Normal,Unknown,On_road,Unknown,A01,Opposite_direction,Car(Quad/Passenger),None,Front_left,Turning,0,,,,,,,,,,,,Not a holiday,0
4756,201600002886,2016,7,18,Daylight,Built_up_area,Out_of_intersection,Normal,Side_two_vehicles,Manual_entry,-1.42818,43.58936,True,2016-07-18,18,50,18:50,Evening,False,Summer,0.0,35.0,100.0,Departmental_road,Separated_carriageways,Unknown,Flat,Straight,Normal,Unknown,On_road,Unknown,B02,Opposite_direction,Motorcycle,Cyclist,Front,Turning,0,,,,,,,,,,,,Not a holiday,0
4757,201600002887,2016,8,21,Daylight,Built_up_area,Out_of_intersection,Normal,Other_collision,Manual_entry,-1.46462,43.59984,True,2016-08-21,13,30,13:30,Afternoon,True,Summer,2.0,0.0,32.0,Communal_way,Unknown,Unknown,Flat,Straight,Normal,Unknown,On_road,Unknown,A01,Same_direction,Car(Quad/Passenger),Pedestrian,Rear_right,Turning,0,,,,,,,,,,,,Not a holiday,0
4758,201600002888,2016,8,24,Night_with_public_lighting_on,Out_of_agglomeration,Out_of_intersection,Normal,Frontal_two_vehicles,Manual_entry,-1.34258,43.6418,True,2016-08-24,5,0,05:00,Morning,False,Summer,2.0,60.0,0.0,Departmental_road,Bidirectional,Unknown,Flat,Straight,Unknown,Unknown,On_road,Not_near_school,A01,Opposite_direction,Car(Quad/Passenger),Cyclist,Left_side,Roundabout,0,,,,,,,,,,,,Not a holiday,0
4759,201600002888,2016,8,24,Night_with_public_lighting_on,Out_of_agglomeration,Out_of_intersection,Normal,Frontal_two_vehicles,Manual_entry,-1.34258,43.6418,True,2016-08-24,5,0,05:00,Morning,False,Summer,2.0,60.0,0.0,Departmental_road,Bidirectional,Unknown,Flat,Straight,Unknown,Unknown,On_road,Not_near_school,B02,Other/Unknown,Motorcycle,Cyclist,Front_left,Reversing,0,,,,,,,,,,,,Not a holiday,0
4760,201600002889,2016,1,13,Daylight,Built_up_area,Out_of_intersection,Normal,Side_two_vehicles,Manual_entry,-1.31926,43.87156,True,2016-01-13,14,30,14:30,Afternoon,False,Winter,0.0,0.0,44.0,Communal_way,Bidirectional,Unknown,Flat,Straight,Normal,Unknown,On_road,Not_near_school,A01,Same_direction,Utility(Truck/Agri),Cyclist,Front,Roundabout,0,,,,,,,,,,,,Not a holiday,0
4761,201600002889,2016,1,13,Daylight,Built_up_area,Out_of_intersection,Normal,Side_two_vehicles,Manual_entry,-1.31926,43.87156,True,2016-01-13,14,30,14:30,Afternoon,False,Winter,0.0,0.0,44.0,Communal_way,Bidirectional,Unknown,Flat,Straight,Normal,Unknown,On_road,Not_near_school,B02,Same_direction,Motorcycle,Cyclist,Left_side,Straight_ahead,0,,,,,,,,,,,,Not a holiday,0
4762,201600002890,2016,2,27,Daylight,Out_of_agglomeration,Out_of_intersection,Heavy_rain,Side_two_vehicles,Manual_entry,-1.26939,43.95775,True,2016-02-27,11,15,11:15,Morning,True,Winter,2.0,50.0,0.0,Departmental_road,Bidirectional,Unknown,Unknown,Straight,Wet,Unknown,On_road,Not_near_school,A01,Opposite_direction,Car(Quad/Passenger),Cyclist,Right_side,Straight_ahead,0,,,,,,,,,,,,Not a holiday,0
4763,201600002890,2016,2,27,Daylight,Out_of_agglomeration,Out_of_intersection,Heavy_rain,Side_two_vehicles,Manual_entry,-1.26939,43.95775,True,2016-02-27,11,15,11:15,Morning,True,Winter,2.0,50.0,0.0,Departmental_road,Bidirectional,Unknown,Unknown,Straight,Wet,Unknown,On_road,Not_near_school,B02,Opposite_direction,Car(Quad/Passenger),Cyclist,Front,Straight_ahead,0,,,,,,,,,,,,Not a holiday,0
4764,201600002891,2016,5,19,Twilight_or_dawn,Out_of_agglomeration,Out_of_intersection,Normal,Other_collision,Manual_entry,-1.06947,43.84585,True,2016-05-19,6,30,06:30,Morning,False,Spring,2.0,0.0,63.0,Departmental_road,Bidirectional,Unknown,Flat,Straight,Normal,Unknown,On_road,Unknown,A01,Opposite_direction,Car(Quad/Passenger),Train,Multiple impacts,Straight_ahead,0,,,,,,,,,,,,Not a holiday,0
4765,201600002892,2016,9,7,Twilight_or_dawn,Out_of_agglomeration,Out_of_intersection,Normal,Other_collision,Manual_entry,-1.222,44.03676,True,2016-09-07,7,45,07:45,Morning,False,Autumn,2.0,0.0,0.0,Departmental_road,Separated_carriageways,Unknown,Slope,Curve_left,Normal,Unknown,On_road,Unknown,A01,Other/Unknown,Car(Quad/Passenger),None,Front_right,Straight_ahead,0,,,,,,,,,,,,Not a holiday,0
4766,201600002893,2016,3,21,Daylight,Out_of_agglomeration,Out_of_intersection,Normal,Side_two_vehicles,Manual_entry,-0.90279,43.68502,True,2016-03-21,14,55,14:55,Afternoon,False,Spring,2.0,0.0,52.0,Departmental_road,Bidirectional,Unknown,Flat,Straight,Normal,Unknown,On_road,Not_near_school,A01,Opposite_direction,Car(Quad/Passenger),Cyclist,Right_side,Roundabout,0,,,,,,,,,,,,Not a holiday,0
4767,201600002893,2016,3,21,Daylight,Out_of_agglomeration,Out_of_intersection,Normal,Side_two_vehicles,Manual_entry,-0.90279,43.68502,True,2016-03-21,14,55,14:55,Afternoon,False,Spring,2.0,0.0,52.0,Departmental_road,Bidirectional,Unknown,Flat,Straight,Normal,Unknown,On_road,Not_near_school,B02,Other/Unknown,Motorcycle,Cyclist,No_impact,Straight_ahead,0,,,,,,,,,,,,Not a holiday,0
4768,201600002894,2016,4,25,Daylight,Out_of_agglomeration,Out_of_intersection,Normal,Other_collision,Manual_entry,-0.73819,43.68923,True,2016-04-25,10,45,10:45,Morning,False,Spring,0.0,0.0,35.0,Departmental_road,Unknown,Unknown,Flat,Straight,Normal,Unknown,On_road,Unknown,A01,Opposite_direction,Car(Quad/Passenger),None,Front,Avoiding_obstacle,0,,,,,,,,,,,,Not a holiday,0
4769,201600002895,2016,6,3,Daylight,Out_of_agglomeration,Intersection_T,Dazzling,Side_two_vehicles,Manual_entry,-0.89871,43.70479,True,2016-06-03,15,30,15:30,Afternoon,False,Summer,2.0,0.0,66.0,Departmental_road,Bidirectional,Unknown,Flat,Straight,Normal,Unknown,On_road,Unknown,A01,Other/Unknown,Car(Quad/Passenger),None,Right_side,Park/Start/Stop,0,,,,,,,,,,,,Not a holiday,0
4770,201600002895,2016,6,3,Daylight,Out_of_agglomeration,Intersection_T,Dazzling,Side_two_vehicles,Manual_entry,-0.89871,43.70479,True,2016-06-03,15,30,15:30,Afternoon,False,Summer,2.0,0.0,66.0,Departmental_road,Bidirectional,Unknown,Flat,Straight,Normal,Unknown,On_road,Unknown,B02,Opposite_direction,Car(Quad/Passenger),None,Front,Interaction,0,,,,,,,,,,,,Not a holiday,0
4771,201600002896,2016,8,21,Daylight,Out_of_agglomeration,Intersection_X,Normal,Side_two_vehicles,Manual_entry,-1.46462,43.59984,True,2016-08-21,18,45,18:45,Evening,True,Summer,2.0,0.0,58.0,Departmental_road,Bidirectional,Unknown,Unknown,Straight,Normal,Unknown,On_road,Unknown,A01,Other/Unknown,Car(Quad/Passenger),Cyclist,Front,Straight_ahead,0,,,,,,,,,,,,Not a holiday,0
4772,201600002896,2016,8,21,Daylight,Out_of_agglomeration,Intersection_X,Normal,Side_two_vehicles,Manual_entry,-1.46462,43.59984,True,2016-08-21,18,45,18:45,Evening,True,Summer,2.0,0.0,58.0,Departmental_road,Bidirectional,Unknown,Unknown,Straight,Normal,Unknown,On_road,Unknown,B02,Same_direction,Car(Quad/Passenger),Cyclist,Left_side,Loss_of_control,0,,,,,,,,,,,,Not a holiday,0
4773,201600002897,2016,1,15,Night_without_public_lighting,Out_of_agglomeration,Out_of_intersection,Light_rain,Side_two_vehicles,Manual_entry,-0.93189,43.53747,True,2016-01-15,20,15,20:15,Evening,False,Winter,2.0,0.0,80.0,Departmental_road,Bidirectional,Unknown,Flat,Straight,Wet,Unknown,On_road,Not_near_school,A01,Opposite_direction,Cycle,Cyclist,Rear_left,Straight_ahead,0,,,,,,,,,,,,Not a holiday,0
4774,201600002897,2016,1,15,Night_without_public_lighting,Out_of_agglomeration,Out_of_intersection,Light_rain,Side_two_vehicles,Manual_entry,-0.93189,43.53747,True,2016-01-15,20,15,20:15,Evening,False,Winter,2.0,0.0,80.0,Departmental_road,Bidirectional,Unknown,Flat,Straight,Wet,Unknown,On_road,Not_near_school,B02,Opposite_direction,Car(Quad/Passenger),Cyclist,Left_side,Straight_ahead,0,,,,,,,,,,,,Not a holiday,0
4775,201600002898,2016,1,26,Daylight,Built_up_area,Out_of_intersection,Dazzling,Side_two_vehicles,Manual_entry,-1.15051,43.55891,True,2016-01-26,12,0,12:00,Afternoon,False,Winter,2.0,0.0,80.0,Departmental_road,Bidirectional,Unknown,Flat,Straight,Normal,Unknown,On_road,Unknown,A01,Opposite_direction,Motorcycle,Cyclist,Front,other,0,,,,,,,,,,,,Not a holiday,0
4776,201600002898,2016,1,26,Daylight,Built_up_area,Out_of_intersection,Dazzling,Side_two_vehicles,Manual_entry,-1.15051,43.55891,True,2016-01-26,12,0,12:00,Afternoon,False,Winter,2.0,0.0,80.0,Departmental_road,Bidirectional,Unknown,Flat,Straight,Normal,Unknown,On_road,Unknown,B02,Opposite_direction,Utility(Truck/Agri),Cyclist,Front_left,Roundabout,0,,,,,,,,,,,,Not a holiday,0
4777,201600002899,2016,3,26,Daylight,Out_of_agglomeration,Out_of_intersection,Normal,Frontal_two_vehicles,Manual_entry,-1.14685,43.59199,True,2016-03-26,13,15,13:15,Afternoon,True,Spring,2.0,0.0,75.0,Departmental_road,Bidirectional,Unknown,Flat,Curve_right,Normal,Unknown,On_road,Unknown,A01,Opposite_direction,Car(Quad/Passenger),Cyclist,Front,Reversing,0,,,,,,,,,,,,Not a holiday,0
4778,201600002899,2016,3,26,Daylight,Out_of_agglomeration,Out_of_intersection,Normal,Frontal_two_vehicles,Manual_entry,-1.14685,43.59199,True,2016-03-26,13,15,13:15,Afternoon,True,Spring,2.0,0.0,75.0,Departmental_road,Bidirectional,Unknown,Flat,Curve_right,Normal,Unknown,On_road,Unknown,B02,Other/Unknown,Car(Quad/Passenger),Cyclist,Front,Straight_ahead,0,,,,,,,,,,,,Not a holiday,0
4779,201600002900,2016,4,2,Daylight,Out_of_agglomeration,Out_of_intersection,Normal,Frontal_two_vehicles,Manual_entry,-1.06711,43.533,True,2016-04-02,16,45,16:45,Afternoon,True,Spring,2.0,0.0,68.0,Departmental_road,Bidirectional,Unknown,Flat,Curve_right,Normal,Unknown,On_road,Unknown,A01,Other/Unknown,Car(Quad/Passenger),Cyclist,Front_right,Roundabout,0,,,,,,,,,,,,Not a holiday,0
4780,201600002900,2016,4,2,Daylight,Out_of_agglomeration,Out_of_intersection,Normal,Frontal_two_vehicles,Manual_entry,-1.06711,43.533,True,2016-04-02,16,45,16:45,Afternoon,True,Spring,2.0,0.0,68.0,Departmental_road,Bidirectional,Unknown,Flat,Curve_right,Normal,Unknown,On_road,Unknown,B02,Opposite_direction,Motorcycle,Cyclist,Front,Straight_ahead,0,,,,,,,,,,,,Not a holiday,0
4781,201600002901,2016,5,31,Daylight,Out_of_agglomeration,Out_of_intersection,Normal,Frontal_two_vehicles,Manual_entry,-0.82615,43.5769,True,2016-05-31,9,15,09:15,Morning,False,Spring,2.0,0.0,48.0,Departmental_road,Bidirectional,Unknown,Slope,Curve_left,Normal,Unknown,On_road,Unknown,A01,Opposite_direction,Utility(Truck/Agri),None,Right_side,Avoiding_obstacle,0,,,,,,,,,,,,Not a holiday,0
4782,201600002901,2016,5,31,Daylight,Out_of_agglomeration,Out_of_intersection,Normal,Frontal_two_vehicles,Manual_entry,-0.82615,43.5769,True,2016-05-31,9,15,09:15,Morning,False,Spring,2.0,0.0,48.0,Departmental_road,Bidirectional,Unknown,Slope,Curve_left,Normal,Unknown,On_road,Unknown,B02,Other/Unknown,Utility(Truck/Agri),None,Right_side,Straight_ahead,0,,,,,,,,,,,,Not a holiday,0
4783,201600002902,2016,6,8,Daylight,Out_of_agglomeration,Intersection_T,Normal,Side_two_vehicles,Manual_entry,-1.14675,43.59143,True,2016-06-08,8,15,08:15,Morning,False,Summer,2.0,0.0,65.0,Departmental_road,Bidirectional,Unknown,Flat,Curve_right,Normal,Unknown,On_road,Unknown,A01,Opposite_direction,Motorcycle,Cyclist,Front,Loss_of_control,0,,,,,,,,,,,,Not a holiday,0
4784,201600002902,2016,6,8,Daylight,Out_of_agglomeration,Intersection_T,Normal,Side_two_vehicles,Manual_entry,-1.14675,43.59143,True,2016-06-08,8,15,08:15,Morning,False,Summer,2.0,0.0,65.0,Departmental_road,Bidirectional,Unknown,Flat,Curve_right,Normal,Unknown,On_road,Unknown,B02,Opposite_direction,Car(Quad/Passenger),Cyclist,Front_right,Straight_ahead,0,,,,,,,,,,,,Not a holiday,0
4785,201600002903,2016,6,15,Daylight,Out_of_agglomeration,Out_of_intersection,Heavy_rain,Other_collision,Manual_entry,-1.14183,43.54075,True,2016-06-15,18,0,18:00,Evening,False,Summer,2.0,0.0,52.0,Departmental_road,Bidirectional,Unknown,Flat,Curve_left,Wet,Unknown,On_road,Unknown,A01,Opposite_direction,Car(Quad/Passenger),None,Right_side,Straight_ahead,0,,,,,,,,,,,,Not a holiday,0
4786,201600002904,2016,7,10,Daylight,Out_of_agglomeration,Intersection_T,Normal,Side_two_vehicles,Manual_entry,-1.18001,43.61393,True,2016-07-10,20,0,20:00,Evening,True,Summer,2.0,,,Departmental_road,Bidirectional,Unknown,Flat,Straight,Normal,Unknown,On_road,Unknown,A01,Other/Unknown,Car(Quad/Passenger),Cyclist,Right_side,Loss_of_control,0,,,,,,,,,,,,Not a holiday,0
4787,201600002904,2016,7,10,Daylight,Out_of_agglomeration,Intersection_T,Normal,Side_two_vehicles,Manual_entry,-1.18001,43.61393,True,2016-07-10,20,0,20:00,Evening,True,Summer,2.0,,,Departmental_road,Bidirectional,Unknown,Flat,Straight,Normal,Unknown,On_road,Unknown,B02,Opposite_direction,Car(Quad/Passenger),Cyclist,Front,Straight_ahead,0,,,,,,,,,,,,Not a holiday,0
4788,201600002905,2016,9,29,Daylight,Out_of_agglomeration,Out_of_intersection,Normal,Side_two_vehicles,Manual_entry,-0.91418,43.59873,True,2016-09-29,18,45,18:45,Evening,False,Autumn,2.0,0.0,62.0,Departmental_road,Bidirectional,Unknown,Slope,Straight,Normal,Unknown,On_road,Unknown,A01,Other/Unknown,Car(Quad/Passenger),Cyclist,Rear,Park/Start/Stop,0,,,,,,,,,,,,Not a holiday,0
4789,201600002905,2016,9,29,Daylight,Out_of_agglomeration,Out_of_intersection,Normal,Side_two_vehicles,Manual_entry,-0.91418,43.59873,True,2016-09-29,18,45,18:45,Evening,False,Autumn,2.0,0.0,62.0,Departmental_road,Bidirectional,Unknown,Slope,Straight,Normal,Unknown,On_road,Unknown,B02,Opposite_direction,Motorcycle,Cyclist,Front,Straight_ahead,0,,,,,,,,,,,,Not a holiday,0
4790,201600002906,2016,1,5,Twilight_or_dawn,Out_of_agglomeration,Out_of_intersection,Light_rain,Frontal_two_vehicles,Manual_entry,-1.34279,43.67687,True,2016-01-05,8,30,08:30,Morning,False,Winter,2.0,0.0,60.0,Departmental_road,Bidirectional,Unknown,Flat,Straight,Wet,Unknown,On_road,Unknown,A01,Opposite_direction,Car(Quad/Passenger),Cyclist,Front,Avoiding_obstacle,0,,,,,,,,,,,,Not a holiday,0
4791,201600002906,2016,1,5,Twilight_or_dawn,Out_of_agglomeration,Out_of_intersection,Light_rain,Frontal_two_vehicles,Manual_entry,-1.34279,43.67687,True,2016-01-05,8,30,08:30,Morning,False,Winter,2.0,0.0,60.0,Departmental_road,Bidirectional,Unknown,Flat,Straight,Wet,Unknown,On_road,Unknown,B02,Other/Unknown,Car(Quad/Passenger),Cyclist,Right_side,Turning,0,,,,,,,,,,,,Not a holiday,0
4792,201600002907,2016,3,21,Twilight_or_dawn,Out_of_agglomeration,Intersection_T,Dazzling,Frontal_two_vehicles,Manual_entry,-1.20845,43.78257,True,2016-03-21,18,30,18:30,Evening,False,Spring,2.0,0.0,64.0,Departmental_road,Unknown,Unknown,Slope,Straight,Normal,Unknown,On_road,Not_near_school,A01,Opposite_direction,Utility(Truck/Agri),Cyclist,Front,Roundabout,0,,,,,,,,,,,,Not a holiday,0
4793,201600002907,2016,3,21,Twilight_or_dawn,Out_of_agglomeration,Intersection_T,Dazzling,Frontal_two_vehicles,Manual_entry,-1.20845,43.78257,True,2016-03-21,18,30,18:30,Evening,False,Spring,2.0,0.0,64.0,Departmental_road,Unknown,Unknown,Slope,Straight,Normal,Unknown,On_road,Not_near_school,B02,Other/Unknown,Motorcycle,Cyclist,Front,Straight_ahead,0,,,,,,,,,,,,Not a holiday,0
4794,201600002908,2016,3,27,Daylight,Built_up_area,Out_of_intersection,Normal,Side_two_vehicles,Manual_entry,-1.31332,43.65665,True,2016-03-27,19,0,19:00,Evening,True,Spring,3.0,0.0,103.0,Departmental_road,Variable_assignment,Unknown,Flat,Straight,Normal,Unknown,On_road,Not_near_school,A01,Other/Unknown,Motorcycle,Cyclist,Left_side,Interaction,0,,,,,,,,,,,,Not a holiday,0
4795,201600002908,2016,3,27,Daylight,Built_up_area,Out_of_intersection,Normal,Side_two_vehicles,Manual_entry,-1.31332,43.65665,True,2016-03-27,19,0,19:00,Evening,True,Spring,3.0,0.0,103.0,Departmental_road,Variable_assignment,Unknown,Flat,Straight,Normal,Unknown,On_road,Not_near_school,B02,Opposite_direction,Car(Quad/Passenger),Cyclist,Front,Loss_of_control,0,,,,,,,,,,,,Not a holiday,0
4796,201600002909,2016,4,26,Daylight,Out_of_agglomeration,Out_of_intersection,Normal,Other_collision,Manual_entry,-1.23526,43.79741,True,2016-04-26,14,15,14:15,Afternoon,False,Spring,2.0,0.0,60.0,Departmental_road,Bidirectional,Unknown,Flat,Straight,Normal,Unknown,On_road,Unknown,A01,Opposite_direction,Car(Quad/Passenger),None,Multiple impacts,Turning,0,,,,,,,,,,,,Not a holiday,0
4797,201600002910,2016,7,6,Daylight,Built_up_area,Intersection_X,Normal,Side_two_vehicles,Manual_entry,-1.35803,43.84795,True,2016-07-06,17,0,17:00,Evening,False,Summer,1.0,0.0,0.0,Departmental_road,One_way,Unknown,Flat,Straight,Normal,Roundabout,On_road,Unknown,A01,Other/Unknown,Car(Quad/Passenger),Cyclist,Front_right,None,0,,,,,,,,,,,,Not a holiday,0
4798,201600002910,2016,7,6,Daylight,Built_up_area,Intersection_X,Normal,Side_two_vehicles,Manual_entry,-1.35803,43.84795,True,2016-07-06,17,0,17:00,Evening,False,Summer,1.0,0.0,0.0,Departmental_road,One_way,Unknown,Flat,Straight,Normal,Roundabout,On_road,Unknown,B02,Other/Unknown,Motorcycle,Cyclist,Rear_left,Straight_ahead,0,,,,,,,,,,,,Not a holiday,0
4799,201600002911,2016,8,28,Night_with_public_lighting_on,Built_up_area,Out_of_intersection,Light_rain,Side_two_vehicles,Manual_entry,-1.33324,43.69008,True,2016-08-28,21,45,21:45,Night,True,Summer,2.0,0.0,60.0,Communal_way,Bidirectional,Unknown,Flat,Straight,Normal,Unknown,On_road,Not_near_school,A01,Same_direction,Car(Quad/Passenger),Cyclist,Right_side,Roundabout,0,,,,,,,,,,,,Not a holiday,0
4800,201600002911,2016,8,28,Night_with_public_lighting_on,Built_up_area,Out_of_intersection,Light_rain,Side_two_vehicles,Manual_entry,-1.33324,43.69008,True,2016-08-28,21,45,21:45,Night,True,Summer,2.0,0.0,60.0,Communal_way,Bidirectional,Unknown,Flat,Straight,Normal,Unknown,On_road,Not_near_school,B02,Same_direction,Motorcycle,Cyclist,Front_left,Straight_ahead,0,,,,,,,,,,,,Not a holiday,0
4801,201600002912,2016,1,15,Night_with_public_lighting_on,Built_up_area,Out_of_intersection,Heavy_rain,Frontal_two_vehicles,Manual_entry,-1.46089,43.53354,True,2016-01-15,19,30,19:30,Evening,False,Winter,3.0,0.0,110.0,Departmental_road,Bidirectional,Unknown,Hilltop,Straight,Wet,Unknown,On_road,Not_near_school,A01,Opposite_direction,Car(Quad/Passenger),Cyclist,Front_right,Roundabout,0,,,,,,,,,,,,Not a holiday,0