,accident_id,year,month,day,lighting_label,urban_label,intersection_label,weather_label,collision_label,gps_label,longitude_num,latitude_num,valid_geo,date,hour,minute,time_hhmm,time_of_day,is_weekend,season,num_lanes,pedestrian_crossing_width,road_width,road_category_label,traffic_regime_label,reserved_lane_label,road_profile_label,road_layout_label,surface_condition_label,infrastructure_label,situation_label,school_zone_label,vehicle_id,traffic_direction_label,vehicle_category_label,mobile_obstacle_label,impact_point_label,manoeuvre_label,occupants_group,birth_year,sex_label,user_category_label,injury_severity_label,seat_position_label,journey_purpose_label,pedestrian_location_label,pedestrian_action_label,pedestrian_state_label,safety_equipment_type,safety_equipment_usage,holiday_name,is_holiday
4802,201600002912,2016,1,15,Night_with_public_lighting_on,Built_up_area,Out_of_intersection,Heavy_rain,Frontal_two_vehicles,Manual_entry,-1.46089,43.53354,True,2016-01-15,19,30,19:30,Evening,False,Winter,3.0,0.0,110.0,Departmental_road,Bidirectional,Unknown,Hilltop,Straight,Wet,Unknown,On_road,Not_near_school,B02,Other/Unknown,Motorcycle,Cyclist,Front,Straight_ahead,0,,,,,,,,,,,,Not a holiday,0
4803,201600002913,2016,3,28,Daylight,Out_of_agglomeration,Out_of_intersection,Normal,Frontal_two_vehicles,Manual_entry,-1.45666,43.58091,True,2016-03-28,14,45,14:45,Afternoon,False,Spring,0.0,0.0,30.0,other,Unknown,Bike_path,Unknown,Straight,Normal,Unknown,Unknown,Unknown,A01,Same_direction,Motorcycle,Cyclist,Front,Straight_ahead,0,,,,,,,,,,,,Easter Monday,1
4804,201600002913,2016,3,28,Daylight,Out_of_agglomeration,Out_of_intersection,Normal,Frontal_two_vehicles,Manual_entry,-1.45666,43.58091,True,2016-03-28,14,45,14:45,Afternoon,False,Spring,0.0,0.0,30.0,other,Unknown,Bike_path,Unknown,Straight,Normal,Unknown,Unknown,Unknown,B02,Same_direction,Utility(Truck/Agri),Cyclist,Rear,Loss_of_control,0,,,,,,,,,,,,Easter Monday,1
4805,201600002914,2016,3,30,Daylight,Built_up_area,Out_of_intersection,Normal,Side_two_vehicles,Manual_entry,-1.4622,43.5299,True,2016-03-30,7,45,07:45,Morning,False,Spring,2.0,0.0,0.0,Departmental_road,Bidirectional,Unknown,Unknown,Straight,Normal,Unknown,On_road,Not_near_school,A01,Opposite_direction,Car(Quad/Passenger),None,Rear,Roundabout,0,,,,,,,,,,,,Not a holiday,0
4806,201600002914,2016,3,30,Daylight,Built_up_area,Out_of_intersection,Normal,Side_two_vehicles,Manual_entry,-1.4622,43.5299,True,2016-03-30,7,45,07:45,Morning,False,Spring,2.0,0.0,0.0,Departmental_road,Bidirectional,Unknown,Unknown,Straight,Normal,Unknown,On_road,Not_near_school,B02,Other/Unknown,Cycle,Cyclist,Front,Straight_ahead,0,,,,,,,,,,,,Not a holiday,0
4807,201600002915,2016,5,13,Daylight,Built_up_area,Out_of_intersection,Normal,Side_two_vehicles,Manual_entry,-1.46221,43.52988,True,2016-05-13,8,45,08:45,Morning,False,Spring,2.0,0.0,96.0,Departmental_road,Bidirectional,Unknown,Flat,Straight,Normal,Unknown,On_road,Not_near_school,A01,Opposite_direction,Car(Quad/Passenger),Cyclist,Right_side,Loss_of_control,0,,,,,,,,,,,,Not a holiday,0
4808,201600002915,2016,5,13,Daylight,Built_up_area,Out_of_intersection,Normal,Side_two_vehicles,Manual_entry,-1.46221,43.52988,True,2016-05-13,8,45,08:45,Morning,False,Spring,2.0,0.0,96.0,Departmental_road,Bidirectional,Unknown,Flat,Straight,Normal,Unknown,On_road,Not_near_school,B02,Other/Unknown,Motorcycle,Cyclist,Front,Straight_ahead,0,,,,,,,,,,,,Not a holiday,0
4809,201600002916,2016,7,12,Twilight_or_dawn,Built_up_area,Out_of_intersection,Light_rain,Other_collision,Manual_entry,-1.46027,43.55072,True,2016-07-12,7,15,07:15,Morning,False,Summer,0.0,0.0,0.0,Departmental_road,Separated_carriageways,Unknown,Flat,Straight,Wet,Unknown,On_verge,Not_near_school,A01,Opposite_direction,Car(Quad/Passenger),None,Front,Straight_ahead,0,,,,,,,,,,,,Not a holiday,0
4810,201600002917,2016,7,15,Night_without_public_lighting,Out_of_agglomeration,Out_of_intersection,Normal,Other_collision,Manual_entry,-1.2652,43.53653,True,2016-07-15,0,30,00:30,Night,False,Summer,2.0,0.0,40.0,Departmental_road,Bidirectional,Unknown,Hill_bottom,Curve_left,Normal,Bridge,On_verge,Not_near_school,A01,Opposite_direction,Car(Quad/Passenger),None,Front,Straight_ahead,0,,,,,,,,,,,,Not a holiday,0
4811,201600002918,2016,7,18,Daylight,Out_of_agglomeration,Out_of_intersection,Normal,Side_two_vehicles,Manual_entry,-1.45515,43.55547,True,2016-07-18,18,35,18:35,Evening,False,Summer,0.0,0.0,53.0,Departmental_road,Variable_assignment,Unknown,Unknown,Straight,Normal,Unknown,On_road,Not_near_school,A01,Other/Unknown,Car(Quad/Passenger),Cyclist,Rear_left,other,0,,,,,,,,,,,,Not a holiday,0
4812,201600002918,2016,7,18,Daylight,Out_of_agglomeration,Out_of_intersection,Normal,Side_two_vehicles,Manual_entry,-1.45515,43.55547,True,2016-07-18,18,35,18:35,Evening,False,Summer,0.0,0.0,53.0,Departmental_road,Variable_assignment,Unknown,Unknown,Straight,Normal,Unknown,On_road,Not_near_school,B02,Other/Unknown,Motorcycle,Cyclist,Front_right,other,0,,,,,,,,,,,,Not a holiday,0
4813,201600002919,2016,7,27,Daylight,Built_up_area,Out_of_intersection,Normal,Frontal_two_vehicles,Manual_entry,-1.38917,43.52924,True,2016-07-27,17,10,17:10,Evening,False,Summer,0.0,0.0,0.0,Departmental_road,Bidirectional,Unknown,Unknown,Straight,Normal,Unknown,On_road,Not_near_school,A01,Other/Unknown,Motorcycle,Cyclist,Front,Avoiding_obstacle,0,,,,,,,,,,,,Not a holiday,0
4814,201600002919,2016,7,27,Daylight,Built_up_area,Out_of_intersection,Normal,Frontal_two_vehicles,Manual_entry,-1.38917,43.52924,True,2016-07-27,17,10,17:10,Evening,False,Summer,0.0,0.0,0.0,Departmental_road,Bidirectional,Unknown,Unknown,Straight,Normal,Unknown,On_road,Not_near_school,B02,Opposite_direction,Utility(Truck/Agri),Cyclist,Front,Straight_ahead,0,,,,,,,,,,,,Not a holiday,0
4815,201600002920,2016,8,13,Daylight,Built_up_area,Out_of_intersection,Normal,Rear_end_two_vehicles,Manual_entry,-1.46944,43.54311,True,2016-08-13,8,50,08:50,Morning,True,Summer,2.0,0.0,76.0,Departmental_road,Bidirectional,Unknown,Slope,Curve_right,Normal,Unknown,On_road,Unknown,A01,Other/Unknown,Car(Quad/Passenger),Cyclist,Front_right,Straight_ahead,0,,,,,,,,,,,,Not a holiday,0
4816,201600002920,2016,8,13,Daylight,Built_up_area,Out_of_intersection,Normal,Rear_end_two_vehicles,Manual_entry,-1.46944,43.54311,True,2016-08-13,8,50,08:50,Morning,True,Summer,2.0,0.0,76.0,Departmental_road,Bidirectional,Unknown,Slope,Curve_right,Normal,Unknown,On_road,Unknown,B02,Other/Unknown,Cycle,None,Rear_right,Straight_ahead,0,,,,,,,,,,,,Not a holiday,0
4817,201600002921,2016,8,25,Twilight_or_dawn,Built_up_area,Out_of_intersection,Normal,Frontal_two_vehicles,Manual_entry,-1.38991,43.54196,True,2016-08-25,20,30,20:30,Evening,False,Summer,1.0,0.0,60.0,Communal_way,Bidirectional,Unknown,Slope,Straight,Normal,Unknown,On_sidewalk,Not_near_school,A01,Same_direction,Motorcycle,None,Front_right,other,0,,,,,,,,,,,,Not a holiday,0
4818,201600002921,2016,8,25,Twilight_or_dawn,Built_up_area,Out_of_intersection,Normal,Frontal_two_vehicles,Manual_entry,-1.38991,43.54196,True,2016-08-25,20,30,20:30,Evening,False,Summer,1.0,0.0,60.0,Communal_way,Bidirectional,Unknown,Slope,Straight,Normal,Unknown,On_sidewalk,Not_near_school,B02,Same_direction,Motorcycle,Cyclist,Left_side,Straight_ahead,0,,,,,,,,,,,,Not a holiday,0
4819,201600002922,2016,1,5,Night_with_public_lighting_on,Built_up_area,Out_of_intersection,Heavy_rain,Other_collision,Manual_entry,-1.16433,44.39286,True,2016-01-05,18,10,18:10,Evening,False,Winter,2.0,0.0,60.0,Departmental_road,Bidirectional,Unknown,Unknown,Straight,Wet,Pedestrian_area,On_road,Unknown,A01,Opposite_direction,Car(Quad/Passenger),Pedestrian,Front_right,Straight_ahead,0,,,,,,,,,,,,Not a holiday,0
4820,201600002923,2016,3,9,Daylight,Built_up_area,Out_of_intersection,Normal,Other_collision,Manual_entry,-1.16609,44.398,True,2016-03-09,17,45,17:45,Evening,False,Spring,2.0,0.0,45.0,Communal_way,Bidirectional,Unknown,Flat,Straight,Wet,Pedestrian_area,On_road,Unknown,A01,Same_direction,Car(Quad/Passenger),Pedestrian,Front,Straight_ahead,0,,,,,,,,,,,,Not a holiday,0
4821,201600002924,2016,5,11,Daylight,Out_of_agglomeration,Intersection_X,Normal,Frontal_two_vehicles,Manual_entry,-1.16812,44.42633,True,2016-05-11,11,45,11:45,Morning,False,Spring,2.0,0.0,70.0,Departmental_road,Bidirectional,Cycle_bank,Flat,Straight,Normal,Unknown,On_road,Unknown,A01,Other/Unknown,Car(Quad/Passenger),Cyclist,Front,Straight_ahead,0,,,,,,,,,,,,Not a holiday,0
4822,201600002924,2016,5,11,Daylight,Out_of_agglomeration,Intersection_X,Normal,Frontal_two_vehicles,Manual_entry,-1.16812,44.42633,True,2016-05-11,11,45,11:45,Morning,False,Spring,2.0,0.0,70.0,Departmental_road,Bidirectional,Cycle_bank,Flat,Straight,Normal,Unknown,On_road,Unknown,B02,Same_direction,Cycle,Cyclist,Front_left,Straight_ahead,0,,,,,,,,,,,,Not a holiday,0
4823,201600002925,2016,6,27,Daylight,Out_of_agglomeration,Out_of_intersection,Normal,Other_collision,Manual_entry,-1.20065,44.45505,True,2016-06-27,10,15,10:15,Morning,False,Summer,2.0,0.0,60.0,Departmental_road,Bidirectional,Unknown,Flat,Straight,Normal,Unknown,On_road,Not_near_school,A01,Other/Unknown,Car(Quad/Passenger),Pedestrian,Front_right,Straight_ahead,0,,,,,,,,,,,,Not a holiday,0
4824,201600002926,2016,7,9,Night_without_public_lighting,Out_of_agglomeration,Out_of_intersection,Normal,No_collision,Manual_entry,-1.07529,44.3911,True,2016-07-09,4,45,04:45,Night,True,Summer,2.0,0.0,0.0,Departmental_road,Bidirectional,Unknown,Unknown,Straight,Normal,Unknown,On_road,Unknown,A01,Opposite_direction,Car(Quad/Passenger),None,Right_side,Straight_ahead,0,,,,,,,,,,,,Not a holiday,0
4825,201600002927,2016,7,29,Twilight_or_dawn,Out_of_agglomeration,Out_of_intersection,Normal,No_collision,Manual_entry,-1.11692,44.37007,True,2016-07-29,4,45,04:45,Night,False,Summer,2.0,65.0,0.0,Departmental_road,Bidirectional,Unknown,Flat,Straight,Normal,Unknown,On_verge,Unknown,A01,Opposite_direction,Car(Quad/Passenger),None,Multiple impacts,Straight_ahead,0,,,,,,,,,,,,Not a holiday,0
4826,201600002928,2016,7,31,Daylight,Out_of_agglomeration,Out_of_intersection,Normal,Other_collision,Manual_entry,-1.22423,44.43057,True,2016-07-31,20,15,20:15,Evening,True,Summer,2.0,0.0,60.0,Departmental_road,Bidirectional,Cycle_bank,Flat,Curve_left,Normal,Unknown,On_bike_path,Not_near_school,A01,Other/Unknown,Utility(Truck/Agri),Pedestrian,Left_side,Straight_ahead,0,,,,,,,,,,,,Not a holiday,0
4827,201600002929,2016,9,28,Daylight,Out_of_agglomeration,Out_of_intersection,Normal,Other_collision,Manual_entry,-1.06143,44.50566,True,2016-09-28,16,15,16:15,Afternoon,False,Autumn,2.0,0.0,70.0,Departmental_road,Bidirectional,Unknown,Flat,Straight,Normal,Unknown,On_road,Unknown,A01,Opposite_direction,Utility(Truck/Agri),Cyclist,Rear_right,Loss_of_control,0,,,,,,,,,,,,Not a holiday,0
4828,201600002929,2016,9,28,Daylight,Out_of_agglomeration,Out_of_intersection,Normal,Other_collision,Manual_entry,-1.06143,44.50566,True,2016-09-28,16,15,16:15,Afternoon,False,Autumn,2.0,0.0,70.0,Departmental_road,Bidirectional,Unknown,Flat,Straight,Normal,Unknown,On_road,Unknown,B02,Opposite_direction,Cycle,None,Front,Straight_ahead,0,,,,,,,,,,,,Not a holiday,0
4829,201600002930,2016,6,2,Daylight,Out_of_agglomeration,Out_of_intersection,Normal,Frontal_two_vehicles,Manual_entry,-0.99368,44.0454,True,2016-06-02,20,0,20:00,Evening,False,Summer,2.0,0.0,55.0,Departmental_road,Unknown,Unknown,Flat,Curve_right,Normal,Unknown,On_road,Not_near_school,A01,Opposite_direction,Car(Quad/Passenger),Cyclist,Right_side,Avoiding_obstacle,0,,,,,,,,,,,,Not a holiday,0
4830,201600002930,2016,6,2,Daylight,Out_of_agglomeration,Out_of_intersection,Normal,Frontal_two_vehicles,Manual_entry,-0.99368,44.0454,True,2016-06-02,20,0,20:00,Evening,False,Summer,2.0,0.0,55.0,Departmental_road,Unknown,Unknown,Flat,Curve_right,Normal,Unknown,On_road,Not_near_school,B02,Other/Unknown,Car(Quad/Passenger),Cyclist,Right_side,Straight_ahead,0,,,,,,,,,,,,Not a holiday,0
4831,201600002931,2016,8,15,Daylight,Out_of_agglomeration,Out_of_intersection,Normal,Other_collision,Manual_entry,-0.99117,44.25738,True,2016-08-15,12,40,12:40,Afternoon,False,Summer,2.0,0.0,62.0,Departmental_road,Bidirectional,Unknown,Unknown,Straight,Normal,Unknown,On_verge,Unknown,A01,Other/Unknown,Car(Quad/Passenger),None,Front,Straight_ahead,0,,,,,,,,,,,,Assumption of Mary to Heaven,1
4832,201600002932,2016,9,23,Daylight,Out_of_agglomeration,Out_of_intersection,Normal,No_collision,Manual_entry,-0.90122,44.10539,True,2016-09-23,10,0,10:00,Morning,False,Autumn,2.0,0.0,0.0,Departmental_road,Bidirectional,Unknown,Unknown,Curve_left,Normal,Unknown,On_verge,Not_near_school,A01,Other/Unknown,Motorcycle,None,No_impact,Straight_ahead,0,,,,,,,,,,,,Not a holiday,0
4833,201600002933,2016,9,28,Daylight,Out_of_agglomeration,Out_of_intersection,Normal,Other_collision,Manual_entry,-0.97739,44.19265,True,2016-09-28,13,0,13:00,Afternoon,False,Autumn,1.0,0.0,0.0,Departmental_road,Bidirectional,Unknown,Flat,Straight,Normal,Unknown,On_road,Unknown,A01,Opposite_direction,Car(Quad/Passenger),None,Right_side,Avoiding_obstacle,0,,,,,,,,,,,,Not a holiday,0
4834,201600002934,2016,5,6,Daylight,Built_up_area,Out_of_intersection,Normal,Other_collision,Manual_entry,-0.57476,44.32543,True,2016-05-06,8,45,08:45,Morning,False,Spring,2.0,0.0,42.0,Communal_way,Bidirectional,Unknown,Unknown,Straight,Normal,Unknown,On_road,Not_near_school,A01,Same_direction,Car(Quad/Passenger),Pedestrian,Left_side,Straight_ahead,0,,,,,,,,,,,,Not a holiday,0
4835,201600002935,2016,6,7,Daylight,Built_up_area,Out_of_intersection,Normal,Frontal_two_vehicles,Manual_entry,-0.76214,44.3606,True,2016-06-07,11,30,11:30,Morning,False,Summer,0.0,0.0,70.0,Departmental_road,Bidirectional,Unknown,Slope,Curve_right,Normal,Unknown,On_road,Not_near_school,A01,Opposite_direction,Car(Quad/Passenger),Cyclist,Front,Avoiding_obstacle,0,,,,,,,,,,,,Not a holiday,0
4836,201600002935,2016,6,7,Daylight,Built_up_area,Out_of_intersection,Normal,Frontal_two_vehicles,Manual_entry,-0.76214,44.3606,True,2016-06-07,11,30,11:30,Morning,False,Summer,0.0,0.0,70.0,Departmental_road,Bidirectional,Unknown,Slope,Curve_right,Normal,Unknown,On_road,Not_near_school,B02,Other/Unknown,Car(Quad/Passenger),Cyclist,Front,Straight_ahead,0,,,,,,,,,,,,Not a holiday,0
4837,201600002936,2016,8,6,Daylight,Out_of_agglomeration,Out_of_intersection,Normal,No_collision,Manual_entry,-1.34258,43.6418,True,2016-08-06,19,15,19:15,Evening,True,Summer,2.0,0.0,52.0,Departmental_road,Bidirectional,Unknown,Slope,Curve_right,Normal,Unknown,On_road,Not_near_school,A01,Other/Unknown,Motorcycle,None,Front,Avoiding_obstacle,0,,,,,,,,,,,,Not a holiday,0
4838,201600002937,2016,8,12,Daylight,Out_of_agglomeration,Out_of_intersection,Normal,Other_collision,Manual_entry,-0.85709,44.3507,True,2016-08-12,14,30,14:30,Afternoon,False,Summer,2.0,0.0,69.0,Departmental_road,Bidirectional,Unknown,Flat,Straight,Normal,Unknown,On_road,Unknown,A01,Opposite_direction,Car(Quad/Passenger),Cyclist,Right_side,Straight_ahead,0,,,,,,,,,,,,Not a holiday,0
4839,201600002937,2016,8,12,Daylight,Out_of_agglomeration,Out_of_intersection,Normal,Other_collision,Manual_entry,-0.85709,44.3507,True,2016-08-12,14,30,14:30,Afternoon,False,Summer,2.0,0.0,69.0,Departmental_road,Bidirectional,Unknown,Flat,Straight,Normal,Unknown,On_road,Unknown,B02,Other/Unknown,Car(Quad/Passenger),Cyclist,Right_side,Straight_ahead,0,,,,,,,,,,,,Not a holiday,0
4840,201600002938,2016,8,28,Night_without_public_lighting,Out_of_agglomeration,Out_of_intersection,Normal,Rear_end_two_vehicles,Manual_entry,-0.77791,44.32932,True,2016-08-28,2,45,02:45,Night,True,Summer,2.0,0.0,74.0,Departmental_road,Bidirectional,Unknown,Flat,Straight,Normal,Unknown,On_road,Unknown,A01,Opposite_direction,Motorcycle,Cyclist,Front_right,Turning,0,,,,,,,,,,,,Not a holiday,0
4841,201600002938,2016,8,28,Night_without_public_lighting,Out_of_agglomeration,Out_of_intersection,Normal,Rear_end_two_vehicles,Manual_entry,-0.77791,44.32932,True,2016-08-28,2,45,02:45,Night,True,Summer,2.0,0.0,74.0,Departmental_road,Bidirectional,Unknown,Flat,Straight,Normal,Unknown,On_road,Unknown,B02,Opposite_direction,Motorcycle,Cyclist,Rear_left,Turning,0,,,,,,,,,,,,Not a holiday,0
4842,201600002939,2016,9,2,Daylight,Out_of_agglomeration,Out_of_intersection,Normal,No_collision,Manual_entry,-0.77076,44.3667,True,2016-09-02,15,15,15:15,Afternoon,False,Autumn,1.0,0.0,67.0,Departmental_road,Bidirectional,Unknown,Flat,Straight,Normal,Unknown,On_road,Not_near_school,A01,Opposite_direction,Car(Quad/Passenger),None,Front,Straight_ahead,0,,,,,,,,,,,,Not a holiday,0
4843,201600002940,2016,3,3,Night_with_public_lighting_not_functioning,Out_of_agglomeration,Out_of_intersection,Light_rain,Frontal_two_vehicles,Manual_entry,-1.11703,44.24993,True,2016-03-03,18,15,18:15,Evening,False,Spring,2.0,31.0,62.0,Departmental_road,Bidirectional,Unknown,Unknown,Straight,Wet,Unknown,On_road,Not_near_school,A01,Other/Unknown,Car(Quad/Passenger),Cyclist,Front,None,0,,,,,,,,,,,,Not a holiday,0
4844,201600002940,2016,3,3,Night_with_public_lighting_not_functioning,Out_of_agglomeration,Out_of_intersection,Light_rain,Frontal_two_vehicles,Manual_entry,-1.11703,44.24993,True,2016-03-03,18,15,18:15,Evening,False,Spring,2.0,31.0,62.0,Departmental_road,Bidirectional,Unknown,Unknown,Straight,Wet,Unknown,On_road,Not_near_school,B02,Opposite_direction,Car(Quad/Passenger),Cyclist,Left_side,Reversing,0,,,,,,,,,,,,Not a holiday,0
4845,201600002941,2016,6,26,Night_without_public_lighting,Out_of_agglomeration,Out_of_intersection,Normal,Other_collision,Manual_entry,-1.05859,44.50058,True,2016-06-26,2,30,02:30,Night,True,Summer,0.0,62.0,0.0,Departmental_road,Bidirectional,Unknown,Flat,Straight,Normal,Unknown,On_road,Not_near_school,A01,Other/Unknown,Car(Quad/Passenger),None,Front,None,0,,,,,,,,,,,,Not a holiday,0
4846,201600002942,2016,7,6,Daylight,Out_of_agglomeration,Intersection_T,Normal,Frontal_two_vehicles,Manual_entry,-1.1365,44.24447,True,2016-07-06,17,15,17:15,Evening,False,Summer,0.0,0.0,61.0,Departmental_road,Bidirectional,Unknown,Flat,Straight,Normal,Unknown,On_road,Not_near_school,A01,Other/Unknown,Utility(Truck/Agri),Cyclist,Right_side,Roundabout,0,,,,,,,,,,,,Not a holiday,0
4847,201600002942,2016,7,6,Daylight,Out_of_agglomeration,Intersection_T,Normal,Frontal_two_vehicles,Manual_entry,-1.1365,44.24447,True,2016-07-06,17,15,17:15,Evening,False,Summer,0.0,0.0,61.0,Departmental_road,Bidirectional,Unknown,Flat,Straight,Normal,Unknown,On_road,Not_near_school,B02,Opposite_direction,Car(Quad/Passenger),Cyclist,Front_right,Straight_ahead,0,,,,,,,,,,,,Not a holiday,0
4848,201600002943,2016,9,20,Daylight,Built_up_area,Out_of_intersection,Dazzling,Other_collision,Manual_entry,-1.28173,44.12009,True,2016-09-20,10,0,10:00,Morning,False,Autumn,2.0,0.0,0.0,Departmental_road,Bidirectional,Unknown,Flat,Straight,Normal,Unknown,On_road,Not_near_school,A01,Other/Unknown,Car(Quad/Passenger),Pedestrian,Front_right,None,0,,,,,,,,,,,,Not a holiday,0
4849,201600002944,2016,4,15,Daylight,Out_of_agglomeration,Out_of_intersection,Normal,Rear_end_two_vehicles,Manual_entry,-0.55822,43.77045,True,2016-04-15,15,30,15:30,Afternoon,False,Spring,0.0,0.0,140.0,Departmental_road,Separated_carriageways,Unknown,Flat,Straight,Normal,Unknown,On_road,Not_near_school,A01,Other/Unknown,Car(Quad/Passenger),None,Rear_right,other,0,,,,,,,,,,,,Not a holiday,0
4850,201600002944,2016,4,15,Daylight,Out_of_agglomeration,Out_of_intersection,Normal,Rear_end_two_vehicles,Manual_entry,-0.55822,43.77045,True,2016-04-15,15,30,15:30,Afternoon,False,Spring,0.0,0.0,140.0,Departmental_road,Separated_carriageways,Unknown,Flat,Straight,Normal,Unknown,On_road,Not_near_school,B02,Other/Unknown,Bus/Coach,Cyclist,Front,Turning,0,,,,,,,,,,,,Not a holiday,0
4851,201600002945,2016,9,15,Daylight,Built_up_area,Roundabout,Normal,Side_two_vehicles,Manual_entry,-0.57061,43.75575,True,2016-09-15,15,15,15:15,Afternoon,False,Autumn,0.0,0.0,0.0,other,Unknown,Unknown,Flat,Straight,Normal,Unknown,On_road,Not_near_school,A01,Same_direction,Utility(Truck/Agri),Cyclist,Rear_left,Straight_ahead,0,,,,,,,,,,,,Not a holiday,0
4852,201600002945,2016,9,15,Daylight,Built_up_area,Roundabout,Normal,Side_two_vehicles,Manual_entry,-0.57061,43.75575,True,2016-09-15,15,15,15:15,Afternoon,False,Autumn,0.0,0.0,0.0,other,Unknown,Unknown,Flat,Straight,Normal,Unknown,On_road,Not_near_school,B02,Same_direction,Utility(Truck/Agri),Cyclist,Right_side,Park/Start/Stop,0,,,,,,,,,,,,Not a holiday,0
4853,201600002946,2016,1,13,Daylight,Out_of_agglomeration,Out_of_intersection,Normal,No_collision,Manual_entry,-0.45459,43.78718,True,2016-01-13,14,45,14:45,Afternoon,False,Winter,2.0,0.0,70.0,Departmental_road,Bidirectional,Unknown,Flat,Straight,Normal,Unknown,On_road,Not_near_school,A01,Other/Unknown,Bus/Coach,None,No_impact,Straight_ahead,0,,,,,,,,,,,,Not a holiday,0
4854,201600002946,2016,1,13,Daylight,Out_of_agglomeration,Out_of_intersection,Normal,No_collision,Manual_entry,-0.45459,43.78718,True,2016-01-13,14,45,14:45,Afternoon,False,Winter,2.0,0.0,70.0,Departmental_road,Bidirectional,Unknown,Flat,Straight,Normal,Unknown,On_road,Not_near_school,B02,Other/Unknown,Car(Quad/Passenger),other,Front,Straight_ahead,0,,,,,,,,,,,,Not a holiday,0
4855,201600002947,2016,3,7,Daylight,Out_of_agglomeration,Out_of_intersection,Normal,Frontal_two_vehicles,Manual_entry,-0.47271,43.83994,True,2016-03-07,17,45,17:45,Evening,False,Spring,2.0,0.0,71.0,Departmental_road,Bidirectional,Unknown,Flat,Straight,Wet,Unknown,On_road,Unknown,B01,Other/Unknown,Car(Quad/Passenger),Cyclist,Right_side,Straight_ahead,0,,,,,,,,,,,,Not a holiday,0
4856,201600002947,2016,3,7,Daylight,Out_of_agglomeration,Out_of_intersection,Normal,Frontal_two_vehicles,Manual_entry,-0.47271,43.83994,True,2016-03-07,17,45,17:45,Evening,False,Spring,2.0,0.0,71.0,Departmental_road,Bidirectional,Unknown,Flat,Straight,Wet,Unknown,On_road,Unknown,A02,Opposite_direction,Car(Quad/Passenger),Cyclist,Right_side,Straight_ahead,0,,,,,,,,,,,,Not a holiday,0
4857,201600002948,2016,5,11,Daylight,Built_up_area,Out_of_intersection,Normal,Other_collision,Manual_entry,-0.31658,43.76061,True,2016-05-11,10,45,10:45,Morning,False,Spring,2.0,0.0,0.0,Departmental_road,Bidirectional,Unknown,Flat,Straight,Normal,Unknown,On_road,Unknown,A01,Opposite_direction,Utility(Truck/Agri),Pedestrian,Right_side,Roundabout,0,,,,,,,,,,,,Not a holiday,0
4858,201600002949,2016,5,22,Daylight,Out_of_agglomeration,Out_of_intersection,Light_rain,Frontal_two_vehicles,Manual_entry,-0.41788,43.76748,True,2016-05-22,11,45,11:45,Morning,True,Spring,0.0,0.0,46.0,Departmental_road,Bidirectional,Unknown,Unknown,Curve_left,Wet,Unknown,On_road,Not_near_school,A01,Other/Unknown,Car(Quad/Passenger),Cyclist,Front,Avoiding_obstacle,0,,,,,,,,,,,,Not a holiday,0
4859,201600002949,2016,5,22,Daylight,Out_of_agglomeration,Out_of_intersection,Light_rain,Frontal_two_vehicles,Manual_entry,-0.41788,43.76748,True,2016-05-22,11,45,11:45,Morning,True,Spring,0.0,0.0,46.0,Departmental_road,Bidirectional,Unknown,Unknown,Curve_left,Wet,Unknown,On_road,Not_near_school,B02,Opposite_direction,Car(Quad/Passenger),Cyclist,Front,Straight_ahead,0,,,,,,,,,,,,Not a holiday,0
4860,201600002950,2016,7,31,Night_with_public_lighting_on,Built_up_area,Out_of_intersection,Normal,Other_collision,Manual_entry,-0.36165,43.77343,True,2016-07-31,2,0,02:00,Night,True,Summer,3.0,0.0,105.0,Departmental_road,Separated_carriageways,Unknown,Flat,Straight,Normal,Unknown,On_verge,Not_near_school,A01,Other/Unknown,Car(Quad/Passenger),None,Front,Straight_ahead,0,,,,,,,,,,,,Not a holiday,0
4861,201600002951,2016,9,8,Daylight,Out_of_agglomeration,Out_of_intersection,Normal,Other_collision,Manual_entry,-0.39031,43.7187,True,2016-09-08,18,45,18:45,Evening,False,Autumn,0.0,0.0,56.0,Departmental_road,Bidirectional,Unknown,Unknown,Straight,Normal,Unknown,Unknown,Unknown,A01,Opposite_direction,Car(Quad/Passenger),None,Front,other,0,,,,,,,,,,,,Not a holiday,0
4862,201600002952,2016,9,26,Daylight,Out_of_agglomeration,Out_of_intersection,Normal,Other_collision,Manual_entry,-0.56356,43.78167,True,2016-09-26,8,15,08:15,Morning,False,Autumn,0.0,0.0,73.0,Departmental_road,Bidirectional,Unknown,Flat,Straight,Normal,Unknown,On_verge,Not_near_school,A01,Opposite_direction,Car(Quad/Passenger),None,Front,None,0,,,,,,,,,,,,Not a holiday,0
4863,201600002953,2016,4,4,Daylight,Out_of_agglomeration,Intersection_X,Normal,Side_two_vehicles,Manual_entry,-0.31496,43.96558,True,2016-04-04,12,15,12:15,Afternoon,False,Spring,1.0,,,Departmental_road,One_way,Unknown,Flat,Straight,Normal,Interchange,On_road,Unknown,A01,Other/Unknown,Car(Quad/Passenger),Cyclist,Front,None,0,,,,,,,,,,,,Not a holiday,0
4864,201600002953,2016,4,4,Daylight,Out_of_agglomeration,Intersection_X,Normal,Side_two_vehicles,Manual_entry,-0.31496,43.96558,True,2016-04-04,12,15,12:15,Afternoon,False,Spring,1.0,,,Departmental_road,One_way,Unknown,Flat,Straight,Normal,Interchange,On_road,Unknown,B02,Opposite_direction,Car(Quad/Passenger),Cyclist,Front_left,None,0,,,,,,,,,,,,Not a holiday,0