,accident_id,year,month,day,lighting_label,urban_label,intersection_label,weather_label,collision_label,gps_label,longitude_num,latitude_num,valid_geo,date,hour,minute,time_hhmm,time_of_day,is_weekend,season,num_lanes,pedestrian_crossing_width,road_width,road_category_label,traffic_regime_label,reserved_lane_label,road_profile_label,road_layout_label,surface_condition_label,infrastructure_label,situation_label,school_zone_label,vehicle_id,traffic_direction_label,vehicle_category_label,mobile_obstacle_label,impact_point_label,manoeuvre_label,occupants_group,birth_year,sex_label,user_category_label,injury_severity_label,seat_position_label,journey_purpose_label,pedestrian_location_label,pedestrian_action_label,pedestrian_state_label,safety_equipment_type,safety_equipment_usage,holiday_name,is_holiday
4865,201600002954,2016,5,17,Daylight,Out_of_agglomeration,Out_of_intersection,Normal,Side_two_vehicles,Manual_entry,-0.07556,44.05324,True,2016-05-17,15,30,15:30,Afternoon,False,Spring,2.0,80.0,0.0,Departmental_road,Bidirectional,Unknown,Flat,Straight,Normal,Unknown,On_road,Not_near_school,A01,Opposite_direction,other,Cyclist,Right_side,Straight_ahead,0,,,,,,,,,,,,Not a holiday,0
4866,201600002954,2016,5,17,Daylight,Out_of_agglomeration,Out_of_intersection,Normal,Side_two_vehicles,Manual_entry,-0.07556,44.05324,True,2016-05-17,15,30,15:30,Afternoon,False,Spring,2.0,80.0,0.0,Departmental_road,Bidirectional,Unknown,Flat,Straight,Normal,Unknown,On_road,Not_near_school,B02,Other/Unknown,Car(Quad/Passenger),Cyclist,Right_side,Avoiding_obstacle,0,,,,,,,,,,,,Not a holiday,0
4867,201600002955,2016,7,7,Daylight,Out_of_agglomeration,Out_of_intersection,Normal,Frontal_two_vehicles,Manual_entry,-0.24377,43.97641,True,2016-07-07,18,0,18:00,Evening,False,Summer,1.0,0.0,62.0,Departmental_road,Unknown,Unknown,Flat,Straight,Normal,Unknown,On_road,Not_near_school,A01,Other/Unknown,Motorcycle,Cyclist,No_impact,other,0,,,,,,,,,,,,Not a holiday,0
4868,201600002955,2016,7,7,Daylight,Out_of_agglomeration,Out_of_intersection,Normal,Frontal_two_vehicles,Manual_entry,-0.24377,43.97641,True,2016-07-07,18,0,18:00,Evening,False,Summer,1.0,0.0,62.0,Departmental_road,Unknown,Unknown,Flat,Straight,Normal,Unknown,On_road,Not_near_school,B02,Other/Unknown,Motorcycle,None,No_impact,Roundabout,0,,,,,,,,,,,,Not a holiday,0
4869,201600002956,2016,7,21,Daylight,Out_of_agglomeration,Out_of_intersection,Normal,Side_two_vehicles,Manual_entry,-0.38372,43.88588,True,2016-07-21,19,0,19:00,Evening,False,Summer,2.0,0.0,0.0,Departmental_road,Bidirectional,Unknown,Flat,Unknown,Normal,Unknown,On_road,Unknown,A01,Other/Unknown,Car(Quad/Passenger),Cyclist,Front_left,Loss_of_control,0,,,,,,,,,,,,Not a holiday,0
4870,201600002956,2016,7,21,Daylight,Out_of_agglomeration,Out_of_intersection,Normal,Side_two_vehicles,Manual_entry,-0.38372,43.88588,True,2016-07-21,19,0,19:00,Evening,False,Summer,2.0,0.0,0.0,Departmental_road,Bidirectional,Unknown,Flat,Unknown,Normal,Unknown,On_road,Unknown,B02,Opposite_direction,Car(Quad/Passenger),Cyclist,Front,Straight_ahead,0,,,,,,,,,,,,Not a holiday,0
4871,201600002957,2016,9,12,Daylight,Out_of_agglomeration,Intersection_X,Normal,Side_two_vehicles,Manual_entry,-0.01485,44.10283,True,2016-09-12,9,30,09:30,Morning,False,Autumn,2.0,,,Departmental_road,Bidirectional,Unknown,Flat,Straight,Normal,Roundabout,On_road,Not_near_school,A01,Opposite_direction,Car(Quad/Passenger),Cyclist,Front_right,Loss_of_control,0,,,,,,,,,,,,Not a holiday,0
4872,201600002957,2016,9,12,Daylight,Out_of_agglomeration,Intersection_X,Normal,Side_two_vehicles,Manual_entry,-0.01485,44.10283,True,2016-09-12,9,30,09:30,Morning,False,Autumn,2.0,,,Departmental_road,Bidirectional,Unknown,Flat,Straight,Normal,Roundabout,On_road,Not_near_school,B02,Other/Unknown,Bus/Coach,Cyclist,Front,None,0,,,,,,,,,,,,Not a holiday,0
4873,201600002958,2016,1,1,Twilight_or_dawn,Out_of_agglomeration,Out_of_intersection,Fog_or_smoke,Other_collision,Manual_entry,0.59077,44.2195,True,2016-01-01,5,30,05:30,Morning,False,Winter,2.0,0.0,0.0,Departmental_road,Bidirectional,Unknown,Slope,Curve_right,Wet,Unknown,On_verge,Not_near_school,A01,Opposite_direction,Car(Quad/Passenger),None,Front,Straight_ahead,0,,,,,,,,,,,,New year,1
4874,201600002959,2016,4,2,Daylight,Built_up_area,Out_of_intersection,Normal,Other_collision,Manual_entry,0.70301,44.1524,True,2016-04-02,14,15,14:15,Afternoon,True,Spring,2.0,0.0,50.0,Communal_way,Bidirectional,Unknown,Flat,Straight,Normal,Unknown,On_road,Unknown,A01,Same_direction,Motorcycle,Other vehicle,Front_right,Straight_ahead,0,,,,,,,,,,,,Not a holiday,0
4875,201600002960,2016,4,3,Daylight,Built_up_area,Intersection_T,Normal,Frontal_two_vehicles,Manual_entry,0.65971,44.1286,True,2016-04-03,10,0,10:00,Morning,True,Spring,2.0,0.0,0.0,National_road,Bidirectional,Unknown,Flat,Straight,Normal,Unknown,On_road,Unknown,B02,Opposite_direction,Motorcycle,Cyclist,No_impact,Straight_ahead,0,,,,,,,,,,,,Not a holiday,0
4876,201600002960,2016,4,3,Daylight,Built_up_area,Intersection_T,Normal,Frontal_two_vehicles,Manual_entry,0.65971,44.1286,True,2016-04-03,10,0,10:00,Morning,True,Spring,2.0,0.0,0.0,National_road,Bidirectional,Unknown,Flat,Straight,Normal,Unknown,On_road,Unknown,A01,Opposite_direction,Car(Quad/Passenger),None,No_impact,Roundabout,0,,,,,,,,,,,,Not a holiday,0
4877,201600002961,2016,11,26,Daylight,Built_up_area,Roundabout,Normal,No_collision,Manual_entry,0.6514,44.2141,True,2016-11-26,15,45,15:45,Afternoon,True,Autumn,2.0,0.0,0.0,Departmental_road,Bidirectional,Unknown,Flat,Straight,Normal,Unknown,On_road,Unknown,A01,Other/Unknown,Motorcycle,None,No_impact,Straight_ahead,0,,,,,,,,,,,,Not a holiday,0
4878,201600002962,2016,4,26,Daylight,Out_of_agglomeration,Intersection_T,Normal,Multiple_three_plus,Manual_entry,0.55048,44.193,True,2016-04-26,19,0,19:00,Evening,False,Spring,2.0,0.0,0.0,Departmental_road,Bidirectional,Unknown,Flat,Straight,Unknown,Unknown,Unknown,Not_near_school,C03,Other/Unknown,Motorcycle,Cyclist,Multiple impacts,Avoiding_obstacle,0,,,,,,,,,,,,Not a holiday,0
4879,201600002962,2016,4,26,Daylight,Out_of_agglomeration,Intersection_T,Normal,Multiple_three_plus,Manual_entry,0.55048,44.193,True,2016-04-26,19,0,19:00,Evening,False,Spring,2.0,0.0,0.0,Departmental_road,Bidirectional,Unknown,Flat,Straight,Unknown,Unknown,Unknown,Not_near_school,A01,Other/Unknown,Car(Quad/Passenger),Cyclist,Multiple impacts,Roundabout,0,,,,,,,,,,,,Not a holiday,0
4880,201600002962,2016,4,26,Daylight,Out_of_agglomeration,Intersection_T,Normal,Multiple_three_plus,Manual_entry,0.55048,44.193,True,2016-04-26,19,0,19:00,Evening,False,Spring,2.0,0.0,0.0,Departmental_road,Bidirectional,Unknown,Flat,Straight,Unknown,Unknown,Unknown,Not_near_school,B02,Same_direction,Car(Quad/Passenger),Cyclist,Right_side,Straight_ahead,0,,,,,,,,,,,,Not a holiday,0
4881,201600002963,2016,5,1,Night_without_public_lighting,Out_of_agglomeration,Out_of_intersection,Normal,Other_collision,Manual_entry,0.5286,44.2204,True,2016-05-01,23,45,23:45,Night,True,Spring,2.0,0.0,55.0,Departmental_road,Bidirectional,Unknown,Flat,Straight,Normal,Unknown,On_verge,Unknown,A01,Opposite_direction,Car(Quad/Passenger),None,Front,Avoiding_obstacle,0,,,,,,,,,,,,Labour Day,1
4882,201600002964,2016,5,18,Daylight,Built_up_area,Other,Normal,Frontal_two_vehicles,Manual_entry,0.55869,44.1761,True,2016-05-18,19,15,19:15,Evening,False,Spring,2.0,0.0,0.0,Communal_way,Bidirectional,Unknown,Slope,Straight,Normal,Unknown,On_road,Not_near_school,A01,Same_direction,Car(Quad/Passenger),Cyclist,Right_side,Roundabout,0,,,,,,,,,,,,Not a holiday,0
4883,201600002964,2016,5,18,Daylight,Built_up_area,Other,Normal,Frontal_two_vehicles,Manual_entry,0.55869,44.1761,True,2016-05-18,19,15,19:15,Evening,False,Spring,2.0,0.0,0.0,Communal_way,Bidirectional,Unknown,Slope,Straight,Normal,Unknown,On_road,Not_near_school,B02,Same_direction,Motorcycle,Cyclist,Front,Straight_ahead,0,,,,,,,,,,,,Not a holiday,0
4884,201600002965,2016,5,20,Daylight,Built_up_area,Out_of_intersection,Normal,Frontal_two_vehicles,Manual_entry,0.56134,44.1407,True,2016-05-20,12,45,12:45,Afternoon,False,Spring,2.0,0.0,0.0,Departmental_road,Bidirectional,Unknown,Flat,Straight,Normal,Unknown,On_road,Not_near_school,B02,Same_direction,Car(Quad/Passenger),Cyclist,Front,Straight_ahead,0,,,,,,,,,,,,Not a holiday,0
4885,201600002965,2016,5,20,Daylight,Built_up_area,Out_of_intersection,Normal,Frontal_two_vehicles,Manual_entry,0.56134,44.1407,True,2016-05-20,12,45,12:45,Afternoon,False,Spring,2.0,0.0,0.0,Departmental_road,Bidirectional,Unknown,Flat,Straight,Normal,Unknown,On_road,Not_near_school,A01,Same_direction,Utility(Truck/Agri),Cyclist,Front,Avoiding_obstacle,0,,,,,,,,,,,,Not a holiday,0
4886,201600002966,2016,2,25,Night_without_public_lighting,Out_of_agglomeration,Intersection_T,Light_rain,Frontal_two_vehicles,Manual_entry,0.33543,44.2749,True,2016-02-25,19,15,19:15,Evening,False,Winter,2.0,0.0,0.0,Departmental_road,Bidirectional,Unknown,Flat,Straight,Wet,Roundabout,On_road,Unknown,A01,Opposite_direction,Car(Quad/Passenger),Cyclist,Front_right,Roundabout,0,,,,,,,,,,,,Not a holiday,0
4887,201600002966,2016,2,25,Night_without_public_lighting,Out_of_agglomeration,Intersection_T,Light_rain,Frontal_two_vehicles,Manual_entry,0.33543,44.2749,True,2016-02-25,19,15,19:15,Evening,False,Winter,2.0,0.0,0.0,Departmental_road,Bidirectional,Unknown,Flat,Straight,Wet,Roundabout,On_road,Unknown,B02,Other/Unknown,Car(Quad/Passenger),Cyclist,Front,Straight_ahead,0,,,,,,,,,,,,Not a holiday,0
4888,201600002967,2016,7,7,Night_without_public_lighting,Out_of_agglomeration,Out_of_intersection,Normal,Other_collision,Manual_entry,0.46573,44.3187,True,2016-07-07,0,30,00:30,Night,False,Summer,2.0,0.0,60.0,Departmental_road,Bidirectional,Unknown,Flat,Straight,Normal,Unknown,On_verge,Not_near_school,A01,Opposite_direction,Car(Quad/Passenger),None,Front,Turning,0,,,,,,,,,,,,Not a holiday,0
4889,201600002968,2016,8,20,Daylight,Out_of_agglomeration,Out_of_intersection,Light_rain,Other_collision,Manual_entry,0.6303,44.2756,True,2016-08-20,8,0,08:00,Morning,True,Summer,2.0,0.0,58.0,Departmental_road,Bidirectional,Unknown,Slope,Straight,Wet,Unknown,On_verge,Not_near_school,A01,Other/Unknown,Car(Quad/Passenger),None,Front,Avoiding_obstacle,0,,,,,,,,,,,,Not a holiday,0
4890,201600002969,2016,10,21,Daylight,Out_of_agglomeration,Out_of_intersection,Normal,No_collision,Manual_entry,0.52914,44.2696,True,2016-10-21,14,0,14:00,Afternoon,False,Autumn,2.0,0.0,67.0,Departmental_road,Bidirectional,Unknown,Flat,Curve_left,Normal,Unknown,On_road,Not_near_school,A01,Opposite_direction,Motorcycle,None,Front_left,Straight_ahead,0,,,,,,,,,,,,Not a holiday,0
4891,201600002970,2016,11,9,Daylight,Out_of_agglomeration,Out_of_intersection,Light_rain,No_collision,Manual_entry,0.41778,44.3229,True,2016-11-09,9,0,09:00,Morning,False,Autumn,2.0,0.0,45.0,Departmental_road,Bidirectional,Unknown,Flat,Straight,Wet,Unknown,On_verge,Unknown,A01,Other/Unknown,Utility(Truck/Agri),None,Right_side,Avoiding_obstacle,0,,,,,,,,,,,,Not a holiday,0
4892,201600002971,2016,11,21,Daylight,Out_of_agglomeration,Intersection_T,Light_rain,Side_two_vehicles,Manual_entry,0.34222,44.2952,True,2016-11-21,10,0,10:00,Morning,False,Autumn,2.0,0.0,0.0,Departmental_road,Bidirectional,Unknown,Flat,Straight,Wet,Roundabout,On_road,Not_near_school,B02,Other/Unknown,Car(Quad/Passenger),Cyclist,Front_left,Roundabout,0,,,,,,,,,,,,Not a holiday,0
4893,201600002971,2016,11,21,Daylight,Out_of_agglomeration,Intersection_T,Light_rain,Side_two_vehicles,Manual_entry,0.34222,44.2952,True,2016-11-21,10,0,10:00,Morning,False,Autumn,2.0,0.0,0.0,Departmental_road,Bidirectional,Unknown,Flat,Straight,Wet,Roundabout,On_road,Not_near_school,A01,Other/Unknown,other,Cyclist,Front,Straight_ahead,0,,,,,,,,,,,,Not a holiday,0
4894,201600002972,2016,12,10,Daylight,Out_of_agglomeration,Out_of_intersection,Normal,Frontal_two_vehicles,Manual_entry,0.5178,44.3554,True,2016-12-10,11,45,11:45,Morning,True,Winter,2.0,0.0,64.0,Departmental_road,Bidirectional,Unknown,Slope,Curve_right,Normal,Unknown,On_road,Not_near_school,B02,Other/Unknown,Car(Quad/Passenger),Cyclist,Right_side,Straight_ahead,0,,,,,,,,,,,,Not a holiday,0
4895,201600002972,2016,12,10,Daylight,Out_of_agglomeration,Out_of_intersection,Normal,Frontal_two_vehicles,Manual_entry,0.5178,44.3554,True,2016-12-10,11,45,11:45,Morning,True,Winter,2.0,0.0,64.0,Departmental_road,Bidirectional,Unknown,Slope,Curve_right,Normal,Unknown,On_road,Not_near_school,A01,Opposite_direction,Car(Quad/Passenger),Cyclist,Right_side,Avoiding_obstacle,0,,,,,,,,,,,,Not a holiday,0
4896,201600002973,2016,12,14,Twilight_or_dawn,Out_of_agglomeration,Out_of_intersection,Other,No_collision,Manual_entry,0.50638,44.2781,True,2016-12-14,8,15,08:15,Morning,False,Winter,2.0,0.0,63.0,Departmental_road,Bidirectional,Unknown,Slope,Straight,Icy,Unknown,On_verge,Not_near_school,A01,Other/Unknown,Car(Quad/Passenger),None,Front_right,Straight_ahead,0,,,,,,,,,,,,Not a holiday,0
4897,201600002974,2016,3,27,Daylight,Out_of_agglomeration,Intersection_T,Normal,Frontal_two_vehicles,Manual_entry,0.76916,44.2713,True,2016-03-27,11,15,11:15,Morning,True,Spring,2.0,0.0,0.0,Departmental_road,Bidirectional,Unknown,Flat,Straight,Normal,Roundabout,On_road,Not_near_school,A01,Opposite_direction,Car(Quad/Passenger),None,Front,Roundabout,0,,,,,,,,,,,,Not a holiday,0
4898,201600002974,2016,3,27,Daylight,Out_of_agglomeration,Intersection_T,Normal,Frontal_two_vehicles,Manual_entry,0.76916,44.2713,True,2016-03-27,11,15,11:15,Morning,True,Spring,2.0,0.0,0.0,Departmental_road,Bidirectional,Unknown,Flat,Straight,Normal,Roundabout,On_road,Not_near_school,B02,Other/Unknown,Car(Quad/Passenger),None,Front,Straight_ahead,0,,,,,,,,,,,,Not a holiday,0
4899,201600002975,2016,4,9,Daylight,Out_of_agglomeration,Out_of_intersection,Normal,Multiple_three_plus,Manual_entry,0.70022,44.3031,True,2016-04-09,18,15,18:15,Evening,True,Spring,2.0,0.0,100.0,National_road,Bidirectional,Unknown,Slope,Straight,Normal,Unknown,On_road,Unknown,C03,Opposite_direction,Motorcycle,Cyclist,Front_left,Turning,0,,,,,,,,,,,,Not a holiday,0
4900,201600002975,2016,4,9,Daylight,Out_of_agglomeration,Out_of_intersection,Normal,Multiple_three_plus,Manual_entry,0.70022,44.3031,True,2016-04-09,18,15,18:15,Evening,True,Spring,2.0,0.0,100.0,National_road,Bidirectional,Unknown,Slope,Straight,Normal,Unknown,On_road,Unknown,B02,Other/Unknown,Car(Quad/Passenger),Cyclist,Front,Straight_ahead,0,,,,,,,,,,,,Not a holiday,0
4901,201600002975,2016,4,9,Daylight,Out_of_agglomeration,Out_of_intersection,Normal,Multiple_three_plus,Manual_entry,0.70022,44.3031,True,2016-04-09,18,15,18:15,Evening,True,Spring,2.0,0.0,100.0,National_road,Bidirectional,Unknown,Slope,Straight,Normal,Unknown,On_road,Unknown,A01,Opposite_direction,Car(Quad/Passenger),Cyclist,Front,Avoiding_obstacle,0,,,,,,,,,,,,Not a holiday,0
4902,201600002976,2016,6,11,Daylight,Built_up_area,Out_of_intersection,Normal,Rear_end_two_vehicles,Manual_entry,0.76113,44.2839,True,2016-06-11,12,0,12:00,Afternoon,True,Summer,2.0,0.0,60.0,Departmental_road,Bidirectional,Unknown,Slope,Straight,Normal,Unknown,On_road,Unknown,B02,Other/Unknown,Car(Quad/Passenger),Cyclist,Rear_right,Turning,0,,,,,,,,,,,,Not a holiday,0
4903,201600002976,2016,6,11,Daylight,Built_up_area,Out_of_intersection,Normal,Rear_end_two_vehicles,Manual_entry,0.76113,44.2839,True,2016-06-11,12,0,12:00,Afternoon,True,Summer,2.0,0.0,60.0,Departmental_road,Bidirectional,Unknown,Slope,Straight,Normal,Unknown,On_road,Unknown,A01,Other/Unknown,Motorcycle,Cyclist,Front,Turning,0,,,,,,,,,,,,Not a holiday,0
4904,201600002977,2016,6,28,Daylight,Out_of_agglomeration,Out_of_intersection,Normal,Frontal_two_vehicles,Manual_entry,0.74331,44.1726,True,2016-06-28,7,15,07:15,Morning,False,Summer,2.0,0.0,60.0,Departmental_road,Bidirectional,Unknown,Flat,Straight,Normal,Unknown,On_road,Unknown,B02,Other/Unknown,Car(Quad/Passenger),Cyclist,Left_side,Park/Start/Stop,0,,,,,,,,,,,,Not a holiday,0
4905,201600002977,2016,6,28,Daylight,Out_of_agglomeration,Out_of_intersection,Normal,Frontal_two_vehicles,Manual_entry,0.74331,44.1726,True,2016-06-28,7,15,07:15,Morning,False,Summer,2.0,0.0,60.0,Departmental_road,Bidirectional,Unknown,Flat,Straight,Normal,Unknown,On_road,Unknown,A01,Opposite_direction,Car(Quad/Passenger),Cyclist,Front,Straight_ahead,0,,,,,,,,,,,,Not a holiday,0
4906,201600002978,2016,6,28,Daylight,Out_of_agglomeration,Out_of_intersection,Normal,Frontal_two_vehicles,Manual_entry,0.76365,44.191,True,2016-06-28,17,0,17:00,Evening,False,Summer,2.0,0.0,69.0,Departmental_road,Bidirectional,Unknown,Flat,Curve_left,Wet,Unknown,On_road,Not_near_school,B02,Other/Unknown,Cycle,Cyclist,Right_side,Avoiding_obstacle,0,,,,,,,,,,,,Not a holiday,0
4907,201600002978,2016,6,28,Daylight,Out_of_agglomeration,Out_of_intersection,Normal,Frontal_two_vehicles,Manual_entry,0.76365,44.191,True,2016-06-28,17,0,17:00,Evening,False,Summer,2.0,0.0,69.0,Departmental_road,Bidirectional,Unknown,Flat,Curve_left,Wet,Unknown,On_road,Not_near_school,A01,Opposite_direction,Motorcycle,Cyclist,Front_right,Straight_ahead,0,,,,,,,,,,,,Not a holiday,0
4908,201600002979,2016,7,5,Daylight,Out_of_agglomeration,Out_of_intersection,Normal,Side_two_vehicles,Manual_entry,0.76156,44.1893,True,2016-07-05,17,45,17:45,Evening,False,Summer,2.0,0.0,615.0,Departmental_road,Bidirectional,Unknown,Flat,Straight,Normal,Unknown,On_road,Not_near_school,A01,Opposite_direction,Car(Quad/Passenger),None,Rear_left,Roundabout,0,,,,,,,,,,,,Not a holiday,0
4909,201600002979,2016,7,5,Daylight,Out_of_agglomeration,Out_of_intersection,Normal,Side_two_vehicles,Manual_entry,0.76156,44.1893,True,2016-07-05,17,45,17:45,Evening,False,Summer,2.0,0.0,615.0,Departmental_road,Bidirectional,Unknown,Flat,Straight,Normal,Unknown,On_road,Not_near_school,B02,Opposite_direction,Motorcycle,Cyclist,Front,other,0,,,,,,,,,,,,Not a holiday,0
4910,201600002980,2016,7,22,Daylight,Out_of_agglomeration,Out_of_intersection,Normal,Frontal_two_vehicles,Manual_entry,0.78004,44.1443,True,2016-07-22,17,45,17:45,Evening,False,Summer,2.0,0.0,80.0,Departmental_road,Bidirectional,Unknown,Flat,Curve_left,Normal,Unknown,On_road,Unknown,A01,Opposite_direction,Car(Quad/Passenger),Cyclist,Right_side,Avoiding_obstacle,0,,,,,,,,,,,,Not a holiday,0
4911,201600002980,2016,7,22,Daylight,Out_of_agglomeration,Out_of_intersection,Normal,Frontal_two_vehicles,Manual_entry,0.78004,44.1443,True,2016-07-22,17,45,17:45,Evening,False,Summer,2.0,0.0,80.0,Departmental_road,Bidirectional,Unknown,Flat,Curve_left,Normal,Unknown,On_road,Unknown,B02,Other/Unknown,Car(Quad/Passenger),Cyclist,Right_side,Straight_ahead,0,,,,,,,,,,,,Not a holiday,0
4912,201600002981,2016,8,31,Daylight,Out_of_agglomeration,Intersection_X,Normal,Side_two_vehicles,Manual_entry,0.7751,44.2051,True,2016-08-31,9,45,09:45,Morning,False,Summer,2.0,0.0,65.0,Departmental_road,Bidirectional,Unknown,Flat,Straight,Normal,Unknown,On_road,Not_near_school,A01,Other/Unknown,other,None,Front_left,Roundabout,0,,,,,,,,,,,,Not a holiday,0
4913,201600002981,2016,8,31,Daylight,Out_of_agglomeration,Intersection_X,Normal,Side_two_vehicles,Manual_entry,0.7751,44.2051,True,2016-08-31,9,45,09:45,Morning,False,Summer,2.0,0.0,65.0,Departmental_road,Bidirectional,Unknown,Flat,Straight,Normal,Unknown,On_road,Not_near_school,B02,Other/Unknown,Motorcycle,Cyclist,Front,other,0,,,,,,,,,,,,Not a holiday,0
4914,201600002982,2016,11,5,Night_without_public_lighting,Out_of_agglomeration,Out_of_intersection,Cloudy,No_collision,Manual_entry,0.77926,44.2496,True,2016-11-05,19,15,19:15,Evening,True,Autumn,2.0,0.0,70.0,Departmental_road,Bidirectional,Unknown,Flat,Curve_right,Wet,Unknown,On_road,Unknown,A01,Other/Unknown,Car(Quad/Passenger),None,Front,Avoiding_obstacle,0,,,,,,,,,,,,Not a holiday,0
4915,201600002983,2016,11,23,Daylight,Out_of_agglomeration,Out_of_intersection,Light_rain,Frontal_two_vehicles,Manual_entry,0.80407,44.1967,True,2016-11-23,14,45,14:45,Afternoon,False,Autumn,2.0,0.0,0.0,Departmental_road,Unknown,Unknown,Flat,Curve_left,Wet,Unknown,On_road,Unknown,A01,Other/Unknown,Car(Quad/Passenger),Cyclist,Front,Avoiding_obstacle,0,,,,,,,,,,,,Not a holiday,0
4916,201600002983,2016,11,23,Daylight,Out_of_agglomeration,Out_of_intersection,Light_rain,Frontal_two_vehicles,Manual_entry,0.80407,44.1967,True,2016-11-23,14,45,14:45,Afternoon,False,Autumn,2.0,0.0,0.0,Departmental_road,Unknown,Unknown,Flat,Curve_left,Wet,Unknown,On_road,Unknown,B02,Opposite_direction,Car(Quad/Passenger),Cyclist,Front,Straight_ahead,0,,,,,,,,,,,,Not a holiday,0
4917,201600002984,2016,12,12,Daylight,Out_of_agglomeration,Out_of_intersection,Normal,No_collision,Manual_entry,0.71853,44.1942,True,2016-12-12,15,15,15:15,Afternoon,False,Winter,2.0,0.0,50.0,Departmental_road,Bidirectional,Unknown,Flat,Curve_left,Normal,Unknown,On_verge,Not_near_school,A01,Opposite_direction,Motorcycle,None,Front,Straight_ahead,0,,,,,,,,,,,,Not a holiday,0
4918,201600002985,2016,1,28,Night_with_public_lighting_on,Built_up_area,Out_of_intersection,Normal,Rear_end_two_vehicles,Manual_entry,0.14818,44.5059,True,2016-01-28,6,45,06:45,Morning,False,Winter,2.0,0.0,85.0,Departmental_road,Variable_assignment,Unknown,Flat,Straight,Normal,Unknown,On_road,Not_near_school,B02,Other/Unknown,Car(Quad/Passenger),Cyclist,Rear_right,Turning,0,,,,,,,,,,,,Not a holiday,0
4919,201600002985,2016,1,28,Night_with_public_lighting_on,Built_up_area,Out_of_intersection,Normal,Rear_end_two_vehicles,Manual_entry,0.14818,44.5059,True,2016-01-28,6,45,06:45,Morning,False,Winter,2.0,0.0,85.0,Departmental_road,Variable_assignment,Unknown,Flat,Straight,Normal,Unknown,On_road,Not_near_school,A01,Other/Unknown,Car(Quad/Passenger),Cyclist,Front,Turning,0,,,,,,,,,,,,Not a holiday,0
4920,201600002986,2016,1,30,Daylight,Out_of_agglomeration,Out_of_intersection,Normal,Frontal_two_vehicles,Manual_entry,0.22339,44.5193,True,2016-01-30,17,0,17:00,Evening,True,Winter,2.0,0.0,62.0,Departmental_road,Bidirectional,Unknown,Slope,Straight,Normal,Unknown,On_road,Not_near_school,A01,Opposite_direction,Car(Quad/Passenger),Cyclist,Front,Avoiding_obstacle,0,,,,,,,,,,,,Not a holiday,0
4921,201600002986,2016,1,30,Daylight,Out_of_agglomeration,Out_of_intersection,Normal,Frontal_two_vehicles,Manual_entry,0.22339,44.5193,True,2016-01-30,17,0,17:00,Evening,True,Winter,2.0,0.0,62.0,Departmental_road,Bidirectional,Unknown,Slope,Straight,Normal,Unknown,On_road,Not_near_school,B02,Other/Unknown,Car(Quad/Passenger),Cyclist,Front,Straight_ahead,0,,,,,,,,,,,,Not a holiday,0
4922,201600002987,2016,2,3,Daylight,Out_of_agglomeration,Other,Normal,Side_two_vehicles,Manual_entry,0.23541,44.5029,True,2016-02-03,16,45,16:45,Afternoon,False,Winter,2.0,0.0,70.0,Departmental_road,Bidirectional,Unknown,Flat,Straight,Normal,Unknown,On_road,Not_near_school,A01,Other/Unknown,Motorcycle,Cyclist,Front,other,0,,,,,,,,,,,,Not a holiday,0
4923,201600002987,2016,2,3,Daylight,Out_of_agglomeration,Other,Normal,Side_two_vehicles,Manual_entry,0.23541,44.5029,True,2016-02-03,16,45,16:45,Afternoon,False,Winter,2.0,0.0,70.0,Departmental_road,Bidirectional,Unknown,Flat,Straight,Normal,Unknown,On_road,Not_near_school,B02,Other/Unknown,Cycle,Cyclist,Front_left,Roundabout,0,,,,,,,,,,,,Not a holiday,0
4924,201600002988,2016,2,8,Night_with_public_lighting_on,Built_up_area,Out_of_intersection,Light_rain,Rear_end_two_vehicles,Manual_entry,0.17539,44.503,True,2016-02-08,19,0,19:00,Evening,False,Winter,2.0,0.0,70.0,Departmental_road,Bidirectional,Unknown,Flat,Straight,Wet,Unknown,On_road,Not_near_school,B02,Opposite_direction,Car(Quad/Passenger),Cyclist,Front,Straight_ahead,0,,,,,,,,,,,,Not a holiday,0
4925,201600002988,2016,2,8,Night_with_public_lighting_on,Built_up_area,Out_of_intersection,Light_rain,Rear_end_two_vehicles,Manual_entry,0.17539,44.503,True,2016-02-08,19,0,19:00,Evening,False,Winter,2.0,0.0,70.0,Departmental_road,Bidirectional,Unknown,Flat,Straight,Wet,Unknown,On_road,Not_near_school,A01,Opposite_direction,Car(Quad/Passenger),Cyclist,Rear_right,other,0,,,,,,,,,,,,Not a holiday,0
4926,201600002989,2016,2,9,Daylight,Built_up_area,Out_of_intersection,Light_rain,Rear_end_two_vehicles,Manual_entry,0.16215,44.5031,True,2016-02-09,17,45,17:45,Evening,False,Winter,4.0,0.0,68.0,Departmental_road,Separated_carriageways,Unknown,Flat,Straight,Wet,Pedestrian_area,On_road,Not_near_school,A01,Other/Unknown,Motorcycle,None,Front,Straight_ahead,0,,,,,,,,,,,,Not a holiday,0
4927,201600002989,2016,2,9,Daylight,Built_up_area,Out_of_intersection,Light_rain,Rear_end_two_vehicles,Manual_entry,0.16215,44.5031,True,2016-02-09,17,45,17:45,Evening,False,Winter,4.0,0.0,68.0,Departmental_road,Separated_carriageways,Unknown,Flat,Straight,Wet,Pedestrian_area,On_road,Not_near_school,B02,Other/Unknown,Car(Quad/Passenger),Cyclist,Rear_right,other,0,,,,,,,,,,,,Not a holiday,0