,accident_id,year,month,day,lighting_label,urban_label,intersection_label,weather_label,collision_label,gps_label,longitude_num,latitude_num,valid_geo,date,hour,minute,time_hhmm,time_of_day,is_weekend,season,num_lanes,pedestrian_crossing_width,road_width,road_category_label,traffic_regime_label,reserved_lane_label,road_profile_label,road_layout_label,surface_condition_label,infrastructure_label,situation_label,school_zone_label,vehicle_id,traffic_direction_label,vehicle_category_label,mobile_obstacle_label,impact_point_label,manoeuvre_label,occupants_group,birth_year,sex_label,user_category_label,injury_severity_label,seat_position_label,journey_purpose_label,pedestrian_location_label,pedestrian_action_label,pedestrian_state_label,safety_equipment_type,safety_equipment_usage,holiday_name,is_holiday
4928,201600002990,2016,2,16,Twilight_or_dawn,Out_of_agglomeration,Out_of_intersection,Normal,Frontal_two_vehicles,Manual_entry,0.23932,44.5334,True,2016-02-16,18,0,18:00,Evening,False,Winter,2.0,0.0,75.0,Departmental_road,Bidirectional,Unknown,Flat,Straight,Normal,Unknown,On_road,Not_near_school,A01,Other/Unknown,Car(Quad/Passenger),Cyclist,Right_side,Avoiding_obstacle,0,,,,,,,,,,,,Not a holiday,0
4929,201600002990,2016,2,16,Twilight_or_dawn,Out_of_agglomeration,Out_of_intersection,Normal,Frontal_two_vehicles,Manual_entry,0.23932,44.5334,True,2016-02-16,18,0,18:00,Evening,False,Winter,2.0,0.0,75.0,Departmental_road,Bidirectional,Unknown,Flat,Straight,Normal,Unknown,On_road,Not_near_school,B02,Opposite_direction,Utility(Truck/Agri),Cyclist,Right_side,Straight_ahead,0,,,,,,,,,,,,Not a holiday,0
4930,201600002991,2016,3,11,Night_without_public_lighting,Out_of_agglomeration,Out_of_intersection,Normal,Frontal_two_vehicles,Manual_entry,0.14861,44.4908,True,2016-03-11,20,20,20:20,Evening,False,Spring,2.0,0.0,0.0,Departmental_road,Bidirectional,Unknown,Flat,Straight,Normal,Unknown,On_road,Not_near_school,B02,Opposite_direction,Bus/Coach,Cyclist,Right_side,Straight_ahead,0,,,,,,,,,,,,Not a holiday,0
4931,201600002991,2016,3,11,Night_without_public_lighting,Out_of_agglomeration,Out_of_intersection,Normal,Frontal_two_vehicles,Manual_entry,0.14861,44.4908,True,2016-03-11,20,20,20:20,Evening,False,Spring,2.0,0.0,0.0,Departmental_road,Bidirectional,Unknown,Flat,Straight,Normal,Unknown,On_road,Not_near_school,A01,Other/Unknown,Motorcycle,Cyclist,Right_side,Straight_ahead,0,,,,,,,,,,,,Not a holiday,0
4932,201600002992,2016,4,23,Daylight,Out_of_agglomeration,Out_of_intersection,Normal,Side_two_vehicles,Manual_entry,0.18276,44.4852,True,2016-04-23,11,0,11:00,Morning,True,Spring,2.0,0.0,0.0,Departmental_road,Separated_carriageways,Reserved_channel,Flat,Straight,Normal,Unknown,On_road,Unknown,B02,Other/Unknown,Motorcycle,Cyclist,Front,Straight_ahead,0,,,,,,,,,,,,Not a holiday,0
4933,201600002992,2016,4,23,Daylight,Out_of_agglomeration,Out_of_intersection,Normal,Side_two_vehicles,Manual_entry,0.18276,44.4852,True,2016-04-23,11,0,11:00,Morning,True,Spring,2.0,0.0,0.0,Departmental_road,Separated_carriageways,Reserved_channel,Flat,Straight,Normal,Unknown,On_road,Unknown,A01,Opposite_direction,Car(Quad/Passenger),None,Right_side,Loss_of_control,0,,,,,,,,,,,,Not a holiday,0
4934,201600002993,2016,5,23,Daylight,Out_of_agglomeration,Out_of_intersection,Normal,Rear_end_two_vehicles,Manual_entry,0.12353,44.517,True,2016-05-23,7,45,07:45,Morning,False,Spring,2.0,25.0,70.0,Departmental_road,Bidirectional,Unknown,Flat,Straight,Normal,Unknown,On_road,Unknown,B02,Other/Unknown,Cycle,Cyclist,Rear_right,Straight_ahead,0,,,,,,,,,,,,Not a holiday,0
4935,201600002993,2016,5,23,Daylight,Out_of_agglomeration,Out_of_intersection,Normal,Rear_end_two_vehicles,Manual_entry,0.12353,44.517,True,2016-05-23,7,45,07:45,Morning,False,Spring,2.0,25.0,70.0,Departmental_road,Bidirectional,Unknown,Flat,Straight,Normal,Unknown,On_road,Unknown,A01,Other/Unknown,Car(Quad/Passenger),Cyclist,Front_right,Turning,0,,,,,,,,,,,,Not a holiday,0
4936,201600002994,2016,6,4,Daylight,Out_of_agglomeration,Out_of_intersection,Normal,Other_collision,Manual_entry,0.14655,44.4849,True,2016-06-04,19,45,19:45,Evening,True,Summer,2.0,0.0,0.0,Departmental_road,Bidirectional,Unknown,Flat,Curve_right,Normal,Unknown,On_verge,Not_near_school,A01,Same_direction,Motorcycle,None,Front_right,Straight_ahead,0,,,,,,,,,,,,Not a holiday,0
4937,201600002995,2016,7,7,Daylight,Out_of_agglomeration,Out_of_intersection,Normal,Other_collision,Manual_entry,0.14897,44.4917,True,2016-07-07,8,45,08:45,Morning,False,Summer,2.0,0.0,90.0,Departmental_road,Bidirectional,Unknown,Flat,Straight,Normal,Unknown,On_road,Not_near_school,A01,Other/Unknown,Motorcycle,Pedestrian,Front,Straight_ahead,0,,,,,,,,,,,,Not a holiday,0
4938,201600002996,2016,7,27,Daylight,Out_of_agglomeration,Intersection_Y,Normal,Side_two_vehicles,Manual_entry,0.27251,44.5054,True,2016-07-27,10,0,10:00,Morning,False,Summer,2.0,0.0,0.0,Departmental_road,Bidirectional,Unknown,Flat,Straight,Normal,Roundabout,On_road,Unknown,A01,Opposite_direction,Car(Quad/Passenger),Cyclist,Front_left,Loss_of_control,0,,,,,,,,,,,,Not a holiday,0
4939,201600002996,2016,7,27,Daylight,Out_of_agglomeration,Intersection_Y,Normal,Side_two_vehicles,Manual_entry,0.27251,44.5054,True,2016-07-27,10,0,10:00,Morning,False,Summer,2.0,0.0,0.0,Departmental_road,Bidirectional,Unknown,Flat,Straight,Normal,Roundabout,On_road,Unknown,B02,Other/Unknown,Car(Quad/Passenger),Cyclist,Front,Straight_ahead,0,,,,,,,,,,,,Not a holiday,0
4940,201600002997,2016,8,7,Daylight,Built_up_area,Intersection_X,Normal,Rear_end_two_vehicles,Manual_entry,0.15876,44.5012,True,2016-08-07,15,0,15:00,Afternoon,True,Summer,3.0,0.0,150.0,Departmental_road,Bidirectional,Unknown,Flat,Straight,Normal,Roundabout,On_road,Unknown,A01,Other/Unknown,Car(Quad/Passenger),Cyclist,Front,Turning,0,,,,,,,,,,,,Not a holiday,0
4941,201600002997,2016,8,7,Daylight,Built_up_area,Intersection_X,Normal,Rear_end_two_vehicles,Manual_entry,0.15876,44.5012,True,2016-08-07,15,0,15:00,Afternoon,True,Summer,3.0,0.0,150.0,Departmental_road,Bidirectional,Unknown,Flat,Straight,Normal,Roundabout,On_road,Unknown,B02,Other/Unknown,Car(Quad/Passenger),None,Rear_right,other,0,,,,,,,,,,,,Not a holiday,0
4942,201600002998,2016,9,13,Daylight,Out_of_agglomeration,Roundabout,Normal,Side_two_vehicles,Manual_entry,0.19417,44.5092,True,2016-09-13,8,0,08:00,Morning,False,Autumn,2.0,0.0,0.0,Departmental_road,One_way,Unknown,Flat,Curve_left,Normal,Roundabout,On_road,Not_near_school,B02,Opposite_direction,Motorcycle,Cyclist,Front,Straight_ahead,0,,,,,,,,,,,,Not a holiday,0
4943,201600002998,2016,9,13,Daylight,Out_of_agglomeration,Roundabout,Normal,Side_two_vehicles,Manual_entry,0.19417,44.5092,True,2016-09-13,8,0,08:00,Morning,False,Autumn,2.0,0.0,0.0,Departmental_road,One_way,Unknown,Flat,Curve_left,Normal,Roundabout,On_road,Not_near_school,A01,Opposite_direction,Car(Quad/Passenger),Cyclist,Right_side,Park/Start/Stop,0,,,,,,,,,,,,Not a holiday,0
4944,201600002999,2016,9,25,Daylight,Out_of_agglomeration,Out_of_intersection,Light_rain,No_collision,Manual_entry,0.14111,44.5387,True,2016-09-25,16,30,16:30,Afternoon,True,Autumn,2.0,0.0,0.0,Departmental_road,Bidirectional,Unknown,Hilltop,Straight,Wet,Unknown,On_road,Not_near_school,A01,Opposite_direction,Car(Quad/Passenger),None,Front_right,Straight_ahead,0,,,,,,,,,,,,Not a holiday,0
4945,201600003000,2016,10,13,Daylight,Out_of_agglomeration,Out_of_intersection,Normal,No_collision,Manual_entry,0.14488,44.48,True,2016-10-13,15,15,15:15,Afternoon,False,Autumn,2.0,0.0,0.0,Departmental_road,Bidirectional,Cycle_bank,Flat,Straight,Normal,Unknown,On_bike_path,Near_school,A01,Opposite_direction,Motorcycle,None,Front,Straight_ahead,0,,,,,,,,,,,,Not a holiday,0
4946,201600003001,2016,10,21,Night_with_public_lighting_on,Out_of_agglomeration,Roundabout,Fog_or_smoke,No_collision,Manual_entry,0.15034,44.4928,True,2016-10-21,3,0,03:00,Night,False,Autumn,2.0,0.0,0.0,Departmental_road,Separated_carriageways,Unknown,Flat,Curve_right,Normal,Roundabout,Unknown,Unknown,A01,Opposite_direction,Car(Quad/Passenger),None,Front,Lane_change/Overtaking,0,,,,,,,,,,,,Not a holiday,0
4947,201600003002,2016,10,30,Night_without_public_lighting,Built_up_area,Out_of_intersection,Fog_or_smoke,Frontal_two_vehicles,Manual_entry,0.23435,44.503,True,2016-10-30,6,45,06:45,Morning,True,Autumn,2.0,0.0,0.0,Departmental_road,Bidirectional,Unknown,Flat,Curve_right,Wet,Unknown,On_road,Unknown,A01,Other/Unknown,Car(Quad/Passenger),Cyclist,Right_side,Avoiding_obstacle,0,,,,,,,,,,,,Not a holiday,0
4948,201600003002,2016,10,30,Night_without_public_lighting,Built_up_area,Out_of_intersection,Fog_or_smoke,Frontal_two_vehicles,Manual_entry,0.23435,44.503,True,2016-10-30,6,45,06:45,Morning,True,Autumn,2.0,0.0,0.0,Departmental_road,Bidirectional,Unknown,Flat,Curve_right,Wet,Unknown,On_road,Unknown,B02,Opposite_direction,Car(Quad/Passenger),Cyclist,Right_side,Straight_ahead,0,,,,,,,,,,,,Not a holiday,0
4949,201600003003,2016,11,24,Night_with_public_lighting_on,Built_up_area,Out_of_intersection,Light_rain,Other_collision,Manual_entry,0.18122,44.4995,True,2016-11-24,7,30,07:30,Morning,False,Autumn,2.0,0.0,70.0,Communal_way,Bidirectional,Unknown,Flat,Straight,Wet,Unknown,On_road,Near_school,A01,Same_direction,Car(Quad/Passenger),Pedestrian,Right_side,Straight_ahead,0,,,,,,,,,,,,Not a holiday,0
4950,201600003004,2016,11,23,Night_without_public_lighting,Out_of_agglomeration,Out_of_intersection,Heavy_rain,No_collision,Manual_entry,0.24604,44.5409,True,2016-11-23,19,30,19:30,Evening,False,Autumn,2.0,0.0,60.0,Departmental_road,Bidirectional,Unknown,Slope,Straight,Wet,Unknown,On_verge,Unknown,A01,Other/Unknown,Car(Quad/Passenger),None,Multiple impacts,Straight_ahead,0,,,,,,,,,,,,Not a holiday,0
4951,201600003005,2016,12,1,Night_without_public_lighting,Out_of_agglomeration,Out_of_intersection,Normal,Side_two_vehicles,Manual_entry,0.19897,44.4713,True,2016-12-01,19,30,19:30,Evening,False,Winter,2.0,0.0,0.0,Departmental_road,Separated_carriageways,Unknown,Flat,Curve_right,Normal,Unknown,On_road,Not_near_school,B02,Opposite_direction,Car(Quad/Passenger),Cyclist,Front_right,Straight_ahead,0,,,,,,,,,,,,Not a holiday,0
4952,201600003005,2016,12,1,Night_without_public_lighting,Out_of_agglomeration,Out_of_intersection,Normal,Side_two_vehicles,Manual_entry,0.19897,44.4713,True,2016-12-01,19,30,19:30,Evening,False,Winter,2.0,0.0,0.0,Departmental_road,Separated_carriageways,Unknown,Flat,Curve_right,Normal,Unknown,On_road,Not_near_school,A01,Other/Unknown,Car(Quad/Passenger),Cyclist,Right_side,Avoiding_obstacle,0,,,,,,,,,,,,Not a holiday,0
4953,201600003006,2016,12,7,Daylight,Out_of_agglomeration,Intersection_X,Dazzling,Side_two_vehicles,Manual_entry,0.25783,44.4812,True,2016-12-07,15,5,15:05,Afternoon,False,Winter,2.0,0.0,0.0,Departmental_road,Bidirectional,Unknown,Flat,Straight,Normal,Unknown,On_road,Not_near_school,A01,Other/Unknown,Utility(Truck/Agri),Cyclist,Front_right,Straight_ahead,0,,,,,,,,,,,,Not a holiday,0
4954,201600003006,2016,12,7,Daylight,Out_of_agglomeration,Intersection_X,Dazzling,Side_two_vehicles,Manual_entry,0.25783,44.4812,True,2016-12-07,15,5,15:05,Afternoon,False,Winter,2.0,0.0,0.0,Departmental_road,Bidirectional,Unknown,Flat,Straight,Normal,Unknown,On_road,Not_near_school,B02,Same_direction,Car(Quad/Passenger),Cyclist,Right_side,Loss_of_control,0,,,,,,,,,,,,Not a holiday,0
4955,201600003007,2016,12,19,Daylight,Out_of_agglomeration,Out_of_intersection,Normal,Frontal_two_vehicles,Manual_entry,0.18999,44.5078,True,2016-12-19,15,30,15:30,Afternoon,False,Winter,2.0,0.0,0.0,Departmental_road,Unknown,Unknown,Flat,Straight,Normal,Unknown,On_road,Not_near_school,B02,Other/Unknown,Car(Quad/Passenger),Cyclist,Front,Straight_ahead,0,,,,,,,,,,,,Not a holiday,0
4956,201600003007,2016,12,19,Daylight,Out_of_agglomeration,Out_of_intersection,Normal,Frontal_two_vehicles,Manual_entry,0.18999,44.5078,True,2016-12-19,15,30,15:30,Afternoon,False,Winter,2.0,0.0,0.0,Departmental_road,Unknown,Unknown,Flat,Straight,Normal,Unknown,On_road,Not_near_school,A01,Opposite_direction,Car(Quad/Passenger),Cyclist,Front_right,Avoiding_obstacle,0,,,,,,,,,,,,Not a holiday,0
4957,201600003008,2016,3,27,Twilight_or_dawn,Built_up_area,Intersection_T,Normal,Side_two_vehicles,Manual_entry,0.36759,44.5994,True,2016-03-27,20,15,20:15,Evening,True,Spring,2.0,0.0,0.0,Departmental_road,Bidirectional,Unknown,Flat,Straight,Normal,Unknown,On_road,Not_near_school,A01,Opposite_direction,Car(Quad/Passenger),Cyclist,Front_left,Loss_of_control,0,,,,,,,,,,,,Not a holiday,0
4958,201600003008,2016,3,27,Twilight_or_dawn,Built_up_area,Intersection_T,Normal,Side_two_vehicles,Manual_entry,0.36759,44.5994,True,2016-03-27,20,15,20:15,Evening,True,Spring,2.0,0.0,0.0,Departmental_road,Bidirectional,Unknown,Flat,Straight,Normal,Unknown,On_road,Not_near_school,B02,Opposite_direction,Motorcycle,Cyclist,Front,Straight_ahead,0,,,,,,,,,,,,Not a holiday,0
4959,201600003009,2016,7,23,Daylight,Out_of_agglomeration,Out_of_intersection,Normal,Side_two_vehicles,Manual_entry,0.32174,44.5689,True,2016-07-23,11,30,11:30,Morning,True,Summer,2.0,0.0,75.0,Departmental_road,Bidirectional,Unknown,Slope,Straight,Normal,Unknown,On_road,Not_near_school,A01,Opposite_direction,Car(Quad/Passenger),Cyclist,Front_left,Straight_ahead,0,,,,,,,,,,,,Not a holiday,0
4960,201600003009,2016,7,23,Daylight,Out_of_agglomeration,Out_of_intersection,Normal,Side_two_vehicles,Manual_entry,0.32174,44.5689,True,2016-07-23,11,30,11:30,Morning,True,Summer,2.0,0.0,75.0,Departmental_road,Bidirectional,Unknown,Slope,Straight,Normal,Unknown,On_road,Not_near_school,B02,Opposite_direction,Cycle,Cyclist,Rear_right,Loss_of_control,0,,,,,,,,,,,,Not a holiday,0
4961,201600003010,2016,9,30,Daylight,Out_of_agglomeration,Intersection_T,Normal,Rear_end_two_vehicles,Manual_entry,0.1995,44.6317,True,2016-09-30,15,15,15:15,Afternoon,False,Autumn,2.0,0.0,48.0,Departmental_road,Bidirectional,Unknown,Flat,Straight,Normal,Unknown,On_road,Not_near_school,A01,Other/Unknown,Motorcycle,Cyclist,Front,Straight_ahead,0,,,,,,,,,,,,Not a holiday,0
4962,201600003010,2016,9,30,Daylight,Out_of_agglomeration,Intersection_T,Normal,Rear_end_two_vehicles,Manual_entry,0.1995,44.6317,True,2016-09-30,15,15,15:15,Afternoon,False,Autumn,2.0,0.0,48.0,Departmental_road,Bidirectional,Unknown,Flat,Straight,Normal,Unknown,On_road,Not_near_school,B02,Other/Unknown,Utility(Truck/Agri),None,Rear_right,Roundabout,0,,,,,,,,,,,,Not a holiday,0
4963,201600003011,2016,10,4,Daylight,Built_up_area,Intersection_X,Normal,Other_collision,Manual_entry,0.35914,44.6026,True,2016-10-04,11,0,11:00,Morning,False,Autumn,1.0,0.0,0.0,Departmental_road,One_way,Unknown,Flat,Straight,Normal,Roundabout,On_road,Unknown,A01,Other/Unknown,Car(Quad/Passenger),Pedestrian,Right_side,Roundabout,0,,,,,,,,,,,,Not a holiday,0
4964,201600003012,2016,12,20,Twilight_or_dawn,Out_of_agglomeration,Intersection_T,Normal,Side_two_vehicles,Manual_entry,0.32952,44.6441,True,2016-12-20,17,45,17:45,Evening,False,Winter,2.0,0.0,59.0,Departmental_road,Bidirectional,Unknown,Flat,Straight,Normal,Unknown,On_road,Not_near_school,A01,Opposite_direction,Motorcycle,Cyclist,Left_side,Straight_ahead,0,,,,,,,,,,,,Not a holiday,0
4965,201600003012,2016,12,20,Twilight_or_dawn,Out_of_agglomeration,Intersection_T,Normal,Side_two_vehicles,Manual_entry,0.32952,44.6441,True,2016-12-20,17,45,17:45,Evening,False,Winter,2.0,0.0,59.0,Departmental_road,Bidirectional,Unknown,Flat,Straight,Normal,Unknown,On_road,Not_near_school,B02,Same_direction,Car(Quad/Passenger),Cyclist,Front,Roundabout,0,,,,,,,,,,,,Not a holiday,0
4966,201600003013,2016,8,8,Daylight,Out_of_agglomeration,Out_of_intersection,Normal,No_collision,Manual_entry,0.14048,44.3607,True,2016-08-08,13,15,13:15,Afternoon,False,Summer,2.0,0.0,46.0,Communal_way,Bidirectional,Unknown,Flat,Curve_left,Normal,Unknown,On_road,Not_near_school,A01,Same_direction,Car(Quad/Passenger),None,Front,Avoiding_obstacle,0,,,,,,,,,,,,Not a holiday,0
4967,201600003014,2016,9,4,Daylight,Out_of_agglomeration,Intersection_X,Normal,Side_two_vehicles,Manual_entry,0.07124,44.4349,True,2016-09-04,15,30,15:30,Afternoon,True,Autumn,2.0,0.0,41.0,Departmental_road,Bidirectional,Unknown,Flat,Straight,Normal,Unknown,On_road,Unknown,A01,Other/Unknown,Car(Quad/Passenger),Cyclist,Front_right,Loss_of_control,0,,,,,,,,,,,,Not a holiday,0
4968,201600003014,2016,9,4,Daylight,Out_of_agglomeration,Intersection_X,Normal,Side_two_vehicles,Manual_entry,0.07124,44.4349,True,2016-09-04,15,30,15:30,Afternoon,True,Autumn,2.0,0.0,41.0,Departmental_road,Bidirectional,Unknown,Flat,Straight,Normal,Unknown,On_road,Unknown,B02,Other/Unknown,Car(Quad/Passenger),Cyclist,Front,Straight_ahead,0,,,,,,,,,,,,Not a holiday,0
4969,201600003015,2016,9,8,Daylight,Out_of_agglomeration,Out_of_intersection,Normal,No_collision,Manual_entry,0.03296,44.45,True,2016-09-08,12,45,12:45,Afternoon,False,Autumn,2.0,0.0,0.0,Departmental_road,Bidirectional,Unknown,Slope,Curve_left,Normal,Unknown,On_verge,Unknown,A01,Other/Unknown,Car(Quad/Passenger),None,Front_right,Turning,0,,,,,,,,,,,,Not a holiday,0
4970,201600003016,2016,10,27,Daylight,Out_of_agglomeration,Intersection_X,Normal,Multiple_three_plus,Manual_entry,0.09027,44.5619,True,2016-10-27,16,30,16:30,Afternoon,False,Autumn,2.0,0.0,0.0,Departmental_road,Bidirectional,Unknown,Flat,Straight,Normal,Unknown,On_road,Unknown,B02,Opposite_direction,Cycle,Cyclist,Front,Straight_ahead,0,,,,,,,,,,,,Not a holiday,0
4971,201600003016,2016,10,27,Daylight,Out_of_agglomeration,Intersection_X,Normal,Multiple_three_plus,Manual_entry,0.09027,44.5619,True,2016-10-27,16,30,16:30,Afternoon,False,Autumn,2.0,0.0,0.0,Departmental_road,Bidirectional,Unknown,Flat,Straight,Normal,Unknown,On_road,Unknown,A01,Opposite_direction,Cycle,Cyclist,Front,Straight_ahead,0,,,,,,,,,,,,Not a holiday,0
4972,201600003016,2016,10,27,Daylight,Out_of_agglomeration,Intersection_X,Normal,Multiple_three_plus,Manual_entry,0.09027,44.5619,True,2016-10-27,16,30,16:30,Afternoon,False,Autumn,2.0,0.0,0.0,Departmental_road,Bidirectional,Unknown,Flat,Straight,Normal,Unknown,On_road,Unknown,C03,Same_direction,Car(Quad/Passenger),other,Left_side,Park/Start/Stop,0,,,,,,,,,,,,Not a holiday,0
4973,201600003017,2016,1,29,Twilight_or_dawn,Out_of_agglomeration,Out_of_intersection,Normal,No_collision,Manual_entry,0.37519,44.368,True,2016-01-29,19,15,19:15,Evening,False,Winter,2.0,0.0,0.0,Communal_way,Bidirectional,Unknown,Hilltop,Straight,Normal,Unknown,On_road,Unknown,A01,Same_direction,Motorcycle,None,Front_left,Straight_ahead,0,,,,,,,,,,,,Not a holiday,0
4974,201600003018,2016,1,17,Daylight,Out_of_agglomeration,Out_of_intersection,Normal,No_collision,Manual_entry,0.32003,44.4356,True,2016-01-17,10,0,10:00,Morning,True,Winter,2.0,0.0,80.0,Communal_way,Bidirectional,Unknown,Hill_bottom,Straight,Normal,Unknown,On_road,Not_near_school,A01,Same_direction,Motorcycle,None,Front_left,Avoiding_obstacle,0,,,,,,,,,,,,Not a holiday,0
4975,201600003019,2016,12,14,Night_without_public_lighting,Out_of_agglomeration,Out_of_intersection,Normal,Multiple_three_plus,Manual_entry,0.26333,44.3582,True,2016-12-14,18,30,18:30,Evening,False,Winter,2.0,0.0,60.0,Departmental_road,Bidirectional,Unknown,Flat,Straight,Normal,Unknown,On_road,Not_near_school,C03,Opposite_direction,Car(Quad/Passenger),Cyclist,Front,Straight_ahead,0,,,,,,,,,,,,Not a holiday,0
4976,201600003019,2016,12,14,Night_without_public_lighting,Out_of_agglomeration,Out_of_intersection,Normal,Multiple_three_plus,Manual_entry,0.26333,44.3582,True,2016-12-14,18,30,18:30,Evening,False,Winter,2.0,0.0,60.0,Departmental_road,Bidirectional,Unknown,Flat,Straight,Normal,Unknown,On_road,Not_near_school,E05,Opposite_direction,Car(Quad/Passenger),Cyclist,Front_left,Straight_ahead,0,,,,,,,,,,,,Not a holiday,0
4977,201600003019,2016,12,14,Night_without_public_lighting,Out_of_agglomeration,Out_of_intersection,Normal,Multiple_three_plus,Manual_entry,0.26333,44.3582,True,2016-12-14,18,30,18:30,Evening,False,Winter,2.0,0.0,60.0,Departmental_road,Bidirectional,Unknown,Flat,Straight,Normal,Unknown,On_road,Not_near_school,A01,Opposite_direction,Car(Quad/Passenger),Cyclist,Rear_left,other,0,,,,,,,,,,,,Not a holiday,0
4978,201600003019,2016,12,14,Night_without_public_lighting,Out_of_agglomeration,Out_of_intersection,Normal,Multiple_three_plus,Manual_entry,0.26333,44.3582,True,2016-12-14,18,30,18:30,Evening,False,Winter,2.0,0.0,60.0,Departmental_road,Bidirectional,Unknown,Flat,Straight,Normal,Unknown,On_road,Not_near_school,D04,Opposite_direction,Utility(Truck/Agri),Cyclist,Front,Straight_ahead,0,,,,,,,,,,,,Not a holiday,0
4979,201600003019,2016,12,14,Night_without_public_lighting,Out_of_agglomeration,Out_of_intersection,Normal,Multiple_three_plus,Manual_entry,0.26333,44.3582,True,2016-12-14,18,30,18:30,Evening,False,Winter,2.0,0.0,60.0,Departmental_road,Bidirectional,Unknown,Flat,Straight,Normal,Unknown,On_road,Not_near_school,B02,Other/Unknown,Bus/Coach,Cyclist,Right_side,Straight_ahead,0,,,,,,,,,,,,Not a holiday,0
4980,201600003020,2016,12,17,Daylight,Built_up_area,Out_of_intersection,Normal,Other_collision,Manual_entry,0.30405,44.3912,True,2016-12-17,16,30,16:30,Afternoon,True,Winter,2.0,0.0,0.0,Departmental_road,Bidirectional,Unknown,Flat,Straight,Normal,Unknown,On_road,Near_school,A01,Opposite_direction,Car(Quad/Passenger),Pedestrian,Front_right,Interaction,0,,,,,,,,,,,,Not a holiday,0
4981,201600003021,2016,3,17,Daylight,Out_of_agglomeration,Out_of_intersection,Normal,Side_two_vehicles,Manual_entry,0.28209,44.2698,True,2016-03-17,9,30,09:30,Morning,False,Spring,2.0,0.0,60.0,Departmental_road,Bidirectional,Unknown,Flat,Straight,Normal,Unknown,On_road,Not_near_school,A01,Opposite_direction,Car(Quad/Passenger),Cyclist,Front_right,other,0,,,,,,,,,,,,Not a holiday,0
4982,201600003021,2016,3,17,Daylight,Out_of_agglomeration,Out_of_intersection,Normal,Side_two_vehicles,Manual_entry,0.28209,44.2698,True,2016-03-17,9,30,09:30,Morning,False,Spring,2.0,0.0,60.0,Departmental_road,Bidirectional,Unknown,Flat,Straight,Normal,Unknown,On_road,Not_near_school,B02,Opposite_direction,Cycle,Cyclist,Front_left,Avoiding_obstacle,0,,,,,,,,,,,,Not a holiday,0
4983,201600003022,2016,8,2,Daylight,Out_of_agglomeration,Out_of_intersection,Normal,Frontal_two_vehicles,Manual_entry,0.02806,44.1802,True,2016-08-02,15,0,15:00,Afternoon,False,Summer,2.0,0.0,76.0,Departmental_road,Bidirectional,Unknown,Flat,Straight,Normal,Unknown,On_road,Not_near_school,A01,Other/Unknown,Car(Quad/Passenger),Cyclist,Front,other,0,,,,,,,,,,,,Not a holiday,0
4984,201600003022,2016,8,2,Daylight,Out_of_agglomeration,Out_of_intersection,Normal,Frontal_two_vehicles,Manual_entry,0.02806,44.1802,True,2016-08-02,15,0,15:00,Afternoon,False,Summer,2.0,0.0,76.0,Departmental_road,Bidirectional,Unknown,Flat,Straight,Normal,Unknown,On_road,Not_near_school,B02,Opposite_direction,Car(Quad/Passenger),Cyclist,Front,Straight_ahead,0,,,,,,,,,,,,Not a holiday,0
4985,201600003023,2016,8,5,Daylight,Built_up_area,Out_of_intersection,Normal,No_collision,Manual_entry,0.08251,44.3251,True,2016-08-05,18,45,18:45,Evening,False,Summer,2.0,0.0,53.0,Departmental_road,Bidirectional,Unknown,Flat,Curve_left,Normal,Unknown,On_road,Not_near_school,A01,Opposite_direction,Utility(Truck/Agri),None,Right_side,Avoiding_obstacle,0,,,,,,,,,,,,Not a holiday,0
4986,201600003024,2016,8,12,Daylight,Out_of_agglomeration,Intersection_X,Normal,Side_two_vehicles,Manual_entry,0.20024,44.3184,True,2016-08-12,18,45,18:45,Evening,False,Summer,2.0,0.0,62.0,Departmental_road,Unknown,Unknown,Flat,Straight,Normal,Unknown,On_road,Not_near_school,A01,Other/Unknown,Car(Quad/Passenger),Cyclist,Front,Loss_of_control,0,,,,,,,,,,,,Not a holiday,0
4987,201600003024,2016,8,12,Daylight,Out_of_agglomeration,Intersection_X,Normal,Side_two_vehicles,Manual_entry,0.20024,44.3184,True,2016-08-12,18,45,18:45,Evening,False,Summer,2.0,0.0,62.0,Departmental_road,Unknown,Unknown,Flat,Straight,Normal,Unknown,On_road,Not_near_school,B02,Other/Unknown,Car(Quad/Passenger),Cyclist,Front_left,Straight_ahead,0,,,,,,,,,,,,Not a holiday,0
4988,201600003025,2016,10,15,Daylight,Out_of_agglomeration,Out_of_intersection,Normal,Other_collision,Manual_entry,0.3037,44.2809,True,2016-10-15,13,15,13:15,Afternoon,True,Autumn,2.0,0.0,70.0,Departmental_road,Bidirectional,Unknown,Flat,Straight,Normal,Unknown,On_verge,Unknown,A01,Opposite_direction,Car(Quad/Passenger),None,Front,Straight_ahead,0,,,,,,,,,,,,Not a holiday,0
4989,201600003026,2016,10,15,Daylight,Out_of_agglomeration,Out_of_intersection,Normal,No_collision,Manual_entry,0.22598,44.3459,True,2016-10-15,18,0,18:00,Evening,True,Autumn,2.0,0.0,70.0,Departmental_road,Bidirectional,Unknown,Flat,Curve_left,Normal,Unknown,On_verge,Unknown,A01,Opposite_direction,Cycle,None,Front,Avoiding_obstacle,0,,,,,,,,,,,,Not a holiday,0