,accident_id,year,month,day,lighting_label,urban_label,intersection_label,weather_label,collision_label,gps_label,longitude_num,latitude_num,valid_geo,date,hour,minute,time_hhmm,time_of_day,is_weekend,season,num_lanes,pedestrian_crossing_width,road_width,road_category_label,traffic_regime_label,reserved_lane_label,road_profile_label,road_layout_label,surface_condition_label,infrastructure_label,situation_label,school_zone_label,vehicle_id,traffic_direction_label,vehicle_category_label,mobile_obstacle_label,impact_point_label,manoeuvre_label,occupants_group,birth_year,sex_label,user_category_label,injury_severity_label,seat_position_label,journey_purpose_label,pedestrian_location_label,pedestrian_action_label,pedestrian_state_label,safety_equipment_type,safety_equipment_usage,holiday_name,is_holiday
4990,201600003027,2016,11,28,Daylight,Out_of_agglomeration,Intersection_X,Fog_or_smoke,Frontal_two_vehicles,Manual_entry,0.31189,44.2897,True,2016-11-28,8,15,08:15,Morning,False,Autumn,2.0,0.0,75.0,Departmental_road,Bidirectional,Unknown,Flat,Straight,Normal,Unknown,On_road,Unknown,A01,Other/Unknown,Car(Quad/Passenger),Cyclist,Right_side,Roundabout,0,,,,,,,,,,,,Not a holiday,0
4991,201600003027,2016,11,28,Daylight,Out_of_agglomeration,Intersection_X,Fog_or_smoke,Frontal_two_vehicles,Manual_entry,0.31189,44.2897,True,2016-11-28,8,15,08:15,Morning,False,Autumn,2.0,0.0,75.0,Departmental_road,Bidirectional,Unknown,Flat,Straight,Normal,Unknown,On_road,Unknown,B02,Other/Unknown,Car(Quad/Passenger),Cyclist,Front,Straight_ahead,0,,,,,,,,,,,,Not a holiday,0
4992,201600003028,2016,6,10,Daylight,Out_of_agglomeration,Out_of_intersection,Normal,Frontal_two_vehicles,Manual_entry,0.75519,44.5098,True,2016-06-10,8,45,08:45,Morning,False,Summer,2.0,0.0,0.0,Departmental_road,Bidirectional,Unknown,Flat,Curve_left,Normal,Unknown,On_road,Unknown,A01,Other/Unknown,Car(Quad/Passenger),Cyclist,Left_side,Avoiding_obstacle,0,,,,,,,,,,,,Not a holiday,0
4993,201600003028,2016,6,10,Daylight,Out_of_agglomeration,Out_of_intersection,Normal,Frontal_two_vehicles,Manual_entry,0.75519,44.5098,True,2016-06-10,8,45,08:45,Morning,False,Summer,2.0,0.0,0.0,Departmental_road,Bidirectional,Unknown,Flat,Curve_left,Normal,Unknown,On_road,Unknown,B02,Opposite_direction,Car(Quad/Passenger),Cyclist,Front,Straight_ahead,0,,,,,,,,,,,,Not a holiday,0
4994,201600003029,2016,6,25,Daylight,Out_of_agglomeration,Out_of_intersection,Normal,Other_collision,Manual_entry,0.79567,44.3874,True,2016-06-25,7,45,07:45,Morning,True,Summer,2.0,0.0,65.0,Departmental_road,Bidirectional,Unknown,Slope,Straight,Normal,Unknown,On_verge,Not_near_school,A01,Opposite_direction,Car(Quad/Passenger),None,Right_side,Turning,0,,,,,,,,,,,,Not a holiday,0
4995,201600003030,2016,7,1,Night_with_public_lighting_on,Built_up_area,Out_of_intersection,Normal,Other_collision,Manual_entry,0.86043,44.4336,True,2016-07-01,22,45,22:45,Night,False,Summer,2.0,0.0,65.0,Departmental_road,Bidirectional,Unknown,Flat,Straight,Normal,Unknown,On_road,Not_near_school,A01,Opposite_direction,Motorcycle,None,Multiple impacts,Turning,0,,,,,,,,,,,,Not a holiday,0
4996,201600003031,2016,7,8,Daylight,Out_of_agglomeration,Intersection_T,Normal,Multiple_three_plus,Manual_entry,0.72641,44.4632,True,2016-07-08,19,0,19:00,Evening,False,Summer,2.0,0.0,0.0,Departmental_road,Bidirectional,Unknown,Flat,Straight,Normal,Unknown,On_road,Not_near_school,B02,Other/Unknown,Car(Quad/Passenger),None,Rear_left,Straight_ahead,0,,,,,,,,,,,,Not a holiday,0
4997,201600003031,2016,7,8,Daylight,Out_of_agglomeration,Intersection_T,Normal,Multiple_three_plus,Manual_entry,0.72641,44.4632,True,2016-07-08,19,0,19:00,Evening,False,Summer,2.0,0.0,0.0,Departmental_road,Bidirectional,Unknown,Flat,Straight,Normal,Unknown,On_road,Not_near_school,A01,Other/Unknown,Car(Quad/Passenger),None,Front,Interaction,0,,,,,,,,,,,,Not a holiday,0
4998,201600003031,2016,7,8,Daylight,Out_of_agglomeration,Intersection_T,Normal,Multiple_three_plus,Manual_entry,0.72641,44.4632,True,2016-07-08,19,0,19:00,Evening,False,Summer,2.0,0.0,0.0,Departmental_road,Bidirectional,Unknown,Flat,Straight,Normal,Unknown,On_road,Not_near_school,C03,Opposite_direction,Car(Quad/Passenger),None,Right_side,Straight_ahead,0,,,,,,,,,,,,Not a holiday,0
4999,201600003032,2016,9,1,Daylight,Out_of_agglomeration,Intersection_X,Normal,Side_two_vehicles,Manual_entry,0.66443,44.5963,True,2016-09-01,14,0,14:00,Afternoon,False,Autumn,2.0,0.0,63.0,Departmental_road,Bidirectional,Unknown,Flat,Curve_right,Normal,Unknown,On_road,Not_near_school,B02,Opposite_direction,Motorcycle,Cyclist,Front,Straight_ahead,0,,,,,,,,,,,,Not a holiday,0
5000,201600003033,2016,2,27,Daylight,Built_up_area,Roundabout,Normal,Other_collision,Manual_entry,0.7397,44.6364,True,2016-02-27,9,45,09:45,Morning,True,Winter,2.0,0.0,70.0,Departmental_road,One_way,Unknown,Flat,Straight,Normal,Unknown,On_road,Unknown,,,,,,,,,,,,,,,,,,,Not a holiday,0
5001,201600003034,2016,3,20,Night_without_public_lighting,Out_of_agglomeration,Out_of_intersection,Light_rain,No_collision,Manual_entry,0.60715,44.6022,True,2016-03-20,1,0,01:00,Night,True,Spring,2.0,0.0,0.0,National_road,Bidirectional,Unknown,Flat,Curve_right,Wet,Unknown,On_verge,Not_near_school,,,,,,,,,,,,,,,,,,,Not a holiday,0
5002,201600003035,2016,6,13,Daylight,Out_of_agglomeration,Out_of_intersection,Light_rain,Other_collision,Manual_entry,0.63128,44.6459,True,2016-06-13,18,41,18:41,Evening,False,Summer,2.0,0.0,61.0,Departmental_road,Bidirectional,Unknown,Slope,Straight,Wet,Unknown,On_verge,Unknown,,,,,,,,,,,,,,,,,,,Not a holiday,0
5003,201600003036,2016,12,30,Night_without_public_lighting,Out_of_agglomeration,Intersection_T,Normal,No_collision,Manual_entry,0.60184,44.5807,True,2016-12-30,20,30,20:30,Evening,False,Winter,2.0,0.0,40.0,Departmental_road,Bidirectional,Unknown,Flat,Curve_right,Normal,Roundabout,On_verge,Not_near_school,,,,,,,,,,,,,,,,,,,Not a holiday,0
5004,201600003037,2016,7,22,Twilight_or_dawn,Out_of_agglomeration,Out_of_intersection,Light_rain,Other_collision,Manual_entry,0.90617,44.4772,True,2016-07-22,21,0,21:00,Night,False,Summer,2.0,0.0,48.0,Communal_way,Bidirectional,Unknown,Slope,Curve_left,Wet,Unknown,On_verge,Not_near_school,,,,,,,,,,,,,,,,,,,Not a holiday,0
5005,201600003038,2016,8,16,Daylight,Built_up_area,Out_of_intersection,Dazzling,Other_collision,Manual_entry,0.94943,44.4778,True,2016-08-16,8,45,08:45,Morning,False,Summer,2.0,0.0,70.0,Departmental_road,Bidirectional,Unknown,Slope,Straight,Normal,Unknown,On_road,Not_near_school,,,,,,,,,,,,,,,,,,,Not a holiday,0
5006,201600003039,2016,11,8,Daylight,Out_of_agglomeration,Out_of_intersection,Light_rain,No_collision,Manual_entry,0.79905,44.3409,True,2016-11-08,9,30,09:30,Morning,False,Autumn,2.0,0.0,42.0,Communal_way,Bidirectional,Unknown,Slope,Straight,Wet,Unknown,On_verge,Not_near_school,,,,,,,,,,,,,,,,,,,Not a holiday,0
5007,201600003040,2016,2,24,Daylight,Out_of_agglomeration,Intersection_X,Cloudy,Side_two_vehicles,Manual_entry,0.62343,44.3385,True,2016-02-24,17,0,17:00,Evening,False,Winter,2.0,0.0,0.0,Departmental_road,Bidirectional,Unknown,Flat,Straight,Normal,Unknown,On_road,Not_near_school,,,,,,,,,,,,,,,,,,,Not a holiday,0
5008,201600003041,2016,5,27,Daylight,Out_of_agglomeration,Intersection_X,Normal,Side_two_vehicles,Manual_entry,0.62343,44.3385,True,2016-05-27,16,15,16:15,Afternoon,False,Spring,2.0,0.0,0.0,Departmental_road,Bidirectional,Unknown,Flat,Straight,Normal,Unknown,On_road,Not_near_school,,,,,,,,,,,,,,,,,,,Not a holiday,0
5009,201600003042,2016,7,22,Twilight_or_dawn,Out_of_agglomeration,Intersection_T,Heavy_rain,Multiple_three_plus,Manual_entry,0.44747,44.5123,True,2016-07-22,20,0,20:00,Evening,False,Summer,2.0,75.0,75.0,Departmental_road,Bidirectional,Unknown,Flat,Straight,Wet,Unknown,On_road,Not_near_school,,,,,,,,,,,,,,,,,,,Not a holiday,0
5010,201600003043,2016,8,10,Daylight,Out_of_agglomeration,Out_of_intersection,Normal,Multiple_three_plus,Manual_entry,0.59422,44.3908,True,2016-08-10,18,15,18:15,Evening,False,Summer,2.0,0.0,106.0,Departmental_road,Separated_carriageways,Unknown,Flat,Straight,Normal,Unknown,On_road,Not_near_school,,,,,,,,,,,,,,,,,,,Not a holiday,0
5011,201600003044,2016,9,9,Daylight,Built_up_area,Roundabout,Normal,Side_two_vehicles,Manual_entry,0.59137,44.3988,True,2016-09-09,12,0,12:00,Afternoon,False,Autumn,2.0,0.0,65.0,Departmental_road,Unknown,Unknown,Flat,Straight,Normal,Unknown,On_road,Not_near_school,,,,,,,,,,,,,,,,,,,Not a holiday,0
5012,201600003045,2016,10,22,Daylight,Out_of_agglomeration,Intersection_X,Normal,Side_two_vehicles,Manual_entry,0.62343,44.3385,True,2016-10-22,11,0,11:00,Morning,True,Autumn,2.0,0.0,72.0,Departmental_road,Bidirectional,Unknown,Flat,Straight,Normal,Unknown,On_road,Not_near_school,,,,,,,,,,,,,,,,,,,Not a holiday,0
5013,201600003046,2016,11,13,Twilight_or_dawn,Out_of_agglomeration,Out_of_intersection,Cloudy,Frontal_two_vehicles,Manual_entry,0.57499,44.3778,True,2016-11-13,17,45,17:45,Evening,True,Autumn,2.0,0.0,40.0,Departmental_road,Bidirectional,Unknown,Flat,Curve_left,Wet,Unknown,On_road,Unknown,,,,,,,,,,,,,,,,,,,Not a holiday,0
5014,201600003047,2016,11,18,Daylight,Built_up_area,Out_of_intersection,Light_rain,Other_collision,Manual_entry,0.59747,44.4011,True,2016-11-18,12,0,12:00,Afternoon,False,Autumn,2.0,0.0,60.0,Communal_way,Bidirectional,Unknown,Flat,Straight,Wet,Unknown,On_road,Near_school,,,,,,,,,,,,,,,,,,,Not a holiday,0
5015,201600003048,2016,11,19,Twilight_or_dawn,Out_of_agglomeration,Intersection_T,Light_rain,Side_two_vehicles,Manual_entry,0.56695,44.3905,True,2016-11-19,17,0,17:00,Evening,True,Autumn,2.0,0.0,0.0,Departmental_road,Bidirectional,Unknown,Flat,Curve_left,Wet,Unknown,On_road,Unknown,,,,,,,,,,,,,,,,,,,Not a holiday,0
5016,201600003049,2016,1,8,Daylight,Built_up_area,Out_of_intersection,Normal,Other_collision,Manual_entry,-0.38849,43.22875,True,2016-01-08,17,30,17:30,Evening,False,Winter,2.0,0.0,65.0,Departmental_road,Bidirectional,Cycle_bank,Flat,Straight,Normal,Unknown,On_road,Unknown,,,,,,,,,,,,,,,,,,,Not a holiday,0
5017,201600003050,2016,8,19,Daylight,Built_up_area,Intersection_X,Normal,Side_two_vehicles,Manual_entry,-0.38858,43.2297,True,2016-08-19,16,30,16:30,Afternoon,False,Summer,2.0,,,Departmental_road,Bidirectional,Unknown,Flat,Straight,Unknown,Roundabout,On_road,Not_near_school,,,,,,,,,,,,,,,,,,,Not a holiday,0
5018,201600003051,2016,9,3,Daylight,Out_of_agglomeration,Out_of_intersection,Normal,Frontal_two_vehicles,Manual_entry,-0.38911,43.19657,True,2016-09-03,16,15,16:15,Afternoon,True,Autumn,2.0,130.0,0.0,Departmental_road,Bidirectional,Unknown,Flat,Straight,Normal,Unknown,On_road,Unknown,,,,,,,,,,,,,,,,,,,Not a holiday,0
5019,201600003052,2016,9,17,Daylight,Out_of_agglomeration,Out_of_intersection,Light_rain,Other_collision,Manual_entry,-0.4143,43.20355,True,2016-09-17,11,0,11:00,Morning,True,Autumn,2.0,0.0,103.0,National_road,Bidirectional,Unknown,Slope,Curve_left,Wet,Unknown,On_verge,Not_near_school,,,,,,,,,,,,,,,,,,,Not a holiday,0
5020,201600003053,2016,5,22,Daylight,Out_of_agglomeration,Out_of_intersection,Heavy_rain,No_collision,Manual_entry,-0.3943,43.17368,True,2016-05-22,16,15,16:15,Afternoon,True,Spring,2.0,0.0,100.0,Departmental_road,Bidirectional,Unknown,Unknown,Curve_right,Wet,Unknown,On_verge,Not_near_school,,,,,,,,,,,,,,,,,,,Not a holiday,0
5021,201600003054,2016,11,27,Daylight,Out_of_agglomeration,Out_of_intersection,Normal,Side_two_vehicles,Manual_entry,-0.438,43.2881,True,2016-11-27,15,45,15:45,Afternoon,True,Autumn,0.0,0.0,36.0,Communal_way,Bidirectional,Unknown,Flat,Curve_right,Normal,Unknown,On_road,Not_near_school,,,,,,,,,,,,,,,,,,,Not a holiday,0
5022,201600003055,2016,12,30,Night_without_public_lighting,Out_of_agglomeration,Out_of_intersection,Fog_or_smoke,Multiple_three_plus,Manual_entry,-0.39089,43.23814,True,2016-12-30,20,45,20:45,Evening,False,Winter,2.0,0.0,138.0,National_road,Bidirectional,Unknown,Slope,Curve_left,Normal,Unknown,On_road,Not_near_school,,,,,,,,,,,,,,,,,,,Not a holiday,0
5023,201600003056,2016,6,9,Daylight,Out_of_agglomeration,Out_of_intersection,Normal,Other_collision,Manual_entry,-0.25437,43.34651,True,2016-06-09,15,15,15:15,Afternoon,False,Summer,2.0,0.0,130.0,Departmental_road,Bidirectional,Unknown,Flat,Straight,Normal,Unknown,On_verge,Unknown,,,,,,,,,,,,,,,,,,,Not a holiday,0
5024,201600003057,2016,3,23,Daylight,Built_up_area,Out_of_intersection,Normal,Frontal_two_vehicles,Manual_entry,-0.36676,43.4134,True,2016-03-23,17,45,17:45,Evening,False,Spring,2.0,0.0,81.0,Departmental_road,Bidirectional,Unknown,Slope,Curve_right,Oil,Unknown,On_road,Unknown,,,,,,,,,,,,,,,,,,,Not a holiday,0
5025,201600003058,2016,12,14,Daylight,Out_of_agglomeration,Roundabout,Dazzling,Rear_end_two_vehicles,Manual_entry,-0.457,43.32,True,2016-12-14,16,0,16:00,Afternoon,False,Winter,2.0,0.0,0.0,Departmental_road,Unknown,Unknown,Flat,Curve_left,Normal,Unknown,On_road,Unknown,,,,,,,,,,,,,,,,,,,Not a holiday,0
5026,201600003059,2016,2,15,Night_with_public_lighting_on,Out_of_agglomeration,Out_of_intersection,Normal,Other_collision,Manual_entry,-0.26353,43.351,True,2016-02-15,19,30,19:30,Evening,False,Winter,2.0,0.0,105.0,Departmental_road,Bidirectional,Reserved_channel,Slope,Curve_right,Normal,Roundabout,On_verge,Unknown,,,,,,,,,,,,,,,,,,,Not a holiday,0
5027,201600003060,2016,4,29,Daylight,Built_up_area,Out_of_intersection,Normal,Frontal_two_vehicles,Manual_entry,-0.184,43.278,True,2016-04-29,9,0,09:00,Morning,False,Spring,2.0,0.0,0.0,Departmental_road,Bidirectional,Unknown,Slope,Curve_right,Normal,Unknown,On_road,Not_near_school,,,,,,,,,,,,,,,,,,,Not a holiday,0
5028,201600003061,2016,7,4,Daylight,Out_of_agglomeration,Out_of_intersection,Normal,No_collision,Manual_entry,-0.20216,43.36497,True,2016-07-04,11,0,11:00,Morning,False,Summer,2.0,0.0,62.0,Departmental_road,Bidirectional,Unknown,Flat,Straight,Normal,Unknown,Unknown,Unknown,,,,,,,,,,,,,,,,,,,Not a holiday,0
5029,201600003062,2016,9,18,Night_without_public_lighting,Out_of_agglomeration,Out_of_intersection,Normal,Frontal_two_vehicles,Manual_entry,-0.17237,43.25005,True,2016-09-18,6,0,06:00,Morning,True,Autumn,0.0,0.0,72.0,Departmental_road,Bidirectional,Unknown,Unknown,Curve_left,Normal,Unknown,Unknown,Not_near_school,,,,,,,,,,,,,,,,,,,Not a holiday,0
5030,201600003063,2016,9,30,Daylight,Built_up_area,Out_of_intersection,Normal,Side_two_vehicles,Manual_entry,-0.30322,43.37435,True,2016-09-30,17,15,17:15,Evening,False,Autumn,2.0,0.0,64.0,Departmental_road,Bidirectional,Unknown,Flat,Straight,Normal,Roundabout,On_road,Unknown,,,,,,,,,,,,,,,,,,,Not a holiday,0
5031,201600003064,2016,10,25,Daylight,Built_up_area,Out_of_intersection,Normal,Side_two_vehicles,Manual_entry,-0.21181,43.2695,True,2016-10-25,18,0,18:00,Evening,False,Autumn,2.0,0.0,50.0,Departmental_road,Bidirectional,Unknown,Flat,Curve_left,Normal,Unknown,On_verge,Unknown,,,,,,,,,,,,,,,,,,,Not a holiday,0
5032,201600003065,2016,10,29,Night_without_public_lighting,Built_up_area,Out_of_intersection,Normal,Rear_end_two_vehicles,Manual_entry,-0.23833,43.28033,True,2016-10-29,8,0,08:00,Morning,True,Autumn,0.0,0.0,217.0,Departmental_road,Bidirectional,Unknown,Flat,Straight,Normal,Unknown,On_road,Unknown,,,,,,,,,,,,,,,,,,,Not a holiday,0
5033,201600003066,2016,12,10,Twilight_or_dawn,Out_of_agglomeration,Out_of_intersection,Normal,Other_collision,Manual_entry,-0.08956,43.24819,True,2016-12-10,17,15,17:15,Evening,True,Winter,3.0,0.0,105.0,Departmental_road,Bidirectional,Unknown,Hill_bottom,Straight,Normal,Unknown,On_road,Unknown,,,,,,,,,,,,,,,,,,,Not a holiday,0
5034,201600003067,2016,1,15,Night_without_public_lighting,Out_of_agglomeration,Out_of_intersection,Cloudy,Other_collision,Manual_entry,-0.21654,43.21135,True,2016-01-15,20,45,20:45,Evening,False,Winter,0.0,0.0,60.0,Departmental_road,Bidirectional,Unknown,Flat,Straight,Wet,Bridge,On_verge,Unknown,,,,,,,,,,,,,,,,,,,Not a holiday,0
5035,201600003068,2016,1,22,Daylight,Built_up_area,Intersection_X,Light_rain,Side_two_vehicles,Manual_entry,-0.27801,43.24061,True,2016-01-22,10,0,10:00,Morning,False,Winter,2.0,,64.0,Communal_way,Bidirectional,Unknown,Flat,Straight,Wet,Roundabout,On_road,Not_near_school,,,,,,,,,,,,,,,,,,,Not a holiday,0
5036,201600003069,2016,3,21,Daylight,Out_of_agglomeration,Out_of_intersection,Normal,Other_collision,Manual_entry,-0.17406,43.16614,True,2016-03-21,13,45,13:45,Afternoon,False,Spring,0.0,0.0,37.0,Departmental_road,Bidirectional,Unknown,Flat,Straight,Normal,Unknown,On_verge,Not_near_school,,,,,,,,,,,,,,,,,,,Not a holiday,0
5037,201600003070,2016,5,12,Daylight,Out_of_agglomeration,Out_of_intersection,Normal,Other_collision,Manual_entry,-0.2544,43.24515,True,2016-05-12,12,30,12:30,Afternoon,False,Spring,0.0,0.0,53.0,Departmental_road,Bidirectional,Unknown,Unknown,Curve_left,Normal,Unknown,On_verge,Unknown,,,,,,,,,,,,,,,,,,,Not a holiday,0
5038,201600003071,2016,6,27,Daylight,Out_of_agglomeration,Out_of_intersection,Normal,Side_two_vehicles,Manual_entry,,,False,2016-06-27,10,0,10:00,Morning,False,Summer,2.0,0.0,55.0,Departmental_road,Bidirectional,Unknown,Flat,Curve_left,Normal,Unknown,On_road,Not_near_school,,,,,,,,,,,,,,,,,,,Not a holiday,0
5039,201600003072,2016,8,5,Daylight,Out_of_agglomeration,Out_of_intersection,Normal,Other_collision,Manual_entry,-0.10658,43.19963,True,2016-08-05,9,15,09:15,Morning,False,Summer,1.0,0.0,0.0,Communal_way,Bidirectional,Unknown,Slope,Curve_right,Normal,Unknown,On_verge,Not_near_school,,,,,,,,,,,,,,,,,,,Not a holiday,0
5040,201600003073,2016,8,31,Daylight,Out_of_agglomeration,Out_of_intersection,Normal,Frontal_two_vehicles,Manual_entry,-0.24011,43.14475,True,2016-08-31,11,30,11:30,Morning,False,Summer,0.0,0.0,0.0,Departmental_road,Bidirectional,Unknown,Slope,Straight,Normal,Unknown,On_road,Not_near_school,,,,,,,,,,,,,,,,,,,Not a holiday,0
5041,201600003074,2016,9,22,Daylight,Built_up_area,Out_of_intersection,Normal,Side_two_vehicles,Manual_entry,-0.20652,43.12351,True,2016-09-22,10,30,10:30,Morning,False,Autumn,2.0,82.0,82.0,Departmental_road,Bidirectional,Unknown,Hilltop,Straight,Normal,Unknown,On_road,Not_near_school,,,,,,,,,,,,,,,,,,,Not a holiday,0
5042,201600003075,2016,12,5,Daylight,Out_of_agglomeration,Out_of_intersection,Normal,Side_two_vehicles,Manual_entry,-0.12261,43.18454,True,2016-12-05,8,15,08:15,Morning,False,Winter,2.0,0.0,80.0,Departmental_road,Bidirectional,Unknown,Flat,Straight,Normal,Unknown,On_road,Not_near_school,,,,,,,,,,,,,,,,,,,Not a holiday,0
5043,201600003076,2016,12,8,Daylight,Out_of_agglomeration,Out_of_intersection,Normal,Other_collision,Manual_entry,-0.21226,43.18657,True,2016-12-08,15,15,15:15,Afternoon,False,Winter,2.0,0.0,40.0,Communal_way,Bidirectional,Unknown,Flat,Straight,Normal,Unknown,On_verge,Not_near_school,,,,,,,,,,,,,,,,,,,Not a holiday,0
5044,201600003077,2016,1,3,Night_without_public_lighting,Out_of_agglomeration,Out_of_intersection,Normal,Other_collision,Manual_entry,-0.22007,43.55684,True,2016-01-03,4,45,04:45,Night,True,Winter,1.0,0.0,35.0,Departmental_road,Bidirectional,Unknown,Flat,Straight,Normal,Unknown,On_road,Not_near_school,,,,,,,,,,,,,,,,,,,Not a holiday,0
5045,201600003078,2016,1,24,Night_without_public_lighting,Out_of_agglomeration,Out_of_intersection,Light_rain,Other_collision,Manual_entry,-0.4825,43.43625,True,2016-01-24,6,15,06:15,Morning,True,Winter,2.0,0.0,68.0,Departmental_road,Bidirectional,Unknown,Unknown,Straight,Normal,Unknown,On_verge,Not_near_school,,,,,,,,,,,,,,,,,,,Not a holiday,0
5046,201600003079,2016,4,16,Daylight,Out_of_agglomeration,Out_of_intersection,Normal,Multiple_three_plus,Manual_entry,-0.47919,43.52118,True,2016-04-16,11,0,11:00,Morning,True,Spring,2.0,0.0,70.0,Departmental_road,Bidirectional,Unknown,Flat,Straight,Normal,Unknown,On_road,Not_near_school,,,,,,,,,,,,,,,,,,,Not a holiday,0
5047,201600003080,2016,4,22,Daylight,Out_of_agglomeration,Out_of_intersection,Normal,No_collision,Manual_entry,-0.31351,43.43559,True,2016-04-22,19,45,19:45,Evening,False,Spring,2.0,0.0,70.0,Departmental_road,Bidirectional,Unknown,Flat,Curve_right,Normal,Unknown,On_verge,Not_near_school,,,,,,,,,,,,,,,,,,,Not a holiday,0
5048,201600003081,2016,6,21,Twilight_or_dawn,Out_of_agglomeration,Out_of_intersection,Normal,Side_two_vehicles,Manual_entry,-0.38678,43.46425,True,2016-06-21,7,30,07:30,Morning,False,Summer,2.0,5.0,74.0,Departmental_road,Bidirectional,Unknown,Hilltop,Curve_right,Normal,Unknown,On_road,Not_near_school,,,,,,,,,,,,,,,,,,,Not a holiday,0
5049,201600003082,2016,9,13,Daylight,Out_of_agglomeration,Out_of_intersection,Normal,Frontal_two_vehicles,Manual_entry,-0.26597,43.45574,True,2016-09-13,10,0,10:00,Morning,False,Autumn,2.0,0.0,60.0,Departmental_road,Bidirectional,Unknown,Flat,Straight,Normal,Unknown,On_road,Unknown,,,,,,,,,,,,,,,,,,,Not a holiday,0
5050,201600003083,2016,9,23,Daylight,Out_of_agglomeration,Out_of_intersection,Normal,Rear_end_two_vehicles,Manual_entry,-0.3234,43.3954,True,2016-09-23,18,0,18:00,Evening,False,Autumn,2.0,0.0,65.0,Departmental_road,Bidirectional,Unknown,Flat,Straight,Normal,Unknown,On_road,Unknown,,,,,,,,,,,,,,,,,,,Not a holiday,0
5051,201600003084,2016,9,24,Daylight,Out_of_agglomeration,Out_of_intersection,Normal,Other_collision,Manual_entry,-0.23494,43.55876,True,2016-09-24,18,45,18:45,Evening,True,Autumn,2.0,0.0,0.0,Departmental_road,Separated_carriageways,Unknown,Unknown,Curve_left,Unknown,Unknown,On_road,Not_near_school,,,,,,,,,,,,,,,,,,,Not a holiday,0
5052,201600003085,2016,11,2,Daylight,Out_of_agglomeration,Out_of_intersection,Normal,Other_collision,Manual_entry,-0.3246,43.44489,True,2016-11-02,14,30,14:30,Afternoon,False,Autumn,2.0,0.0,100.0,Departmental_road,Bidirectional,Unknown,Hill_bottom,Straight,Normal,Unknown,On_verge,Unknown,,,,,,,,,,,,,,,,,,,Not a holiday,0
5053,201600003086,2016,11,5,Daylight,Built_up_area,Other,Normal,Other_collision,Manual_entry,-0.41027,43.53634,True,2016-11-05,15,0,15:00,Afternoon,True,Autumn,0.0,0.0,0.0,Parking_lot,Unknown,Unknown,Unknown,Unknown,Normal,Unknown,Unknown,Not_near_school,,,,,,,,,,,,,,,,,,,Not a holiday,0
5054,201600003087,2016,2,28,Daylight,Out_of_agglomeration,Out_of_intersection,Cloudy,Side_two_vehicles,Manual_entry,-1.44102,43.4852,True,2016-02-28,10,45,10:45,Morning,True,Winter,0.0,0.0,0.0,Departmental_road,Bidirectional,Unknown,Flat,Straight,Wet,Roundabout,On_road,Not_near_school,,,,,,,,,,,,,,,,,,,Not a holiday,0
5055,201600003088,2016,6,30,Daylight,Out_of_agglomeration,Out_of_intersection,Normal,Frontal_two_vehicles,Manual_entry,-1.40643,43.4625,True,2016-06-30,18,0,18:00,Evening,False,Summer,2.0,66.0,0.0,Departmental_road,Bidirectional,Unknown,Slope,Curve_right,Normal,Unknown,On_road,Not_near_school,,,,,,,,,,,,,,,,,,,Not a holiday,0
5056,201600003089,2016,10,18,Daylight,Out_of_agglomeration,Out_of_intersection,Normal,Side_two_vehicles,Manual_entry,-1.5076,43.43321,True,2016-10-18,15,30,15:30,Afternoon,False,Autumn,2.0,0.0,60.0,Communal_way,Bidirectional,Unknown,Unknown,Curve_right,Normal,Unknown,On_road,Not_near_school,,,,,,,,,,,,,,,,,,,Not a holiday,0
5057,201600003090,2016,1,8,Night_without_public_lighting,Out_of_agglomeration,Out_of_intersection,Light_rain,Multiple_three_plus,Manual_entry,-1.11174,43.50938,True,2016-01-08,19,0,19:00,Evening,False,Winter,0.0,0.0,103.0,Departmental_road,Bidirectional,Unknown,Flat,Straight,Wet,Unknown,On_road,Not_near_school,,,,,,,,,,,,,,,,,,,Not a holiday,0
5058,201600003091,2016,6,14,Daylight,Out_of_agglomeration,Out_of_intersection,Normal,Frontal_two_vehicles,Manual_entry,-1.32255,43.43469,True,2016-06-14,12,15,12:15,Afternoon,False,Summer,2.0,0.0,102.0,Departmental_road,Bidirectional,Unknown,Flat,Curve_left,Wet,Unknown,On_road,Unknown,,,,,,,,,,,,,,,,,,,Not a holiday,0
5059,201600003092,2016,8,9,Daylight,Out_of_agglomeration,Out_of_intersection,Normal,Side_two_vehicles,Manual_entry,,,False,2016-08-09,14,30,14:30,Afternoon,False,Summer,2.0,0.0,58.0,Departmental_road,Bidirectional,Unknown,Flat,Straight,Normal,Unknown,On_road,Not_near_school,,,,,,,,,,,,,,,,,,,Not a holiday,0
5060,201600003093,2016,8,26,Daylight,Out_of_agglomeration,Out_of_intersection,Normal,Frontal_two_vehicles,Manual_entry,-1.34142,43.37904,True,2016-08-26,16,30,16:30,Afternoon,False,Summer,0.0,0.0,53.0,Departmental_road,Bidirectional,Unknown,Unknown,Curve_right,Normal,Unknown,On_road,Not_near_school,,,,,,,,,,,,,,,,,,,Not a holiday,0
5061,201600003094,2016,8,28,Daylight,Built_up_area,Out_of_intersection,Normal,Side_two_vehicles,Manual_entry,-1.21086,43.32655,True,2016-08-28,19,0,19:00,Evening,True,Summer,1.0,0.0,60.0,Departmental_road,Bidirectional,Unknown,Flat,Straight,Normal,Unknown,On_road,Unknown,,,,,,,,,,,,,,,,,,,Not a holiday,0
5062,201600003095,2016,2,14,Daylight,Out_of_agglomeration,Out_of_intersection,Strong_wind_or_storm,Frontal_two_vehicles,Manual_entry,-1.47347,43.3536,True,2016-02-14,12,15,12:15,Afternoon,True,Winter,2.0,0.0,65.0,Departmental_road,Bidirectional,Unknown,Slope,Straight,Wet,Unknown,On_road,Unknown,,,,,,,,,,,,,,,,,,,Not a holiday,0