,accident_id,year,month,day,lighting_label,urban_label,intersection_label,weather_label,collision_label,gps_label,longitude_num,latitude_num,valid_geo,date,hour,minute,time_hhmm,time_of_day,is_weekend,season,num_lanes,pedestrian_crossing_width,road_width,road_category_label,traffic_regime_label,reserved_lane_label,road_profile_label,road_layout_label,surface_condition_label,infrastructure_label,situation_label,school_zone_label,vehicle_id,traffic_direction_label,vehicle_category_label,mobile_obstacle_label,impact_point_label,manoeuvre_label,occupants_group,birth_year,sex_label,user_category_label,injury_severity_label,seat_position_label,journey_purpose_label,pedestrian_location_label,pedestrian_action_label,pedestrian_state_label,safety_equipment_type,safety_equipment_usage,holiday_name,is_holiday
5063,201600003096,2016,2,24,Daylight,Built_up_area,Out_of_intersection,Normal,Side_two_vehicles,Manual_entry,-1.62223,43.3466,True,2016-02-24,8,45,08:45,Morning,False,Winter,2.0,0.0,70.0,Departmental_road,Bidirectional,Unknown,Unknown,Straight,Normal,Unknown,On_road,Unknown,,,,,,,,,,,,,,,,,,,Not a holiday,0
5064,201600003097,2016,2,28,Night_with_public_lighting_on,Out_of_agglomeration,Intersection_X,Light_rain,Side_two_vehicles,Manual_entry,-1.63675,43.3621,True,2016-02-28,3,30,03:30,Night,True,Winter,2.0,0.0,70.0,Departmental_road,Bidirectional,Unknown,Flat,Straight,Wet,Unknown,On_road,Unknown,,,,,,,,,,,,,,,,,,,Not a holiday,0
5065,201600003098,2016,4,6,Daylight,Out_of_agglomeration,Out_of_intersection,Normal,Other_collision,Manual_entry,-1.55189,43.34544,True,2016-04-06,17,0,17:00,Evening,False,Spring,2.0,0.0,60.0,Departmental_road,Bidirectional,Unknown,Unknown,Curve_right,Normal,Unknown,On_road,Unknown,,,,,,,,,,,,,,,,,,,Not a holiday,0
5066,201600003099,2016,5,4,Daylight,Out_of_agglomeration,Out_of_intersection,Normal,Side_two_vehicles,Manual_entry,-1.5688,43.29997,True,2016-05-04,9,45,09:45,Morning,False,Spring,0.0,60.0,0.0,Communal_way,Bidirectional,Unknown,Hilltop,Curve_left,Normal,Unknown,On_road,Unknown,,,,,,,,,,,,,,,,,,,Not a holiday,0
5067,201600003100,2016,8,20,Daylight,Built_up_area,Out_of_intersection,Normal,Side_two_vehicles,Manual_entry,-1.5747,43.40261,True,2016-08-20,17,30,17:30,Evening,True,Summer,0.0,15.0,75.0,Departmental_road,Bidirectional,Unknown,Slope,Straight,Normal,Roundabout,On_road,Not_near_school,,,,,,,,,,,,,,,,,,,Not a holiday,0
5068,201600003101,2016,9,2,Daylight,Out_of_agglomeration,Out_of_intersection,Normal,Side_two_vehicles,Manual_entry,-0.30275,43.31772,True,2016-09-02,17,45,17:45,Evening,False,Autumn,2.0,0.0,70.0,Departmental_road,Bidirectional,Unknown,Flat,Straight,Normal,Unknown,On_road,Unknown,,,,,,,,,,,,,,,,,,,Not a holiday,0
5069,201600003102,2016,9,13,Daylight,Out_of_agglomeration,Out_of_intersection,Heavy_rain,Multiple_three_plus,Manual_entry,-1.575,43.41581,True,2016-09-13,17,15,17:15,Evening,False,Autumn,0.0,0.0,53.0,Departmental_road,Bidirectional,Unknown,Flat,Straight,Wet,Unknown,On_road,Unknown,,,,,,,,,,,,,,,,,,,Not a holiday,0
5070,201600003103,2016,10,8,Daylight,Out_of_agglomeration,Out_of_intersection,Normal,Frontal_two_vehicles,Manual_entry,-1.57491,43.41547,True,2016-10-08,16,0,16:00,Afternoon,True,Autumn,2.0,0.0,60.0,Departmental_road,Bidirectional,Unknown,Slope,Straight,Normal,Unknown,On_road,Unknown,,,,,,,,,,,,,,,,,,,Not a holiday,0
5071,201600003104,2016,12,7,Daylight,Out_of_agglomeration,Out_of_intersection,Normal,Frontal_two_vehicles,Manual_entry,-1.566,43.305,True,2016-12-07,10,30,10:30,Morning,False,Winter,0.0,0.0,50.0,Communal_way,Bidirectional,Unknown,Slope,Curve_left,Normal,Unknown,On_road,Unknown,,,,,,,,,,,,,,,,,,,Not a holiday,0
5072,201600003105,2016,12,18,Daylight,Built_up_area,Out_of_intersection,Normal,Side_two_vehicles,Manual_entry,-1.526,43.348,True,2016-12-18,14,45,14:45,Afternoon,True,Winter,2.0,0.0,122.0,Communal_way,Bidirectional,Unknown,Slope,Straight,Normal,Unknown,On_road,Unknown,,,,,,,,,,,,,,,,,,,Not a holiday,0
5073,201600003106,2016,2,6,Daylight,Built_up_area,Out_of_intersection,Normal,Other_collision,Manual_entry,-1.43882,43.4329,True,2016-02-06,14,30,14:30,Afternoon,True,Winter,0.0,0.0,50.0,Communal_way,Bidirectional,Unknown,Unknown,Curve_left,Normal,Unknown,On_road,Not_near_school,,,,,,,,,,,,,,,,,,,Not a holiday,0
5074,201600003107,2016,3,14,Twilight_or_dawn,Built_up_area,Out_of_intersection,Normal,Side_two_vehicles,Manual_entry,-1.422,43.38,True,2016-03-14,19,15,19:15,Evening,False,Spring,1.0,0.0,50.0,Communal_way,Bidirectional,Unknown,Slope,Straight,Normal,Unknown,On_road,Not_near_school,,,,,,,,,,,,,,,,,,,Not a holiday,0
5075,201600003108,2016,4,23,Night_without_public_lighting,Built_up_area,Out_of_intersection,Normal,Frontal_two_vehicles,Manual_entry,-1.51941,43.44013,True,2016-04-23,23,45,23:45,Night,True,Spring,2.0,0.0,70.0,Departmental_road,Bidirectional,Unknown,Slope,Curve_left,Normal,Unknown,On_road,Not_near_school,,,,,,,,,,,,,,,,,,,Not a holiday,0
5076,201600003109,2016,5,13,Night_without_public_lighting,Out_of_agglomeration,Out_of_intersection,Light_rain,Rear_end_two_vehicles,Manual_entry,-1.46964,43.40973,True,2016-05-13,6,0,06:00,Morning,False,Spring,3.0,0.0,108.0,Departmental_road,Bidirectional,Unknown,Hilltop,Curve_right,Wet,Unknown,On_verge,Unknown,,,,,,,,,,,,,,,,,,,Not a holiday,0
5077,201600003110,2016,6,5,Daylight,Built_up_area,Out_of_intersection,Normal,Frontal_two_vehicles,Manual_entry,-1.43743,43.34779,True,2016-06-05,11,30,11:30,Morning,True,Summer,0.0,0.0,80.0,Departmental_road,Bidirectional,Unknown,Unknown,Curve_left,Normal,Unknown,On_road,Not_near_school,,,,,,,,,,,,,,,,,,,Not a holiday,0
5078,201600003111,2016,6,12,Daylight,Out_of_agglomeration,Out_of_intersection,Normal,Other_collision,Manual_entry,-1.5136,43.43183,True,2016-06-12,6,30,06:30,Morning,True,Summer,2.0,80.0,0.0,Departmental_road,Bidirectional,Unknown,Flat,Curve_right,Normal,Unknown,On_verge,Not_near_school,,,,,,,,,,,,,,,,,,,Not a holiday,0
5079,201600003112,2016,6,21,Daylight,Built_up_area,Out_of_intersection,Dazzling,Side_two_vehicles,Manual_entry,-1.5512,43.4319,True,2016-06-21,9,0,09:00,Morning,False,Summer,0.0,0.0,0.0,Departmental_road,Bidirectional,Unknown,Slope,Straight,Normal,Unknown,On_emergency_stop_band,Near_school,,,,,,,,,,,,,,,,,,,Not a holiday,0
5080,201600003113,2016,6,25,Daylight,Out_of_agglomeration,Out_of_intersection,Normal,Frontal_two_vehicles,Manual_entry,-1.51654,43.445,True,2016-06-25,17,0,17:00,Evening,True,Summer,2.0,0.0,0.0,Departmental_road,Bidirectional,Unknown,Flat,Straight,Normal,Unknown,On_road,Not_near_school,,,,,,,,,,,,,,,,,,,Not a holiday,0
5081,201600003114,2016,9,6,Night_with_public_lighting_on,Built_up_area,Out_of_intersection,Normal,No_collision,Manual_entry,-1.44218,43.3419,True,2016-09-06,2,0,02:00,Night,False,Autumn,2.0,0.0,0.0,Departmental_road,Bidirectional,Unknown,Slope,Straight,Normal,Unknown,On_road,Not_near_school,,,,,,,,,,,,,,,,,,,Not a holiday,0
5082,201600003115,2016,9,29,Daylight,Out_of_agglomeration,Out_of_intersection,Normal,Frontal_two_vehicles,Manual_entry,-1.40355,43.31661,True,2016-09-29,12,15,12:15,Afternoon,False,Autumn,1.0,0.0,0.0,Communal_way,Variable_assignment,Unknown,Slope,Curve_right,Other,Unknown,On_road,Unknown,,,,,,,,,,,,,,,,,,,Not a holiday,0
5083,201600003116,2016,10,23,Daylight,Out_of_agglomeration,Out_of_intersection,Normal,No_collision,Manual_entry,-1.42131,43.35514,True,2016-10-23,14,45,14:45,Afternoon,True,Autumn,2.0,0.0,80.0,Departmental_road,Bidirectional,Unknown,Slope,S-bend,Oil,Unknown,On_road,Unknown,,,,,,,,,,,,,,,,,,,Not a holiday,0
5084,201600003117,2016,10,29,Daylight,Out_of_agglomeration,Out_of_intersection,Normal,Side_two_vehicles,Manual_entry,-1.574,43.342,True,2016-10-29,12,15,12:15,Afternoon,True,Autumn,2.0,0.0,50.0,Departmental_road,Bidirectional,Unknown,Flat,Straight,Normal,Unknown,On_road,Unknown,,,,,,,,,,,,,,,,,,,Not a holiday,0
5085,201600003118,2016,11,8,Daylight,Out_of_agglomeration,Out_of_intersection,Light_rain,Frontal_two_vehicles,Manual_entry,-1.47869,43.41625,True,2016-11-08,16,30,16:30,Afternoon,False,Autumn,3.0,0.0,111.0,Departmental_road,Bidirectional,Unknown,Slope,Curve_left,Wet,Unknown,On_road,Not_near_school,,,,,,,,,,,,,,,,,,,Not a holiday,0
5086,201600003119,2016,12,19,Night_with_public_lighting_on,Built_up_area,Roundabout,Light_rain,Side_two_vehicles,Manual_entry,-1.47301,43.34071,True,2016-12-19,18,0,18:00,Evening,False,Winter,1.0,0.0,0.0,Departmental_road,Unknown,Unknown,Flat,S-bend,Wet,Unknown,On_road,Not_near_school,,,,,,,,,,,,,,,,,,,Not a holiday,0
5087,201600003120,2016,12,28,Daylight,Built_up_area,Intersection_T,Normal,Side_two_vehicles,Manual_entry,-1.396,43.36,True,2016-12-28,16,15,16:15,Afternoon,False,Winter,0.0,0.0,0.0,Departmental_road,Bidirectional,Unknown,Unknown,Straight,Normal,Unknown,On_road,Not_near_school,,,,,,,,,,,,,,,,,,,Not a holiday,0
5088,201600003121,2016,5,22,Daylight,Out_of_agglomeration,Out_of_intersection,Heavy_rain,Other_collision,Manual_entry,-0.85455,43.10512,True,2016-05-22,20,30,20:30,Evening,True,Spring,0.0,0.0,0.0,Departmental_road,Bidirectional,Unknown,Unknown,Straight,Wet,Unknown,On_verge,Unknown,,,,,,,,,,,,,,,,,,,Not a holiday,0
5089,201600003122,2016,7,16,Daylight,Built_up_area,Out_of_intersection,Normal,Other_collision,Manual_entry,-0.89456,43.21121,True,2016-07-16,20,45,20:45,Evening,True,Summer,0.0,0.0,70.0,Departmental_road,Bidirectional,Unknown,Unknown,Straight,Normal,Unknown,On_road,Unknown,,,,,,,,,,,,,,,,,,,Not a holiday,0
5090,201600003123,2016,2,10,Daylight,Out_of_agglomeration,Out_of_intersection,Heavy_rain,No_collision,Manual_entry,-1.25337,43.1502,True,2016-02-10,13,15,13:15,Afternoon,False,Winter,2.0,0.0,65.0,Departmental_road,Bidirectional,Unknown,Slope,Straight,Wet,Unknown,On_verge,Not_near_school,,,,,,,,,,,,,,,,,,,Not a holiday,0
5091,201600003124,2016,2,13,Daylight,Built_up_area,Out_of_intersection,Dazzling,Side_two_vehicles,Manual_entry,-1.1651,43.1922,True,2016-02-13,12,30,12:30,Afternoon,True,Winter,2.0,0.0,110.0,Departmental_road,Bidirectional,Unknown,Unknown,Curve_right,Normal,Roundabout,On_road,Not_near_school,,,,,,,,,,,,,,,,,,,Not a holiday,0
5092,201600003125,2016,8,26,Daylight,Out_of_agglomeration,Out_of_intersection,Normal,Side_two_vehicles,Manual_entry,-1.38915,43.18259,True,2016-08-26,16,30,16:30,Afternoon,False,Summer,2.0,0.0,63.0,Departmental_road,Bidirectional,Unknown,Slope,Curve_right,Normal,Unknown,On_road,Not_near_school,,,,,,,,,,,,,,,,,,,Not a holiday,0
5093,201600003126,2016,9,17,Daylight,Out_of_agglomeration,Out_of_intersection,Light_rain,Side_two_vehicles,Manual_entry,-1.25252,43.18753,True,2016-09-17,11,30,11:30,Morning,True,Autumn,2.0,0.0,94.0,Departmental_road,Bidirectional,Unknown,Flat,Straight,Wet,Unknown,On_road,Not_near_school,,,,,,,,,,,,,,,,,,,Not a holiday,0
5094,201600003127,2016,10,27,Night_with_public_lighting_on,Built_up_area,Out_of_intersection,Normal,Other_collision,Manual_entry,-1.33968,43.17983,True,2016-10-27,7,30,07:30,Morning,False,Autumn,0.0,0.0,150.0,Departmental_road,Bidirectional,Unknown,Flat,Straight,Normal,Unknown,On_road,Not_near_school,,,,,,,,,,,,,,,,,,,Not a holiday,0
5095,201600003128,2016,11,20,Daylight,Built_up_area,Out_of_intersection,Normal,Other_collision,Manual_entry,-1.26088,43.16817,True,2016-11-20,12,45,12:45,Afternoon,True,Autumn,2.0,0.0,70.0,Departmental_road,Bidirectional,Unknown,Slope,Straight,Normal,Unknown,On_road,Unknown,,,,,,,,,,,,,,,,,,,Not a holiday,0
5096,201600003129,2016,2,2,Daylight,Out_of_agglomeration,Out_of_intersection,Cloudy,Frontal_two_vehicles,Manual_entry,-1.28023,43.2103,True,2016-02-02,12,15,12:15,Afternoon,False,Winter,3.0,0.0,117.0,Departmental_road,Bidirectional,Unknown,Unknown,Curve_right,Wet,Unknown,Unknown,Not_near_school,,,,,,,,,,,,,,,,,,,Not a holiday,0
5097,201600003130,2016,3,17,Daylight,Out_of_agglomeration,Out_of_intersection,Normal,Frontal_two_vehicles,Manual_entry,-1.097,43.393,True,2016-03-17,9,0,09:00,Morning,False,Spring,3.0,0.0,106.0,Departmental_road,Bidirectional,Unknown,Slope,Straight,Normal,Roundabout,On_road,Not_near_school,,,,,,,,,,,,,,,,,,,Not a holiday,0
5098,201600003131,2016,3,26,Daylight,Out_of_agglomeration,Out_of_intersection,Normal,Multiple_three_plus,Manual_entry,-1.03542,43.32693,True,2016-03-26,12,30,12:30,Afternoon,True,Spring,0.0,0.0,49.0,other,One_way,Unknown,Flat,Straight,Normal,Unknown,On_road,Unknown,,,,,,,,,,,,,,,,,,,Not a holiday,0
5099,201600003132,2016,4,13,Night_without_public_lighting,Out_of_agglomeration,Out_of_intersection,Normal,Frontal_two_vehicles,Manual_entry,-1.06345,43.25063,True,2016-04-13,21,15,21:15,Night,False,Spring,2.0,0.0,103.0,Departmental_road,Bidirectional,Unknown,Slope,Curve_right,Normal,Unknown,On_road,Not_near_school,,,,,,,,,,,,,,,,,,,Not a holiday,0
5100,201600003133,2016,7,21,Daylight,Out_of_agglomeration,Out_of_intersection,Normal,No_collision,Manual_entry,-1.16629,43.39423,True,2016-07-21,16,0,16:00,Afternoon,False,Summer,1.0,0.0,53.0,Departmental_road,Bidirectional,Unknown,Flat,Curve_right,Normal,Unknown,On_verge,Not_near_school,,,,,,,,,,,,,,,,,,,Not a holiday,0
5101,201600003134,2016,7,29,Daylight,Out_of_agglomeration,Out_of_intersection,Normal,No_collision,Manual_entry,-1.10208,43.42884,True,2016-07-29,18,45,18:45,Evening,False,Summer,2.0,0.0,107.0,Departmental_road,Bidirectional,Unknown,Flat,Curve_left,Normal,Unknown,On_verge,Not_near_school,,,,,,,,,,,,,,,,,,,Not a holiday,0
5102,201600003135,2016,8,6,Daylight,Built_up_area,Out_of_intersection,Normal,Rear_end_two_vehicles,Manual_entry,-1.29928,43.23211,True,2016-08-06,10,30,10:30,Morning,True,Summer,1.0,0.0,120.0,Departmental_road,Bidirectional,Unknown,Flat,Straight,Normal,Unknown,On_road,Not_near_school,,,,,,,,,,,,,,,,,,,Not a holiday,0
5103,201600003136,2016,12,30,Daylight,Out_of_agglomeration,Out_of_intersection,Normal,No_collision,Manual_entry,-1.02601,43.27611,True,2016-12-30,10,30,10:30,Morning,False,Winter,2.0,0.0,73.0,Departmental_road,Bidirectional,Unknown,Unknown,Curve_left,Normal,Unknown,On_road,Not_near_school,,,,,,,,,,,,,,,,,,,Not a holiday,0
5104,201600003137,2016,5,20,Daylight,Built_up_area,Out_of_intersection,Normal,Side_two_vehicles,Manual_entry,-0.64003,43.17995,True,2016-05-20,19,15,19:15,Evening,False,Spring,2.0,0.0,0.0,Departmental_road,Bidirectional,Unknown,Flat,Curve_right,Normal,Unknown,On_road,Not_near_school,,,,,,,,,,,,,,,,,,,Not a holiday,0
5105,201600003138,2016,6,8,Daylight,Built_up_area,Out_of_intersection,Normal,Side_two_vehicles,Manual_entry,-0.61352,43.12214,True,2016-06-08,16,15,16:15,Afternoon,False,Summer,3.0,0.0,0.0,National_road,Bidirectional,Unknown,Slope,Curve_left,Normal,Roundabout,On_road,Not_near_school,,,,,,,,,,,,,,,,,,,Not a holiday,0
5106,201600003139,2016,7,17,Daylight,Out_of_agglomeration,Out_of_intersection,Normal,Multiple_three_plus,Manual_entry,-0.66731,43.23428,True,2016-07-17,9,15,09:15,Morning,True,Summer,2.0,0.0,70.0,Departmental_road,Bidirectional,Unknown,Unknown,Curve_right,Normal,Unknown,On_road,Not_near_school,,,,,,,,,,,,,,,,,,,Not a holiday,0
5107,201600003140,2016,8,27,Twilight_or_dawn,Built_up_area,Out_of_intersection,Normal,Other_collision,Manual_entry,-0.60686,43.19095,True,2016-08-27,22,0,22:00,Night,True,Summer,1.0,0.0,0.0,Communal_way,One_way,Unknown,Hill_bottom,Curve_right,Normal,Unknown,On_road,Not_near_school,,,,,,,,,,,,,,,,,,,Not a holiday,0
5108,201600003141,2016,10,2,Daylight,Out_of_agglomeration,Out_of_intersection,Normal,Other_collision,Manual_entry,-0.58024,43.18342,True,2016-10-02,11,30,11:30,Morning,True,Autumn,0.0,0.0,34.0,Communal_way,Bidirectional,Unknown,Flat,Straight,Unknown,Unknown,On_verge,Not_near_school,,,,,,,,,,,,,,,,,,,Not a holiday,0
5109,201600003142,2016,12,15,Daylight,Built_up_area,Out_of_intersection,Normal,Other_collision,Manual_entry,-0.603,43.171,True,2016-12-15,16,15,16:15,Afternoon,False,Winter,2.0,0.0,71.0,Departmental_road,Bidirectional,Unknown,Flat,Straight,Normal,Unknown,On_road,Not_near_school,,,,,,,,,,,,,,,,,,,Not a holiday,0
5110,201600003143,2016,7,3,Daylight,Out_of_agglomeration,Out_of_intersection,Normal,No_collision,Manual_entry,-0.5767,42.87625,True,2016-07-03,16,15,16:15,Afternoon,True,Summer,1.0,0.0,30.0,Communal_way,Bidirectional,Unknown,Slope,Straight,Normal,Unknown,On_road,Not_near_school,,,,,,,,,,,,,,,,,,,Not a holiday,0
5111,201600003144,2016,12,21,Daylight,Out_of_agglomeration,Out_of_intersection,Normal,Other_collision,Manual_entry,-0.57497,42.91552,True,2016-12-21,17,0,17:00,Evening,False,Winter,2.0,0.0,80.0,National_road,Bidirectional,Unknown,Unknown,Straight,Normal,Unknown,On_verge,Not_near_school,,,,,,,,,,,,,,,,,,,Not a holiday,0
5112,201600003145,2016,6,12,Daylight,Out_of_agglomeration,Out_of_intersection,Normal,Multiple_three_plus,Manual_entry,-0.42277,43.01164,True,2016-06-12,17,30,17:30,Evening,True,Summer,0.0,0.0,0.0,Departmental_road,Bidirectional,Unknown,Flat,Curve_right,Normal,Unknown,On_road,Unknown,,,,,,,,,,,,,,,,,,,Not a holiday,0
5113,201600003146,2016,8,5,Night_without_public_lighting,Out_of_agglomeration,Out_of_intersection,Normal,No_collision,Manual_entry,-0.76798,43.31271,True,2016-08-05,23,0,23:00,Night,False,Summer,2.0,0.0,50.0,Departmental_road,Unknown,Unknown,Flat,Curve_left,Normal,Unknown,On_verge,Not_near_school,,,,,,,,,,,,,,,,,,,Not a holiday,0
5114,201600003147,2016,2,8,Daylight,Out_of_agglomeration,Out_of_intersection,Normal,Other_collision,Manual_entry,-0.82991,43.4472,True,2016-02-08,12,45,12:45,Afternoon,False,Winter,2.0,0.0,71.0,Departmental_road,Bidirectional,Unknown,Unknown,Straight,Normal,Unknown,On_road,Not_near_school,,,,,,,,,,,,,,,,,,,Not a holiday,0
5115,201600003148,2016,4,18,Daylight,Out_of_agglomeration,Out_of_intersection,Normal,Other_collision,Manual_entry,-0.78519,43.53667,True,2016-04-18,16,45,16:45,Afternoon,False,Spring,2.0,52.0,52.0,Departmental_road,Bidirectional,Unknown,Flat,Straight,Normal,Unknown,On_road,Not_near_school,,,,,,,,,,,,,,,,,,,Not a holiday,0
5116,201600003149,2016,7,1,Night_with_public_lighting_on,Built_up_area,Out_of_intersection,Normal,No_collision,Manual_entry,-0.75436,43.48075,True,2016-07-01,0,15,00:15,Night,False,Summer,2.0,0.0,0.0,other,Bidirectional,Unknown,Slope,S-bend,Normal,Unknown,On_road,Not_near_school,,,,,,,,,,,,,,,,,,,Not a holiday,0
5117,201600003150,2016,8,12,Daylight,Built_up_area,Out_of_intersection,Normal,Frontal_two_vehicles,Manual_entry,-0.77459,43.45313,True,2016-08-12,15,30,15:30,Afternoon,False,Summer,0.0,23.0,30.0,Departmental_road,Bidirectional,Unknown,Flat,Straight,Normal,Unknown,On_road,Not_near_school,,,,,,,,,,,,,,,,,,,Not a holiday,0
5118,201600003151,2016,8,23,Daylight,Built_up_area,Out_of_intersection,Normal,Other_collision,Manual_entry,-0.77253,43.48838,True,2016-08-23,11,15,11:15,Morning,False,Summer,2.0,0.0,0.0,Departmental_road,Bidirectional,Unknown,Flat,Straight,Normal,Unknown,On_road,Not_near_school,,,,,,,,,,,,,,,,,,,Not a holiday,0
5119,201600003152,2016,12,5,Twilight_or_dawn,Built_up_area,Out_of_intersection,Normal,Rear_end_two_vehicles,Manual_entry,-0.78919,43.48986,True,2016-12-05,17,15,17:15,Evening,False,Winter,2.0,0.0,0.0,Departmental_road,Bidirectional,Unknown,Unknown,Unknown,Normal,Unknown,On_road,Unknown,,,,,,,,,,,,,,,,,,,Not a holiday,0
5120,201600003153,2016,2,3,Daylight,Out_of_agglomeration,Out_of_intersection,Light_rain,Side_two_vehicles,Manual_entry,-0.96821,43.3911,True,2016-02-03,12,15,12:15,Afternoon,False,Winter,2.0,0.0,102.0,Departmental_road,Bidirectional,Unknown,Flat,Curve_left,Wet,Bridge,On_road,Unknown,,,,,,,,,,,,,,,,,,,Not a holiday,0
5121,201600003154,2016,8,28,Night_without_public_lighting,Out_of_agglomeration,Out_of_intersection,Normal,Other_collision,Manual_entry,-0.89931,43.3844,True,2016-08-28,1,30,01:30,Night,True,Summer,2.0,0.0,0.0,Departmental_road,Separated_carriageways,Unknown,Unknown,Unknown,Unknown,Unknown,Unknown,Not_near_school,,,,,,,,,,,,,,,,,,,Not a holiday,0
5122,201600003155,2016,4,14,Daylight,Built_up_area,Other,Light_rain,Side_two_vehicles,Manual_entry,,,False,2016-04-14,18,15,18:15,Evening,False,Spring,3.0,0.0,106.0,Departmental_road,Bidirectional,Unknown,Flat,Straight,Wet,Unknown,On_road,Not_near_school,,,,,,,,,,,,,,,,,,,Not a holiday,0
5123,201600003156,2016,5,22,Night_without_public_lighting,Out_of_agglomeration,Out_of_intersection,Cloudy,Other_collision,Manual_entry,,,False,2016-05-22,2,30,02:30,Night,True,Spring,2.0,0.0,56.0,Departmental_road,Bidirectional,Unknown,Slope,Curve_right,Wet,Unknown,On_verge,Not_near_school,,,,,,,,,,,,,,,,,,,Not a holiday,0
5124,201600003157,2016,9,2,Daylight,Built_up_area,Out_of_intersection,Normal,Rear_end_two_vehicles,Manual_entry,,,False,2016-09-02,12,30,12:30,Afternoon,False,Autumn,4.0,0.0,0.0,Departmental_road,Bidirectional,Unknown,Flat,Straight,Normal,Unknown,On_road,Not_near_school,,,,,,,,,,,,,,,,,,,Not a holiday,0
5125,201600003158,2016,9,14,Night_with_public_lighting_on,Built_up_area,Out_of_intersection,Light_rain,Other_collision,Manual_entry,0.37902,46.67802,True,2016-09-14,22,0,22:00,Night,False,Autumn,2.0,0.0,124.0,Departmental_road,Bidirectional,Unknown,Flat,Straight,Wet,Unknown,On_road,Not_near_school,,,,,,,,,,,,,,,,,,,Not a holiday,0
5126,201600003159,2016,12,27,Daylight,Out_of_agglomeration,Out_of_intersection,Normal,Side_two_vehicles,Manual_entry,,,False,2016-12-27,15,15,15:15,Afternoon,False,Winter,1.0,0.0,87.0,Departmental_road,Bidirectional,Unknown,Hilltop,Straight,Normal,Unknown,On_road,Unknown,,,,,,,,,,,,,,,,,,,Not a holiday,0
5127,201600003160,2016,3,16,Daylight,Out_of_agglomeration,Out_of_intersection,Normal,Frontal_two_vehicles,Manual_entry,,,False,2016-03-16,8,0,08:00,Morning,False,Spring,2.0,0.0,56.0,Departmental_road,Bidirectional,Unknown,Flat,Straight,Normal,Unknown,On_road,Unknown,,,,,,,,,,,,,,,,,,,Not a holiday,0
5128,201600003161,2016,7,20,Daylight,Out_of_agglomeration,Out_of_intersection,Cloudy,Multiple_three_plus,Manual_entry,0.187,46.734,True,2016-07-20,8,45,08:45,Morning,False,Summer,2.0,0.0,60.0,Departmental_road,Bidirectional,Unknown,Flat,Straight,Normal,Unknown,On_road,Unknown,,,,,,,,,,,,,,,,,,,Not a holiday,0
5129,201600003162,2016,10,30,Night_without_public_lighting,Out_of_agglomeration,Out_of_intersection,Normal,No_collision,Manual_entry,,,False,2016-10-30,20,30,20:30,Evening,True,Autumn,0.0,0.0,61.0,Departmental_road,Bidirectional,Unknown,Flat,Straight,Normal,Unknown,Unknown,Not_near_school,,,,,,,,,,,,,,,,,,,Not a holiday,0
5130,201600003163,2016,11,17,Daylight,Out_of_agglomeration,Out_of_intersection,Light_rain,No_collision,Manual_entry,,,False,2016-11-17,13,30,13:30,Afternoon,False,Autumn,2.0,0.0,68.0,Departmental_road,Bidirectional,Unknown,Flat,Straight,Wet,Unknown,On_verge,Unknown,,,,,,,,,,,,,,,,,,,Not a holiday,0
5131,201600003164,2016,11,28,Daylight,Out_of_agglomeration,Out_of_intersection,Normal,Other_collision,Manual_entry,,,False,2016-11-28,14,45,14:45,Afternoon,False,Autumn,2.0,0.0,0.0,Departmental_road,Bidirectional,Unknown,Flat,Straight,Normal,Unknown,On_verge,Unknown,,,,,,,,,,,,,,,,,,,Not a holiday,0
5132,201600003165,2016,12,9,Night_with_public_lighting_on,Built_up_area,Roundabout,Normal,Side_two_vehicles,Manual_entry,,,False,2016-12-09,18,45,18:45,Evening,False,Winter,2.0,0.0,0.0,Departmental_road,Bidirectional,Bike_path,Flat,Straight,Normal,Unknown,On_road,Near_school,,,,,,,,,,,,,,,,,,,Not a holiday,0
5133,201600003166,2016,12,14,Night_without_public_lighting,Built_up_area,Out_of_intersection,Normal,Side_two_vehicles,Manual_entry,0.30371,46.7287,True,2016-12-14,18,15,18:15,Evening,False,Winter,0.0,0.0,63.0,Departmental_road,Bidirectional,Unknown,Flat,Straight,Normal,Unknown,On_road,Unknown,,,,,,,,,,,,,,,,,,,Not a holiday,0
5134,201600003167,2016,2,23,Daylight,Out_of_agglomeration,Out_of_intersection,Light_rain,Other_collision,Manual_entry,,,False,2016-02-23,7,45,07:45,Morning,False,Winter,0.0,0.0,0.0,Departmental_road,Bidirectional,Unknown,Unknown,Straight,Wet,Unknown,On_verge,Unknown,,,,,,,,,,,,,,,,,,,Not a holiday,0
5135,201600003168,2016,3,6,Daylight,Built_up_area,Out_of_intersection,Normal,Side_two_vehicles,Manual_entry,0.3688,46.4554,True,2016-03-06,10,30,10:30,Morning,True,Spring,0.0,0.0,0.0,Communal_way,Bidirectional,Unknown,Flat,Unknown,Normal,Roundabout,Unknown,Near_school,,,,,,,,,,,,,,,,,,,Not a holiday,0
5136,201600003169,2016,3,27,Daylight,Out_of_agglomeration,Out_of_intersection,Normal,Other_collision,Manual_entry,0.42925,46.4339,True,2016-03-27,9,0,09:00,Morning,True,Spring,0.0,0.0,0.0,Communal_way,Bidirectional,Unknown,Flat,Curve_right,Wet,Unknown,On_road,Unknown,,,,,,,,,,,,,,,,,,,Not a holiday,0
5137,201600003170,2016,4,15,Twilight_or_dawn,Out_of_agglomeration,Out_of_intersection,Cloudy,Other_collision,Manual_entry,,,False,2016-04-15,7,15,07:15,Morning,False,Spring,2.0,0.0,53.0,Departmental_road,Bidirectional,Unknown,Flat,Straight,Normal,Unknown,On_verge,Not_near_school,,,,,,,,,,,,,,,,,,,Not a holiday,0