,accident_id,year,month,day,lighting_label,urban_label,intersection_label,weather_label,collision_label,gps_label,longitude_num,latitude_num,valid_geo,date,hour,minute,time_hhmm,time_of_day,is_weekend,season,num_lanes,pedestrian_crossing_width,road_width,road_category_label,traffic_regime_label,reserved_lane_label,road_profile_label,road_layout_label,surface_condition_label,infrastructure_label,situation_label,school_zone_label,vehicle_id,traffic_direction_label,vehicle_category_label,mobile_obstacle_label,impact_point_label,manoeuvre_label,occupants_group,birth_year,sex_label,user_category_label,injury_severity_label,seat_position_label,journey_purpose_label,pedestrian_location_label,pedestrian_action_label,pedestrian_state_label,safety_equipment_type,safety_equipment_usage,holiday_name,is_holiday
5138,201600003171,2016,5,16,Daylight,Built_up_area,Out_of_intersection,Normal,Other_collision,Manual_entry,0.3675,46.4531,True,2016-05-16,20,30,20:30,Evening,False,Spring,2.0,0.0,40.0,other,Bidirectional,Unknown,Flat,Straight,Normal,Unknown,On_sidewalk,Not_near_school,,,,,,,,,,,,,,,,,,,Whit Monday,1
5139,201600003172,2016,6,20,Daylight,Out_of_agglomeration,Out_of_intersection,Normal,Other_collision,Manual_entry,,,False,2016-06-20,10,15,10:15,Morning,False,Summer,0.0,0.0,52.0,Departmental_road,Bidirectional,Unknown,Flat,Curve_right,Normal,Unknown,On_road,Unknown,,,,,,,,,,,,,,,,,,,Not a holiday,0
5140,201600003173,2016,7,7,Daylight,Built_up_area,Out_of_intersection,Normal,Rear_end_two_vehicles,Manual_entry,0.46338,46.3559,True,2016-07-07,18,0,18:00,Evening,False,Summer,2.0,0.0,48.0,Departmental_road,Bidirectional,Unknown,Flat,Curve_right,Normal,Unknown,On_road,Unknown,,,,,,,,,,,,,,,,,,,Not a holiday,0
5141,201600003174,2016,7,21,Daylight,Out_of_agglomeration,Out_of_intersection,Normal,Frontal_two_vehicles,Manual_entry,0.3796,46.5233,True,2016-07-21,6,45,06:45,Morning,False,Summer,2.0,0.0,46.0,Communal_way,Bidirectional,Unknown,Slope,Curve_right,Normal,Unknown,On_road,Not_near_school,,,,,,,,,,,,,,,,,,,Not a holiday,0
5142,201600003175,2016,9,12,Daylight,Out_of_agglomeration,Out_of_intersection,Normal,Frontal_two_vehicles,Manual_entry,,,False,2016-09-12,7,45,07:45,Morning,False,Autumn,0.0,0.0,63.0,Departmental_road,Bidirectional,Unknown,Hilltop,Straight,Normal,Unknown,On_road,Not_near_school,,,,,,,,,,,,,,,,,,,Not a holiday,0
5143,201600003176,2016,6,6,Daylight,Built_up_area,Out_of_intersection,Normal,No_collision,Manual_entry,,,False,2016-06-06,16,30,16:30,Afternoon,False,Summer,1.0,45.0,0.0,Departmental_road,One_way,Unknown,Flat,Curve_left,Normal,Interchange,On_road,Unknown,,,,,,,,,,,,,,,,,,,Not a holiday,0
5144,201600003177,2016,6,29,Daylight,Out_of_agglomeration,Out_of_intersection,Normal,Side_two_vehicles,Manual_entry,,,False,2016-06-29,9,45,09:45,Morning,False,Summer,2.0,0.0,54.0,Departmental_road,Bidirectional,Unknown,Flat,Straight,Normal,Unknown,On_road,Unknown,,,,,,,,,,,,,,,,,,,Not a holiday,0
5145,201600003178,2016,8,4,Night_without_public_lighting,Built_up_area,Out_of_intersection,Normal,Other_collision,Manual_entry,,,False,2016-08-04,23,45,23:45,Night,False,Summer,1.0,0.0,70.0,Departmental_road,Bidirectional,Unknown,Flat,Curve_left,Normal,Unknown,On_verge,Unknown,,,,,,,,,,,,,,,,,,,Not a holiday,0
5146,201600003179,2016,12,24,Night_with_public_lighting_not_functioning,Built_up_area,Other,Light_rain,Other_collision,Manual_entry,,,False,2016-12-24,1,15,01:15,Night,True,Winter,0.0,55.0,0.0,Departmental_road,Bidirectional,Unknown,Flat,Straight,Wet,Unknown,On_road,Unknown,,,,,,,,,,,,,,,,,,,Not a holiday,0
5147,201600003180,2016,12,30,Twilight_or_dawn,Out_of_agglomeration,Out_of_intersection,Other,No_collision,Manual_entry,,,False,2016-12-30,11,15,11:15,Morning,False,Winter,0.0,0.0,71.0,National_road,Bidirectional,Unknown,Slope,Straight,Icy,Unknown,On_verge,Not_near_school,,,,,,,,,,,,,,,,,,,Not a holiday,0
5148,201600003181,2016,2,27,Daylight,Out_of_agglomeration,Out_of_intersection,Normal,Other_collision,Manual_entry,0.261,46.558,True,2016-02-27,16,30,16:30,Afternoon,True,Winter,2.0,0.0,0.0,Departmental_road,Bidirectional,Unknown,Flat,Curve_left,Unknown,Unknown,Unknown,Not_near_school,,,,,,,,,,,,,,,,,,,Not a holiday,0
5149,201600003182,2016,4,7,Daylight,Out_of_agglomeration,Out_of_intersection,Normal,Chain_three_plus,Manual_entry,,,False,2016-04-07,17,30,17:30,Evening,False,Spring,0.0,0.0,44.0,Departmental_road,Separated_carriageways,Unknown,Flat,Straight,Normal,Unknown,On_road,Unknown,,,,,,,,,,,,,,,,,,,Not a holiday,0
5150,201600003183,2016,8,17,Daylight,Built_up_area,Out_of_intersection,Normal,Frontal_two_vehicles,Manual_entry,0.094,46.676,True,2016-08-17,20,0,20:00,Evening,False,Summer,2.0,0.0,47.0,Communal_way,Bidirectional,Unknown,Hill_bottom,Curve_left,Normal,Unknown,On_road,Not_near_school,,,,,,,,,,,,,,,,,,,Not a holiday,0
5151,201600003184,2016,9,4,Twilight_or_dawn,Built_up_area,Out_of_intersection,Normal,Frontal_two_vehicles,Manual_entry,,,False,2016-09-04,6,45,06:45,Morning,True,Autumn,2.0,0.0,78.0,National_road,Bidirectional,Unknown,Flat,Straight,Normal,Unknown,On_road,Unknown,,,,,,,,,,,,,,,,,,,Not a holiday,0
5152,201600003185,2016,4,29,Daylight,Built_up_area,Intersection_X,Normal,Frontal_two_vehicles,Manual_entry,0.4795,46.7607,True,2016-04-29,18,0,18:00,Evening,False,Spring,2.0,0.0,70.0,Departmental_road,Bidirectional,Unknown,Flat,Straight,Normal,Unknown,On_road,Unknown,,,,,,,,,,,,,,,,,,,Not a holiday,0
5153,201600003186,2016,5,4,Daylight,Out_of_agglomeration,Intersection_X,Normal,Side_two_vehicles,Manual_entry,,,False,2016-05-04,15,15,15:15,Afternoon,False,Spring,0.0,0.0,50.0,Departmental_road,Bidirectional,Unknown,Flat,Straight,Normal,Unknown,On_verge,Unknown,,,,,,,,,,,,,,,,,,,Not a holiday,0
5154,201600003187,2016,6,21,Night_without_public_lighting,Out_of_agglomeration,Out_of_intersection,Normal,No_collision,Manual_entry,,,False,2016-06-21,23,0,23:00,Night,False,Summer,0.0,0.0,0.0,Departmental_road,Bidirectional,Unknown,Flat,Straight,Normal,Unknown,On_verge,Not_near_school,,,,,,,,,,,,,,,,,,,Not a holiday,0
5155,201600003188,2016,7,9,Daylight,Built_up_area,Out_of_intersection,Dazzling,Multiple_three_plus,Manual_entry,,,False,2016-07-09,18,45,18:45,Evening,True,Summer,1.0,0.0,60.0,Departmental_road,Bidirectional,Unknown,Flat,Straight,Normal,Unknown,On_road,Unknown,,,,,,,,,,,,,,,,,,,Not a holiday,0
5156,201600003189,2016,8,24,Daylight,Out_of_agglomeration,Out_of_intersection,Normal,No_collision,Manual_entry,,,False,2016-08-24,14,0,14:00,Afternoon,False,Summer,2.0,0.0,65.0,Departmental_road,Bidirectional,Unknown,Unknown,Curve_left,Normal,Unknown,On_verge,Unknown,,,,,,,,,,,,,,,,,,,Not a holiday,0
5157,201600003190,2016,9,3,Night_with_public_lighting_not_functioning,Built_up_area,Out_of_intersection,Normal,Other_collision,Manual_entry,0.08318,47.00896,True,2016-09-03,1,15,01:15,Night,True,Autumn,0.0,0.0,70.0,Communal_way,Bidirectional,Unknown,Slope,Curve_left,Normal,Unknown,On_sidewalk,Unknown,,,,,,,,,,,,,,,,,,,Not a holiday,0
5158,201600003191,2016,10,27,Daylight,Out_of_agglomeration,Out_of_intersection,Normal,Other_collision,Manual_entry,,,False,2016-10-27,15,45,15:45,Afternoon,False,Autumn,2.0,0.0,56.0,Departmental_road,Bidirectional,Unknown,Flat,Straight,Normal,Unknown,On_verge,Unknown,,,,,,,,,,,,,,,,,,,Not a holiday,0
5159,201600003192,2016,10,3,Daylight,Out_of_agglomeration,Out_of_intersection,Normal,No_collision,Manual_entry,,,False,2016-10-03,15,15,15:15,Afternoon,False,Autumn,2.0,0.0,60.0,Departmental_road,Bidirectional,Unknown,Hill_bottom,Straight,Other,Unknown,On_road,Unknown,,,,,,,,,,,,,,,,,,,Not a holiday,0
5160,201600003193,2016,11,6,Night_without_public_lighting,Out_of_agglomeration,Out_of_intersection,Other,No_collision,Manual_entry,,,False,2016-11-06,3,15,03:15,Night,True,Autumn,2.0,0.0,75.0,Departmental_road,Bidirectional,Unknown,Flat,Curve_left,Normal,Unknown,On_verge,Not_near_school,,,,,,,,,,,,,,,,,,,Not a holiday,0
5161,201600003194,2016,11,20,Daylight,Out_of_agglomeration,Out_of_intersection,Cloudy,No_collision,Manual_entry,,,False,2016-11-20,13,30,13:30,Afternoon,True,Autumn,2.0,0.0,78.0,Departmental_road,Bidirectional,Unknown,Unknown,Straight,Normal,Unknown,On_verge,Not_near_school,,,,,,,,,,,,,,,,,,,Not a holiday,0
5162,201600003195,2016,7,21,Daylight,Out_of_agglomeration,Out_of_intersection,Normal,No_collision,Manual_entry,,,False,2016-07-21,19,0,19:00,Evening,False,Summer,1.0,60.0,60.0,Departmental_road,Unknown,Unknown,Unknown,Unknown,Unknown,Unknown,Unknown,Not_near_school,,,,,,,,,,,,,,,,,,,Not a holiday,0
5163,201600003196,2016,7,25,Daylight,Built_up_area,Out_of_intersection,Normal,Side_two_vehicles,Manual_entry,0.4826,46.7732,True,2016-07-25,18,45,18:45,Evening,False,Summer,0.0,45.0,0.0,Departmental_road,Bidirectional,Unknown,Unknown,Unknown,Normal,Unknown,On_road,Not_near_school,,,,,,,,,,,,,,,,,,,Not a holiday,0
5164,201600003197,2016,8,1,Daylight,Out_of_agglomeration,Out_of_intersection,Normal,Side_two_vehicles,Manual_entry,,,False,2016-08-01,10,45,10:45,Morning,False,Summer,2.0,0.0,103.0,Departmental_road,Bidirectional,Unknown,Flat,Straight,Normal,Unknown,On_road,Not_near_school,,,,,,,,,,,,,,,,,,,Not a holiday,0
5165,201600003198,2016,7,20,Daylight,Out_of_agglomeration,Other,Other,Side_two_vehicles,Manual_entry,,,False,2016-07-20,12,15,12:15,Afternoon,False,Summer,2.0,0.0,50.0,Departmental_road,Bidirectional,Unknown,Flat,Straight,Puddles,Unknown,On_road,Unknown,,,,,,,,,,,,,,,,,,,Not a holiday,0
5166,201600003199,2016,7,25,Daylight,Out_of_agglomeration,Out_of_intersection,Normal,Frontal_two_vehicles,Manual_entry,,,False,2016-07-25,10,0,10:00,Morning,False,Summer,2.0,0.0,0.0,Departmental_road,Bidirectional,Unknown,Unknown,Curve_right,Normal,Unknown,On_road,Unknown,,,,,,,,,,,,,,,,,,,Not a holiday,0
5167,201600003200,2016,8,21,Night_without_public_lighting,Out_of_agglomeration,Out_of_intersection,Normal,Side_two_vehicles,Manual_entry,0.67739,46.89121,True,2016-08-21,22,45,22:45,Night,True,Summer,2.0,0.0,44.0,Departmental_road,Bidirectional,Unknown,Flat,Straight,Normal,Unknown,On_road,Unknown,,,,,,,,,,,,,,,,,,,Not a holiday,0
5168,201600003201,2016,9,26,Daylight,Out_of_agglomeration,Out_of_intersection,Normal,Rear_end_two_vehicles,Manual_entry,,,False,2016-09-26,17,15,17:15,Evening,False,Autumn,2.0,48.0,96.0,Departmental_road,Bidirectional,Unknown,Flat,Straight,Normal,Unknown,On_road,Not_near_school,,,,,,,,,,,,,,,,,,,Not a holiday,0
5169,201600003202,2016,4,9,Daylight,Out_of_agglomeration,Out_of_intersection,Light_rain,Frontal_two_vehicles,Manual_entry,0.802,46.735,True,2016-04-09,14,0,14:00,Afternoon,True,Spring,0.0,0.0,50.0,Communal_way,Bidirectional,Unknown,Unknown,Unknown,Wet,Unknown,On_road,Not_near_school,,,,,,,,,,,,,,,,,,,Not a holiday,0
5170,201600003203,2016,6,26,Daylight,Out_of_agglomeration,Out_of_intersection,Normal,Chain_three_plus,Manual_entry,,,False,2016-06-26,19,0,19:00,Evening,True,Summer,2.0,0.0,0.0,Departmental_road,Bidirectional,Unknown,Unknown,Straight,Normal,Unknown,On_road,Unknown,,,,,,,,,,,,,,,,,,,Not a holiday,0
5171,201600003204,2016,11,6,Night_with_public_lighting_on,Built_up_area,Out_of_intersection,Normal,Other_collision,Manual_entry,0.81114,46.78699,True,2016-11-06,18,45,18:45,Evening,True,Autumn,2.0,0.0,0.0,Departmental_road,Bidirectional,Unknown,Flat,Straight,Normal,Unknown,On_road,Unknown,,,,,,,,,,,,,,,,,,,Not a holiday,0
5172,201600003205,2016,11,17,Daylight,Out_of_agglomeration,Out_of_intersection,Other,Rear_end_two_vehicles,Manual_entry,,,False,2016-11-17,10,15,10:15,Morning,False,Autumn,0.0,0.0,0.0,Departmental_road,Bidirectional,Unknown,Flat,Straight,Wet,Unknown,On_road,Not_near_school,,,,,,,,,,,,,,,,,,,Not a holiday,0
5173,201600003206,2016,11,26,Night_without_public_lighting,Out_of_agglomeration,Out_of_intersection,Normal,Other_collision,Manual_entry,,,False,2016-11-26,19,0,19:00,Evening,True,Autumn,3.0,0.0,104.0,Departmental_road,Separated_carriageways,Unknown,Unknown,Straight,Normal,Unknown,On_road,Not_near_school,,,,,,,,,,,,,,,,,,,Not a holiday,0
5174,201600003207,2016,6,24,Daylight,Out_of_agglomeration,Out_of_intersection,Normal,No_collision,Manual_entry,0.2219,46.8534,True,2016-06-24,17,15,17:15,Evening,False,Summer,0.0,0.0,32.0,Communal_way,Unknown,Unknown,Flat,Unknown,Normal,Unknown,Unknown,Unknown,,,,,,,,,,,,,,,,,,,Not a holiday,0
5175,201600003208,2016,12,16,Night_without_public_lighting,Built_up_area,Out_of_intersection,Fog_or_smoke,Other_collision,Manual_entry,0.16544,46.81455,True,2016-12-16,23,45,23:45,Night,False,Winter,2.0,0.0,60.0,Communal_way,Bidirectional,Unknown,Flat,Unknown,Wet,Unknown,On_road,Not_near_school,,,,,,,,,,,,,,,,,,,Not a holiday,0
5176,201600003209,2016,7,7,Daylight,Out_of_agglomeration,Out_of_intersection,Normal,No_collision,Manual_entry,,,False,2016-07-07,16,45,16:45,Afternoon,False,Summer,2.0,0.0,0.0,Departmental_road,Bidirectional,Unknown,Unknown,Curve_left,Normal,Unknown,On_verge,Unknown,,,,,,,,,,,,,,,,,,,Not a holiday,0
5177,201600003210,2016,2,6,Daylight,Out_of_agglomeration,Out_of_intersection,Normal,No_collision,Manual_entry,,,False,2016-02-06,15,45,15:45,Afternoon,True,Winter,2.0,0.0,70.0,National_road,Bidirectional,Unknown,Flat,Straight,Normal,Unknown,On_road,Not_near_school,,,,,,,,,,,,,,,,,,,Not a holiday,0
5178,201600003211,2016,3,2,Daylight,Out_of_agglomeration,Out_of_intersection,Normal,Other_collision,Manual_entry,0.8339,46.4788,True,2016-03-02,14,30,14:30,Afternoon,False,Spring,2.0,61.0,0.0,Communal_way,Unknown,Unknown,Hill_bottom,Curve_right,Normal,Unknown,On_road,Not_near_school,,,,,,,,,,,,,,,,,,,Not a holiday,0
5179,201600003212,2016,6,18,Daylight,Out_of_agglomeration,Intersection_T,Normal,Side_two_vehicles,Manual_entry,,,False,2016-06-18,18,30,18:30,Evening,True,Summer,0.0,0.0,35.0,Departmental_road,Bidirectional,Unknown,Flat,Straight,Normal,Unknown,On_road,Not_near_school,,,,,,,,,,,,,,,,,,,Not a holiday,0
5180,201600003213,2016,4,14,Daylight,Out_of_agglomeration,Out_of_intersection,Normal,No_collision,Manual_entry,,,False,2016-04-14,18,30,18:30,Evening,False,Spring,2.0,0.0,0.0,Departmental_road,Bidirectional,Unknown,Unknown,Unknown,Unknown,Unknown,Unknown,Not_near_school,,,,,,,,,,,,,,,,,,,Not a holiday,0
5181,201600003214,2016,5,17,Daylight,Out_of_agglomeration,Out_of_intersection,Normal,Multiple_three_plus,Manual_entry,,,False,2016-05-17,19,45,19:45,Evening,False,Spring,2.0,0.0,60.0,Departmental_road,Bidirectional,Unknown,Flat,Straight,Normal,Unknown,On_road,Not_near_school,,,,,,,,,,,,,,,,,,,Not a holiday,0
5182,201600003215,2016,10,28,Night_without_public_lighting,Out_of_agglomeration,Out_of_intersection,Normal,Other_collision,Manual_entry,,,False,2016-10-28,21,15,21:15,Night,False,Autumn,0.0,0.0,60.0,Departmental_road,Bidirectional,Unknown,Unknown,Straight,Normal,Unknown,On_verge,Unknown,,,,,,,,,,,,,,,,,,,Not a holiday,0
5183,201600003216,2016,2,10,Night_without_public_lighting,Out_of_agglomeration,Out_of_intersection,Normal,Chain_three_plus,Manual_entry,,,False,2016-02-10,21,30,21:30,Night,False,Winter,2.0,0.0,70.0,Departmental_road,Bidirectional,Unknown,Slope,Straight,Normal,Unknown,On_road,Not_near_school,,,,,,,,,,,,,,,,,,,Not a holiday,0
5184,201600003217,2016,5,4,Daylight,Out_of_agglomeration,Out_of_intersection,Normal,Other_collision,Manual_entry,0.777,46.564,True,2016-05-04,18,0,18:00,Evening,False,Spring,2.0,0.0,47.0,Departmental_road,Bidirectional,Unknown,Flat,Curve_left,Normal,Unknown,On_verge,Unknown,,,,,,,,,,,,,,,,,,,Not a holiday,0
5185,201600003218,2016,5,23,Daylight,Out_of_agglomeration,Out_of_intersection,Normal,Side_two_vehicles,Manual_entry,,,False,2016-05-23,9,30,09:30,Morning,False,Spring,2.0,0.0,50.0,Departmental_road,Bidirectional,Unknown,Flat,Straight,Normal,Unknown,On_road,Unknown,,,,,,,,,,,,,,,,,,,Not a holiday,0
5186,201600003219,2016,7,2,Daylight,Out_of_agglomeration,Out_of_intersection,Normal,Side_two_vehicles,Manual_entry,,,False,2016-07-02,19,45,19:45,Evening,True,Summer,2.0,75.0,0.0,Departmental_road,Bidirectional,Unknown,Flat,Straight,Normal,Unknown,On_road,Unknown,,,,,,,,,,,,,,,,,,,Not a holiday,0
5187,201600003220,2016,7,13,Daylight,Out_of_agglomeration,Out_of_intersection,Normal,Frontal_two_vehicles,Manual_entry,,,False,2016-07-13,12,0,12:00,Afternoon,False,Summer,2.0,0.0,0.0,Departmental_road,Bidirectional,Unknown,Slope,Straight,Normal,Unknown,On_road,Not_near_school,,,,,,,,,,,,,,,,,,,Not a holiday,0
5188,201600003221,2016,9,13,Daylight,Out_of_agglomeration,Out_of_intersection,Normal,Other_collision,Manual_entry,,,False,2016-09-13,16,30,16:30,Afternoon,False,Autumn,2.0,0.0,57.0,Departmental_road,Bidirectional,Unknown,Flat,Straight,Normal,Unknown,On_road,Not_near_school,,,,,,,,,,,,,,,,,,,Not a holiday,0
5189,201600003222,2016,9,30,Daylight,Out_of_agglomeration,Out_of_intersection,Light_rain,Side_two_vehicles,Manual_entry,,,False,2016-09-30,16,30,16:30,Afternoon,False,Autumn,3.0,0.0,107.0,Departmental_road,Bidirectional,Unknown,Slope,Curve_left,Wet,Unknown,On_road,Unknown,,,,,,,,,,,,,,,,,,,Not a holiday,0
5190,201600003223,2016,10,12,Daylight,Out_of_agglomeration,Out_of_intersection,Cloudy,Frontal_two_vehicles,Manual_entry,,,False,2016-10-12,15,30,15:30,Afternoon,False,Autumn,1.0,0.0,60.0,Departmental_road,Bidirectional,Unknown,Flat,Straight,Normal,Unknown,On_road,Not_near_school,,,,,,,,,,,,,,,,,,,Not a holiday,0
5191,201600003224,2016,10,19,Daylight,Built_up_area,Out_of_intersection,Normal,Side_two_vehicles,Manual_entry,,,False,2016-10-19,13,45,13:45,Afternoon,False,Autumn,2.0,0.0,0.0,Departmental_road,Bidirectional,Unknown,Flat,Unknown,Normal,Unknown,On_road,Unknown,,,,,,,,,,,,,,,,,,,Not a holiday,0
5192,201600003225,2016,11,8,Night_without_public_lighting,Out_of_agglomeration,Out_of_intersection,Normal,Rear_end_two_vehicles,Manual_entry,,,False,2016-11-08,18,30,18:30,Evening,False,Autumn,2.0,0.0,60.0,Departmental_road,Bidirectional,Unknown,Flat,Straight,Normal,Unknown,On_road,Not_near_school,,,,,,,,,,,,,,,,,,,Not a holiday,0
5193,201600003226,2016,1,16,Daylight,Out_of_agglomeration,Out_of_intersection,Normal,Frontal_two_vehicles,Manual_entry,0.40562,46.1984,True,2016-01-16,14,45,14:45,Afternoon,True,Winter,0.0,0.0,6.0,Communal_way,Bidirectional,Unknown,Flat,Curve_left,Normal,Unknown,On_road,Not_near_school,,,,,,,,,,,,,,,,,,,Not a holiday,0
5194,201600003227,2016,1,17,Night_without_public_lighting,Built_up_area,Out_of_intersection,Normal,Side_two_vehicles,Manual_entry,0.30845,46.13554,True,2016-01-17,2,0,02:00,Night,True,Winter,2.0,0.0,7.0,Departmental_road,Bidirectional,Unknown,Flat,Straight,Normal,Unknown,On_road,Not_near_school,,,,,,,,,,,,,,,,,,,Not a holiday,0
5195,201600003228,2016,6,23,Daylight,Built_up_area,Intersection_T,Normal,Side_two_vehicles,Manual_entry,0.272,46.1482,True,2016-06-23,13,45,13:45,Afternoon,False,Summer,2.0,0.0,53.0,Communal_way,Bidirectional,Unknown,Flat,Straight,Normal,Unknown,On_road,Unknown,,,,,,,,,,,,,,,,,,,Not a holiday,0
5196,201600003229,2016,7,3,Twilight_or_dawn,Out_of_agglomeration,Out_of_intersection,Normal,No_collision,Manual_entry,,,False,2016-07-03,19,30,19:30,Evening,True,Summer,0.0,0.0,71.0,Departmental_road,Separated_carriageways,Unknown,Flat,Straight,Normal,Unknown,On_verge,Not_near_school,,,,,,,,,,,,,,,,,,,Not a holiday,0
5197,201600003230,2016,9,18,Daylight,Out_of_agglomeration,Intersection_X,Normal,Side_two_vehicles,Manual_entry,,,False,2016-09-18,15,45,15:45,Afternoon,True,Autumn,2.0,0.0,51.0,Departmental_road,Bidirectional,Unknown,Flat,Straight,Normal,Unknown,On_road,Unknown,,,,,,,,,,,,,,,,,,,Not a holiday,0
5198,201600003231,2016,9,28,Daylight,Out_of_agglomeration,Out_of_intersection,Normal,Side_two_vehicles,Manual_entry,0.30022,46.14922,True,2016-09-28,11,45,11:45,Morning,False,Autumn,1.0,0.0,79.0,Communal_way,Bidirectional,Unknown,Unknown,Straight,Normal,Unknown,On_road,Not_near_school,,,,,,,,,,,,,,,,,,,Not a holiday,0
5199,201600003232,2016,11,26,Night_without_public_lighting,Out_of_agglomeration,Out_of_intersection,Fog_or_smoke,Other_collision,Manual_entry,,,False,2016-11-26,5,15,05:15,Morning,True,Autumn,2.0,0.0,53.0,Departmental_road,Bidirectional,Unknown,Slope,Curve_right,Wet,Unknown,On_verge,Not_near_school,,,,,,,,,,,,,,,,,,,Not a holiday,0
5200,201600003233,2016,12,15,Night_without_public_lighting,Out_of_agglomeration,Out_of_intersection,Normal,No_collision,Manual_entry,0.39986,46.15415,True,2016-12-15,17,45,17:45,Evening,False,Winter,2.0,0.0,0.0,Departmental_road,Bidirectional,Unknown,Slope,Curve_left,Normal,Unknown,On_verge,Not_near_school,,,,,,,,,,,,,,,,,,,Not a holiday,0
5201,201600003234,2016,1,2,Daylight,Built_up_area,Out_of_intersection,Light_rain,Frontal_two_vehicles,Manual_entry,,,False,2016-01-02,14,30,14:30,Afternoon,True,Winter,2.0,0.0,0.0,Departmental_road,Bidirectional,Unknown,Unknown,Unknown,Wet,Unknown,On_road,Unknown,,,,,,,,,,,,,,,,,,,Not a holiday,0
5202,201600003235,2016,8,6,Daylight,Out_of_agglomeration,Out_of_intersection,Normal,Other_collision,Manual_entry,0.524,46.119,True,2016-08-06,11,0,11:00,Morning,True,Summer,2.0,0.0,70.0,Departmental_road,Bidirectional,Unknown,Flat,Straight,Normal,Unknown,On_verge,Unknown,,,,,,,,,,,,,,,,,,,Not a holiday,0
5203,201600003236,2016,4,11,Daylight,Out_of_agglomeration,Out_of_intersection,Light_rain,No_collision,Manual_entry,,,False,2016-04-11,9,15,09:15,Morning,False,Spring,2.0,0.0,0.0,Departmental_road,Bidirectional,Unknown,Flat,Curve_right,Wet,Unknown,On_verge,Not_near_school,,,,,,,,,,,,,,,,,,,Not a holiday,0
5204,201600003237,2016,3,27,Daylight,Out_of_agglomeration,Out_of_intersection,Normal,No_collision,Manual_entry,,,False,2016-03-27,18,30,18:30,Evening,True,Spring,0.0,0.0,57.0,Departmental_road,Bidirectional,Unknown,Slope,Straight,Normal,Unknown,On_verge,Not_near_school,,,,,,,,,,,,,,,,,,,Not a holiday,0
5205,201600003238,2016,7,5,Daylight,Out_of_agglomeration,Out_of_intersection,Normal,Frontal_two_vehicles,Manual_entry,,,False,2016-07-05,18,15,18:15,Evening,False,Summer,2.0,0.0,72.0,Departmental_road,Bidirectional,Unknown,Flat,Straight,Normal,Unknown,On_road,Not_near_school,,,,,,,,,,,,,,,,,,,Not a holiday,0
5206,201600003239,2016,7,13,Night_without_public_lighting,Out_of_agglomeration,Out_of_intersection,Normal,Other_collision,Manual_entry,,,False,2016-07-13,23,30,23:30,Night,False,Summer,2.0,0.0,37.0,Departmental_road,Bidirectional,Unknown,Flat,Straight,Normal,Unknown,On_verge,Not_near_school,,,,,,,,,,,,,,,,,,,Not a holiday,0
5207,201600003240,2016,9,24,Daylight,Out_of_agglomeration,Out_of_intersection,Normal,Other_collision,Manual_entry,,,False,2016-09-24,15,0,15:00,Afternoon,True,Autumn,2.0,0.0,80.0,Departmental_road,Bidirectional,Unknown,Flat,Straight,Normal,Unknown,On_verge,Not_near_school,,,,,,,,,,,,,,,,,,,Not a holiday,0
5208,201600003241,2016,11,19,Night_without_public_lighting,Out_of_agglomeration,Out_of_intersection,Normal,Other_collision,Manual_entry,0.74451,46.57329,True,2016-11-19,19,45,19:45,Evening,True,Autumn,2.0,0.0,73.0,Departmental_road,Bidirectional,Unknown,Flat,Straight,Normal,Unknown,On_verge,Not_near_school,,,,,,,,,,,,,,,,,,,Not a holiday,0
5209,201600003242,2016,11,24,Night_without_public_lighting,Out_of_agglomeration,Out_of_intersection,Light_rain,Other_collision,Manual_entry,0.945,46.357,True,2016-11-24,7,0,07:00,Morning,False,Autumn,2.0,60.0,60.0,Departmental_road,Bidirectional,Unknown,Flat,Curve_right,Wet,Unknown,On_road,Unknown,,,,,,,,,,,,,,,,,,,Not a holiday,0
5210,201600003243,2016,4,3,Night_without_public_lighting,Out_of_agglomeration,Out_of_intersection,Light_rain,No_collision,Manual_entry,0.14699,45.72507,True,2016-04-03,22,15,22:15,Night,True,Spring,2.0,0.0,62.0,Departmental_road,Bidirectional,Unknown,Slope,Straight,Wet,Unknown,On_verge,Unknown,,,,,,,,,,,,,,,,,,,Not a holiday,0
5211,201600003244,2016,9,21,Night_without_public_lighting,Out_of_agglomeration,Intersection_T,Normal,No_collision,Manual_entry,0.19087,45.69957,True,2016-09-21,22,15,22:15,Night,False,Autumn,2.0,0.0,33.0,Communal_way,Bidirectional,Unknown,Slope,Straight,Normal,Unknown,On_road,Unknown,,,,,,,,,,,,,,,,,,,Not a holiday,0
5212,201600003245,2016,11,10,Night_without_public_lighting,Out_of_agglomeration,Out_of_intersection,Light_rain,Other_collision,Manual_entry,0.18249,45.6963,True,2016-11-10,20,0,20:00,Evening,False,Autumn,4.0,25.0,140.0,National_road,Separated_carriageways,Unknown,Flat,Curve_left,Wet,Unknown,On_road,Unknown,,,,,,,,,,,,,,,,,,,Not a holiday,0
5213,201600003246,2016,12,2,Daylight,Out_of_agglomeration,Intersection_Y,Normal,No_collision,Manual_entry,0.19989,45.72078,True,2016-12-02,14,0,14:00,Afternoon,False,Winter,2.0,0.0,59.0,Departmental_road,Bidirectional,Unknown,Slope,Straight,Normal,Unknown,On_verge,Unknown,,,,,,,,,,,,,,,,,,,Not a holiday,0
5214,201600003247,2016,2,21,Twilight_or_dawn,Out_of_agglomeration,Out_of_intersection,Other,No_collision,Manual_entry,0.2667,45.5451,True,2016-02-21,18,30,18:30,Evening,True,Winter,2.0,0.0,34.0,Communal_way,Bidirectional,Unknown,Flat,Curve_left,Wet,Unknown,On_road,Unknown,,,,,,,,,,,,,,,,,,,Not a holiday,0