,accident_id,year,month,day,lighting_label,urban_label,intersection_label,weather_label,collision_label,gps_label,longitude_num,latitude_num,valid_geo,date,hour,minute,time_hhmm,time_of_day,is_weekend,season,num_lanes,pedestrian_crossing_width,road_width,road_category_label,traffic_regime_label,reserved_lane_label,road_profile_label,road_layout_label,surface_condition_label,infrastructure_label,situation_label,school_zone_label,vehicle_id,traffic_direction_label,vehicle_category_label,mobile_obstacle_label,impact_point_label,manoeuvre_label,occupants_group,birth_year,sex_label,user_category_label,injury_severity_label,seat_position_label,journey_purpose_label,pedestrian_location_label,pedestrian_action_label,pedestrian_state_label,safety_equipment_type,safety_equipment_usage,holiday_name,is_holiday
5215,201600003248,2016,3,19,Daylight,Out_of_agglomeration,Out_of_intersection,Normal,Side_two_vehicles,Manual_entry,0.27238,48.58813,True,2016-03-19,12,0,12:00,Afternoon,True,Spring,2.0,0.0,70.0,Departmental_road,Bidirectional,Unknown,Hill_bottom,Straight,Normal,Unknown,On_road,Unknown,,,,,,,,,,,,,,,,,,,Not a holiday,0
5216,201600003249,2016,4,25,Night_without_public_lighting,Out_of_agglomeration,Out_of_intersection,Normal,Other_collision,Manual_entry,0.18028,45.53576,True,2016-04-25,23,30,23:30,Night,False,Spring,2.0,0.0,563.0,Departmental_road,Bidirectional,Unknown,Hill_bottom,Curve_left,Normal,Unknown,On_verge,Unknown,,,,,,,,,,,,,,,,,,,Not a holiday,0
5217,201600003250,2016,5,15,Daylight,Out_of_agglomeration,Out_of_intersection,Normal,Other_collision,Manual_entry,-0.03198,45.50997,True,2016-05-15,6,15,06:15,Morning,True,Spring,2.0,0.0,28.0,Communal_way,Bidirectional,Unknown,Slope,Curve_left,Normal,Unknown,On_verge,Unknown,,,,,,,,,,,,,,,,,,,Not a holiday,0
5218,201600003251,2016,7,29,Twilight_or_dawn,Out_of_agglomeration,Out_of_intersection,Normal,Frontal_two_vehicles,Manual_entry,0.27392,45.53885,True,2016-07-29,6,0,06:00,Morning,False,Summer,2.0,15.0,70.0,Departmental_road,Bidirectional,Unknown,Hilltop,Straight,Normal,Roundabout,On_road,Unknown,,,,,,,,,,,,,,,,,,,Not a holiday,0
5219,201600003252,2016,9,16,Daylight,Out_of_agglomeration,Out_of_intersection,Light_rain,No_collision,Manual_entry,0.23952,45.60583,True,2016-09-16,16,0,16:00,Afternoon,False,Autumn,2.0,0.0,62.0,Departmental_road,Bidirectional,Unknown,Flat,Straight,Wet,Unknown,On_road,Unknown,,,,,,,,,,,,,,,,,,,Not a holiday,0
5220,201600003253,2016,9,23,Daylight,Out_of_agglomeration,Out_of_intersection,Normal,No_collision,Manual_entry,0.12917,45.52099,True,2016-09-23,16,0,16:00,Afternoon,False,Autumn,2.0,0.0,62.0,Departmental_road,Bidirectional,Unknown,Slope,Curve_left,Normal,Unknown,On_road,Unknown,,,,,,,,,,,,,,,,,,,Not a holiday,0
5221,201600003254,2016,10,7,Night_without_public_lighting,Out_of_agglomeration,Out_of_intersection,Normal,Other_collision,Manual_entry,0.14997,45.58431,True,2016-10-07,23,45,23:45,Night,False,Autumn,2.0,0.0,48.0,Communal_way,Bidirectional,Unknown,Slope,Curve_right,Normal,Unknown,On_verge,Not_near_school,,,,,,,,,,,,,,,,,,,Not a holiday,0
5222,201600003255,2016,10,18,Twilight_or_dawn,Built_up_area,Out_of_intersection,Normal,Side_two_vehicles,Manual_entry,0.02883,45.47387,True,2016-10-18,18,30,18:30,Evening,False,Autumn,2.0,0.0,55.0,Departmental_road,Bidirectional,Unknown,Flat,Curve_left,Normal,Unknown,On_road,Unknown,,,,,,,,,,,,,,,,,,,Not a holiday,0
5223,201600003256,2016,2,28,Night_without_public_lighting,Out_of_agglomeration,Out_of_intersection,Normal,Other_collision,Manual_entry,0.12683,45.27995,True,2016-02-28,20,15,20:15,Evening,True,Winter,2.0,0.0,58.0,Departmental_road,Bidirectional,Unknown,Slope,Straight,Normal,Unknown,On_verge,Unknown,,,,,,,,,,,,,,,,,,,Not a holiday,0
5224,201600003257,2016,4,26,Daylight,Built_up_area,Intersection_X,Normal,Side_two_vehicles,Manual_entry,0.04778,45.26984,True,2016-04-26,19,0,19:00,Evening,False,Spring,2.0,0.0,58.0,Departmental_road,Bidirectional,Unknown,Slope,Straight,Normal,Unknown,On_road,Near_school,,,,,,,,,,,,,,,,,,,Not a holiday,0
5225,201600003258,2016,5,11,Daylight,Out_of_agglomeration,Intersection_X,Normal,Side_two_vehicles,Manual_entry,0.14827,45.46871,True,2016-05-11,11,40,11:40,Morning,False,Spring,2.0,0.0,38.0,Departmental_road,Bidirectional,Unknown,Slope,Straight,Normal,Unknown,On_road,Unknown,,,,,,,,,,,,,,,,,,,Not a holiday,0
5226,201600003259,2016,5,26,Daylight,Built_up_area,Out_of_intersection,Normal,Other_collision,Manual_entry,0.17121,45.27069,True,2016-05-26,11,0,11:00,Morning,False,Spring,1.0,0.0,38.0,Communal_way,One_way,Unknown,Hill_bottom,Straight,Normal,Unknown,On_sidewalk,Unknown,,,,,,,,,,,,,,,,,,,Not a holiday,0
5227,201600003260,2016,5,29,Daylight,Out_of_agglomeration,Out_of_intersection,Normal,Other_collision,Manual_entry,0.03565,45.22596,True,2016-05-29,15,30,15:30,Afternoon,True,Spring,2.0,0.0,68.0,Departmental_road,Bidirectional,Unknown,Flat,Curve_right,Normal,Unknown,On_verge,Unknown,,,,,,,,,,,,,,,,,,,Not a holiday,0
5228,201600003261,2016,6,9,Night_without_public_lighting,Out_of_agglomeration,Out_of_intersection,Normal,Rear_end_two_vehicles,Manual_entry,0.12123,45.24941,True,2016-06-09,23,30,23:30,Night,False,Summer,2.0,0.0,38.0,Departmental_road,Bidirectional,Unknown,Flat,Straight,Normal,Unknown,On_road,Unknown,,,,,,,,,,,,,,,,,,,Not a holiday,0
5229,201600003262,2016,6,15,Daylight,Out_of_agglomeration,Out_of_intersection,Normal,Other_collision,Manual_entry,0.11267,45.27787,True,2016-06-15,14,30,14:30,Afternoon,False,Summer,2.0,0.0,54.0,Departmental_road,Bidirectional,Unknown,Slope,Curve_left,Normal,Unknown,On_verge,Unknown,,,,,,,,,,,,,,,,,,,Not a holiday,0
5230,201600003263,2016,7,21,Daylight,Out_of_agglomeration,Intersection_X,Normal,Side_two_vehicles,Manual_entry,0.24963,45.38258,True,2016-07-21,19,45,19:45,Evening,False,Summer,2.0,0.0,54.0,Departmental_road,Bidirectional,Unknown,Slope,Straight,Normal,Unknown,On_road,Unknown,,,,,,,,,,,,,,,,,,,Not a holiday,0
5231,201600003264,2016,9,26,Daylight,Out_of_agglomeration,Out_of_intersection,Normal,Frontal_two_vehicles,Manual_entry,0.13735,45.4068,True,2016-09-26,9,15,09:15,Morning,False,Autumn,2.0,0.0,105.0,Departmental_road,Bidirectional,Reserved_channel,Flat,Straight,Normal,Roundabout,On_road,Unknown,,,,,,,,,,,,,,,,,,,Not a holiday,0
5232,201600003265,2016,12,7,Night_without_public_lighting,Out_of_agglomeration,Out_of_intersection,Normal,No_collision,Manual_entry,0.10562,45.36341,True,2016-12-07,21,15,21:15,Night,False,Winter,2.0,0.0,70.0,Departmental_road,Bidirectional,Unknown,Flat,Curve_right,Normal,Unknown,On_verge,Unknown,,,,,,,,,,,,,,,,,,,Not a holiday,0
5233,201600003266,2016,9,22,Daylight,Built_up_area,Out_of_intersection,Normal,Rear_end_two_vehicles,Manual_entry,-0.35522,45.73341,True,2016-09-22,14,0,14:00,Afternoon,False,Autumn,2.0,13.0,65.0,Departmental_road,Bidirectional,Unknown,Flat,Straight,Normal,Unknown,On_road,Unknown,,,,,,,,,,,,,,,,,,,Not a holiday,0
5234,201600003267,2016,10,31,Twilight_or_dawn,Built_up_area,Intersection_X,Normal,Rear_end_two_vehicles,Manual_entry,-0.30151,45.72093,True,2016-10-31,17,50,17:50,Evening,False,Autumn,2.0,0.0,62.0,Departmental_road,Bidirectional,Unknown,Slope,Straight,Normal,Unknown,On_road,Unknown,,,,,,,,,,,,,,,,,,,Not a holiday,0
5235,201600003268,2016,3,21,Daylight,Out_of_agglomeration,Out_of_intersection,Normal,Chain_three_plus,Manual_entry,-0.22311,45.33201,True,2016-03-21,12,0,12:00,Afternoon,False,Spring,2.0,20.0,70.0,National_road,Bidirectional,Unknown,Slope,Straight,Normal,Unknown,On_road,Unknown,,,,,,,,,,,,,,,,,,,Not a holiday,0
5236,201600003269,2016,7,1,Daylight,Out_of_agglomeration,Out_of_intersection,Normal,Chain_three_plus,Manual_entry,-0.16949,45.44664,True,2016-07-01,16,30,16:30,Afternoon,False,Summer,2.0,0.0,70.0,Departmental_road,Bidirectional,Unknown,Slope,Straight,Normal,Unknown,On_road,Unknown,,,,,,,,,,,,,,,,,,,Not a holiday,0
5237,201600003270,2016,8,8,Night_without_public_lighting,Out_of_agglomeration,Out_of_intersection,Normal,Other_collision,Manual_entry,-0.1326,45.47396,True,2016-08-08,2,45,02:45,Night,False,Summer,4.0,25.0,140.0,National_road,Separated_carriageways,Unknown,Flat,Straight,Normal,Unknown,On_road,Unknown,,,,,,,,,,,,,,,,,,,Not a holiday,0
5238,201600003271,2016,9,28,Daylight,Out_of_agglomeration,Intersection_X,Normal,Side_two_vehicles,Manual_entry,-0.08723,45.46641,True,2016-09-28,12,15,12:15,Afternoon,False,Autumn,2.0,0.0,52.0,Departmental_road,Bidirectional,Unknown,Slope,Curve_left,Normal,Unknown,On_road,Unknown,,,,,,,,,,,,,,,,,,,Not a holiday,0
5239,201600003272,2016,10,26,Daylight,Out_of_agglomeration,Out_of_intersection,Fog_or_smoke,Other_collision,Manual_entry,-0.03189,45.32983,True,2016-10-26,8,45,08:45,Morning,False,Autumn,2.0,0.0,25.0,Communal_way,Bidirectional,Unknown,Flat,Straight,Normal,Unknown,On_road,Unknown,,,,,,,,,,,,,,,,,,,Not a holiday,0
5240,201600003273,2016,4,15,Twilight_or_dawn,Built_up_area,Level_crossing,Light_rain,Rear_end_two_vehicles,Manual_entry,-0.1789,45.67165,True,2016-04-15,7,30,07:30,Morning,False,Spring,2.0,28.0,70.0,National_road,Bidirectional,Unknown,Flat,Straight,Wet,Railway,On_road,Unknown,,,,,,,,,,,,,,,,,,,Not a holiday,0
5241,201600003274,2016,12,6,Twilight_or_dawn,Out_of_agglomeration,Out_of_intersection,Normal,Chain_three_plus,Manual_entry,-0.27665,45.67686,True,2016-12-06,7,45,07:45,Morning,False,Winter,4.0,25.0,140.0,National_road,Separated_carriageways,Unknown,Flat,Straight,Normal,Unknown,On_road,Unknown,,,,,,,,,,,,,,,,,,,Not a holiday,0
5242,201600003275,2016,1,27,Daylight,Out_of_agglomeration,Out_of_intersection,Normal,Frontal_two_vehicles,Manual_entry,0.71588,46.01088,True,2016-01-27,15,45,15:45,Afternoon,False,Winter,2.0,0.0,60.0,Departmental_road,Bidirectional,Unknown,Slope,Curve_left,Normal,Unknown,On_road,Unknown,,,,,,,,,,,,,,,,,,,Not a holiday,0
5243,201600003276,2016,2,14,Night_without_public_lighting,Out_of_agglomeration,Out_of_intersection,Heavy_rain,Frontal_two_vehicles,Manual_entry,0.65861,46.03946,True,2016-02-14,6,30,06:30,Morning,True,Winter,2.0,0.0,70.0,Departmental_road,Bidirectional,Unknown,Slope,Curve_right,Wet,Unknown,On_road,Unknown,,,,,,,,,,,,,,,,,,,Not a holiday,0
5244,201600003277,2016,6,11,Daylight,Built_up_area,Out_of_intersection,Normal,Other_collision,Manual_entry,0.20468,45.874,True,2016-06-11,7,15,07:15,Morning,True,Summer,2.0,20.0,55.0,National_road,Bidirectional,Unknown,Flat,Straight,Normal,Unknown,On_road,Unknown,,,,,,,,,,,,,,,,,,,Not a holiday,0
5245,201600003278,2016,6,28,Night_without_public_lighting,Out_of_agglomeration,Out_of_intersection,Normal,Other_collision,Manual_entry,0.77268,45.96026,True,2016-06-28,22,45,22:45,Night,False,Summer,2.0,0.0,58.0,Departmental_road,Bidirectional,Unknown,Slope,Curve_right,Normal,Unknown,On_verge,Unknown,,,,,,,,,,,,,,,,,,,Not a holiday,0
5246,201600003279,2016,8,4,Daylight,Out_of_agglomeration,Out_of_intersection,Light_rain,Other_collision,Manual_entry,0.73492,45.83796,True,2016-08-04,12,15,12:15,Afternoon,False,Summer,2.0,0.0,58.0,Departmental_road,Bidirectional,Unknown,Slope,Curve_right,Wet,Unknown,On_verge,Unknown,,,,,,,,,,,,,,,,,,,Not a holiday,0
5247,201600003280,2016,9,23,Daylight,Out_of_agglomeration,Out_of_intersection,Normal,Other_collision,Manual_entry,0.75316,46.07874,True,2016-09-23,14,15,14:15,Afternoon,False,Autumn,2.0,0.0,70.0,Departmental_road,Bidirectional,Unknown,Flat,Straight,Normal,Unknown,On_road,Unknown,,,,,,,,,,,,,,,,,,,Not a holiday,0
5248,201600003281,2016,10,22,Daylight,Built_up_area,Out_of_intersection,Normal,Other_collision,Manual_entry,0.641,45.84615,True,2016-10-22,11,45,11:45,Morning,True,Autumn,2.0,0.0,42.0,Departmental_road,Bidirectional,Unknown,Hill_bottom,Curve_left,Normal,Unknown,On_verge,Unknown,,,,,,,,,,,,,,,,,,,Not a holiday,0
5249,201600003282,2016,11,14,Twilight_or_dawn,Out_of_agglomeration,Out_of_intersection,Fog_or_smoke,Frontal_two_vehicles,Manual_entry,0.71093,45.86883,True,2016-11-14,17,15,17:15,Evening,False,Autumn,4.0,25.0,140.0,National_road,Separated_carriageways,Unknown,Slope,Straight,Wet,Unknown,On_road,Not_near_school,,,,,,,,,,,,,,,,,,,Not a holiday,0
5250,201600003283,2016,11,19,Twilight_or_dawn,Out_of_agglomeration,Out_of_intersection,Normal,Other_collision,Manual_entry,0.68249,45.06533,True,2016-11-19,17,0,17:00,Evening,True,Autumn,2.0,0.0,70.0,Departmental_road,Bidirectional,Unknown,Slope,Straight,Normal,Bridge,On_road,Unknown,,,,,,,,,,,,,,,,,,,Not a holiday,0
5251,201600003284,2016,12,3,Night_without_public_lighting,Out_of_agglomeration,Out_of_intersection,Normal,Other_collision,Manual_entry,0.52467,46.0035,True,2016-12-03,21,45,21:45,Night,True,Winter,2.0,0.0,42.0,Departmental_road,Bidirectional,Unknown,Flat,Curve_left,Normal,Unknown,On_verge,Unknown,,,,,,,,,,,,,,,,,,,Not a holiday,0
5252,201600003285,2016,1,10,Twilight_or_dawn,Built_up_area,Out_of_intersection,Heavy_rain,Other_collision,Manual_entry,0.53848,45.8646,True,2016-01-10,8,30,08:30,Morning,True,Winter,2.0,0.0,70.0,National_road,Bidirectional,Unknown,Slope,Straight,Wet,Unknown,On_verge,Unknown,,,,,,,,,,,,,,,,,,,Not a holiday,0
5253,201600003286,2016,1,28,Twilight_or_dawn,Out_of_agglomeration,Out_of_intersection,Cloudy,Other_collision,Manual_entry,0.64133,45.79992,True,2016-01-28,8,0,08:00,Morning,False,Winter,2.0,0.0,43.0,Departmental_road,Bidirectional,Unknown,Flat,Straight,Wet,Unknown,On_verge,Unknown,,,,,,,,,,,,,,,,,,,Not a holiday,0
5254,201600003287,2016,2,29,Daylight,Built_up_area,Intersection_X,Normal,Side_two_vehicles,Manual_entry,0.44963,45.83293,True,2016-02-29,11,0,11:00,Morning,False,Winter,2.0,0.0,70.0,Departmental_road,Bidirectional,Unknown,Flat,Straight,Normal,Unknown,On_road,Unknown,,,,,,,,,,,,,,,,,,,Not a holiday,0
5255,201600003288,2016,5,27,Daylight,Out_of_agglomeration,Intersection_X,Normal,Side_two_vehicles,Manual_entry,0.53681,45.93641,True,2016-05-27,18,0,18:00,Evening,False,Spring,2.0,0.0,68.0,Departmental_road,Bidirectional,Unknown,Flat,Straight,Normal,Roundabout,On_road,Unknown,,,,,,,,,,,,,,,,,,,Not a holiday,0
5256,201600003289,2016,7,19,Daylight,Out_of_agglomeration,Out_of_intersection,Dazzling,Frontal_two_vehicles,Manual_entry,0.4689,45.87742,True,2016-07-19,17,0,17:00,Evening,False,Summer,2.0,0.0,105.0,Departmental_road,Bidirectional,Reserved_channel,Flat,Straight,Normal,Unknown,On_road,Unknown,,,,,,,,,,,,,,,,,,,Not a holiday,0
5257,201600003290,2016,8,3,Daylight,Out_of_agglomeration,Out_of_intersection,Normal,Frontal_two_vehicles,Manual_entry,0.52829,45.86847,True,2016-08-03,18,45,18:45,Evening,False,Summer,2.0,0.0,58.0,Departmental_road,Bidirectional,Unknown,Flat,Curve_left,Normal,Unknown,On_road,Unknown,,,,,,,,,,,,,,,,,,,Not a holiday,0
5258,201600003291,2016,9,24,Daylight,Built_up_area,Out_of_intersection,Normal,Frontal_two_vehicles,Manual_entry,0.53825,45.86459,True,2016-09-24,10,30,10:30,Morning,True,Autumn,2.0,8.0,70.0,National_road,Bidirectional,Unknown,Slope,S-bend,Normal,Unknown,On_road,Unknown,,,,,,,,,,,,,,,,,,,Not a holiday,0
5259,201600003292,2016,12,6,Night_without_public_lighting,Out_of_agglomeration,Out_of_intersection,Normal,Other_collision,Manual_entry,0.52179,45.87058,True,2016-12-06,18,15,18:15,Evening,False,Winter,2.0,60.0,64.0,Departmental_road,Bidirectional,Unknown,Slope,Curve_right,Normal,Unknown,On_verge,Unknown,,,,,,,,,,,,,,,,,,,Not a holiday,0
5260,201600003293,2016,12,13,Twilight_or_dawn,Built_up_area,Intersection_T,Normal,Side_two_vehicles,Manual_entry,0.5745,45.88392,True,2016-12-13,17,30,17:30,Evening,False,Winter,2.0,0.0,70.0,National_road,Bidirectional,Unknown,Slope,Straight,Normal,Unknown,On_road,Unknown,,,,,,,,,,,,,,,,,,,Not a holiday,0
5261,201600003294,2016,2,6,Daylight,Built_up_area,Out_of_intersection,Normal,Other_collision,Manual_entry,0.19103,46.02197,True,2016-02-06,14,30,14:30,Afternoon,True,Winter,2.0,26.0,65.0,Departmental_road,Bidirectional,Unknown,Flat,Straight,Normal,Unknown,On_road,Unknown,,,,,,,,,,,,,,,,,,,Not a holiday,0
5262,201600003295,2016,2,24,Daylight,Out_of_agglomeration,Out_of_intersection,Normal,Frontal_two_vehicles,Manual_entry,0.23538,46.02729,True,2016-02-24,12,0,12:00,Afternoon,False,Winter,2.0,0.0,59.0,Departmental_road,Bidirectional,Unknown,Slope,Curve_right,Wet,Unknown,On_road,Unknown,,,,,,,,,,,,,,,,,,,Not a holiday,0
5263,201600003296,2016,4,21,Daylight,Out_of_agglomeration,Out_of_intersection,Normal,Rear_end_two_vehicles,Manual_entry,0.67571,45.98307,True,2016-04-21,15,0,15:00,Afternoon,False,Spring,4.0,100.0,140.0,National_road,Separated_carriageways,Unknown,Slope,Straight,Normal,Unknown,On_road,Unknown,,,,,,,,,,,,,,,,,,,Not a holiday,0
5264,201600003297,2016,9,5,Daylight,Out_of_agglomeration,Out_of_intersection,Normal,Other_collision,Manual_entry,0.19506,46.04636,True,2016-09-05,10,35,10:35,Morning,False,Autumn,2.0,8.0,80.0,National_road,Bidirectional,Unknown,Slope,Curve_right,Normal,Interchange,On_road,Unknown,,,,,,,,,,,,,,,,,,,Not a holiday,0
5265,201600003298,2016,5,20,Night_without_public_lighting,Out_of_agglomeration,Roundabout,Normal,Other_collision,Manual_entry,0.09936,45.65059,True,2016-05-20,5,0,05:00,Morning,False,Spring,1.0,100.0,60.0,Departmental_road,One_way,Unknown,Flat,Curve_left,Normal,Roundabout,On_verge,Unknown,,,,,,,,,,,,,,,,,,,Not a holiday,0
5266,201600003299,2016,12,10,Night_without_public_lighting,Out_of_agglomeration,Out_of_intersection,Normal,Multiple_three_plus,Manual_entry,-0.00868,45.67148,True,2016-12-10,3,15,03:15,Night,True,Winter,2.0,0.0,70.0,National_road,Bidirectional,Unknown,Flat,Straight,Normal,Unknown,On_road,Unknown,,,,,,,,,,,,,,,,,,,Not a holiday,0
5267,201600003300,2016,12,18,Daylight,Out_of_agglomeration,Out_of_intersection,Normal,Other_collision,Manual_entry,0.07095,45.64825,True,2016-12-18,11,0,11:00,Morning,True,Winter,2.0,0.0,50.0,Departmental_road,Bidirectional,Unknown,Slope,Straight,Normal,Bridge,On_verge,Unknown,,,,,,,,,,,,,,,,,,,Not a holiday,0
5268,201600003301,2016,4,19,Daylight,Built_up_area,Out_of_intersection,Normal,Frontal_two_vehicles,Manual_entry,0.11297,45.76393,True,2016-04-19,17,15,17:15,Evening,False,Spring,2.0,0.0,64.0,Departmental_road,Bidirectional,Unknown,Flat,Curve_left,Normal,Bridge,On_road,Unknown,,,,,,,,,,,,,,,,,,,Not a holiday,0
5269,201600003302,2016,12,19,Daylight,Out_of_agglomeration,Out_of_intersection,Normal,Other_collision,Manual_entry,0.29541,45.85742,True,2016-12-19,15,45,15:45,Afternoon,False,Winter,2.0,0.0,56.0,Departmental_road,Bidirectional,Unknown,Flat,Straight,Normal,Unknown,On_verge,Unknown,,,,,,,,,,,,,,,,,,,Not a holiday,0
5270,201600003303,2016,3,20,Daylight,Out_of_agglomeration,Intersection_X,Light_rain,Side_two_vehicles,Manual_entry,0.36821,45.76373,True,2016-03-20,9,45,09:45,Morning,True,Spring,2.0,0.0,54.0,Departmental_road,Bidirectional,Unknown,Flat,Straight,Wet,Unknown,On_road,Unknown,,,,,,,,,,,,,,,,,,,Not a holiday,0
5271,201600003304,2016,5,31,Daylight,Out_of_agglomeration,Intersection_X,Light_rain,Frontal_two_vehicles,Manual_entry,0.443,45.74512,True,2016-05-31,8,45,08:45,Morning,False,Spring,2.0,0.0,64.0,Departmental_road,Bidirectional,Unknown,Slope,Straight,Wet,Unknown,On_road,Unknown,,,,,,,,,,,,,,,,,,,Not a holiday,0
5272,201600003305,2016,7,1,Twilight_or_dawn,Out_of_agglomeration,Out_of_intersection,Normal,Other_collision,Manual_entry,0.49053,45.69774,True,2016-07-01,21,15,21:15,Night,False,Summer,2.0,0.0,52.0,Departmental_road,Bidirectional,Unknown,Slope,Straight,Normal,Unknown,On_road,Unknown,,,,,,,,,,,,,,,,,,,Not a holiday,0
5273,201600003306,2016,9,2,Night_without_public_lighting,Out_of_agglomeration,Out_of_intersection,Normal,Frontal_two_vehicles,Manual_entry,0.31586,45.61374,True,2016-09-02,19,30,19:30,Evening,False,Autumn,2.0,0.0,62.0,Departmental_road,Bidirectional,Unknown,Slope,Curve_right,Normal,Unknown,On_road,Unknown,,,,,,,,,,,,,,,,,,,Not a holiday,0
5274,201600003307,2016,9,21,Daylight,Out_of_agglomeration,Intersection_X,Normal,Side_two_vehicles,Manual_entry,0.44127,45.57048,True,2016-09-21,10,30,10:30,Morning,False,Autumn,2.0,0.0,47.0,Departmental_road,Bidirectional,Unknown,Flat,Straight,Normal,Unknown,On_road,Unknown,,,,,,,,,,,,,,,,,,,Not a holiday,0
5275,201600003308,2016,9,25,Daylight,Built_up_area,Out_of_intersection,Normal,Other_collision,Manual_entry,0.37085,45.644,True,2016-09-25,18,15,18:15,Evening,True,Autumn,2.0,0.0,56.0,Departmental_road,Bidirectional,Unknown,Flat,Straight,Normal,Unknown,On_verge,Unknown,,,,,,,,,,,,,,,,,,,Not a holiday,0
5276,201600003309,2016,9,23,Daylight,Out_of_agglomeration,Intersection_T,Normal,Rear_end_two_vehicles,Manual_entry,-0.46916,45.677,True,2016-09-23,16,0,16:00,Afternoon,False,Autumn,2.0,0.0,67.0,Departmental_road,Bidirectional,Unknown,Slope,Straight,Normal,Unknown,On_road,Unknown,,,,,,,,,,,,,,,,,,,Not a holiday,0
5277,201600003310,2016,11,24,Night_without_public_lighting,Out_of_agglomeration,Out_of_intersection,Normal,No_collision,Manual_entry,0.3979,45.76691,True,2016-11-24,18,0,18:00,Evening,False,Autumn,4.0,25.0,140.0,National_road,Separated_carriageways,Bike_path,Flat,Straight,Normal,Unknown,On_verge,Unknown,,,,,,,,,,,,,,,,,,,Not a holiday,0
5278,201600003311,2016,8,18,Daylight,Out_of_agglomeration,Out_of_intersection,Normal,Other_collision,Manual_entry,0.09007,46.02381,True,2016-08-18,15,45,15:45,Afternoon,False,Summer,2.0,0.0,55.0,Departmental_road,Bidirectional,Unknown,Flat,Curve_left,Normal,Unknown,On_verge,Unknown,,,,,,,,,,,,,,,,,,,Not a holiday,0
5279,201600003312,2016,5,12,Daylight,Built_up_area,Out_of_intersection,Normal,Side_two_vehicles,Manual_entry,-1.09991,46.10497,True,2016-05-12,15,45,15:45,Afternoon,False,Spring,2.0,0.0,70.0,Communal_way,Bidirectional,Unknown,Flat,Curve_left,Normal,Unknown,On_road,Not_near_school,,,,,,,,,,,,,,,,,,,Not a holiday,0
5280,201600003313,2016,7,12,Daylight,Out_of_agglomeration,Out_of_intersection,Normal,Frontal_two_vehicles,Manual_entry,-1.05154,46.14868,True,2016-07-12,19,0,19:00,Evening,False,Summer,2.0,0.0,71.0,Departmental_road,Bidirectional,Unknown,Flat,Straight,Normal,Unknown,On_road,Not_near_school,,,,,,,,,,,,,,,,,,,Not a holiday,0
5281,201600003314,2016,5,27,Daylight,Built_up_area,Intersection_T,Normal,Frontal_two_vehicles,Manual_entry,-1.02658,46.16422,True,2016-05-27,19,45,19:45,Evening,False,Spring,2.0,0.0,52.0,Departmental_road,Bidirectional,Unknown,Unknown,Straight,Normal,Unknown,On_road,Unknown,,,,,,,,,,,,,,,,,,,Not a holiday,0
5282,201600003315,2016,1,2,Night_without_public_lighting,Out_of_agglomeration,Out_of_intersection,Heavy_rain,Frontal_two_vehicles,Manual_entry,-0.99734,46.34685,True,2016-01-02,20,45,20:45,Evening,True,Winter,2.0,0.0,45.0,Departmental_road,Bidirectional,Unknown,Unknown,Straight,Wet,Unknown,On_road,Not_near_school,,,,,,,,,,,,,,,,,,,Not a holiday,0
5283,201600003316,2016,1,27,Night_without_public_lighting,Out_of_agglomeration,Out_of_intersection,Light_rain,Rear_end_two_vehicles,Manual_entry,-0.98485,46.21572,True,2016-01-27,3,30,03:30,Night,False,Winter,2.0,0.0,95.0,National_road,Separated_carriageways,Unknown,Flat,Straight,Wet,Unknown,On_road,Not_near_school,,,,,,,,,,,,,,,,,,,Not a holiday,0
5284,201600003317,2016,2,22,Daylight,Out_of_agglomeration,Out_of_intersection,Normal,Other_collision,Manual_entry,-0.84627,46.2862,True,2016-02-22,15,30,15:30,Afternoon,False,Winter,2.0,0.0,67.0,Departmental_road,Bidirectional,Unknown,Flat,Straight,Normal,Unknown,On_road,Not_near_school,,,,,,,,,,,,,,,,,,,Not a holiday,0
5285,201600003318,2016,3,5,Daylight,Out_of_agglomeration,Out_of_intersection,Normal,Rear_end_two_vehicles,Manual_entry,-0.84205,46.25512,True,2016-03-05,11,30,11:30,Morning,True,Spring,2.0,0.0,54.0,Departmental_road,Bidirectional,Unknown,Flat,Straight,Normal,Unknown,On_road,Not_near_school,,,,,,,,,,,,,,,,,,,Not a holiday,0
5286,201600003319,2016,3,19,Night_without_public_lighting,Out_of_agglomeration,Out_of_intersection,Normal,Other_collision,Manual_entry,-0.78476,46.28315,True,2016-03-19,0,45,00:45,Night,True,Spring,1.0,0.0,0.0,Communal_way,Bidirectional,Unknown,Unknown,Straight,Wet,Unknown,On_road,Not_near_school,,,,,,,,,,,,,,,,,,,Not a holiday,0
5287,201600003320,2016,3,18,Night_without_public_lighting,Out_of_agglomeration,Out_of_intersection,Normal,Other_collision,Manual_entry,-0.72871,46.20604,True,2016-03-18,21,15,21:15,Night,False,Spring,4.0,10.0,60.0,National_road,Separated_carriageways,Unknown,Flat,Straight,Normal,Unknown,On_road,Not_near_school,,,,,,,,,,,,,,,,,,,Not a holiday,0
5288,201600003321,2016,6,19,Daylight,Out_of_agglomeration,Out_of_intersection,Normal,Frontal_two_vehicles,Manual_entry,-1.06789,46.27364,True,2016-06-19,8,45,08:45,Morning,True,Summer,2.0,0.0,65.0,Departmental_road,Bidirectional,Unknown,Flat,Unknown,Normal,Unknown,On_road,Unknown,,,,,,,,,,,,,,,,,,,Not a holiday,0