,accident_id,year,month,day,lighting_label,urban_label,intersection_label,weather_label,collision_label,gps_label,longitude_num,latitude_num,valid_geo,date,hour,minute,time_hhmm,time_of_day,is_weekend,season,num_lanes,pedestrian_crossing_width,road_width,road_category_label,traffic_regime_label,reserved_lane_label,road_profile_label,road_layout_label,surface_condition_label,infrastructure_label,situation_label,school_zone_label,vehicle_id,traffic_direction_label,vehicle_category_label,mobile_obstacle_label,impact_point_label,manoeuvre_label,occupants_group,birth_year,sex_label,user_category_label,injury_severity_label,seat_position_label,journey_purpose_label,pedestrian_location_label,pedestrian_action_label,pedestrian_state_label,safety_equipment_type,safety_equipment_usage,holiday_name,is_holiday
5289,201600003322,2016,7,29,Daylight,Out_of_agglomeration,Out_of_intersection,Normal,Other_collision,Manual_entry,-1.00884,46.26376,True,2016-07-29,16,45,16:45,Afternoon,False,Summer,2.0,0.0,71.0,Departmental_road,Bidirectional,Unknown,Flat,Straight,Normal,Unknown,On_verge,Not_near_school,,,,,,,,,,,,,,,,,,,Not a holiday,0
5290,201600003323,2016,11,26,Daylight,Out_of_agglomeration,Out_of_intersection,Dazzling,Rear_end_two_vehicles,Manual_entry,-0.8821,46.25717,True,2016-11-26,16,45,16:45,Afternoon,True,Autumn,2.0,43.0,56.0,Departmental_road,Bidirectional,Unknown,Flat,Curve_left,Normal,Unknown,On_road,Unknown,,,,,,,,,,,,,,,,,,,Not a holiday,0
5291,201600003324,2016,1,23,Daylight,Out_of_agglomeration,Out_of_intersection,Normal,Frontal_two_vehicles,Manual_entry,-1.32442,46.16667,True,2016-01-23,11,45,11:45,Morning,True,Winter,0.0,0.0,50.0,Departmental_road,Bidirectional,Unknown,Flat,Straight,Wet,Unknown,On_road,Not_near_school,,,,,,,,,,,,,,,,,,,Not a holiday,0
5292,201600003325,2016,2,8,Daylight,Out_of_agglomeration,Out_of_intersection,Normal,Rear_end_two_vehicles,Manual_entry,-1.45119,46.20225,True,2016-02-08,11,45,11:45,Morning,False,Winter,2.0,0.0,60.0,Departmental_road,Bidirectional,Unknown,Flat,Straight,Normal,Roundabout,On_road,Not_near_school,,,,,,,,,,,,,,,,,,,Not a holiday,0
5293,201600003326,2016,5,5,Daylight,Built_up_area,Out_of_intersection,Normal,Chain_three_plus,Manual_entry,-1.27001,46.15881,True,2016-05-05,17,30,17:30,Evening,False,Spring,2.0,0.0,57.0,Departmental_road,Bidirectional,Unknown,Flat,Straight,Normal,Unknown,On_road,Unknown,,,,,,,,,,,,,,,,,,,Ascension Thursday,1
5294,201600003327,2016,5,27,Daylight,Out_of_agglomeration,Out_of_intersection,Normal,Other_collision,Manual_entry,-1.50915,46.20186,True,2016-05-27,16,30,16:30,Afternoon,False,Spring,2.0,0.0,61.0,Departmental_road,Bidirectional,Unknown,Flat,Curve_left,Normal,Unknown,On_road,Not_near_school,,,,,,,,,,,,,,,,,,,Not a holiday,0
5295,201600003328,2016,7,9,Daylight,Out_of_agglomeration,Intersection_X,Normal,Side_two_vehicles,Manual_entry,-1.36795,46.19136,True,2016-07-09,9,45,09:45,Morning,True,Summer,2.0,0.0,75.0,Departmental_road,Bidirectional,Unknown,Flat,Straight,Normal,Unknown,On_road,Not_near_school,,,,,,,,,,,,,,,,,,,Not a holiday,0
5296,201600003329,2016,7,21,Daylight,Built_up_area,Roundabout,Normal,Side_two_vehicles,Manual_entry,-1.39702,46.1835,True,2016-07-21,17,30,17:30,Evening,False,Summer,2.0,0.0,60.0,Communal_way,Bidirectional,Unknown,Flat,Straight,Normal,Unknown,On_road,Not_near_school,,,,,,,,,,,,,,,,,,,Not a holiday,0
5297,201600003330,2016,8,23,Twilight_or_dawn,Out_of_agglomeration,Out_of_intersection,Normal,Other_collision,Manual_entry,-1.45035,46.20213,True,2016-08-23,4,15,04:15,Night,False,Summer,2.0,0.0,70.0,Departmental_road,Bidirectional,Unknown,Flat,Straight,Normal,Unknown,On_road,Not_near_school,,,,,,,,,,,,,,,,,,,Not a holiday,0
5298,201600003331,2016,8,30,Twilight_or_dawn,Built_up_area,Out_of_intersection,Normal,Frontal_two_vehicles,Manual_entry,-1.26519,46.15829,True,2016-08-30,6,45,06:45,Morning,False,Summer,2.0,0.0,55.0,Departmental_road,Separated_carriageways,Unknown,Flat,Straight,Normal,Unknown,On_road,Unknown,,,,,,,,,,,,,,,,,,,Not a holiday,0
5299,201600003332,2016,8,28,Daylight,Out_of_agglomeration,Out_of_intersection,Normal,Frontal_two_vehicles,Manual_entry,-1.46379,46.2037,True,2016-08-28,17,45,17:45,Evening,True,Summer,2.0,0.0,60.0,Departmental_road,Bidirectional,Unknown,Flat,Straight,Normal,Unknown,On_road,Not_near_school,,,,,,,,,,,,,,,,,,,Not a holiday,0
5300,201600003333,2016,10,28,Daylight,Built_up_area,Roundabout,Normal,Side_two_vehicles,Manual_entry,-1.35515,46.19707,True,2016-10-28,14,15,14:15,Afternoon,False,Autumn,2.0,0.0,53.0,Communal_way,Bidirectional,Unknown,Flat,Unknown,Normal,Roundabout,On_road,Unknown,,,,,,,,,,,,,,,,,,,Not a holiday,0
5301,201600003334,2016,11,2,Daylight,Out_of_agglomeration,Intersection_T,Normal,Side_two_vehicles,Manual_entry,-1.262,46.16081,True,2016-11-02,17,45,17:45,Evening,False,Autumn,2.0,37.0,79.0,Departmental_road,Bidirectional,Reserved_channel,Flat,Unknown,Normal,Unknown,On_road,Unknown,,,,,,,,,,,,,,,,,,,Not a holiday,0
5302,201600003335,2016,11,30,Daylight,Built_up_area,Out_of_intersection,Normal,Other_collision,Manual_entry,-1.32847,46.18792,True,2016-11-30,11,30,11:30,Morning,False,Autumn,1.0,0.0,34.0,Communal_way,One_way,Unknown,Unknown,Straight,Unknown,Unknown,On_road,Unknown,,,,,,,,,,,,,,,,,,,Not a holiday,0
5303,201600003336,2016,1,10,Night_without_public_lighting,Out_of_agglomeration,Out_of_intersection,Heavy_rain,Other_collision,Manual_entry,-0.43191,45.36047,True,2016-01-10,18,15,18:15,Evening,True,Winter,2.0,0.0,66.0,Departmental_road,Bidirectional,Unknown,Hill_bottom,Curve_right,Wet,Unknown,On_road,Unknown,,,,,,,,,,,,,,,,,,,Not a holiday,0
5304,201600003337,2016,2,29,Daylight,Out_of_agglomeration,Out_of_intersection,Normal,No_collision,Manual_entry,-0.4073,45.39577,True,2016-02-29,17,45,17:45,Evening,False,Winter,2.0,0.0,0.0,Departmental_road,Bidirectional,Unknown,Flat,Straight,Normal,Unknown,On_road,Not_near_school,,,,,,,,,,,,,,,,,,,Not a holiday,0
5305,201600003338,2016,4,21,Night_with_public_lighting_not_functioning,Out_of_agglomeration,Out_of_intersection,Normal,Other_collision,Manual_entry,-0.29644,45.44343,True,2016-04-21,3,30,03:30,Night,False,Spring,2.0,0.0,74.0,Departmental_road,Bidirectional,Unknown,Flat,Curve_right,Normal,Unknown,On_verge,Not_near_school,,,,,,,,,,,,,,,,,,,Not a holiday,0
5306,201600003339,2016,4,24,Daylight,Built_up_area,Out_of_intersection,Light_rain,Frontal_two_vehicles,Manual_entry,-0.43634,45.43586,True,2016-04-24,19,45,19:45,Evening,True,Spring,0.0,0.0,64.0,Communal_way,Bidirectional,Unknown,Flat,Curve_left,Wet,Unknown,On_road,Not_near_school,,,,,,,,,,,,,,,,,,,Not a holiday,0
5307,201600003340,2016,7,15,Daylight,Out_of_agglomeration,Out_of_intersection,Normal,No_collision,Manual_entry,-0.34139,45.34185,True,2016-07-15,12,0,12:00,Afternoon,False,Summer,2.0,0.0,43.0,Departmental_road,Bidirectional,Unknown,Slope,Straight,Normal,Unknown,On_road,Unknown,,,,,,,,,,,,,,,,,,,Not a holiday,0
5308,201600003341,2016,7,26,Daylight,Built_up_area,Out_of_intersection,Normal,Side_two_vehicles,Manual_entry,-0.43619,45.44511,True,2016-07-26,14,45,14:45,Afternoon,False,Summer,1.0,0.0,26.0,Communal_way,One_way,Unknown,Flat,Unknown,Normal,Unknown,On_road,Unknown,,,,,,,,,,,,,,,,,,,Not a holiday,0
5309,201600003342,2016,11,3,Daylight,Built_up_area,Out_of_intersection,Normal,Other_collision,Manual_entry,-0.43876,45.44449,True,2016-11-03,11,15,11:15,Morning,False,Autumn,2.0,0.0,50.0,Communal_way,Bidirectional,Unknown,Slope,Straight,Normal,Unknown,On_road,Unknown,,,,,,,,,,,,,,,,,,,Not a holiday,0
5310,201600003343,2016,12,28,Daylight,Out_of_agglomeration,Out_of_intersection,Normal,Rear_end_two_vehicles,Manual_entry,-0.43488,45.47117,True,2016-12-28,17,0,17:00,Evening,False,Winter,2.0,0.0,56.0,Departmental_road,Bidirectional,Unknown,Slope,Straight,Normal,Unknown,On_road,Unknown,,,,,,,,,,,,,,,,,,,Not a holiday,0
5311,201600003344,2016,1,13,Night_without_public_lighting,Out_of_agglomeration,Out_of_intersection,Light_rain,Side_two_vehicles,Manual_entry,-0.5114,45.45662,True,2016-01-13,18,45,18:45,Evening,False,Winter,2.0,0.0,66.0,Departmental_road,Bidirectional,Unknown,Flat,Straight,Wet,Unknown,On_road,Not_near_school,,,,,,,,,,,,,,,,,,,Not a holiday,0
5312,201600003345,2016,1,25,Daylight,Out_of_agglomeration,Out_of_intersection,Normal,Frontal_two_vehicles,Manual_entry,-0.70276,45.4385,True,2016-01-25,10,45,10:45,Morning,False,Winter,2.0,0.0,52.0,Departmental_road,Bidirectional,Unknown,Flat,Straight,Normal,Unknown,On_road,Not_near_school,,,,,,,,,,,,,,,,,,,Not a holiday,0
5313,201600003346,2016,2,9,Daylight,Out_of_agglomeration,Out_of_intersection,Normal,No_collision,Manual_entry,-0.67308,45.43833,True,2016-02-09,14,30,14:30,Afternoon,False,Winter,2.0,0.0,64.0,Departmental_road,Bidirectional,Unknown,Flat,Straight,Normal,Unknown,On_verge,Not_near_school,,,,,,,,,,,,,,,,,,,Not a holiday,0
5314,201600003347,2016,9,27,Daylight,Out_of_agglomeration,Intersection_X,Normal,Frontal_two_vehicles,Manual_entry,-0.5471,45.47273,True,2016-09-27,10,15,10:15,Morning,False,Autumn,2.0,0.0,46.0,Departmental_road,Bidirectional,Unknown,Flat,Curve_left,Normal,Unknown,On_road,Unknown,,,,,,,,,,,,,,,,,,,Not a holiday,0
5315,201600003348,2016,12,22,Night_with_public_lighting_on,Built_up_area,Intersection_X,Heavy_rain,Side_two_vehicles,Manual_entry,-0.56602,45.48971,True,2016-12-22,17,30,17:30,Evening,False,Winter,2.0,0.0,64.0,Departmental_road,Bidirectional,Unknown,Unknown,Straight,Wet,Unknown,On_road,Not_near_school,,,,,,,,,,,,,,,,,,,Not a holiday,0
5316,201600003349,2016,6,25,Twilight_or_dawn,Out_of_agglomeration,Intersection_T,Normal,Side_two_vehicles,Manual_entry,-0.34409,45.26708,True,2016-06-25,20,0,20:00,Evening,True,Summer,2.0,0.0,65.0,Departmental_road,Bidirectional,Unknown,Flat,Straight,Normal,Unknown,On_road,Unknown,,,,,,,,,,,,,,,,,,,Not a holiday,0
5317,201600003350,2016,6,29,Daylight,Out_of_agglomeration,Out_of_intersection,Normal,Rear_end_two_vehicles,Manual_entry,-0.43137,45.35795,True,2016-06-29,20,30,20:30,Evening,False,Summer,2.0,0.0,75.0,Departmental_road,Bidirectional,Unknown,Flat,Straight,Normal,Unknown,On_road,Not_near_school,,,,,,,,,,,,,,,,,,,Not a holiday,0
5318,201600003351,2016,9,5,Daylight,Built_up_area,Out_of_intersection,Normal,Other_collision,Manual_entry,-0.39479,45.28152,True,2016-09-05,16,30,16:30,Afternoon,False,Autumn,2.0,0.0,70.0,Departmental_road,Bidirectional,Unknown,Slope,Straight,Normal,Unknown,On_verge,Not_near_school,,,,,,,,,,,,,,,,,,,Not a holiday,0
5319,201600003352,2016,9,24,Daylight,Out_of_agglomeration,Out_of_intersection,Normal,Frontal_two_vehicles,Manual_entry,-0.43224,45.36104,True,2016-09-24,14,15,14:15,Afternoon,True,Autumn,2.0,0.0,70.0,Departmental_road,Bidirectional,Unknown,Flat,Curve_left,Normal,Unknown,On_road,Not_near_school,,,,,,,,,,,,,,,,,,,Not a holiday,0
5320,201600003353,2016,2,5,Daylight,Built_up_area,Out_of_intersection,Normal,Frontal_two_vehicles,Manual_entry,-0.17956,45.22034,True,2016-02-05,17,30,17:30,Evening,False,Winter,2.0,0.0,52.0,Communal_way,Bidirectional,Unknown,Slope,Curve_left,Normal,Unknown,On_road,Unknown,,,,,,,,,,,,,,,,,,,Not a holiday,0
5321,201600003354,2016,3,11,Daylight,Out_of_agglomeration,Out_of_intersection,Normal,Frontal_two_vehicles,Manual_entry,-0.1966,45.23547,True,2016-03-11,12,45,12:45,Afternoon,False,Spring,2.0,0.0,73.0,Departmental_road,Bidirectional,Unknown,Flat,Curve_left,Normal,Unknown,On_road,Unknown,,,,,,,,,,,,,,,,,,,Not a holiday,0
5322,201600003355,2016,4,24,Daylight,Out_of_agglomeration,Out_of_intersection,Normal,Other_collision,Manual_entry,-0.16254,45.19545,True,2016-04-24,16,45,16:45,Afternoon,True,Spring,1.0,0.0,65.0,Departmental_road,Bidirectional,Unknown,Flat,S-bend,Normal,Unknown,On_verge,Unknown,,,,,,,,,,,,,,,,,,,Not a holiday,0
5323,201600003356,2016,8,9,Daylight,Built_up_area,Place,Normal,Other_collision,Manual_entry,-0.01127,45.15782,True,2016-08-09,18,0,18:00,Evening,False,Summer,1.0,0.0,66.0,Communal_way,One_way,Unknown,Flat,Straight,Normal,Unknown,On_road,Unknown,,,,,,,,,,,,,,,,,,,Not a holiday,0
5324,201600003357,2016,8,10,Daylight,Out_of_agglomeration,Intersection_X,Normal,Side_two_vehicles,Manual_entry,-0.21224,45.14205,True,2016-08-10,10,0,10:00,Morning,False,Summer,2.0,0.0,56.0,Departmental_road,Bidirectional,Unknown,Unknown,Straight,Normal,Unknown,On_road,Unknown,,,,,,,,,,,,,,,,,,,Not a holiday,0
5325,201600003358,2016,8,26,Daylight,Out_of_agglomeration,Intersection_T,Normal,Side_two_vehicles,Manual_entry,-0.19416,45.22955,True,2016-08-26,15,45,15:45,Afternoon,False,Summer,2.0,0.0,55.0,Departmental_road,Bidirectional,Unknown,Hilltop,Straight,Normal,Unknown,On_road,Unknown,,,,,,,,,,,,,,,,,,,Not a holiday,0
5326,201600003359,2016,8,4,Daylight,Built_up_area,Other,Light_rain,Other_collision,Manual_entry,-0.0042,45.15724,True,2016-08-04,17,0,17:00,Evening,False,Summer,2.0,0.0,77.0,Departmental_road,Bidirectional,Unknown,Flat,Straight,Wet,Unknown,On_road,Unknown,,,,,,,,,,,,,,,,,,,Not a holiday,0
5327,201600003360,2016,10,8,Night_without_public_lighting,Out_of_agglomeration,Intersection_X,Normal,Rear_end_two_vehicles,Manual_entry,-0.20358,45.2236,True,2016-10-08,19,30,19:30,Evening,True,Autumn,2.0,0.0,64.0,Departmental_road,Bidirectional,Unknown,Hilltop,Straight,Normal,Unknown,On_road,Near_school,,,,,,,,,,,,,,,,,,,Not a holiday,0
5328,201600003361,2016,1,14,Daylight,Out_of_agglomeration,Out_of_intersection,Light_rain,Frontal_two_vehicles,Manual_entry,-0.98316,45.74017,True,2016-01-14,9,0,09:00,Morning,False,Winter,2.0,47.0,0.0,Departmental_road,Bidirectional,Unknown,Flat,S-bend,Wet,Unknown,On_road,Not_near_school,,,,,,,,,,,,,,,,,,,Not a holiday,0
5329,201600003362,2016,2,10,Daylight,Out_of_agglomeration,Out_of_intersection,Normal,No_collision,Manual_entry,-1.08999,45.84004,True,2016-02-10,16,30,16:30,Afternoon,False,Winter,2.0,0.0,60.0,Departmental_road,Bidirectional,Unknown,Flat,Curve_left,Normal,Unknown,On_verge,Not_near_school,,,,,,,,,,,,,,,,,,,Not a holiday,0
5330,201600003363,2016,3,16,Daylight,Out_of_agglomeration,Out_of_intersection,Normal,Frontal_two_vehicles,Manual_entry,-1.06953,45.8228,True,2016-03-16,10,45,10:45,Morning,False,Spring,2.0,0.0,0.0,Departmental_road,Bidirectional,Unknown,Unknown,Unknown,Normal,Unknown,On_road,Not_near_school,,,,,,,,,,,,,,,,,,,Not a holiday,0
5331,201600003364,2016,3,26,Daylight,Out_of_agglomeration,Out_of_intersection,Normal,Other_collision,Manual_entry,-1.05323,45.85148,True,2016-03-26,17,30,17:30,Evening,True,Spring,2.0,0.0,0.0,Departmental_road,Bidirectional,Unknown,Flat,Curve_left,Normal,Unknown,On_verge,Not_near_school,,,,,,,,,,,,,,,,,,,Not a holiday,0
5332,201600003365,2016,8,6,Daylight,Out_of_agglomeration,Out_of_intersection,Normal,Frontal_two_vehicles,Manual_entry,-1.12838,45.84553,True,2016-08-06,15,15,15:15,Afternoon,True,Summer,2.0,0.0,48.0,Communal_way,Bidirectional,Unknown,Flat,Curve_right,Normal,Unknown,On_road,Not_near_school,,,,,,,,,,,,,,,,,,,Not a holiday,0
5333,201600003366,2016,8,23,Daylight,Out_of_agglomeration,Out_of_intersection,Normal,Multiple_three_plus,Manual_entry,-1.13199,45.80604,True,2016-08-23,17,30,17:30,Evening,False,Summer,2.0,0.0,62.0,Departmental_road,Bidirectional,Unknown,Flat,Straight,Normal,Unknown,On_road,Unknown,,,,,,,,,,,,,,,,,,,Not a holiday,0
5334,201600003367,2016,10,15,Daylight,Built_up_area,Out_of_intersection,Normal,Side_two_vehicles,Manual_entry,-1.09947,45.82057,True,2016-10-15,9,15,09:15,Morning,True,Autumn,2.0,0.0,79.0,Communal_way,Bidirectional,Unknown,Flat,Straight,Normal,Unknown,On_road,Unknown,,,,,,,,,,,,,,,,,,,Not a holiday,0
5335,201600003368,2016,11,2,Night_without_public_lighting,Built_up_area,Intersection_T,Normal,Side_two_vehicles,Manual_entry,-1.09267,45.82663,True,2016-11-02,20,30,20:30,Evening,False,Autumn,2.0,0.0,102.0,Departmental_road,Bidirectional,Unknown,Flat,Straight,Normal,Roundabout,On_road,Unknown,,,,,,,,,,,,,,,,,,,Not a holiday,0
5336,201600003369,2016,10,30,Night_without_public_lighting,Out_of_agglomeration,Out_of_intersection,Normal,Frontal_two_vehicles,Manual_entry,-1.08435,45.82126,True,2016-10-30,19,0,19:00,Evening,True,Autumn,1.0,70.0,52.0,Departmental_road,One_way,Reserved_channel,Unknown,Unknown,Normal,Roundabout,On_road,Unknown,,,,,,,,,,,,,,,,,,,Not a holiday,0
5337,201600003370,2016,9,25,Night_with_public_lighting_on,Out_of_agglomeration,Roundabout,Normal,Frontal_two_vehicles,Manual_entry,-1.25233,45.9026,True,2016-09-25,21,15,21:15,Night,True,Autumn,1.0,0.0,88.0,Departmental_road,One_way,Unknown,Flat,Curve_left,Normal,Unknown,On_road,Unknown,,,,,,,,,,,,,,,,,,,Not a holiday,0
5338,201600003371,2016,3,17,Night_without_public_lighting,Out_of_agglomeration,Out_of_intersection,Light_rain,Other_collision,Manual_entry,-0.95281,45.84639,True,2016-03-17,23,45,23:45,Night,False,Spring,2.0,0.0,72.0,Departmental_road,Bidirectional,Unknown,Flat,Straight,Wet,Unknown,On_verge,Unknown,,,,,,,,,,,,,,,,,,,Not a holiday,0
5339,201600003372,2016,4,11,Night_without_public_lighting,Out_of_agglomeration,Out_of_intersection,Normal,Other_collision,Manual_entry,-1.07258,45.93076,True,2016-04-11,22,0,22:00,Night,False,Spring,2.0,0.0,75.0,Communal_way,Bidirectional,Unknown,Flat,Curve_left,Normal,Unknown,On_verge,Unknown,,,,,,,,,,,,,,,,,,,Not a holiday,0
5340,201600003373,2016,6,10,Daylight,Built_up_area,Intersection_X,Light_rain,Side_two_vehicles,Manual_entry,-0.96009,45.87139,True,2016-06-10,15,30,15:30,Afternoon,False,Summer,0.0,0.0,87.0,Communal_way,Unknown,Unknown,Flat,Unknown,Wet,Roundabout,On_road,Not_near_school,,,,,,,,,,,,,,,,,,,Not a holiday,0
5341,201600003374,2016,7,15,Daylight,Out_of_agglomeration,Intersection_X,Normal,Side_two_vehicles,Manual_entry,-1.03306,45.93183,True,2016-07-15,17,45,17:45,Evening,False,Summer,2.0,0.0,62.0,Departmental_road,Bidirectional,Unknown,Unknown,Straight,Normal,Roundabout,Unknown,Unknown,,,,,,,,,,,,,,,,,,,Not a holiday,0
5342,201600003375,2016,9,17,Daylight,Out_of_agglomeration,Intersection_X,Normal,Frontal_two_vehicles,Manual_entry,-0.91358,45.86025,True,2016-09-17,19,0,19:00,Evening,True,Autumn,2.0,0.0,70.0,Departmental_road,Bidirectional,Unknown,Unknown,Straight,Normal,Unknown,On_road,Unknown,,,,,,,,,,,,,,,,,,,Not a holiday,0
5343,201600003376,2016,10,30,Twilight_or_dawn,Out_of_agglomeration,Out_of_intersection,Normal,Multiple_three_plus,Manual_entry,-0.99459,45.91596,True,2016-10-30,19,0,19:00,Evening,True,Autumn,2.0,0.0,25.0,Communal_way,Bidirectional,Unknown,Unknown,Curve_right,Normal,Unknown,On_road,Unknown,,,,,,,,,,,,,,,,,,,Not a holiday,0
5344,201600003377,2016,2,7,Daylight,Out_of_agglomeration,Out_of_intersection,Normal,Frontal_two_vehicles,Manual_entry,-1.29935,45.92268,True,2016-02-07,10,45,10:45,Morning,True,Winter,0.0,0.0,60.0,Communal_way,Bidirectional,Unknown,Unknown,Unknown,Normal,Unknown,On_road,Not_near_school,,,,,,,,,,,,,,,,,,,Not a holiday,0
5345,201600003378,2016,4,22,Daylight,Out_of_agglomeration,Intersection_X,Normal,Frontal_two_vehicles,Manual_entry,-1.28432,45.92744,True,2016-04-22,15,15,15:15,Afternoon,False,Spring,2.0,0.0,65.0,Departmental_road,Bidirectional,Unknown,Flat,Curve_right,Normal,Unknown,On_road,Not_near_school,,,,,,,,,,,,,,,,,,,Not a holiday,0
5346,201600003379,2016,6,22,Daylight,Out_of_agglomeration,Intersection_X,Normal,Side_two_vehicles,Manual_entry,-1.29934,45.92269,True,2016-06-22,9,15,09:15,Morning,False,Summer,0.0,0.0,65.0,Communal_way,Bidirectional,Unknown,Unknown,Straight,Normal,Unknown,On_road,Not_near_school,,,,,,,,,,,,,,,,,,,Not a holiday,0
5347,201600003380,2016,6,28,Daylight,Built_up_area,Out_of_intersection,Normal,No_collision,Manual_entry,-1.30518,45.94483,True,2016-06-28,20,0,20:00,Evening,False,Summer,2.0,0.0,60.0,Communal_way,Bidirectional,Unknown,Flat,Straight,Normal,Unknown,On_road,Not_near_school,,,,,,,,,,,,,,,,,,,Not a holiday,0
5348,201600003381,2016,8,7,Daylight,Out_of_agglomeration,Out_of_intersection,Normal,Frontal_two_vehicles,Manual_entry,-1.36465,45.99815,True,2016-08-07,17,30,17:30,Evening,True,Summer,2.0,0.0,40.0,Departmental_road,Bidirectional,Unknown,Flat,Straight,Normal,Unknown,On_road,Not_near_school,,,,,,,,,,,,,,,,,,,Not a holiday,0
5349,201600003382,2016,8,11,Twilight_or_dawn,Out_of_agglomeration,Out_of_intersection,Normal,No_collision,Manual_entry,-1.30174,45.97436,True,2016-08-11,7,0,07:00,Morning,False,Summer,2.0,0.0,50.0,Departmental_road,Bidirectional,Unknown,Flat,S-bend,Normal,Unknown,On_verge,Unknown,,,,,,,,,,,,,,,,,,,Not a holiday,0
5350,201600003383,2016,9,1,Night_without_public_lighting,Out_of_agglomeration,Intersection_X,Fog_or_smoke,Frontal_two_vehicles,Manual_entry,-1.32151,45.96228,True,2016-09-01,6,15,06:15,Morning,False,Autumn,2.0,0.0,52.0,Departmental_road,Bidirectional,Unknown,Flat,Straight,Normal,Unknown,On_road,Unknown,,,,,,,,,,,,,,,,,,,Not a holiday,0
5351,201600003384,2016,9,6,Daylight,Out_of_agglomeration,Intersection_T,Normal,Side_two_vehicles,Manual_entry,-1.20066,45.86566,True,2016-09-06,14,0,14:00,Afternoon,False,Autumn,1.0,0.0,39.0,Departmental_road,Bidirectional,Unknown,Flat,Straight,Normal,Roundabout,On_verge,Unknown,,,,,,,,,,,,,,,,,,,Not a holiday,0
5352,201600003385,2016,10,29,Daylight,Out_of_agglomeration,Out_of_intersection,Normal,Frontal_two_vehicles,Manual_entry,-1.33891,45.95768,True,2016-10-29,10,30,10:30,Morning,True,Autumn,2.0,0.0,61.0,Departmental_road,Bidirectional,Unknown,Flat,Curve_right,Normal,Unknown,On_road,Unknown,,,,,,,,,,,,,,,,,,,Not a holiday,0
5353,201600003386,2016,1,13,Night_without_public_lighting,Built_up_area,Out_of_intersection,Normal,Other_collision,Manual_entry,-1.15614,45.78274,True,2016-01-13,19,0,19:00,Evening,False,Winter,2.0,0.0,67.0,Communal_way,Separated_carriageways,Unknown,Flat,Straight,Wet,Unknown,On_road,Not_near_school,,,,,,,,,,,,,,,,,,,Not a holiday,0
5354,201600003387,2016,4,14,Night_with_public_lighting_on,Built_up_area,Roundabout,Light_rain,No_collision,Manual_entry,-1.01768,45.66133,True,2016-04-14,23,0,23:00,Night,False,Spring,1.0,0.0,81.0,Departmental_road,Separated_carriageways,Unknown,Unknown,Straight,Normal,Roundabout,On_road,Not_near_school,,,,,,,,,,,,,,,,,,,Not a holiday,0
5355,201600003388,2016,5,1,Night_without_public_lighting,Out_of_agglomeration,Intersection_T,Normal,Side_two_vehicles,Manual_entry,-1.06763,45.71436,True,2016-05-01,3,0,03:00,Night,True,Spring,2.0,0.0,65.0,Departmental_road,Bidirectional,Unknown,Flat,Straight,Normal,Unknown,Unknown,Unknown,,,,,,,,,,,,,,,,,,,Labour Day,1
5356,201600003389,2016,5,1,Daylight,Built_up_area,Out_of_intersection,Normal,Side_two_vehicles,Manual_entry,-1.15543,45.71515,True,2016-05-01,13,30,13:30,Afternoon,True,Spring,2.0,0.0,63.0,Departmental_road,Bidirectional,Bike_path,Flat,Straight,Normal,Unknown,On_road,Unknown,,,,,,,,,,,,,,,,,,,Labour Day,1
5357,201600003390,2016,5,14,Daylight,Out_of_agglomeration,Out_of_intersection,Normal,No_collision,Manual_entry,-1.11242,45.69968,True,2016-05-14,18,30,18:30,Evening,True,Spring,2.0,0.0,51.0,Departmental_road,Bidirectional,Unknown,Unknown,Straight,Normal,Unknown,On_verge,Unknown,,,,,,,,,,,,,,,,,,,Not a holiday,0
5358,201600003391,2016,5,28,Daylight,Out_of_agglomeration,Out_of_intersection,Light_rain,Other_collision,Manual_entry,-1.22738,45.72278,True,2016-05-28,17,15,17:15,Evening,True,Spring,2.0,0.0,51.0,Departmental_road,Bidirectional,Unknown,Flat,Curve_left,Normal,Unknown,On_verge,Not_near_school,,,,,,,,,,,,,,,,,,,Not a holiday,0
5359,201600003392,2016,5,29,Daylight,Out_of_agglomeration,Out_of_intersection,Normal,Other_collision,Manual_entry,-1.10546,45.71774,True,2016-05-29,15,45,15:45,Afternoon,True,Spring,2.0,0.0,56.0,Departmental_road,Bidirectional,Unknown,Flat,Curve_left,Normal,Unknown,On_road,Unknown,,,,,,,,,,,,,,,,,,,Not a holiday,0
5360,201600003393,2016,7,19,Daylight,Built_up_area,Intersection_X,Normal,Rear_end_two_vehicles,Manual_entry,-1.14051,45.75421,True,2016-07-19,12,0,12:00,Afternoon,False,Summer,2.0,,58.0,Communal_way,Bidirectional,Unknown,Unknown,Unknown,Unknown,Unknown,Unknown,Unknown,,,,,,,,,,,,,,,,,,,Not a holiday,0
5361,201600003394,2016,8,3,Twilight_or_dawn,Built_up_area,>4_branches,Normal,Side_two_vehicles,Manual_entry,-1.10827,45.73731,True,2016-08-03,21,0,21:00,Night,False,Summer,2.0,60.0,60.0,Departmental_road,Bidirectional,Unknown,Flat,Straight,Normal,Roundabout,On_road,Not_near_school,,,,,,,,,,,,,,,,,,,Not a holiday,0
5362,201600003395,2016,10,29,Daylight,Out_of_agglomeration,Out_of_intersection,Normal,Frontal_two_vehicles,Manual_entry,-1.18282,45.79085,True,2016-10-29,16,30,16:30,Afternoon,True,Autumn,2.0,0.0,65.0,Departmental_road,Bidirectional,Unknown,Flat,Straight,Normal,Unknown,On_road,Not_near_school,,,,,,,,,,,,,,,,,,,Not a holiday,0
5363,201600003396,2016,11,30,Daylight,Built_up_area,Out_of_intersection,Normal,Side_two_vehicles,Manual_entry,-1.05489,45.69064,True,2016-11-30,15,45,15:45,Afternoon,False,Autumn,2.0,52.0,68.0,Communal_way,Bidirectional,Unknown,Flat,Straight,Normal,Unknown,On_road,Not_near_school,,,,,,,,,,,,,,,,,,,Not a holiday,0