,accident_id,year,month,day,lighting_label,urban_label,intersection_label,weather_label,collision_label,gps_label,longitude_num,latitude_num,valid_geo,date,hour,minute,time_hhmm,time_of_day,is_weekend,season,num_lanes,pedestrian_crossing_width,road_width,road_category_label,traffic_regime_label,reserved_lane_label,road_profile_label,road_layout_label,surface_condition_label,infrastructure_label,situation_label,school_zone_label,vehicle_id,traffic_direction_label,vehicle_category_label,mobile_obstacle_label,impact_point_label,manoeuvre_label,occupants_group,birth_year,sex_label,user_category_label,injury_severity_label,seat_position_label,journey_purpose_label,pedestrian_location_label,pedestrian_action_label,pedestrian_state_label,safety_equipment_type,safety_equipment_usage,holiday_name,is_holiday
5364,201600003397,2016,12,9,Night_without_public_lighting,Out_of_agglomeration,Out_of_intersection,Normal,Other_collision,Manual_entry,-1.06439,45.70996,True,2016-12-09,5,15,05:15,Morning,False,Winter,2.0,0.0,71.0,Departmental_road,Bidirectional,Unknown,Flat,Curve_right,Wet,Unknown,On_verge,Not_near_school,,,,,,,,,,,,,,,,,,,Not a holiday,0
5365,201600003398,2016,4,7,Night_without_public_lighting,Out_of_agglomeration,Out_of_intersection,Normal,No_collision,Manual_entry,-0.79898,45.95917,True,2016-04-07,22,15,22:15,Night,False,Spring,2.0,0.0,63.0,Departmental_road,Bidirectional,Unknown,Flat,Curve_left,Normal,Unknown,On_verge,Not_near_school,,,,,,,,,,,,,,,,,,,Not a holiday,0
5366,201600003399,2016,4,17,Daylight,Out_of_agglomeration,Out_of_intersection,Normal,Other_collision,Manual_entry,-1.0262,45.99996,True,2016-04-17,17,15,17:15,Evening,True,Spring,2.0,0.0,36.0,Communal_way,Bidirectional,Unknown,Flat,Straight,Normal,Unknown,On_verge,Unknown,,,,,,,,,,,,,,,,,,,Not a holiday,0
5367,201600003400,2016,12,3,Night_without_public_lighting,Out_of_agglomeration,Intersection_X,Normal,Rear_end_two_vehicles,Manual_entry,-0.78066,45.96069,True,2016-12-03,18,30,18:30,Evening,True,Winter,2.0,0.0,87.0,Departmental_road,Bidirectional,Unknown,Unknown,Unknown,Normal,Unknown,Unknown,Unknown,,,,,,,,,,,,,,,,,,,Not a holiday,0
5368,201600003401,2016,12,17,Night_with_public_lighting_on,Built_up_area,Out_of_intersection,Normal,Other_collision,Manual_entry,-0.82304,45.96114,True,2016-12-17,18,15,18:15,Evening,True,Winter,2.0,0.0,62.0,Departmental_road,Bidirectional,Unknown,Flat,Straight,Normal,Unknown,On_road,Not_near_school,,,,,,,,,,,,,,,,,,,Not a holiday,0
5369,201600003402,2016,12,29,Daylight,Out_of_agglomeration,Out_of_intersection,Normal,No_collision,Manual_entry,-0.85475,45.9317,True,2016-12-29,17,15,17:15,Evening,False,Winter,2.0,0.0,60.0,Departmental_road,Bidirectional,Unknown,Slope,Curve_left,Normal,Unknown,On_road,Unknown,,,,,,,,,,,,,,,,,,,Not a holiday,0
5370,201600003403,2016,2,1,Daylight,Built_up_area,Out_of_intersection,Light_rain,Side_two_vehicles,Manual_entry,-0.76173,46.11318,True,2016-02-01,11,25,11:25,Morning,False,Winter,2.0,0.0,0.0,Departmental_road,Bidirectional,Unknown,Unknown,Curve_right,Wet,Unknown,Unknown,Not_near_school,,,,,,,,,,,,,,,,,,,Not a holiday,0
5371,201600003404,2016,3,18,Daylight,Out_of_agglomeration,Out_of_intersection,Normal,Multiple_three_plus,Manual_entry,-0.71269,46.15198,True,2016-03-18,14,15,14:15,Afternoon,False,Spring,2.0,0.0,69.0,Departmental_road,Bidirectional,Unknown,Flat,Straight,Normal,Unknown,On_road,Not_near_school,,,,,,,,,,,,,,,,,,,Not a holiday,0
5372,201600003405,2016,5,16,Night_without_public_lighting,Out_of_agglomeration,Out_of_intersection,Normal,No_collision,Manual_entry,-0.90176,46.07176,True,2016-05-16,21,15,21:15,Night,False,Spring,2.0,0.0,45.0,Departmental_road,Bidirectional,Unknown,Flat,Straight,Normal,Unknown,On_road,Unknown,,,,,,,,,,,,,,,,,,,Whit Monday,1
5373,201600003406,2016,8,10,Night_with_public_lighting_not_functioning,Built_up_area,Out_of_intersection,Normal,Side_two_vehicles,Manual_entry,-0.79416,46.06552,True,2016-08-10,1,30,01:30,Night,False,Summer,2.0,18.0,68.0,Departmental_road,Bidirectional,Unknown,Flat,Straight,Normal,Unknown,On_road,Unknown,,,,,,,,,,,,,,,,,,,Not a holiday,0
5374,201600003407,2016,8,26,Daylight,Out_of_agglomeration,Intersection_X,Normal,Side_two_vehicles,Manual_entry,-0.85646,46.14361,True,2016-08-26,10,45,10:45,Morning,False,Summer,2.0,0.0,70.0,Departmental_road,Bidirectional,Unknown,Flat,Straight,Normal,Roundabout,On_road,Not_near_school,,,,,,,,,,,,,,,,,,,Not a holiday,0
5375,201600003408,2016,9,6,Night_without_public_lighting,Out_of_agglomeration,Out_of_intersection,Normal,Other_collision,Manual_entry,-0.72832,46.09785,True,2016-09-06,22,15,22:15,Night,False,Autumn,2.0,0.0,76.0,Departmental_road,Bidirectional,Unknown,Flat,Straight,Normal,Unknown,On_verge,Unknown,,,,,,,,,,,,,,,,,,,Not a holiday,0
5376,201600003409,2016,9,9,Daylight,Out_of_agglomeration,Other,Normal,Rear_end_two_vehicles,Manual_entry,-0.6587,46.12156,True,2016-09-09,18,15,18:15,Evening,False,Autumn,2.0,0.0,55.0,Departmental_road,Bidirectional,Unknown,Flat,Straight,Normal,Unknown,On_road,Not_near_school,,,,,,,,,,,,,,,,,,,Not a holiday,0
5377,201600003410,2016,10,10,Daylight,Built_up_area,Roundabout,Light_rain,Other_collision,Manual_entry,-0.74029,46.11025,True,2016-10-10,15,30,15:30,Afternoon,False,Autumn,2.0,65.0,56.0,Departmental_road,Bidirectional,Unknown,Slope,Curve_left,Normal,Unknown,On_sidewalk,Near_school,,,,,,,,,,,,,,,,,,,Not a holiday,0
5378,201600003411,2016,10,22,Night_with_public_lighting_on,Built_up_area,Out_of_intersection,Normal,Other_collision,Manual_entry,-0.73846,46.10224,True,2016-10-22,2,15,02:15,Night,True,Autumn,2.0,0.0,70.0,Departmental_road,Bidirectional,Unknown,Flat,Curve_right,Normal,Unknown,On_road,Unknown,,,,,,,,,,,,,,,,,,,Not a holiday,0
5379,201600003412,2016,1,1,Night_without_public_lighting,Out_of_agglomeration,Out_of_intersection,Cloudy,Frontal_two_vehicles,Manual_entry,-0.73878,45.71987,True,2016-01-01,20,0,20:00,Evening,False,Winter,2.0,0.0,78.0,Departmental_road,Bidirectional,Unknown,Flat,Straight,Normal,Unknown,On_road,Not_near_school,,,,,,,,,,,,,,,,,,,New year,1
5380,201600003413,2016,1,28,Daylight,Out_of_agglomeration,Out_of_intersection,Normal,Side_two_vehicles,Manual_entry,-0.72429,45.77415,True,2016-01-28,8,30,08:30,Morning,False,Winter,2.0,0.0,0.0,Departmental_road,Bidirectional,Unknown,Slope,Straight,Normal,Roundabout,On_road,Not_near_school,,,,,,,,,,,,,,,,,,,Not a holiday,0
5381,201600003414,2016,2,15,Daylight,Out_of_agglomeration,Out_of_intersection,Dazzling,Other_collision,Manual_entry,-0.54921,45.70114,True,2016-02-15,8,45,08:45,Morning,False,Winter,2.0,0.0,0.0,Departmental_road,Bidirectional,Unknown,Flat,Straight,Normal,Unknown,On_road,Not_near_school,,,,,,,,,,,,,,,,,,,Not a holiday,0
5382,201600003415,2016,3,14,Daylight,Out_of_agglomeration,Out_of_intersection,Normal,Frontal_two_vehicles,Manual_entry,-0.56855,45.77366,True,2016-03-14,12,15,12:15,Afternoon,False,Spring,2.0,0.0,0.0,Departmental_road,Bidirectional,Unknown,Flat,S-bend,Normal,Unknown,On_road,Not_near_school,,,,,,,,,,,,,,,,,,,Not a holiday,0
5383,201600003416,2016,3,18,Daylight,Out_of_agglomeration,Out_of_intersection,Normal,Rear_end_two_vehicles,Manual_entry,-0.55285,45.71603,True,2016-03-18,14,15,14:15,Afternoon,False,Spring,2.0,0.0,70.0,Departmental_road,Bidirectional,Unknown,Flat,Straight,Normal,Unknown,On_road,Unknown,,,,,,,,,,,,,,,,,,,Not a holiday,0
5384,201600003417,2016,3,27,Twilight_or_dawn,Out_of_agglomeration,Out_of_intersection,Light_rain,Other_collision,Manual_entry,-0.60727,45.7321,True,2016-03-27,7,0,07:00,Morning,True,Spring,2.0,0.0,0.0,Departmental_road,Bidirectional,Unknown,Unknown,Straight,Wet,Unknown,On_verge,Not_near_school,,,,,,,,,,,,,,,,,,,Not a holiday,0
5385,201600003418,2016,4,25,Daylight,Out_of_agglomeration,Intersection_X,Normal,Side_two_vehicles,Manual_entry,-0.71253,45.76744,True,2016-04-25,17,45,17:45,Evening,False,Spring,2.0,0.0,61.0,Departmental_road,Bidirectional,Unknown,Unknown,Straight,Normal,Unknown,On_road,Not_near_school,,,,,,,,,,,,,,,,,,,Not a holiday,0
5386,201600003419,2016,6,23,Night_without_public_lighting,Out_of_agglomeration,Intersection_X,Normal,Side_two_vehicles,Manual_entry,-0.57976,45.6406,True,2016-06-23,1,0,01:00,Night,False,Summer,2.0,0.0,60.0,Departmental_road,Bidirectional,Unknown,Flat,Straight,Normal,Roundabout,Unknown,Not_near_school,,,,,,,,,,,,,,,,,,,Not a holiday,0
5387,201600003420,2016,6,26,Daylight,Out_of_agglomeration,Out_of_intersection,Normal,Frontal_two_vehicles,Manual_entry,-0.70809,45.78162,True,2016-06-26,15,0,15:00,Afternoon,True,Summer,2.0,70.0,75.0,Departmental_road,Bidirectional,Unknown,Flat,Unknown,Normal,Unknown,On_road,Unknown,,,,,,,,,,,,,,,,,,,Not a holiday,0
5388,201600003421,2016,8,25,Daylight,Out_of_agglomeration,Out_of_intersection,Normal,Frontal_two_vehicles,Manual_entry,-0.66744,45.76706,True,2016-08-25,16,0,16:00,Afternoon,False,Summer,2.0,0.0,71.0,Departmental_road,Bidirectional,Unknown,Slope,Straight,Normal,Unknown,On_road,Not_near_school,,,,,,,,,,,,,,,,,,,Not a holiday,0
5389,201600003422,2016,12,7,Twilight_or_dawn,Out_of_agglomeration,Intersection_X,Normal,Frontal_two_vehicles,Manual_entry,-0.57333,45.74552,True,2016-12-07,17,15,17:15,Evening,False,Winter,2.0,0.0,101.0,Departmental_road,Bidirectional,Unknown,Flat,Straight,Normal,Unknown,On_road,Not_near_school,,,,,,,,,,,,,,,,,,,Not a holiday,0
5390,201600003423,2016,12,29,Night_without_public_lighting,Out_of_agglomeration,Intersection_X,Fog_or_smoke,Multiple_three_plus,Manual_entry,-0.49485,45.71856,True,2016-12-29,18,30,18:30,Evening,False,Winter,2.0,0.0,70.0,Departmental_road,Bidirectional,Unknown,Flat,Straight,Wet,Unknown,On_road,Not_near_school,,,,,,,,,,,,,,,,,,,Not a holiday,0
5391,201600003424,2016,2,3,Daylight,Out_of_agglomeration,Out_of_intersection,Normal,Other_collision,Manual_entry,-0.66349,45.61354,True,2016-02-03,16,15,16:15,Afternoon,False,Winter,0.0,0.0,65.0,Departmental_road,Bidirectional,Unknown,Flat,Straight,Normal,Roundabout,On_verge,Not_near_school,,,,,,,,,,,,,,,,,,,Not a holiday,0
5392,201600003425,2016,2,3,Night_with_public_lighting_on,Built_up_area,Out_of_intersection,Normal,Other_collision,Manual_entry,-0.86037,45.55477,True,2016-02-03,20,45,20:45,Evening,False,Winter,2.0,0.0,50.0,Communal_way,Bidirectional,Unknown,Flat,Straight,Normal,Unknown,On_road,Not_near_school,,,,,,,,,,,,,,,,,,,Not a holiday,0
5393,201600003426,2016,2,18,Twilight_or_dawn,Out_of_agglomeration,Intersection_X,Normal,Side_two_vehicles,Manual_entry,-0.79344,45.57926,True,2016-02-18,18,45,18:45,Evening,False,Winter,2.0,0.0,62.0,Departmental_road,Bidirectional,Unknown,Flat,Straight,Normal,Roundabout,On_road,Not_near_school,,,,,,,,,,,,,,,,,,,Not a holiday,0
5394,201600003427,2016,3,2,Daylight,Out_of_agglomeration,Out_of_intersection,Light_rain,Frontal_two_vehicles,Manual_entry,-0.83279,45.61398,True,2016-03-02,11,30,11:30,Morning,False,Spring,2.0,0.0,32.0,Communal_way,Bidirectional,Unknown,Flat,Straight,Wet,Unknown,On_road,Not_near_school,,,,,,,,,,,,,,,,,,,Not a holiday,0
5395,201600003428,2016,7,24,Daylight,Built_up_area,Out_of_intersection,Normal,Other_collision,Manual_entry,-0.96735,45.56288,True,2016-07-24,19,30,19:30,Evening,True,Summer,2.0,0.0,59.0,Departmental_road,Bidirectional,Unknown,Unknown,Straight,Unknown,Unknown,On_road,Not_near_school,,,,,,,,,,,,,,,,,,,Not a holiday,0
5396,201600003429,2016,8,13,Daylight,Out_of_agglomeration,Out_of_intersection,Normal,No_collision,Manual_entry,-0.95653,45.59794,True,2016-08-13,14,0,14:00,Afternoon,True,Summer,2.0,0.0,35.0,Communal_way,Bidirectional,Unknown,Slope,Straight,Normal,Unknown,On_road,Unknown,,,,,,,,,,,,,,,,,,,Not a holiday,0
5397,201600003430,2016,9,24,Night_with_public_lighting_on,Built_up_area,Intersection_X,Normal,Side_two_vehicles,Manual_entry,-0.95677,45.56508,True,2016-09-24,20,30,20:30,Evening,True,Autumn,2.0,0.0,60.0,Departmental_road,Bidirectional,Unknown,Flat,Straight,Normal,Roundabout,On_road,Not_near_school,,,,,,,,,,,,,,,,,,,Not a holiday,0
5398,201600003431,2016,10,7,Daylight,Out_of_agglomeration,Intersection_X,Normal,Side_two_vehicles,Manual_entry,-0.62282,45.59635,True,2016-10-07,18,0,18:00,Evening,False,Autumn,2.0,0.0,30.0,Departmental_road,Bidirectional,Unknown,Flat,Straight,Normal,Roundabout,On_road,Not_near_school,,,,,,,,,,,,,,,,,,,Not a holiday,0
5399,201600003432,2016,11,2,Night_without_public_lighting,Out_of_agglomeration,Intersection_T,Normal,Side_two_vehicles,Manual_entry,-0.64773,45.57084,True,2016-11-02,18,0,18:00,Evening,False,Autumn,2.0,0.0,40.0,Departmental_road,Bidirectional,Unknown,Unknown,Straight,Normal,Roundabout,On_road,Unknown,,,,,,,,,,,,,,,,,,,Not a holiday,0
5400,201600003433,2016,11,26,Night_with_public_lighting_on,Built_up_area,Out_of_intersection,Normal,Other_collision,Manual_entry,-0.71233,45.59644,True,2016-11-26,18,0,18:00,Evening,True,Autumn,2.0,0.0,46.0,Departmental_road,Bidirectional,Unknown,Flat,Straight,Normal,Unknown,On_sidewalk,Not_near_school,,,,,,,,,,,,,,,,,,,Not a holiday,0
5401,201600003434,2016,5,21,Daylight,Built_up_area,Out_of_intersection,Normal,Frontal_two_vehicles,Manual_entry,-0.43075,45.67206,True,2016-05-21,16,0,16:00,Afternoon,True,Spring,2.0,0.0,52.0,Departmental_road,Bidirectional,Unknown,Unknown,Curve_left,Normal,Unknown,Unknown,Not_near_school,,,,,,,,,,,,,,,,,,,Not a holiday,0
5402,201600003435,2016,6,20,Daylight,Out_of_agglomeration,Out_of_intersection,Normal,No_collision,Manual_entry,-0.52544,45.64938,True,2016-06-20,19,0,19:00,Evening,False,Summer,2.0,0.0,47.0,Departmental_road,Bidirectional,Unknown,Slope,Unknown,Normal,Unknown,On_road,Unknown,,,,,,,,,,,,,,,,,,,Not a holiday,0
5403,201600003436,2016,7,9,Daylight,Built_up_area,Intersection_T,Normal,Side_two_vehicles,Manual_entry,-0.54163,45.5627,True,2016-07-09,10,15,10:15,Morning,True,Summer,2.0,0.0,48.0,Departmental_road,Bidirectional,Unknown,Hill_bottom,Straight,Normal,Unknown,On_road,Unknown,,,,,,,,,,,,,,,,,,,Not a holiday,0
5404,201600003437,2016,7,12,Daylight,Out_of_agglomeration,Place,Normal,Other_collision,Manual_entry,-0.50304,45.64865,True,2016-07-12,8,30,08:30,Morning,False,Summer,1.0,0.0,41.0,Communal_way,One_way,Unknown,Flat,Straight,Normal,Unknown,On_verge,Near_school,,,,,,,,,,,,,,,,,,,Not a holiday,0
5405,201600003438,2016,10,1,Daylight,Out_of_agglomeration,Intersection_T,Normal,Side_two_vehicles,Manual_entry,-0.56513,45.61681,True,2016-10-01,14,0,14:00,Afternoon,True,Autumn,2.0,69.0,71.0,Departmental_road,Bidirectional,Unknown,Slope,Straight,Normal,Unknown,On_road,Unknown,,,,,,,,,,,,,,,,,,,Not a holiday,0
5406,201600003439,2016,11,3,Daylight,Out_of_agglomeration,Level_crossing,Normal,Side_two_vehicles,Manual_entry,-0.5444,45.56919,True,2016-11-03,11,0,11:00,Morning,False,Autumn,2.0,0.0,56.0,Departmental_road,Bidirectional,Unknown,Unknown,Straight,Other,Railway,Unknown,Not_near_school,,,,,,,,,,,,,,,,,,,Not a holiday,0
5407,201600003440,2016,1,6,Daylight,Out_of_agglomeration,Out_of_intersection,Light_rain,Side_two_vehicles,Manual_entry,-0.883,45.786,True,2016-01-06,10,45,10:45,Morning,False,Winter,2.0,0.0,65.0,Departmental_road,Bidirectional,Unknown,Flat,Straight,Wet,Roundabout,On_road,Unknown,,,,,,,,,,,,,,,,,,,Not a holiday,0
5408,201600003441,2016,4,14,Daylight,Out_of_agglomeration,Intersection_Y,Normal,Side_two_vehicles,Manual_entry,-0.81697,45.73219,True,2016-04-14,10,15,10:15,Morning,False,Spring,2.0,0.0,56.0,Departmental_road,Bidirectional,Unknown,Flat,Straight,Normal,Unknown,On_road,Unknown,,,,,,,,,,,,,,,,,,,Not a holiday,0
5409,201600003442,2016,6,10,Daylight,Out_of_agglomeration,Out_of_intersection,Normal,Frontal_two_vehicles,Manual_entry,-0.88395,45.78135,True,2016-06-10,12,0,12:00,Afternoon,False,Summer,2.0,0.0,54.0,Departmental_road,Bidirectional,Unknown,Flat,Straight,Normal,Unknown,On_road,Unknown,,,,,,,,,,,,,,,,,,,Not a holiday,0
5410,201600003443,2016,6,29,Night_with_public_lighting_on,Built_up_area,Intersection_T,Normal,Other_collision,Manual_entry,-0.81508,45.88276,True,2016-06-29,22,45,22:45,Night,False,Summer,2.0,0.0,62.0,Departmental_road,Bidirectional,Unknown,Unknown,Straight,Normal,Unknown,On_verge,Unknown,,,,,,,,,,,,,,,,,,,Not a holiday,0
5411,201600003444,2016,7,23,Daylight,Out_of_agglomeration,Out_of_intersection,Normal,Side_two_vehicles,Manual_entry,-0.78051,45.854,True,2016-07-23,16,30,16:30,Afternoon,True,Summer,2.0,0.0,63.0,Departmental_road,Bidirectional,Unknown,Flat,Curve_right,Normal,Unknown,On_road,Unknown,,,,,,,,,,,,,,,,,,,Not a holiday,0
5412,201600003445,2016,10,16,Night_without_public_lighting,Out_of_agglomeration,Out_of_intersection,Normal,Other_collision,Manual_entry,-0.73356,45.74157,True,2016-10-16,4,45,04:45,Night,True,Autumn,2.0,0.0,57.0,Departmental_road,Bidirectional,Unknown,Unknown,Straight,Normal,Unknown,On_road,Unknown,,,,,,,,,,,,,,,,,,,Not a holiday,0
5413,201600003446,2016,5,20,Daylight,Built_up_area,Intersection_T,Normal,Side_two_vehicles,Manual_entry,-0.94927,45.67736,True,2016-05-20,15,0,15:00,Afternoon,False,Spring,2.0,0.0,76.0,Departmental_road,Bidirectional,Unknown,Flat,Straight,Normal,Roundabout,On_road,Unknown,,,,,,,,,,,,,,,,,,,Not a holiday,0
5414,201600003447,2016,6,14,Daylight,Out_of_agglomeration,Out_of_intersection,Normal,Frontal_two_vehicles,Manual_entry,-0.95626,45.64866,True,2016-06-14,17,30,17:30,Evening,False,Summer,2.0,0.0,70.0,National_road,Bidirectional,Unknown,Flat,Curve_right,Normal,Unknown,On_road,Unknown,,,,,,,,,,,,,,,,,,,Not a holiday,0
5415,201600003448,2016,7,10,Daylight,Out_of_agglomeration,Intersection_X,Normal,Side_two_vehicles,Manual_entry,-0.84201,45.662,True,2016-07-10,10,45,10:45,Morning,True,Summer,2.0,0.0,59.0,Departmental_road,Bidirectional,Unknown,Flat,Curve_left,Other,Unknown,On_road,Not_near_school,,,,,,,,,,,,,,,,,,,Not a holiday,0
5416,201600003449,2016,9,6,Night_without_public_lighting,Out_of_agglomeration,Other,Normal,No_collision,Manual_entry,-0.8883,45.66601,True,2016-09-06,3,30,03:30,Night,False,Autumn,2.0,0.0,62.0,Communal_way,Bidirectional,Unknown,Flat,Straight,Normal,Unknown,On_road,Not_near_school,,,,,,,,,,,,,,,,,,,Not a holiday,0
5417,201600003450,2016,9,19,Daylight,Built_up_area,Out_of_intersection,Normal,Other_collision,Manual_entry,-0.92629,45.67442,True,2016-09-19,16,15,16:15,Afternoon,False,Autumn,2.0,0.0,50.0,Communal_way,Bidirectional,Unknown,Unknown,Straight,Normal,Unknown,On_road,Not_near_school,,,,,,,,,,,,,,,,,,,Not a holiday,0
5418,201600003451,2016,10,26,Twilight_or_dawn,Out_of_agglomeration,Out_of_intersection,Normal,Frontal_two_vehicles,Manual_entry,-0.92384,45.70208,True,2016-10-26,8,15,08:15,Morning,False,Autumn,2.0,0.0,78.0,Departmental_road,Bidirectional,Unknown,Flat,Straight,Wet,Roundabout,On_road,Not_near_school,,,,,,,,,,,,,,,,,,,Not a holiday,0
5419,201600003452,2016,12,1,Daylight,Built_up_area,Out_of_intersection,Normal,Other_collision,Manual_entry,-0.96867,45.6408,True,2016-12-01,16,15,16:15,Afternoon,False,Winter,2.0,10.0,118.0,National_road,Separated_carriageways,Unknown,Flat,Straight,Normal,Unknown,On_road,Near_school,,,,,,,,,,,,,,,,,,,Not a holiday,0
5420,201600003453,2016,2,8,Twilight_or_dawn,Built_up_area,Out_of_intersection,Normal,Other_collision,Manual_entry,-0.52466,45.9471,True,2016-02-08,7,15,07:15,Morning,False,Winter,2.0,0.0,0.0,Communal_way,Bidirectional,Unknown,Flat,Straight,Wet,Unknown,On_road,Near_school,,,,,,,,,,,,,,,,,,,Not a holiday,0
5421,201600003454,2016,3,5,Night_with_public_lighting_on,Out_of_agglomeration,Out_of_intersection,Light_rain,Other_collision,Manual_entry,-0.53532,45.9359,True,2016-03-05,1,30,01:30,Night,True,Spring,2.0,0.0,0.0,Departmental_road,Bidirectional,Unknown,Flat,Straight,Wet,Unknown,On_verge,Not_near_school,,,,,,,,,,,,,,,,,,,Not a holiday,0
5422,201600003455,2016,3,20,Daylight,Out_of_agglomeration,Out_of_intersection,Normal,Side_two_vehicles,Manual_entry,-0.54214,45.95794,True,2016-03-20,13,0,13:00,Afternoon,True,Spring,2.0,0.0,65.0,Departmental_road,Bidirectional,Unknown,Slope,Curve_right,Normal,Unknown,On_road,Not_near_school,,,,,,,,,,,,,,,,,,,Not a holiday,0
5423,201600003456,2016,4,7,Daylight,Out_of_agglomeration,Intersection_X,Normal,Side_two_vehicles,Manual_entry,-0.71249,46.00528,True,2016-04-07,8,0,08:00,Morning,False,Spring,2.0,0.0,41.0,Departmental_road,Bidirectional,Unknown,Unknown,Unknown,Normal,Unknown,On_road,Not_near_school,,,,,,,,,,,,,,,,,,,Not a holiday,0
5424,201600003457,2016,5,14,Daylight,Out_of_agglomeration,Out_of_intersection,Normal,No_collision,Manual_entry,-0.51027,46.00721,True,2016-05-14,17,15,17:15,Evening,True,Spring,1.0,0.0,32.0,Communal_way,Bidirectional,Unknown,Flat,Straight,Normal,Unknown,On_road,Not_near_school,,,,,,,,,,,,,,,,,,,Not a holiday,0
5425,201600003458,2016,5,25,Daylight,Out_of_agglomeration,Out_of_intersection,Dazzling,Frontal_two_vehicles,Manual_entry,-0.77733,45.88759,True,2016-05-25,20,15,20:15,Evening,False,Spring,2.0,0.0,32.0,Communal_way,Bidirectional,Unknown,Flat,Straight,Normal,Unknown,On_road,Not_near_school,,,,,,,,,,,,,,,,,,,Not a holiday,0
5426,201600003459,2016,9,11,Daylight,Out_of_agglomeration,Out_of_intersection,Normal,Frontal_two_vehicles,Manual_entry,-0.48969,45.94226,True,2016-09-11,8,45,08:45,Morning,True,Autumn,2.0,0.0,70.0,Departmental_road,Bidirectional,Unknown,Flat,Straight,Normal,Unknown,On_road,Unknown,,,,,,,,,,,,,,,,,,,Not a holiday,0
5427,201600003460,2016,9,15,Daylight,Out_of_agglomeration,Out_of_intersection,Normal,Side_two_vehicles,Manual_entry,-0.43336,45.97621,True,2016-09-15,18,30,18:30,Evening,False,Autumn,2.0,0.0,50.0,Departmental_road,Bidirectional,Unknown,Flat,Straight,Normal,Unknown,On_road,Not_near_school,,,,,,,,,,,,,,,,,,,Not a holiday,0
5428,201600003461,2016,11,5,Daylight,Out_of_agglomeration,Out_of_intersection,Normal,Frontal_two_vehicles,Manual_entry,-0.52379,45.93639,True,2016-11-05,16,0,16:00,Afternoon,True,Autumn,2.0,0.0,71.0,Departmental_road,Bidirectional,Unknown,Flat,Straight,Normal,Unknown,On_road,Not_near_school,,,,,,,,,,,,,,,,,,,Not a holiday,0
5429,201600003462,2016,11,12,Daylight,Out_of_agglomeration,Out_of_intersection,Light_rain,No_collision,Manual_entry,-0.47139,45.93067,True,2016-11-12,15,15,15:15,Afternoon,True,Autumn,2.0,0.0,50.0,Departmental_road,Bidirectional,Unknown,Flat,Straight,Wet,Unknown,On_verge,Not_near_school,,,,,,,,,,,,,,,,,,,Not a holiday,0
5430,201600003463,2016,12,4,Daylight,Out_of_agglomeration,Intersection_X,Normal,Side_two_vehicles,Manual_entry,-0.60356,45.86903,True,2016-12-04,9,30,09:30,Morning,True,Winter,2.0,0.0,57.0,Departmental_road,Bidirectional,Unknown,Flat,Straight,Normal,Roundabout,On_road,Unknown,,,,,,,,,,,,,,,,,,,Not a holiday,0
5431,201600003464,2016,12,11,Night_without_public_lighting,Out_of_agglomeration,Out_of_intersection,Light_rain,Other_collision,Manual_entry,-0.65596,45.84672,True,2016-12-11,20,0,20:00,Evening,True,Winter,2.0,0.0,57.0,Departmental_road,Bidirectional,Unknown,Hilltop,Curve_left,Wet,Unknown,On_verge,Not_near_school,,,,,,,,,,,,,,,,,,,Not a holiday,0
5432,201600003465,2016,3,3,Daylight,Out_of_agglomeration,Out_of_intersection,Normal,Frontal_two_vehicles,Manual_entry,-0.50969,46.05441,True,2016-03-03,9,0,09:00,Morning,False,Spring,2.0,0.0,83.0,Departmental_road,Bidirectional,Unknown,Flat,Straight,Unknown,Unknown,On_road,Unknown,,,,,,,,,,,,,,,,,,,Not a holiday,0
5433,201600003466,2016,3,13,Daylight,Built_up_area,Out_of_intersection,Normal,No_collision,Manual_entry,-0.39099,45.93958,True,2016-03-13,14,30,14:30,Afternoon,True,Spring,2.0,0.0,30.0,Communal_way,Bidirectional,Unknown,Flat,Straight,Normal,Unknown,On_verge,Not_near_school,,,,,,,,,,,,,,,,,,,Not a holiday,0
5434,201600003467,2016,12,6,Daylight,Out_of_agglomeration,Intersection_X,Normal,Side_two_vehicles,Manual_entry,-0.34008,45.92398,True,2016-12-06,15,0,15:00,Afternoon,False,Winter,2.0,35.0,70.0,Departmental_road,Bidirectional,Unknown,Hill_bottom,Straight,Normal,Unknown,On_road,Not_near_school,,,,,,,,,,,,,,,,,,,Not a holiday,0
5435,201600003468,2016,1,9,Daylight,Out_of_agglomeration,Out_of_intersection,Normal,Other_collision,Manual_entry,-0.30963,45.84597,True,2016-01-09,14,45,14:45,Afternoon,True,Winter,2.0,0.0,62.0,Departmental_road,Bidirectional,Unknown,Flat,Straight,Normal,Unknown,On_road,Unknown,,,,,,,,,,,,,,,,,,,Not a holiday,0
5436,201600003469,2016,2,18,Daylight,Out_of_agglomeration,Intersection_X,Light_rain,Multiple_three_plus,Manual_entry,-0.49315,45.83388,True,2016-02-18,15,0,15:00,Afternoon,False,Winter,2.0,0.0,65.0,Departmental_road,Bidirectional,Unknown,Flat,Straight,Wet,Roundabout,Unknown,Not_near_school,,,,,,,,,,,,,,,,,,,Not a holiday,0
5437,201600003470,2016,7,3,Daylight,Out_of_agglomeration,Intersection_X,Normal,Side_two_vehicles,Manual_entry,-0.25987,45.87282,True,2016-07-03,16,30,16:30,Afternoon,True,Summer,2.0,,40.0,Departmental_road,Bidirectional,Unknown,Flat,Straight,Unknown,Unknown,On_road,Unknown,,,,,,,,,,,,,,,,,,,Not a holiday,0