,accident_id,year,month,day,lighting_label,urban_label,intersection_label,weather_label,collision_label,gps_label,longitude_num,latitude_num,valid_geo,date,hour,minute,time_hhmm,time_of_day,is_weekend,season,num_lanes,pedestrian_crossing_width,road_width,road_category_label,traffic_regime_label,reserved_lane_label,road_profile_label,road_layout_label,surface_condition_label,infrastructure_label,situation_label,school_zone_label,vehicle_id,traffic_direction_label,vehicle_category_label,mobile_obstacle_label,impact_point_label,manoeuvre_label,occupants_group,birth_year,sex_label,user_category_label,injury_severity_label,seat_position_label,journey_purpose_label,pedestrian_location_label,pedestrian_action_label,pedestrian_state_label,safety_equipment_type,safety_equipment_usage,holiday_name,is_holiday
5438,201600003471,2016,11,6,Daylight,Built_up_area,Out_of_intersection,Normal,Rear_end_two_vehicles,Manual_entry,-0.26685,45.90243,True,2016-11-06,10,30,10:30,Morning,True,Autumn,2.0,0.0,53.0,Departmental_road,Bidirectional,Unknown,Flat,Straight,Normal,Unknown,On_road,Unknown,,,,,,,,,,,,,,,,,,,Not a holiday,0
5439,201600003472,2016,12,10,Daylight,Built_up_area,Out_of_intersection,Normal,Other_collision,Manual_entry,-0.47843,45.82024,True,2016-12-10,11,45,11:45,Morning,True,Winter,2.0,0.0,54.0,Departmental_road,Bidirectional,Unknown,Unknown,Curve_left,Normal,Unknown,Unknown,Unknown,,,,,,,,,,,,,,,,,,,Not a holiday,0
5440,201600003473,2016,12,10,Daylight,Built_up_area,Out_of_intersection,Normal,Other_collision,Manual_entry,-0.25878,45.86719,True,2016-12-10,11,30,11:30,Morning,True,Winter,2.0,0.0,52.0,Departmental_road,Bidirectional,Unknown,Flat,Straight,Normal,Unknown,On_road,Unknown,,,,,,,,,,,,,,,,,,,Not a holiday,0
5441,201600003474,2016,12,14,Daylight,Out_of_agglomeration,Out_of_intersection,Normal,Frontal_two_vehicles,Manual_entry,-0.19487,45.8689,True,2016-12-14,16,15,16:15,Afternoon,False,Winter,2.0,0.0,60.0,Departmental_road,Bidirectional,Unknown,Flat,Straight,Normal,Unknown,On_road,Unknown,,,,,,,,,,,,,,,,,,,Not a holiday,0
5442,201600003475,2016,12,8,Night_without_public_lighting,Out_of_agglomeration,Out_of_intersection,Normal,Rear_end_two_vehicles,Manual_entry,-0.52393,45.90698,True,2016-12-08,20,0,20:00,Evening,False,Winter,2.0,0.0,65.0,Departmental_road,Bidirectional,Unknown,Slope,Straight,Normal,Unknown,On_road,Not_near_school,,,,,,,,,,,,,,,,,,,Not a holiday,0
5443,201600003476,2016,10,29,Daylight,Out_of_agglomeration,Intersection_Y,Normal,Side_two_vehicles,Manual_entry,-0.3627,46.4739,True,2016-10-29,11,58,11:58,Morning,True,Autumn,2.0,,,Departmental_road,Bidirectional,Unknown,Flat,Curve_left,Normal,Roundabout,On_road,Not_near_school,,,,,,,,,,,,,,,,,,,Not a holiday,0
5444,201600003477,2016,7,12,Daylight,Built_up_area,Out_of_intersection,Normal,Frontal_two_vehicles,Manual_entry,-0.29253,46.36729,True,2016-07-12,19,0,19:00,Evening,False,Summer,2.0,24.0,58.0,Departmental_road,Bidirectional,Unknown,Flat,Straight,Normal,Unknown,On_road,Unknown,,,,,,,,,,,,,,,,,,,Not a holiday,0
5445,201600003478,2016,7,12,Daylight,Out_of_agglomeration,Intersection_Y,Normal,Side_two_vehicles,Manual_entry,-0.10687,46.42207,True,2016-07-12,19,15,19:15,Evening,False,Summer,2.0,0.0,0.0,Departmental_road,Bidirectional,Unknown,Flat,Straight,Normal,Unknown,On_road,Unknown,,,,,,,,,,,,,,,,,,,Not a holiday,0
5446,201600003479,2016,8,9,Daylight,Built_up_area,Roundabout,Normal,Other_collision,Manual_entry,-0.20106,46.41499,True,2016-08-09,12,0,12:00,Afternoon,False,Summer,2.0,,,Departmental_road,Bidirectional,Unknown,Flat,Straight,Normal,Unknown,On_road,Not_near_school,,,,,,,,,,,,,,,,,,,Not a holiday,0
5447,201600003480,2016,8,21,Night_without_public_lighting,Out_of_agglomeration,Out_of_intersection,Normal,Other_collision,Manual_entry,-0.20172,46.43912,True,2016-08-21,3,45,03:45,Night,True,Summer,2.0,0.0,75.0,Departmental_road,Bidirectional,Unknown,Slope,Curve_right,Normal,Unknown,On_verge,Not_near_school,,,,,,,,,,,,,,,,,,,Not a holiday,0
5448,201600003481,2016,9,5,Daylight,Out_of_agglomeration,Out_of_intersection,Normal,Multiple_three_plus,Manual_entry,-0.35083,46.34839,True,2016-09-05,13,0,13:00,Afternoon,False,Autumn,4.0,0.0,0.0,Departmental_road,Separated_carriageways,Unknown,Flat,Straight,Normal,Unknown,On_road,Not_near_school,,,,,,,,,,,,,,,,,,,Not a holiday,0
5449,201600003482,2016,9,28,Night_with_public_lighting_on,Out_of_agglomeration,Out_of_intersection,Normal,Other_collision,Manual_entry,-0.25939,46.39069,True,2016-09-28,22,30,22:30,Night,False,Autumn,2.0,70.0,0.0,Departmental_road,Bidirectional,Unknown,Hilltop,Curve_left,Normal,Unknown,On_verge,Not_near_school,,,,,,,,,,,,,,,,,,,Not a holiday,0
5450,201600003483,2016,12,18,Night_with_public_lighting_not_functioning,Built_up_area,Out_of_intersection,Fog_or_smoke,Other_collision,Manual_entry,-0.29706,46.35832,True,2016-12-18,18,5,18:05,Evening,True,Winter,2.0,0.0,56.0,Communal_way,Bidirectional,Unknown,Flat,Curve_right,Normal,Unknown,On_verge,Unknown,,,,,,,,,,,,,,,,,,,Not a holiday,0
5451,201600003484,2016,1,30,Night_without_public_lighting,Out_of_agglomeration,Out_of_intersection,Light_rain,Rear_end_two_vehicles,Manual_entry,-0.51517,46.79719,True,2016-01-30,18,45,18:45,Evening,True,Winter,2.0,0.0,62.0,Departmental_road,Bidirectional,Unknown,Flat,Straight,Wet,Unknown,On_road,Unknown,,,,,,,,,,,,,,,,,,,Not a holiday,0
5452,201600003485,2016,3,4,Night_without_public_lighting,Out_of_agglomeration,Out_of_intersection,Heavy_rain,Other_collision,Manual_entry,-0.50753,46.85854,True,2016-03-04,3,30,03:30,Night,False,Spring,4.0,0.0,65.0,National_road,Separated_carriageways,Unknown,Flat,Straight,Wet,Unknown,On_road,Not_near_school,,,,,,,,,,,,,,,,,,,Not a holiday,0
5453,201600003486,2016,4,22,Twilight_or_dawn,Out_of_agglomeration,Out_of_intersection,Light_rain,No_collision,Manual_entry,-0.43099,46.76559,True,2016-04-22,5,45,05:45,Morning,False,Spring,2.0,0.0,41.0,Departmental_road,Bidirectional,Unknown,Unknown,Curve_right,Wet,Unknown,On_road,Not_near_school,,,,,,,,,,,,,,,,,,,Not a holiday,0
5454,201600003487,2016,5,1,Daylight,Built_up_area,Out_of_intersection,Normal,Other_collision,Manual_entry,-0.48918,46.83058,True,2016-05-01,15,15,15:15,Afternoon,True,Spring,0.0,0.0,0.0,Communal_way,Bidirectional,Unknown,Flat,Straight,Normal,Unknown,On_verge,Not_near_school,,,,,,,,,,,,,,,,,,,Labour Day,1
5455,201600003488,2016,8,18,Daylight,Out_of_agglomeration,Intersection_T,Normal,Rear_end_two_vehicles,Manual_entry,-0.40402,46.81812,True,2016-08-18,15,0,15:00,Afternoon,False,Summer,2.0,0.0,86.0,National_road,Bidirectional,Unknown,Flat,Straight,Normal,Unknown,On_road,Unknown,,,,,,,,,,,,,,,,,,,Not a holiday,0
5456,201600003489,2016,9,23,Daylight,Out_of_agglomeration,Out_of_intersection,Normal,Other_collision,Manual_entry,-0.28325,46.82263,True,2016-09-23,15,15,15:15,Afternoon,False,Autumn,2.0,70.0,50.0,Communal_way,Bidirectional,Unknown,Slope,Curve_left,Normal,Unknown,On_verge,Not_near_school,,,,,,,,,,,,,,,,,,,Not a holiday,0
5457,201600003490,2016,12,18,Night_without_public_lighting,Out_of_agglomeration,Out_of_intersection,Fog_or_smoke,Chain_three_plus,Manual_entry,-0.46413,46.83992,True,2016-12-18,19,15,19:15,Evening,True,Winter,2.0,8.0,75.0,National_road,Unknown,Unknown,Flat,Curve_left,Wet,Unknown,On_road,Unknown,,,,,,,,,,,,,,,,,,,Not a holiday,0
5458,201600003491,2016,6,19,Night_without_public_lighting,Out_of_agglomeration,Out_of_intersection,Normal,No_collision,Manual_entry,-0.61052,46.86638,True,2016-06-19,3,45,03:45,Night,True,Summer,0.0,0.0,0.0,Departmental_road,Bidirectional,Unknown,Flat,Straight,Normal,Unknown,On_road,Not_near_school,,,,,,,,,,,,,,,,,,,Not a holiday,0
5459,201600003492,2016,7,3,Daylight,Out_of_agglomeration,Out_of_intersection,Normal,Other_collision,Manual_entry,-0.44697,46.9921,True,2016-07-03,17,30,17:30,Evening,True,Summer,2.0,0.0,61.0,Departmental_road,Bidirectional,Unknown,Unknown,Straight,Normal,Unknown,On_verge,Unknown,,,,,,,,,,,,,,,,,,,Not a holiday,0
5460,201600003493,2016,7,23,Daylight,Out_of_agglomeration,Out_of_intersection,Normal,Side_two_vehicles,Manual_entry,-0.23191,46.50716,True,2016-07-23,17,15,17:15,Evening,True,Summer,2.0,0.0,0.0,Departmental_road,Bidirectional,Unknown,Slope,Curve_right,Normal,Unknown,On_road,Not_near_school,,,,,,,,,,,,,,,,,,,Not a holiday,0
5461,201600003494,2016,2,22,Twilight_or_dawn,Out_of_agglomeration,Out_of_intersection,Fog_or_smoke,Other_collision,Manual_entry,1.09399,45.8085,True,2016-02-22,7,15,07:15,Morning,False,Winter,0.0,0.0,59.0,Departmental_road,Bidirectional,Unknown,Slope,Straight,Wet,Unknown,On_verge,Not_near_school,,,,,,,,,,,,,,,,,,,Not a holiday,0
5462,201600003495,2016,3,18,Daylight,Out_of_agglomeration,Out_of_intersection,Normal,Side_two_vehicles,Manual_entry,1.09699,45.8823,True,2016-03-18,13,45,13:45,Afternoon,False,Spring,2.0,0.0,70.0,Departmental_road,Bidirectional,Unknown,Flat,Straight,Normal,Roundabout,On_road,Not_near_school,,,,,,,,,,,,,,,,,,,Not a holiday,0
5463,201600003496,2016,3,18,Daylight,Out_of_agglomeration,Intersection_T,Normal,Frontal_two_vehicles,Manual_entry,1.25234,45.9021,True,2016-03-18,18,15,18:15,Evening,False,Spring,2.0,0.0,68.0,Departmental_road,Bidirectional,Unknown,Slope,Straight,Normal,Roundabout,On_road,Not_near_school,,,,,,,,,,,,,,,,,,,Not a holiday,0
5464,201600003497,2016,4,3,Twilight_or_dawn,Out_of_agglomeration,Intersection_X,Normal,Side_two_vehicles,Manual_entry,1.18658,45.9364,True,2016-04-03,6,30,06:30,Morning,True,Spring,0.0,0.0,110.0,National_road,Bidirectional,Unknown,Unknown,Straight,Normal,Roundabout,On_road,Not_near_school,,,,,,,,,,,,,,,,,,,Not a holiday,0
5465,201600003498,2016,5,5,Daylight,Out_of_agglomeration,Out_of_intersection,Normal,Frontal_two_vehicles,Manual_entry,1.05699,45.8921,True,2016-05-05,16,30,16:30,Afternoon,False,Spring,2.0,0.0,115.0,Departmental_road,Bidirectional,Reserved_channel,Flat,Straight,Normal,Roundabout,On_road,Not_near_school,,,,,,,,,,,,,,,,,,,Ascension Thursday,1
5466,201600003499,2016,5,5,Daylight,Out_of_agglomeration,Out_of_intersection,Normal,Multiple_three_plus,Manual_entry,1.19674,45.9272,True,2016-05-05,14,15,14:15,Afternoon,False,Spring,2.0,0.0,80.0,National_road,Bidirectional,Unknown,Slope,Straight,Normal,Roundabout,On_road,Not_near_school,,,,,,,,,,,,,,,,,,,Ascension Thursday,1
5467,201600003500,2016,6,3,Daylight,Out_of_agglomeration,Out_of_intersection,Normal,Other_collision,Manual_entry,1.196,45.917,True,2016-06-03,17,15,17:15,Evening,False,Summer,1.0,0.0,33.0,Communal_way,Variable_assignment,Unknown,Slope,Straight,Normal,Unknown,On_road,Not_near_school,,,,,,,,,,,,,,,,,,,Not a holiday,0
5468,201600003501,2016,7,14,Daylight,Out_of_agglomeration,Intersection_X,Normal,Side_two_vehicles,Manual_entry,1.11126,45.7469,True,2016-07-14,17,15,17:15,Evening,False,Summer,2.0,0.0,0.0,Departmental_road,Bidirectional,Unknown,Flat,Straight,Normal,Roundabout,On_road,Not_near_school,,,,,,,,,,,,,,,,,,,Bastille Day,1
5469,201600003502,2016,7,25,Daylight,Out_of_agglomeration,Intersection_X,Normal,Side_two_vehicles,Manual_entry,1.09987,45.9028,True,2016-07-25,13,30,13:30,Afternoon,False,Summer,0.0,0.0,62.0,Departmental_road,Bidirectional,Unknown,Flat,Straight,Normal,Roundabout,On_road,Not_near_school,,,,,,,,,,,,,,,,,,,Not a holiday,0
5470,201600003503,2016,8,4,Daylight,Out_of_agglomeration,Out_of_intersection,Normal,Multiple_three_plus,Manual_entry,1.11125,45.7856,True,2016-08-04,10,45,10:45,Morning,False,Summer,2.0,0.0,75.0,National_road,Bidirectional,Unknown,Slope,Curve_right,Normal,Roundabout,On_road,Not_near_school,,,,,,,,,,,,,,,,,,,Not a holiday,0
5471,201600003504,2016,9,22,Daylight,Out_of_agglomeration,Out_of_intersection,Normal,Other_collision,Manual_entry,1.18831,45.8381,True,2016-09-22,15,30,15:30,Afternoon,False,Autumn,4.0,0.0,140.0,Departmental_road,Separated_carriageways,Unknown,Slope,Straight,Normal,Unknown,On_road,Not_near_school,,,,,,,,,,,,,,,,,,,Not a holiday,0
5472,201600003505,2016,10,4,Twilight_or_dawn,Out_of_agglomeration,Intersection_T,Normal,Side_two_vehicles,Manual_entry,1.17041,45.9598,True,2016-10-04,7,45,07:45,Morning,False,Autumn,1.0,0.0,115.0,National_road,Bidirectional,Unknown,Slope,Straight,Normal,Roundabout,On_road,Not_near_school,,,,,,,,,,,,,,,,,,,Not a holiday,0
5473,201600003506,2016,12,4,Night_with_public_lighting_on,Built_up_area,Out_of_intersection,Normal,No_collision,Manual_entry,1.20577,45.9582,True,2016-12-04,20,0,20:00,Evening,True,Winter,2.0,0.0,51.0,Communal_way,Bidirectional,Unknown,Slope,Curve_right,Normal,Unknown,On_road,Not_near_school,,,,,,,,,,,,,,,,,,,Not a holiday,0
5474,201600003507,2016,1,14,Night_without_public_lighting,Out_of_agglomeration,Out_of_intersection,Light_rain,Side_two_vehicles,Manual_entry,1.47454,45.9887,True,2016-01-14,7,15,07:15,Morning,False,Winter,2.0,0.0,56.0,Departmental_road,Bidirectional,Unknown,Flat,Curve_left,Wet,Unknown,On_road,Not_near_school,,,,,,,,,,,,,,,,,,,Not a holiday,0
5475,201600003508,2016,2,10,Daylight,Out_of_agglomeration,Out_of_intersection,Normal,Frontal_two_vehicles,Manual_entry,1.31886,45.9562,True,2016-02-10,10,15,10:15,Morning,False,Winter,2.0,0.0,70.0,Departmental_road,Bidirectional,Unknown,Slope,Curve_right,Normal,Unknown,On_road,Not_near_school,,,,,,,,,,,,,,,,,,,Not a holiday,0
5476,201600003509,2016,6,2,Daylight,Out_of_agglomeration,Out_of_intersection,Light_rain,Frontal_two_vehicles,Manual_entry,1.32413,45.9038,True,2016-06-02,7,0,07:00,Morning,False,Summer,0.0,0.0,64.0,Departmental_road,Bidirectional,Unknown,Slope,Curve_right,Wet,Unknown,On_road,Not_near_school,,,,,,,,,,,,,,,,,,,Not a holiday,0
5477,201600003510,2016,7,9,Night_with_public_lighting_not_functioning,Out_of_agglomeration,Out_of_intersection,Normal,Frontal_two_vehicles,Manual_entry,1.41304,45.9644,True,2016-07-09,4,45,04:45,Night,True,Summer,2.0,0.0,71.0,Departmental_road,Bidirectional,Unknown,Unknown,Curve_left,Normal,Unknown,On_road,Unknown,,,,,,,,,,,,,,,,,,,Not a holiday,0
5478,201600003511,2016,5,4,Daylight,Built_up_area,Out_of_intersection,Normal,Other_collision,Manual_entry,1.60353,45.7126,True,2016-05-04,21,15,21:15,Night,False,Spring,2.0,0.0,70.0,Departmental_road,Bidirectional,Unknown,Hill_bottom,Curve_right,Normal,Pedestrian_area,On_road,Unknown,,,,,,,,,,,,,,,,,,,Not a holiday,0
5479,201600003512,2016,5,10,Daylight,Out_of_agglomeration,Out_of_intersection,Normal,Other_collision,Manual_entry,1.59571,45.7525,True,2016-05-10,19,45,19:45,Evening,False,Spring,0.0,0.0,81.0,Departmental_road,Bidirectional,Unknown,Flat,Straight,Normal,Unknown,On_verge,Not_near_school,,,,,,,,,,,,,,,,,,,Not a holiday,0
5480,201600003513,2016,8,8,Night_without_public_lighting,Out_of_agglomeration,Out_of_intersection,Normal,Other_collision,Manual_entry,1.80743,45.7164,True,2016-08-08,23,45,23:45,Night,False,Summer,2.0,0.0,63.0,Departmental_road,Bidirectional,Unknown,Flat,Curve_right,Normal,Unknown,On_verge,Not_near_school,,,,,,,,,,,,,,,,,,,Not a holiday,0
5481,201600003514,2016,8,30,Night_without_public_lighting,Out_of_agglomeration,Out_of_intersection,Normal,No_collision,Manual_entry,1.58371,45.6956,True,2016-08-30,4,15,04:15,Night,False,Summer,0.0,0.0,0.0,Departmental_road,Bidirectional,Unknown,Unknown,Curve_right,Normal,Unknown,On_road,Unknown,,,,,,,,,,,,,,,,,,,Not a holiday,0
5482,201600003515,2016,9,9,Night_without_public_lighting,Out_of_agglomeration,Out_of_intersection,Normal,Other_collision,Manual_entry,1.81365,45.809,True,2016-09-09,6,30,06:30,Morning,False,Autumn,2.0,0.0,60.0,Departmental_road,Bidirectional,Unknown,Slope,Curve_left,Normal,Unknown,Unknown,Not_near_school,,,,,,,,,,,,,,,,,,,Not a holiday,0
5483,201600003516,2016,10,12,Daylight,Out_of_agglomeration,Intersection_T,Normal,Multiple_three_plus,Manual_entry,1.19673,45.9272,True,2016-10-12,11,15,11:15,Morning,False,Autumn,2.0,0.0,80.0,National_road,Bidirectional,Unknown,Slope,Straight,Normal,Roundabout,On_road,Not_near_school,,,,,,,,,,,,,,,,,,,Not a holiday,0
5484,201600003517,2016,2,1,Twilight_or_dawn,Built_up_area,Out_of_intersection,Light_rain,Other_collision,Manual_entry,1.49146,45.8373,True,2016-02-01,7,45,07:45,Morning,False,Winter,0.0,50.0,0.0,Departmental_road,Bidirectional,Unknown,Flat,Straight,Wet,Unknown,On_road,Unknown,,,,,,,,,,,,,,,,,,,Not a holiday,0
5485,201600003518,2016,3,6,Night_with_public_lighting_on,Built_up_area,Out_of_intersection,Light_rain,Other_collision,Manual_entry,1.4287,45.8487,True,2016-03-06,1,45,01:45,Night,True,Spring,2.0,0.0,72.0,Departmental_road,Bidirectional,Unknown,Hilltop,Curve_right,Wet,Unknown,On_road,Not_near_school,,,,,,,,,,,,,,,,,,,Not a holiday,0
5486,201600003519,2016,6,3,Daylight,Out_of_agglomeration,Out_of_intersection,Cloudy,Frontal_two_vehicles,Manual_entry,1.45101,45.9169,True,2016-06-03,11,45,11:45,Morning,False,Summer,2.0,0.0,0.0,Departmental_road,Bidirectional,Unknown,Flat,Straight,Wet,Unknown,Unknown,Unknown,,,,,,,,,,,,,,,,,,,Not a holiday,0
5487,201600003520,2016,8,27,Night_with_public_lighting_on,Out_of_agglomeration,Out_of_intersection,Normal,Other_collision,Manual_entry,1.45787,45.846,True,2016-08-27,22,0,22:00,Night,True,Summer,0.0,0.0,72.0,Departmental_road,Bidirectional,Unknown,Hilltop,Curve_right,Normal,Unknown,On_road,Unknown,,,,,,,,,,,,,,,,,,,Not a holiday,0
5488,201600003521,2016,2,4,Daylight,Out_of_agglomeration,Out_of_intersection,Normal,Other_collision,Manual_entry,1.12523,45.5567,True,2016-02-04,10,30,10:30,Morning,False,Winter,0.0,0.0,64.0,Departmental_road,Bidirectional,Unknown,Slope,Straight,Normal,Unknown,On_verge,Not_near_school,,,,,,,,,,,,,,,,,,,Not a holiday,0
5489,201600003522,2016,3,7,Daylight,Out_of_agglomeration,Out_of_intersection,Normal,Frontal_two_vehicles,Manual_entry,1.17164,45.52,True,2016-03-07,13,45,13:45,Afternoon,False,Spring,2.0,0.0,60.0,Departmental_road,Bidirectional,Unknown,Slope,Straight,Normal,Unknown,On_road,Not_near_school,,,,,,,,,,,,,,,,,,,Not a holiday,0
5490,201600003523,2016,5,18,Daylight,Built_up_area,Out_of_intersection,Normal,Other_collision,Unknown,,,False,2016-05-18,16,0,16:00,Afternoon,False,Spring,0.0,0.0,0.0,Communal_way,One_way,Unknown,Slope,Straight,Normal,Unknown,On_road,Not_near_school,,,,,,,,,,,,,,,,,,,Not a holiday,0
5491,201600003524,2016,5,29,Daylight,Out_of_agglomeration,Out_of_intersection,Light_rain,Frontal_two_vehicles,Manual_entry,1.09075,45.5574,True,2016-05-29,14,45,14:45,Afternoon,True,Spring,2.0,0.0,56.0,Departmental_road,Bidirectional,Unknown,Unknown,Straight,Normal,Unknown,On_road,Not_near_school,,,,,,,,,,,,,,,,,,,Not a holiday,0
5492,201600003525,2016,6,7,Night_without_public_lighting,Out_of_agglomeration,Out_of_intersection,Normal,Other_collision,Manual_entry,1.03255,45.6599,True,2016-06-07,23,30,23:30,Night,False,Summer,1.0,0.0,61.0,Departmental_road,Bidirectional,Unknown,Flat,Straight,Normal,Unknown,On_verge,Not_near_school,,,,,,,,,,,,,,,,,,,Not a holiday,0
5493,201600003526,2016,6,19,Daylight,Built_up_area,Out_of_intersection,Normal,Other_collision,Manual_entry,1.20914,45.5223,True,2016-06-19,16,0,16:00,Afternoon,True,Summer,1.0,0.0,50.0,Departmental_road,Bidirectional,Unknown,Slope,Straight,Normal,Unknown,On_road,Not_near_school,,,,,,,,,,,,,,,,,,,Not a holiday,0
5494,201600003527,2016,7,6,Night_with_public_lighting_on,Built_up_area,Out_of_intersection,Normal,Other_collision,Manual_entry,1.20561,45.5139,True,2016-07-06,22,0,22:00,Night,False,Summer,1.0,0.0,60.0,Departmental_road,Bidirectional,Unknown,Flat,S-bend,Normal,Unknown,On_road,Not_near_school,,,,,,,,,,,,,,,,,,,Not a holiday,0
5495,201600003528,2016,8,10,Daylight,Out_of_agglomeration,Other,Normal,Rear_end_two_vehicles,Manual_entry,1.22322,45.6545,True,2016-08-10,12,0,12:00,Afternoon,False,Summer,2.0,0.0,70.0,Departmental_road,Bidirectional,Unknown,Flat,Straight,Normal,Unknown,On_road,Unknown,,,,,,,,,,,,,,,,,,,Not a holiday,0
5496,201600003529,2016,12,1,Night_without_public_lighting,Out_of_agglomeration,Out_of_intersection,Normal,Frontal_two_vehicles,Manual_entry,1.20985,45.5274,True,2016-12-01,5,30,05:30,Morning,False,Winter,2.0,0.0,75.0,Departmental_road,Bidirectional,Unknown,Slope,Straight,Normal,Unknown,On_road,Not_near_school,,,,,,,,,,,,,,,,,,,Not a holiday,0
5497,201600003530,2016,5,28,Daylight,Out_of_agglomeration,Out_of_intersection,Light_rain,Other_collision,Manual_entry,1.01706,46.2209,True,2016-05-28,15,30,15:30,Afternoon,True,Spring,2.0,0.0,0.0,Departmental_road,Bidirectional,Unknown,Flat,Straight,Wet,Unknown,On_road,Not_near_school,,,,,,,,,,,,,,,,,,,Not a holiday,0
5498,201600003531,2016,8,15,Daylight,Out_of_agglomeration,Out_of_intersection,Normal,Frontal_two_vehicles,Manual_entry,1.06777,46.1462,True,2016-08-15,11,45,11:45,Morning,False,Summer,1.0,0.0,40.0,Communal_way,Bidirectional,Unknown,Hill_bottom,Curve_right,Normal,Unknown,On_road,Unknown,,,,,,,,,,,,,,,,,,,Assumption of Mary to Heaven,1
5499,201600003532,2016,9,15,Daylight,Built_up_area,Place,Normal,No_collision,Manual_entry,1.04848,46.1222,True,2016-09-15,12,45,12:45,Afternoon,False,Autumn,0.0,0.0,0.0,Parking_lot,Unknown,Unknown,Unknown,Unknown,Normal,Unknown,Unknown,Not_near_school,,,,,,,,,,,,,,,,,,,Not a holiday,0
5500,201600003533,2016,1,24,Daylight,Out_of_agglomeration,Out_of_intersection,Normal,Other_collision,Unknown,,,False,2016-01-24,16,0,16:00,Afternoon,True,Winter,0.0,0.0,45.0,Communal_way,Bidirectional,Unknown,Unknown,Curve_left,Wet,Unknown,On_verge,Not_near_school,,,,,,,,,,,,,,,,,,,Not a holiday,0
5501,201600003534,2016,11,11,Night_without_public_lighting,Out_of_agglomeration,Out_of_intersection,Light_rain,Other_collision,Manual_entry,1.20547,46.1452,True,2016-11-11,5,15,05:15,Morning,False,Autumn,0.0,0.0,56.0,Departmental_road,Bidirectional,Unknown,Unknown,Straight,Wet,Unknown,On_verge,Not_near_school,,,,,,,,,,,,,,,,,,,Armistice Day,1
5502,201600003535,2016,12,5,Daylight,Built_up_area,Intersection_T,Normal,Side_two_vehicles,Manual_entry,1.3666,46.1065,True,2016-12-05,14,45,14:45,Afternoon,False,Winter,3.0,0.0,100.0,Departmental_road,Bidirectional,Unknown,Slope,Straight,Normal,Roundabout,Unknown,Unknown,,,,,,,,,,,,,,,,,,,Not a holiday,0
5503,201600003536,2016,3,22,Daylight,Out_of_agglomeration,Out_of_intersection,Normal,Other_collision,Manual_entry,1.26102,46.1677,True,2016-03-22,17,15,17:15,Evening,False,Spring,2.0,0.0,0.0,Departmental_road,Bidirectional,Unknown,Unknown,Curve_left,Normal,Unknown,On_verge,Not_near_school,,,,,,,,,,,,,,,,,,,Not a holiday,0
5504,201600003537,2016,10,25,Daylight,Out_of_agglomeration,Out_of_intersection,Normal,Frontal_two_vehicles,Manual_entry,1.2527,46.2833,True,2016-10-25,17,15,17:15,Evening,False,Autumn,2.0,50.0,0.0,Departmental_road,Bidirectional,Unknown,Unknown,Curve_left,Normal,Unknown,On_road,Unknown,,,,,,,,,,,,,,,,,,,Not a holiday,0
5505,201600003538,2016,12,17,Daylight,Out_of_agglomeration,Out_of_intersection,Normal,Rear_end_two_vehicles,Manual_entry,1.10636,46.331,True,2016-12-17,15,30,15:30,Afternoon,True,Winter,2.0,0.0,62.0,Departmental_road,Bidirectional,Unknown,Flat,Straight,Normal,Unknown,On_road,Not_near_school,,,,,,,,,,,,,,,,,,,Not a holiday,0
5506,201600003539,2016,1,23,Daylight,Out_of_agglomeration,Out_of_intersection,Light_rain,No_collision,Unknown,,,False,2016-01-23,9,30,09:30,Morning,True,Winter,0.0,15.0,65.0,Departmental_road,Bidirectional,Unknown,Hilltop,Straight,Wet,Unknown,On_verge,Not_near_school,,,,,,,,,,,,,,,,,,,Not a holiday,0
5507,201600003540,2016,3,4,Daylight,Built_up_area,Out_of_intersection,Heavy_rain,Side_two_vehicles,Manual_entry,0.90425,45.8865,True,2016-03-04,14,15,14:15,Afternoon,False,Spring,0.0,0.0,84.0,Departmental_road,Bidirectional,Unknown,Flat,Straight,Wet,Unknown,On_road,Near_school,,,,,,,,,,,,,,,,,,,Not a holiday,0
5508,201600003541,2016,4,19,Daylight,Built_up_area,Intersection_T,Normal,Side_two_vehicles,Manual_entry,0.82998,45.873,True,2016-04-19,11,15,11:15,Morning,False,Spring,2.0,0.0,65.0,Departmental_road,Bidirectional,Unknown,Hilltop,Straight,Normal,Unknown,On_road,Unknown,,,,,,,,,,,,,,,,,,,Not a holiday,0
5509,201600003542,2016,8,6,Daylight,Built_up_area,Out_of_intersection,Normal,Other_collision,Manual_entry,0.91074,45.8946,True,2016-08-06,20,15,20:15,Evening,True,Summer,2.0,10.0,60.0,Departmental_road,Bidirectional,Unknown,Flat,Straight,Normal,Unknown,On_road,Not_near_school,,,,,,,,,,,,,,,,,,,Not a holiday,0
5510,201600003543,2016,8,17,Night_without_public_lighting,Out_of_agglomeration,Out_of_intersection,Normal,Other_collision,Manual_entry,0.85817,45.9,True,2016-08-17,22,0,22:00,Night,False,Summer,0.0,0.0,49.0,Communal_way,Bidirectional,Unknown,Slope,Curve_left,Normal,Unknown,On_verge,Not_near_school,,,,,,,,,,,,,,,,,,,Not a holiday,0
5511,201600003544,2016,10,3,Daylight,Out_of_agglomeration,Out_of_intersection,Normal,Other_collision,Manual_entry,0.85716,45.8326,True,2016-10-03,19,15,19:15,Evening,False,Autumn,2.0,51.0,0.0,Departmental_road,Bidirectional,Unknown,Unknown,Curve_left,Other,Unknown,On_verge,Not_near_school,,,,,,,,,,,,,,,,,,,Not a holiday,0