,accident_id,year,month,day,lighting_label,urban_label,intersection_label,weather_label,collision_label,gps_label,longitude_num,latitude_num,valid_geo,date,hour,minute,time_hhmm,time_of_day,is_weekend,season,num_lanes,pedestrian_crossing_width,road_width,road_category_label,traffic_regime_label,reserved_lane_label,road_profile_label,road_layout_label,surface_condition_label,infrastructure_label,situation_label,school_zone_label,vehicle_id,traffic_direction_label,vehicle_category_label,mobile_obstacle_label,impact_point_label,manoeuvre_label,occupants_group,birth_year,sex_label,user_category_label,injury_severity_label,seat_position_label,journey_purpose_label,pedestrian_location_label,pedestrian_action_label,pedestrian_state_label,safety_equipment_type,safety_equipment_usage,holiday_name,is_holiday
5512,201600003545,2016,3,11,Daylight,Out_of_agglomeration,Out_of_intersection,Normal,Other_collision,Manual_entry,0.70485,45.7363,True,2016-03-11,17,45,17:45,Evening,False,Spring,2.0,0.0,70.0,Departmental_road,Bidirectional,Unknown,Slope,Straight,Normal,Unknown,On_verge,Unknown,,,,,,,,,,,,,,,,,,,Not a holiday,0
5513,201600003546,2016,3,25,Night_without_public_lighting,Out_of_agglomeration,Out_of_intersection,Normal,Other_collision,Manual_entry,1.10423,45.7819,True,2016-03-25,3,30,03:30,Night,False,Spring,2.0,0.0,0.0,National_road,Bidirectional,Unknown,Flat,Straight,Normal,Unknown,On_road,Not_near_school,,,,,,,,,,,,,,,,,,,Not a holiday,0
5514,201600003547,2016,5,17,Night_without_public_lighting,Out_of_agglomeration,Out_of_intersection,Normal,Other_collision,Manual_entry,1.0872,45.7747,True,2016-05-17,4,0,04:00,Night,False,Spring,2.0,0.0,78.0,National_road,Bidirectional,Unknown,Unknown,Curve_right,Normal,Unknown,On_road,Unknown,,,,,,,,,,,,,,,,,,,Not a holiday,0
5515,201600003548,2016,11,30,Night_without_public_lighting,Out_of_agglomeration,Out_of_intersection,Normal,Frontal_two_vehicles,Manual_entry,1.01135,45.6318,True,2016-11-30,7,0,07:00,Morning,False,Autumn,2.0,0.0,68.0,Departmental_road,Bidirectional,Unknown,Slope,Curve_left,Wet,Unknown,On_road,Not_near_school,,,,,,,,,,,,,,,,,,,Not a holiday,0
5516,201600003549,2016,1,7,Daylight,Out_of_agglomeration,Out_of_intersection,Heavy_rain,Frontal_two_vehicles,Manual_entry,,,False,2016-01-07,10,45,10:45,Morning,False,Winter,2.0,0.0,72.0,Departmental_road,Bidirectional,Unknown,Flat,Curve_left,Wet,Unknown,On_road,Not_near_school,,,,,,,,,,,,,,,,,,,Not a holiday,0
5517,201600003550,2016,4,2,Daylight,Out_of_agglomeration,Out_of_intersection,Normal,Frontal_two_vehicles,Manual_entry,1.738,45.24,True,2016-04-02,15,30,15:30,Afternoon,True,Spring,0.0,0.0,42.0,Communal_way,Bidirectional,Unknown,Slope,Curve_right,Unknown,Unknown,On_road,Unknown,,,,,,,,,,,,,,,,,,,Not a holiday,0
5518,201600003551,2016,4,10,Night_without_public_lighting,Out_of_agglomeration,Out_of_intersection,Normal,No_collision,Manual_entry,,,False,2016-04-10,21,15,21:15,Night,True,Spring,2.0,0.0,50.0,Departmental_road,Bidirectional,Unknown,Flat,Straight,Normal,Unknown,On_verge,Not_near_school,,,,,,,,,,,,,,,,,,,Not a holiday,0
5519,201600003552,2016,8,22,Daylight,Out_of_agglomeration,Out_of_intersection,Normal,Multiple_three_plus,Manual_entry,1.28,45.365,True,2016-08-22,12,0,12:00,Afternoon,False,Summer,0.0,0.0,87.0,Departmental_road,Bidirectional,Unknown,Flat,Curve_left,Normal,Unknown,On_road,Not_near_school,,,,,,,,,,,,,,,,,,,Not a holiday,0
5520,201600003553,2016,9,16,Daylight,Out_of_agglomeration,Out_of_intersection,Light_rain,Frontal_two_vehicles,Manual_entry,,,False,2016-09-16,18,15,18:15,Evening,False,Autumn,0.0,0.0,141.0,Departmental_road,Bidirectional,Unknown,Slope,Curve_right,Wet,Unknown,On_road,Not_near_school,,,,,,,,,,,,,,,,,,,Not a holiday,0
5521,201600003554,2016,10,15,Night_without_public_lighting,Out_of_agglomeration,Out_of_intersection,Normal,Other_collision,Manual_entry,1.9,45.089,True,2016-10-15,19,30,19:30,Evening,True,Autumn,1.0,0.0,48.0,Departmental_road,Bidirectional,Unknown,Slope,S-bend,Normal,Unknown,On_verge,Not_near_school,,,,,,,,,,,,,,,,,,,Not a holiday,0
5522,201600003555,2016,3,31,Daylight,Out_of_agglomeration,Out_of_intersection,Cloudy,Side_two_vehicles,Manual_entry,1.888,45.424,True,2016-03-31,17,15,17:15,Evening,False,Spring,2.0,0.0,45.0,Departmental_road,Bidirectional,Unknown,Slope,Unknown,Wet,Unknown,On_road,Not_near_school,,,,,,,,,,,,,,,,,,,Not a holiday,0
5523,201600003556,2016,4,23,Daylight,Out_of_agglomeration,Out_of_intersection,Light_rain,Other_collision,Manual_entry,2.07799,45.37,True,2016-04-23,18,0,18:00,Evening,True,Spring,0.0,0.0,41.0,Communal_way,Bidirectional,Unknown,Unknown,Curve_right,Wet,Unknown,On_road,Not_near_school,,,,,,,,,,,,,,,,,,,Not a holiday,0
5524,201600003557,2016,7,28,Daylight,Out_of_agglomeration,Out_of_intersection,Normal,Other_collision,Manual_entry,1.855,45.373,True,2016-07-28,17,15,17:15,Evening,False,Summer,1.0,0.0,0.0,Communal_way,Bidirectional,Unknown,Slope,Straight,Normal,Unknown,Unknown,Unknown,,,,,,,,,,,,,,,,,,,Not a holiday,0
5525,201600003558,2016,7,22,Night_without_public_lighting,Out_of_agglomeration,Out_of_intersection,Normal,No_collision,Manual_entry,1.996,45.276,True,2016-07-22,22,45,22:45,Night,False,Summer,0.0,0.0,60.0,Departmental_road,Bidirectional,Unknown,Slope,Curve_right,Normal,Unknown,On_verge,Not_near_school,,,,,,,,,,,,,,,,,,,Not a holiday,0
5526,201600003559,2016,7,23,Daylight,Out_of_agglomeration,Out_of_intersection,Normal,Other_collision,Manual_entry,1.998,45.265,True,2016-07-23,17,15,17:15,Evening,True,Summer,0.0,0.0,60.0,Departmental_road,Bidirectional,Unknown,Slope,Straight,Normal,Unknown,On_verge,Not_near_school,,,,,,,,,,,,,,,,,,,Not a holiday,0
5527,201600003560,2016,2,21,Twilight_or_dawn,Out_of_agglomeration,Out_of_intersection,Fog_or_smoke,Frontal_two_vehicles,Manual_entry,1.672,45.386,True,2016-02-21,7,0,07:00,Morning,True,Winter,0.0,0.0,71.0,Departmental_road,Bidirectional,Unknown,Flat,Straight,Wet,Unknown,On_road,Not_near_school,,,,,,,,,,,,,,,,,,,Not a holiday,0
5528,201600003561,2016,8,14,Daylight,Out_of_agglomeration,Out_of_intersection,Normal,No_collision,Manual_entry,1.59,45.419,True,2016-08-14,12,0,12:00,Afternoon,True,Summer,2.0,0.0,70.0,Departmental_road,Bidirectional,Unknown,Flat,Straight,Normal,Unknown,On_road,Unknown,,,,,,,,,,,,,,,,,,,Not a holiday,0
5529,201600003562,2016,8,29,Daylight,Out_of_agglomeration,Out_of_intersection,Normal,Frontal_two_vehicles,Manual_entry,1.787,45.529,True,2016-08-29,18,15,18:15,Evening,False,Summer,2.0,0.0,70.0,Departmental_road,Bidirectional,Unknown,Slope,Curve_right,Normal,Unknown,On_road,Not_near_school,,,,,,,,,,,,,,,,,,,Not a holiday,0
5530,201600003563,2016,1,9,Daylight,Out_of_agglomeration,Out_of_intersection,Light_rain,Frontal_two_vehicles,Manual_entry,,,False,2016-01-09,12,45,12:45,Afternoon,True,Winter,2.0,0.0,74.0,Departmental_road,Bidirectional,Unknown,Slope,Straight,Wet,Unknown,On_road,Not_near_school,,,,,,,,,,,,,,,,,,,Not a holiday,0
5531,201600003564,2016,2,4,Night_without_public_lighting,Out_of_agglomeration,Out_of_intersection,Light_rain,Side_two_vehicles,Manual_entry,1.584,45.105,True,2016-02-04,20,15,20:15,Evening,False,Winter,2.0,0.0,114.0,Departmental_road,Bidirectional,Unknown,Slope,Straight,Wet,Roundabout,On_road,Unknown,,,,,,,,,,,,,,,,,,,Not a holiday,0
5532,201600003565,2016,2,15,Daylight,Out_of_agglomeration,Out_of_intersection,Snow_or_hail,Frontal_two_vehicles,Manual_entry,1.394,45.102,True,2016-02-15,15,45,15:45,Afternoon,False,Winter,2.0,0.0,62.0,Departmental_road,Bidirectional,Unknown,Slope,S-bend,Wet,Unknown,On_road,Not_near_school,,,,,,,,,,,,,,,,,,,Not a holiday,0
5533,201600003566,2016,2,21,Night_with_public_lighting_on,Built_up_area,Out_of_intersection,Normal,Other_collision,Manual_entry,,,False,2016-02-21,20,0,20:00,Evening,True,Winter,2.0,0.0,55.0,Communal_way,Bidirectional,Unknown,Flat,Straight,Normal,Pedestrian_area,On_road,Not_near_school,,,,,,,,,,,,,,,,,,,Not a holiday,0
5534,201600003567,2016,8,18,Daylight,Out_of_agglomeration,Out_of_intersection,Normal,Other_collision,Manual_entry,1.638,45.154,True,2016-08-18,20,0,20:00,Evening,False,Summer,0.0,0.0,77.0,Departmental_road,Bidirectional,Unknown,Flat,Straight,Normal,Unknown,On_verge,Unknown,,,,,,,,,,,,,,,,,,,Not a holiday,0
5535,201600003568,2016,9,14,Daylight,Out_of_agglomeration,Out_of_intersection,Light_rain,Other_collision,Manual_entry,,,False,2016-09-14,8,0,08:00,Morning,False,Autumn,2.0,0.0,66.0,Departmental_road,Bidirectional,Unknown,Slope,S-bend,Wet,Unknown,On_verge,Not_near_school,,,,,,,,,,,,,,,,,,,Not a holiday,0
5536,201600003569,2016,11,2,Daylight,Out_of_agglomeration,Out_of_intersection,Normal,Other_collision,Manual_entry,1.578,45.147,True,2016-11-02,13,45,13:45,Afternoon,False,Autumn,0.0,0.0,42.0,Departmental_road,Bidirectional,Unknown,Hill_bottom,Straight,Normal,Unknown,On_verge,Not_near_school,,,,,,,,,,,,,,,,,,,Not a holiday,0
5537,201600003570,2016,5,10,Daylight,Out_of_agglomeration,Out_of_intersection,Normal,No_collision,Manual_entry,1.768,45.139,True,2016-05-10,18,30,18:30,Evening,False,Spring,2.0,15.0,90.0,Departmental_road,Bidirectional,Unknown,Flat,Curve_left,Normal,Unknown,On_verge,Not_near_school,,,,,,,,,,,,,,,,,,,Not a holiday,0
5538,201600003571,2016,11,18,Twilight_or_dawn,Out_of_agglomeration,Out_of_intersection,Normal,Other_collision,Manual_entry,1.79,45.072,True,2016-11-18,17,0,17:00,Evening,False,Autumn,0.0,0.0,65.0,Departmental_road,Unknown,Unknown,Slope,Straight,Wet,Unknown,On_verge,Unknown,,,,,,,,,,,,,,,,,,,Not a holiday,0
5539,201600003572,2016,1,12,Daylight,Out_of_agglomeration,Out_of_intersection,Snow_or_hail,Frontal_two_vehicles,Manual_entry,1.419,45.246,True,2016-01-12,13,30,13:30,Afternoon,False,Winter,2.0,0.0,109.0,Departmental_road,Bidirectional,Unknown,Unknown,Straight,Snow,Unknown,On_road,Unknown,,,,,,,,,,,,,,,,,,,Not a holiday,0
5540,201600003573,2016,4,27,Daylight,Out_of_agglomeration,Out_of_intersection,Normal,No_collision,Manual_entry,1.497,45.187,True,2016-04-27,9,30,09:30,Morning,False,Spring,0.0,0.0,78.0,Departmental_road,Bidirectional,Unknown,Flat,Straight,Normal,Unknown,On_road,Unknown,,,,,,,,,,,,,,,,,,,Not a holiday,0
5541,201600003574,2016,5,19,Daylight,Out_of_agglomeration,Out_of_intersection,Normal,Other_collision,Manual_entry,1.501,45.24,True,2016-05-19,13,15,13:15,Afternoon,False,Spring,2.0,0.0,0.0,Departmental_road,Bidirectional,Unknown,Slope,Straight,Normal,Unknown,On_road,Not_near_school,,,,,,,,,,,,,,,,,,,Not a holiday,0
5542,201600003575,2016,9,10,Daylight,Out_of_agglomeration,Out_of_intersection,Normal,Side_two_vehicles,Manual_entry,,,False,2016-09-10,20,0,20:00,Evening,True,Autumn,0.0,0.0,35.0,Communal_way,Unknown,Unknown,Flat,Straight,Normal,Unknown,On_road,Not_near_school,,,,,,,,,,,,,,,,,,,Not a holiday,0
5543,201600003576,2016,9,14,Night_without_public_lighting,Out_of_agglomeration,Out_of_intersection,Heavy_rain,No_collision,Manual_entry,,,False,2016-09-14,20,0,20:00,Evening,False,Autumn,2.0,0.0,0.0,Departmental_road,Bidirectional,Unknown,Slope,Curve_left,Wet,Unknown,On_road,Unknown,,,,,,,,,,,,,,,,,,,Not a holiday,0
5544,201600003577,2016,1,14,Night_without_public_lighting,Out_of_agglomeration,Out_of_intersection,Normal,Other_collision,Manual_entry,1.459,45.336,True,2016-01-14,0,15,00:15,Night,False,Winter,0.0,0.0,55.0,Departmental_road,Bidirectional,Unknown,Flat,Straight,Normal,Unknown,Unknown,Unknown,,,,,,,,,,,,,,,,,,,Not a holiday,0
5545,201600003578,2016,8,9,Daylight,Out_of_agglomeration,Out_of_intersection,Normal,Frontal_two_vehicles,Manual_entry,1.448,45.456,True,2016-08-09,10,30,10:30,Morning,False,Summer,2.0,68.0,0.0,Departmental_road,Bidirectional,Unknown,Flat,Straight,Normal,Unknown,On_road,Not_near_school,,,,,,,,,,,,,,,,,,,Not a holiday,0
5546,201600003579,2016,9,19,Daylight,Out_of_agglomeration,Out_of_intersection,Normal,Frontal_two_vehicles,Manual_entry,,,False,2016-09-19,14,0,14:00,Afternoon,False,Autumn,2.0,0.0,63.0,Departmental_road,Unknown,Unknown,Slope,Curve_right,Normal,Unknown,On_road,Not_near_school,,,,,,,,,,,,,,,,,,,Not a holiday,0
5547,201600003580,2016,8,21,Night_with_public_lighting_on,Built_up_area,Out_of_intersection,Normal,Frontal_two_vehicles,Manual_entry,1.407,45.27,True,2016-08-21,0,45,00:45,Night,True,Summer,2.0,0.0,78.0,Departmental_road,Bidirectional,Unknown,Flat,Straight,Normal,Unknown,On_road,Not_near_school,,,,,,,,,,,,,,,,,,,Not a holiday,0
5548,201600003581,2016,8,30,Night_without_public_lighting,Out_of_agglomeration,Out_of_intersection,Normal,No_collision,Manual_entry,1.316,45.319,True,2016-08-30,5,45,05:45,Morning,False,Summer,2.0,72.0,0.0,Departmental_road,Bidirectional,Unknown,Flat,Straight,Normal,Unknown,On_road,Not_near_school,,,,,,,,,,,,,,,,,,,Not a holiday,0
5549,201600003582,2016,9,1,Daylight,Out_of_agglomeration,Out_of_intersection,Normal,Other_collision,Manual_entry,1.374,45.301,True,2016-09-01,7,30,07:30,Morning,False,Autumn,2.0,0.0,62.0,Departmental_road,Bidirectional,Unknown,Unknown,Straight,Other,Unknown,On_road,Not_near_school,,,,,,,,,,,,,,,,,,,Not a holiday,0
5550,201600003583,2016,8,2,Daylight,Out_of_agglomeration,Out_of_intersection,Normal,No_collision,Manual_entry,,,False,2016-08-02,17,30,17:30,Evening,False,Summer,0.0,0.0,35.0,other,Bidirectional,Unknown,Flat,Curve_left,Other,Unknown,On_road,Not_near_school,,,,,,,,,,,,,,,,,,,Not a holiday,0
5551,201600003584,2016,5,7,Daylight,Out_of_agglomeration,Out_of_intersection,Normal,No_collision,Manual_entry,,,False,2016-05-07,10,30,10:30,Morning,True,Spring,2.0,0.0,77.0,Departmental_road,Bidirectional,Unknown,Slope,Curve_left,Normal,Unknown,On_road,Unknown,,,,,,,,,,,,,,,,,,,Not a holiday,0
5552,201600003585,2016,6,8,Daylight,Out_of_agglomeration,Out_of_intersection,Normal,Other_collision,Manual_entry,,,False,2016-06-08,19,30,19:30,Evening,False,Summer,2.0,0.0,45.0,Departmental_road,Bidirectional,Unknown,Flat,Straight,Normal,Unknown,On_road,Unknown,,,,,,,,,,,,,,,,,,,Not a holiday,0
5553,201600003586,2016,1,2,Daylight,Out_of_agglomeration,Out_of_intersection,Light_rain,Other_collision,Manual_entry,1.807,45.669,True,2016-01-02,10,0,10:00,Morning,True,Winter,2.0,0.0,70.0,Departmental_road,Bidirectional,Unknown,Flat,Straight,Wet,Unknown,On_verge,Near_school,,,,,,,,,,,,,,,,,,,Not a holiday,0
5554,201600003587,2016,6,23,Night_without_public_lighting,Out_of_agglomeration,Out_of_intersection,Normal,Other_collision,Manual_entry,,,False,2016-06-23,5,0,05:00,Morning,False,Summer,1.0,0.0,49.0,Departmental_road,Bidirectional,Unknown,Slope,Unknown,Normal,Unknown,On_road,Not_near_school,,,,,,,,,,,,,,,,,,,Not a holiday,0
5555,201600003588,2016,8,7,Night_without_public_lighting,Out_of_agglomeration,Out_of_intersection,Normal,Other_collision,Manual_entry,2.146,45.521,True,2016-08-07,2,0,02:00,Night,True,Summer,2.0,0.0,35.0,Communal_way,Bidirectional,Unknown,Slope,S-bend,Normal,Unknown,On_verge,Unknown,,,,,,,,,,,,,,,,,,,Not a holiday,0
5556,201600003589,2016,12,10,Daylight,Built_up_area,Out_of_intersection,Normal,Other_collision,Manual_entry,1.931,45.596,True,2016-12-10,9,30,09:30,Morning,True,Winter,2.0,0.0,50.0,Departmental_road,Bidirectional,Unknown,Flat,Curve_right,Wet,Unknown,On_road,Unknown,,,,,,,,,,,,,,,,,,,Not a holiday,0
5557,201600003590,2016,6,21,Night_with_public_lighting_not_functioning,Built_up_area,Out_of_intersection,Normal,Side_two_vehicles,Manual_entry,1.77494,46.3563,True,2016-06-21,23,0,23:00,Night,False,Summer,2.0,0.0,62.0,Departmental_road,Bidirectional,Unknown,Flat,Straight,Normal,Unknown,On_road,Not_near_school,,,,,,,,,,,,,,,,,,,Not a holiday,0
5558,201600003591,2016,7,13,Daylight,Out_of_agglomeration,Out_of_intersection,Normal,No_collision,Manual_entry,2.01657,46.40654,True,2016-07-13,11,30,11:30,Morning,False,Summer,2.0,0.0,48.0,Departmental_road,Bidirectional,Unknown,Slope,Straight,Normal,Unknown,On_road,Not_near_school,,,,,,,,,,,,,,,,,,,Not a holiday,0
5559,201600003592,2016,5,15,Daylight,Out_of_agglomeration,Out_of_intersection,Normal,Other_collision,Manual_entry,2.04118,46.25138,True,2016-05-15,19,45,19:45,Evening,True,Spring,1.0,0.0,0.0,Departmental_road,Unknown,Unknown,Slope,Curve_left,Normal,Unknown,On_verge,Not_near_school,,,,,,,,,,,,,,,,,,,Not a holiday,0
5560,201600003593,2016,6,26,Daylight,Out_of_agglomeration,Out_of_intersection,Normal,Other_collision,Manual_entry,2.46192,46.13285,True,2016-06-26,17,15,17:15,Evening,True,Summer,1.0,38.0,38.0,Communal_way,Bidirectional,Unknown,Flat,Straight,Normal,Unknown,On_road,Unknown,,,,,,,,,,,,,,,,,,,Not a holiday,0
5561,201600003594,2016,9,5,Daylight,Out_of_agglomeration,Out_of_intersection,Normal,Frontal_two_vehicles,Manual_entry,,,False,2016-09-05,13,45,13:45,Afternoon,False,Autumn,0.0,0.0,47.0,Departmental_road,Bidirectional,Unknown,Flat,Straight,Normal,Unknown,On_road,Unknown,,,,,,,,,,,,,,,,,,,Not a holiday,0
5562,201600003595,2016,2,24,Daylight,Out_of_agglomeration,Out_of_intersection,Light_rain,Other_collision,Manual_entry,1.52767,46.29258,True,2016-02-24,16,0,16:00,Afternoon,False,Winter,0.0,0.0,27.0,Communal_way,Bidirectional,Unknown,Flat,Straight,Wet,Unknown,On_verge,Unknown,,,,,,,,,,,,,,,,,,,Not a holiday,0
5563,201600003596,2016,3,15,Daylight,Out_of_agglomeration,Out_of_intersection,Dazzling,Rear_end_two_vehicles,Manual_entry,1.46897,46.27489,True,2016-03-15,17,30,17:30,Evening,False,Spring,0.0,0.0,80.0,Departmental_road,Bidirectional,Unknown,Flat,Straight,Normal,Unknown,On_road,Not_near_school,,,,,,,,,,,,,,,,,,,Not a holiday,0
5564,201600003597,2016,5,6,Twilight_or_dawn,Out_of_agglomeration,Out_of_intersection,Normal,Other_collision,Manual_entry,1.54362,46.2034,True,2016-05-06,20,15,20:15,Evening,False,Spring,2.0,0.0,45.0,Departmental_road,Bidirectional,Unknown,Flat,Straight,Normal,Unknown,Unknown,Not_near_school,,,,,,,,,,,,,,,,,,,Not a holiday,0
5565,201600003598,2016,6,23,Daylight,Out_of_agglomeration,Out_of_intersection,Normal,Side_two_vehicles,Manual_entry,1.69158,46.16825,True,2016-06-23,7,45,07:45,Morning,False,Summer,2.0,0.0,55.0,Departmental_road,Bidirectional,Unknown,Unknown,Curve_right,Normal,Unknown,On_road,Not_near_school,,,,,,,,,,,,,,,,,,,Not a holiday,0
5566,201600003599,2016,6,25,Daylight,Out_of_agglomeration,Out_of_intersection,Normal,Frontal_two_vehicles,Manual_entry,1.56164,46.2693,True,2016-06-25,11,30,11:30,Morning,True,Summer,2.0,60.0,0.0,Departmental_road,Bidirectional,Unknown,Slope,Curve_left,Normal,Unknown,On_road,Not_near_school,,,,,,,,,,,,,,,,,,,Not a holiday,0
5567,201600003600,2016,7,4,Daylight,Out_of_agglomeration,Out_of_intersection,Normal,Chain_three_plus,Manual_entry,1.40809,46.21301,True,2016-07-04,15,30,15:30,Afternoon,False,Summer,2.0,0.0,0.0,National_road,One_way,Unknown,Flat,Straight,Normal,Unknown,On_emergency_stop_band,Not_near_school,,,,,,,,,,,,,,,,,,,Not a holiday,0
5568,201600003601,2016,7,31,Daylight,Out_of_agglomeration,Out_of_intersection,Normal,Other_collision,Manual_entry,1.53694,46.33283,True,2016-07-31,15,45,15:45,Afternoon,True,Summer,0.0,0.0,54.0,Departmental_road,Bidirectional,Unknown,Flat,Curve_left,Normal,Unknown,On_verge,Unknown,,,,,,,,,,,,,,,,,,,Not a holiday,0
5569,201600003602,2016,9,9,Daylight,Built_up_area,Out_of_intersection,Normal,Frontal_two_vehicles,Manual_entry,1.47963,46.23712,True,2016-09-09,18,30,18:30,Evening,False,Autumn,2.0,0.0,0.0,Communal_way,Bidirectional,Unknown,Flat,Straight,Normal,Unknown,On_road,Not_near_school,,,,,,,,,,,,,,,,,,,Not a holiday,0
5570,201600003603,2016,2,3,Daylight,Out_of_agglomeration,Out_of_intersection,Cloudy,Frontal_two_vehicles,Manual_entry,2.13732,46.12612,True,2016-02-03,14,30,14:30,Afternoon,False,Winter,2.0,0.0,60.0,Departmental_road,Bidirectional,Unknown,Flat,Curve_right,Wet,Unknown,On_road,Not_near_school,,,,,,,,,,,,,,,,,,,Not a holiday,0
5571,201600003604,2016,9,6,Daylight,Out_of_agglomeration,Intersection_X,Normal,Side_two_vehicles,Manual_entry,2.09148,46.04121,True,2016-09-06,17,15,17:15,Evening,False,Autumn,2.0,0.0,78.0,Departmental_road,Bidirectional,Unknown,Flat,Straight,Normal,Unknown,On_road,Not_near_school,,,,,,,,,,,,,,,,,,,Not a holiday,0
5572,201600003605,2016,2,27,Daylight,Out_of_agglomeration,Out_of_intersection,Normal,Other_collision,Manual_entry,2.50063,46.06411,True,2016-02-27,14,45,14:45,Afternoon,True,Winter,2.0,0.0,72.0,Departmental_road,Bidirectional,Unknown,Slope,Curve_left,Normal,Unknown,On_road,Not_near_school,,,,,,,,,,,,,,,,,,,Not a holiday,0
5573,201600003606,2016,12,25,Night_without_public_lighting,Out_of_agglomeration,Out_of_intersection,Normal,Frontal_two_vehicles,Manual_entry,2.202,45.73055,True,2016-12-25,17,53,17:53,Evening,True,Winter,2.0,0.0,0.0,Departmental_road,Bidirectional,Unknown,Slope,Curve_left,Normal,Unknown,On_road,Unknown,,,,,,,,,,,,,,,,,,,Christmas Day,1
5574,201600003607,2016,5,14,Twilight_or_dawn,Out_of_agglomeration,Out_of_intersection,Cloudy,Other_collision,Manual_entry,1.76608,45.98346,True,2016-05-14,6,0,06:00,Morning,True,Spring,0.0,0.0,44.0,Departmental_road,Bidirectional,Unknown,Unknown,Curve_left,Wet,Unknown,On_road,Unknown,,,,,,,,,,,,,,,,,,,Not a holiday,0
5575,201600003608,2016,5,23,Daylight,Built_up_area,Out_of_intersection,Cloudy,Frontal_two_vehicles,Manual_entry,1.63836,46.11632,True,2016-05-23,9,15,09:15,Morning,False,Spring,0.0,0.0,64.0,Departmental_road,Bidirectional,Unknown,Slope,Curve_right,Normal,Unknown,On_road,Unknown,,,,,,,,,,,,,,,,,,,Not a holiday,0
5576,201600003609,2016,1,18,Daylight,Out_of_agglomeration,Out_of_intersection,Heavy_rain,Frontal_two_vehicles,Manual_entry,1.54877,43.57499,True,2016-01-18,16,30,16:30,Afternoon,False,Winter,1.0,0.0,60.0,Departmental_road,Unknown,Bike_path,Flat,Straight,Wet,Unknown,On_road,Unknown,,,,,,,,,,,,,,,,,,,Not a holiday,0
5577,201600003610,2016,3,23,Daylight,Built_up_area,Out_of_intersection,Dazzling,No_collision,Manual_entry,,,False,2016-03-23,13,45,13:45,Afternoon,False,Spring,1.0,0.0,66.0,Departmental_road,Unknown,Unknown,Slope,Curve_right,Normal,Unknown,On_road,Unknown,,,,,,,,,,,,,,,,,,,Not a holiday,0
5578,201600003611,2016,3,30,Daylight,Out_of_agglomeration,Intersection_T,Normal,Side_two_vehicles,Manual_entry,,,False,2016-03-30,17,15,17:15,Evening,False,Spring,3.0,0.0,104.0,Departmental_road,Bidirectional,Unknown,Unknown,Straight,Normal,Roundabout,On_road,Unknown,,,,,,,,,,,,,,,,,,,Not a holiday,0
5579,201600003612,2016,4,16,Daylight,Out_of_agglomeration,Intersection_Y,Dazzling,Multiple_three_plus,Manual_entry,1.69224,43.57487,True,2016-04-16,11,15,11:15,Morning,True,Spring,0.0,0.0,50.0,Departmental_road,Unknown,Unknown,Hill_bottom,Curve_right,Normal,Unknown,On_road,Unknown,,,,,,,,,,,,,,,,,,,Not a holiday,0
5580,201600003613,2016,5,17,Daylight,Out_of_agglomeration,Out_of_intersection,Normal,Other_collision,Manual_entry,,,False,2016-05-17,19,30,19:30,Evening,False,Spring,0.0,0.0,60.0,Departmental_road,Bidirectional,Unknown,Flat,Curve_left,Normal,Unknown,On_verge,Not_near_school,,,,,,,,,,,,,,,,,,,Not a holiday,0
5581,201600003614,2016,7,16,Daylight,Built_up_area,Roundabout,Normal,Side_two_vehicles,Manual_entry,1.51724,43.58831,True,2016-07-16,10,45,10:45,Morning,True,Summer,2.0,0.0,60.0,Departmental_road,Bidirectional,Reserved_channel,Unknown,Straight,Normal,Unknown,On_road,Unknown,,,,,,,,,,,,,,,,,,,Not a holiday,0
5582,201600003615,2016,8,17,Daylight,Built_up_area,Level_crossing,Normal,Multiple_three_plus,Manual_entry,1.53197,43.64518,True,2016-08-17,13,45,13:45,Afternoon,False,Summer,2.0,0.0,60.0,Departmental_road,Bidirectional,Unknown,Hilltop,Curve_right,Normal,Railway,On_road,Unknown,,,,,,,,,,,,,,,,,,,Not a holiday,0
5583,201600003616,2016,10,2,Daylight,Out_of_agglomeration,Out_of_intersection,Normal,Other_collision,Manual_entry,,,False,2016-10-02,9,15,09:15,Morning,True,Autumn,2.0,0.0,0.0,Departmental_road,Bidirectional,Unknown,Flat,Curve_left,Normal,Unknown,On_road,Not_near_school,,,,,,,,,,,,,,,,,,,Not a holiday,0
5584,201600003617,2016,3,26,Daylight,Built_up_area,Out_of_intersection,Normal,Frontal_two_vehicles,Manual_entry,1.50654,43.52307,True,2016-03-26,18,0,18:00,Evening,True,Spring,2.0,0.0,60.0,Communal_way,Bidirectional,Unknown,Flat,Straight,Normal,Unknown,On_road,Not_near_school,,,,,,,,,,,,,,,,,,,Not a holiday,0
5585,201600003618,2016,8,9,Daylight,Built_up_area,Out_of_intersection,Normal,Other_collision,Manual_entry,1.50521,43.51856,True,2016-08-09,10,30,10:30,Morning,False,Summer,2.0,0.0,70.0,Departmental_road,Bidirectional,Unknown,Slope,Straight,Normal,Unknown,On_road,Not_near_school,,,,,,,,,,,,,,,,,,,Not a holiday,0
5586,201600003619,2016,1,20,Night_without_public_lighting,Built_up_area,Out_of_intersection,Normal,Multiple_three_plus,Manual_entry,1.38848,43.71007,True,2016-01-20,18,45,18:45,Evening,False,Winter,0.0,0.0,0.0,Departmental_road,Bidirectional,Unknown,Hilltop,Straight,Normal,Bridge,On_road,Not_near_school,,,,,,,,,,,,,,,,,,,Not a holiday,0
5587,201600003620,2016,1,1,Night_without_public_lighting,Out_of_agglomeration,Out_of_intersection,Normal,No_collision,Manual_entry,1.47399,43.74887,True,2016-01-01,18,15,18:15,Evening,False,Winter,2.0,0.0,54.0,Departmental_road,Bidirectional,Unknown,Flat,Straight,Normal,Unknown,On_road,Not_near_school,,,,,,,,,,,,,,,,,,,New year,1