,accident_id,year,month,day,lighting_label,urban_label,intersection_label,weather_label,collision_label,gps_label,longitude_num,latitude_num,valid_geo,date,hour,minute,time_hhmm,time_of_day,is_weekend,season,num_lanes,pedestrian_crossing_width,road_width,road_category_label,traffic_regime_label,reserved_lane_label,road_profile_label,road_layout_label,surface_condition_label,infrastructure_label,situation_label,school_zone_label,vehicle_id,traffic_direction_label,vehicle_category_label,mobile_obstacle_label,impact_point_label,manoeuvre_label,occupants_group,birth_year,sex_label,user_category_label,injury_severity_label,seat_position_label,journey_purpose_label,pedestrian_location_label,pedestrian_action_label,pedestrian_state_label,safety_equipment_type,safety_equipment_usage,holiday_name,is_holiday
5588,201600003621,2016,1,9,Daylight,Out_of_agglomeration,Out_of_intersection,Normal,No_collision,Manual_entry,1.40365,43.80888,True,2016-01-09,17,0,17:00,Evening,True,Winter,2.0,0.0,0.0,Departmental_road,Bidirectional,Unknown,Unknown,Curve_right,Wet,Unknown,On_road,Not_near_school,,,,,,,,,,,,,,,,,,,Not a holiday,0
5589,201600003622,2016,2,13,Night_without_public_lighting,Out_of_agglomeration,Out_of_intersection,Light_rain,Other_collision,Manual_entry,,,False,2016-02-13,2,0,02:00,Night,True,Winter,2.0,0.0,59.0,Departmental_road,Bidirectional,Unknown,Flat,Curve_right,Wet,Unknown,On_verge,Not_near_school,,,,,,,,,,,,,,,,,,,Not a holiday,0
5590,201600003623,2016,4,11,Daylight,Out_of_agglomeration,Out_of_intersection,Normal,Frontal_two_vehicles,Manual_entry,1.52733,43.82498,True,2016-04-11,10,30,10:30,Morning,False,Spring,2.0,0.0,60.0,Departmental_road,Bidirectional,Unknown,Unknown,Straight,Normal,Unknown,On_road,Unknown,,,,,,,,,,,,,,,,,,,Not a holiday,0
5591,201600003624,2016,6,5,Daylight,Out_of_agglomeration,Out_of_intersection,Normal,Side_two_vehicles,Manual_entry,1.35049,43.79122,True,2016-06-05,9,15,09:15,Morning,True,Summer,2.0,0.0,63.0,Departmental_road,Bidirectional,Unknown,Slope,Curve_left,Normal,Unknown,On_road,Not_near_school,,,,,,,,,,,,,,,,,,,Not a holiday,0
5592,201600003625,2016,8,18,Daylight,Out_of_agglomeration,Out_of_intersection,Normal,Frontal_two_vehicles,Manual_entry,1.38489,43.82679,True,2016-08-18,11,30,11:30,Morning,False,Summer,2.0,0.0,50.0,Departmental_road,Bidirectional,Unknown,Flat,Curve_right,Normal,Unknown,On_road,Unknown,,,,,,,,,,,,,,,,,,,Not a holiday,0
5593,201600003626,2016,9,15,Daylight,Built_up_area,Out_of_intersection,Normal,Other_collision,Manual_entry,1.35424,43.7856,True,2016-09-15,13,30,13:30,Afternoon,False,Autumn,2.0,0.0,35.0,Departmental_road,Bidirectional,Unknown,Unknown,Straight,Normal,Unknown,On_road,Not_near_school,,,,,,,,,,,,,,,,,,,Not a holiday,0
5594,201600003627,2016,9,28,Daylight,Out_of_agglomeration,Out_of_intersection,Normal,Frontal_two_vehicles,Manual_entry,,,False,2016-09-28,12,30,12:30,Afternoon,False,Autumn,2.0,0.0,60.0,Departmental_road,Bidirectional,Unknown,Unknown,Straight,Normal,Unknown,On_road,Unknown,,,,,,,,,,,,,,,,,,,Not a holiday,0
5595,201600003628,2016,10,3,Daylight,Out_of_agglomeration,Out_of_intersection,Normal,Side_two_vehicles,Manual_entry,,,False,2016-10-03,18,15,18:15,Evening,False,Autumn,0.0,0.0,64.0,Departmental_road,Bidirectional,Unknown,Flat,Straight,Normal,Unknown,On_road,Unknown,,,,,,,,,,,,,,,,,,,Not a holiday,0
5596,201600003629,2016,1,8,Daylight,Out_of_agglomeration,Out_of_intersection,Normal,Frontal_two_vehicles,Manual_entry,,,False,2016-01-08,13,45,13:45,Afternoon,False,Winter,2.0,0.0,54.0,Departmental_road,Bidirectional,Unknown,Slope,Straight,Normal,Unknown,On_road,Unknown,,,,,,,,,,,,,,,,,,,Not a holiday,0
5597,201600003630,2016,2,11,Daylight,Out_of_agglomeration,Out_of_intersection,Normal,Other_collision,Manual_entry,,,False,2016-02-11,9,0,09:00,Morning,False,Winter,2.0,0.0,60.0,Communal_way,Bidirectional,Unknown,Flat,Straight,Normal,Unknown,On_road,Unknown,,,,,,,,,,,,,,,,,,,Not a holiday,0
5598,201600003631,2016,3,30,Daylight,Out_of_agglomeration,Intersection_X,Normal,Side_two_vehicles,Manual_entry,1.16329,43.76781,True,2016-03-30,14,0,14:00,Afternoon,False,Spring,2.0,0.0,50.0,Departmental_road,Bidirectional,Unknown,Unknown,Straight,Normal,Unknown,On_road,Unknown,,,,,,,,,,,,,,,,,,,Not a holiday,0
5599,201600003632,2016,4,25,Night_without_public_lighting,Out_of_agglomeration,Out_of_intersection,Normal,Other_collision,Manual_entry,,,False,2016-04-25,22,45,22:45,Night,False,Spring,2.0,0.0,60.0,Departmental_road,Bidirectional,Unknown,Flat,Curve_right,Normal,Unknown,Unknown,Not_near_school,,,,,,,,,,,,,,,,,,,Not a holiday,0
5600,201600003633,2016,5,26,Daylight,Out_of_agglomeration,Out_of_intersection,Normal,Rear_end_two_vehicles,Manual_entry,1.29715,43.79191,True,2016-05-26,16,45,16:45,Afternoon,False,Spring,2.0,0.0,68.0,Departmental_road,Bidirectional,Unknown,Flat,Straight,Normal,Unknown,On_road,Unknown,,,,,,,,,,,,,,,,,,,Not a holiday,0
5601,201600003634,2016,6,26,Night_without_public_lighting,Out_of_agglomeration,Out_of_intersection,Normal,Side_two_vehicles,Manual_entry,1.30042,43.7727,True,2016-06-26,23,45,23:45,Night,True,Summer,2.0,0.0,65.0,Departmental_road,Bidirectional,Unknown,Flat,Straight,Normal,Unknown,On_road,Unknown,,,,,,,,,,,,,,,,,,,Not a holiday,0
5602,201600003635,2016,8,5,Daylight,Out_of_agglomeration,Intersection_X,Normal,Side_two_vehicles,Manual_entry,,,False,2016-08-05,19,15,19:15,Evening,False,Summer,2.0,52.0,0.0,Departmental_road,Bidirectional,Unknown,Flat,Straight,Normal,Roundabout,On_road,Unknown,,,,,,,,,,,,,,,,,,,Not a holiday,0
5603,201600003636,2016,8,19,Daylight,Out_of_agglomeration,Out_of_intersection,Normal,Other_collision,Manual_entry,1.08975,43.7518,True,2016-08-19,18,45,18:45,Evening,False,Summer,1.0,0.0,46.0,Departmental_road,Bidirectional,Unknown,Slope,Curve_left,Normal,Unknown,On_verge,Unknown,,,,,,,,,,,,,,,,,,,Not a holiday,0
5604,201600003637,2016,9,27,Night_without_public_lighting,Out_of_agglomeration,Out_of_intersection,Normal,Other_collision,Manual_entry,1.24892,43.71901,True,2016-09-27,23,45,23:45,Night,False,Autumn,2.0,0.0,59.0,Departmental_road,Bidirectional,Unknown,Flat,Straight,Normal,Unknown,On_verge,Unknown,,,,,,,,,,,,,,,,,,,Not a holiday,0
5605,201600003638,2016,1,18,Night_with_public_lighting_on,Built_up_area,Out_of_intersection,Light_rain,Frontal_two_vehicles,Manual_entry,1.20039,43.671,True,2016-01-18,18,15,18:15,Evening,False,Winter,2.0,60.0,35.0,National_road,Bidirectional,Unknown,Flat,Straight,Wet,Unknown,On_road,Not_near_school,,,,,,,,,,,,,,,,,,,Not a holiday,0
5606,201600003639,2016,1,14,Daylight,Built_up_area,Roundabout,Normal,Side_two_vehicles,Manual_entry,1.2833,43.61775,True,2016-01-14,9,15,09:15,Morning,False,Winter,2.0,0.0,0.0,Departmental_road,Variable_assignment,Unknown,Flat,Unknown,Normal,Roundabout,On_road,Near_school,,,,,,,,,,,,,,,,,,,Not a holiday,0
5607,201600003640,2016,6,29,Daylight,Out_of_agglomeration,Out_of_intersection,Normal,Side_two_vehicles,Manual_entry,,,False,2016-06-29,12,0,12:00,Afternoon,False,Summer,1.0,0.0,48.0,Departmental_road,Bidirectional,Unknown,Flat,Straight,Normal,Unknown,On_road,Unknown,,,,,,,,,,,,,,,,,,,Not a holiday,0
5608,201600003641,2016,7,27,Daylight,Out_of_agglomeration,Roundabout,Normal,Side_two_vehicles,Manual_entry,,,False,2016-07-27,8,45,08:45,Morning,False,Summer,0.0,0.0,0.0,Departmental_road,Bidirectional,Unknown,Slope,Curve_left,Normal,Unknown,On_road,Not_near_school,,,,,,,,,,,,,,,,,,,Not a holiday,0
5609,201600003642,2016,8,21,Daylight,Built_up_area,Out_of_intersection,Normal,Other_collision,Manual_entry,1.26131,43.60316,True,2016-08-21,7,0,07:00,Morning,True,Summer,2.0,0.0,52.0,National_road,Bidirectional,Unknown,Flat,Straight,Normal,Unknown,On_road,Not_near_school,,,,,,,,,,,,,,,,,,,Not a holiday,0
5610,201600003643,2016,9,14,Daylight,Out_of_agglomeration,Out_of_intersection,Light_rain,Other_collision,Manual_entry,,,False,2016-09-14,10,30,10:30,Morning,False,Autumn,0.0,0.0,52.0,Departmental_road,Bidirectional,Unknown,Flat,Straight,Wet,Unknown,On_verge,Not_near_school,,,,,,,,,,,,,,,,,,,Not a holiday,0
5611,201600003644,2016,10,7,Night_without_public_lighting,Out_of_agglomeration,Out_of_intersection,Normal,Frontal_two_vehicles,Manual_entry,1.21757,43.58013,True,2016-10-07,22,0,22:00,Night,False,Autumn,2.0,0.0,80.0,Departmental_road,Bidirectional,Unknown,Flat,Unknown,Normal,Unknown,On_road,Unknown,,,,,,,,,,,,,,,,,,,Not a holiday,0
5612,201600003645,2016,10,10,Daylight,Built_up_area,Out_of_intersection,Normal,Other_collision,Manual_entry,1.16585,43.64005,True,2016-10-10,17,35,17:35,Evening,False,Autumn,2.0,0.0,54.0,Departmental_road,Bidirectional,Unknown,Flat,Straight,Normal,Unknown,On_road,Unknown,,,,,,,,,,,,,,,,,,,Not a holiday,0
5613,201600003646,2016,12,3,Daylight,Out_of_agglomeration,Out_of_intersection,Normal,Other_collision,Manual_entry,1.27865,43.59543,True,2016-12-03,13,30,13:30,Afternoon,True,Winter,2.0,0.0,69.0,Departmental_road,Bidirectional,Unknown,Flat,Straight,Normal,Unknown,On_verge,Unknown,,,,,,,,,,,,,,,,,,,Not a holiday,0
5614,201600003647,2016,1,30,Night_without_public_lighting,Built_up_area,Out_of_intersection,Normal,No_collision,Manual_entry,1.39423,43.52397,True,2016-01-30,18,30,18:30,Evening,True,Winter,3.0,0.0,94.0,Departmental_road,Bidirectional,Reserved_channel,Flat,Straight,Normal,Unknown,On_road,Unknown,,,,,,,,,,,,,,,,,,,Not a holiday,0
5615,201600003648,2016,9,4,Twilight_or_dawn,Out_of_agglomeration,Out_of_intersection,Normal,No_collision,Manual_entry,,,False,2016-09-04,19,30,19:30,Evening,True,Autumn,2.0,0.0,64.0,Departmental_road,Bidirectional,Unknown,Flat,Straight,Normal,Unknown,On_road,Not_near_school,,,,,,,,,,,,,,,,,,,Not a holiday,0
5616,201600003649,2016,11,10,Daylight,Built_up_area,Out_of_intersection,Light_rain,Multiple_three_plus,Manual_entry,1.35634,43.50878,True,2016-11-10,14,10,14:10,Afternoon,False,Autumn,2.0,8.0,20.0,Departmental_road,Bidirectional,Unknown,Slope,Unknown,Normal,Unknown,Unknown,Unknown,,,,,,,,,,,,,,,,,,,Not a holiday,0
5617,201600003650,2016,11,28,Night_with_public_lighting_on,Built_up_area,Intersection_X,Normal,Other_collision,Manual_entry,1.40176,43.52582,True,2016-11-28,18,55,18:55,Evening,False,Autumn,,,,Departmental_road,Unknown,Unknown,Unknown,Unknown,Unknown,Unknown,Unknown,Unknown,,,,,,,,,,,,,,,,,,,Not a holiday,0
5618,201600003651,2016,1,11,Daylight,Built_up_area,Roundabout,Normal,Other_collision,Manual_entry,1.41556,43.72184,True,2016-01-11,11,30,11:30,Morning,False,Winter,2.0,0.0,60.0,Departmental_road,Separated_carriageways,Unknown,Flat,Straight,Normal,Unknown,On_road,Unknown,,,,,,,,,,,,,,,,,,,Not a holiday,0
5619,201600003652,2016,3,22,Daylight,Out_of_agglomeration,Intersection_T,Normal,Side_two_vehicles,Manual_entry,1.40974,43.67278,True,2016-03-22,16,0,16:00,Afternoon,False,Spring,3.0,25.0,72.0,Departmental_road,Bidirectional,Reserved_channel,Flat,Straight,Normal,Unknown,On_road,Not_near_school,,,,,,,,,,,,,,,,,,,Not a holiday,0
5620,201600003653,2016,5,21,Daylight,Out_of_agglomeration,Out_of_intersection,Normal,Side_two_vehicles,Manual_entry,1.39602,43.70256,True,2016-05-21,10,30,10:30,Morning,True,Spring,0.0,0.0,100.0,Departmental_road,Bidirectional,Reserved_channel,Flat,Straight,Normal,Unknown,On_road,Not_near_school,,,,,,,,,,,,,,,,,,,Not a holiday,0
5621,201600003654,2016,7,22,Daylight,Out_of_agglomeration,Out_of_intersection,Normal,Chain_three_plus,Manual_entry,1.36347,43.6993,True,2016-07-22,11,15,11:15,Morning,False,Summer,2.0,0.0,65.0,Departmental_road,Bidirectional,Unknown,Flat,Straight,Wet,Unknown,On_road,Not_near_school,,,,,,,,,,,,,,,,,,,Not a holiday,0
5622,201600003655,2016,7,27,Daylight,Built_up_area,Roundabout,Normal,Rear_end_two_vehicles,Manual_entry,1.37668,43.70464,True,2016-07-27,9,0,09:00,Morning,False,Summer,1.0,0.0,85.0,Departmental_road,One_way,Unknown,Flat,Curve_left,Normal,Roundabout,On_road,Unknown,,,,,,,,,,,,,,,,,,,Not a holiday,0
5623,201600003656,2016,7,20,Daylight,Out_of_agglomeration,Out_of_intersection,Normal,Frontal_two_vehicles,Manual_entry,,,False,2016-07-20,10,30,10:30,Morning,False,Summer,2.0,0.0,60.0,Departmental_road,Bidirectional,Unknown,Hilltop,Curve_right,Normal,Unknown,On_road,Unknown,,,,,,,,,,,,,,,,,,,Not a holiday,0
5624,201600003657,2016,9,30,Daylight,Built_up_area,Out_of_intersection,Normal,Multiple_three_plus,Manual_entry,,,False,2016-09-30,11,15,11:15,Morning,False,Autumn,0.0,20.0,80.0,Departmental_road,Bidirectional,Reserved_channel,Flat,Straight,Normal,Unknown,On_road,Unknown,,,,,,,,,,,,,,,,,,,Not a holiday,0
5625,201600003658,2016,3,5,Twilight_or_dawn,Built_up_area,Out_of_intersection,Light_rain,Side_two_vehicles,Manual_entry,,,False,2016-03-05,19,15,19:15,Evening,True,Spring,2.0,0.0,70.0,Departmental_road,Bidirectional,Unknown,Hilltop,Straight,Wet,Unknown,On_road,Not_near_school,,,,,,,,,,,,,,,,,,,Not a holiday,0
5626,201600003659,2016,5,23,Daylight,Out_of_agglomeration,Intersection_X,Normal,Side_two_vehicles,Manual_entry,1.62767,43.75728,True,2016-05-23,9,30,09:30,Morning,False,Spring,,,,Departmental_road,Unknown,Unknown,Unknown,Unknown,Normal,Roundabout,On_road,Unknown,,,,,,,,,,,,,,,,,,,Not a holiday,0
5627,201600003660,2016,6,10,Daylight,Out_of_agglomeration,Out_of_intersection,Normal,Other_collision,Manual_entry,,,False,2016-06-10,10,45,10:45,Morning,False,Summer,2.0,0.0,50.0,Communal_way,Bidirectional,Unknown,Flat,Curve_right,Normal,Unknown,On_verge,Unknown,,,,,,,,,,,,,,,,,,,Not a holiday,0
5628,201600003661,2016,7,15,Daylight,Built_up_area,Roundabout,Normal,Side_two_vehicles,Manual_entry,1.47059,43.655,True,2016-07-15,17,0,17:00,Evening,False,Summer,2.0,0.0,74.0,Departmental_road,Bidirectional,Unknown,Flat,Curve_right,Normal,Unknown,On_road,Unknown,,,,,,,,,,,,,,,,,,,Not a holiday,0
5629,201600003662,2016,7,20,Daylight,Built_up_area,Out_of_intersection,Normal,Side_two_vehicles,Manual_entry,1.47118,43.64134,True,2016-07-20,12,30,12:30,Afternoon,False,Summer,2.0,0.0,60.0,other,Bidirectional,Unknown,Unknown,Straight,Normal,Unknown,On_road,Unknown,,,,,,,,,,,,,,,,,,,Not a holiday,0
5630,201600003663,2016,9,25,Night_without_public_lighting,Built_up_area,Out_of_intersection,Normal,Other_collision,Manual_entry,1.63437,43.77794,True,2016-09-25,0,15,00:15,Night,True,Autumn,2.0,0.0,0.0,Communal_way,Bidirectional,Unknown,Unknown,Straight,Normal,Unknown,Unknown,Unknown,,,,,,,,,,,,,,,,,,,Not a holiday,0
5631,201600003664,2016,1,27,Daylight,Built_up_area,Out_of_intersection,Normal,Other_collision,Manual_entry,,,False,2016-01-27,16,45,16:45,Afternoon,False,Winter,0.0,0.0,0.0,Departmental_road,Separated_carriageways,Unknown,Unknown,Unknown,Normal,Unknown,Unknown,Near_school,,,,,,,,,,,,,,,,,,,Not a holiday,0
5632,201600003665,2016,2,13,Night_with_public_lighting_on,Built_up_area,Out_of_intersection,Light_rain,Other_collision,Manual_entry,1.33271,43.4724,True,2016-02-13,19,45,19:45,Evening,True,Winter,2.0,0.0,82.0,Departmental_road,Bidirectional,Unknown,Flat,Straight,Wet,Unknown,On_road,Not_near_school,,,,,,,,,,,,,,,,,,,Not a holiday,0
5633,201600003666,2016,2,19,Daylight,Out_of_agglomeration,Out_of_intersection,Normal,Frontal_two_vehicles,Manual_entry,1.41756,43.4537,True,2016-02-19,10,15,10:15,Morning,False,Winter,2.0,0.0,65.0,Departmental_road,Separated_carriageways,Unknown,Flat,Straight,Normal,Unknown,On_road,Unknown,,,,,,,,,,,,,,,,,,,Not a holiday,0
5634,201600003667,2016,3,18,Twilight_or_dawn,Built_up_area,Out_of_intersection,Normal,Side_two_vehicles,Manual_entry,,,False,2016-03-18,19,15,19:15,Evening,False,Spring,2.0,0.0,80.0,Communal_way,Bidirectional,Unknown,Flat,Straight,Normal,Unknown,On_road,Unknown,,,,,,,,,,,,,,,,,,,Not a holiday,0
5635,201600003668,2016,3,20,Daylight,Built_up_area,Out_of_intersection,Normal,No_collision,Manual_entry,,,False,2016-03-20,18,0,18:00,Evening,True,Spring,1.0,0.0,40.0,Communal_way,One_way,Unknown,Unknown,Straight,Normal,Unknown,On_road,Not_near_school,,,,,,,,,,,,,,,,,,,Not a holiday,0
5636,201600003669,2016,3,25,Daylight,Built_up_area,Out_of_intersection,Normal,Other_collision,Manual_entry,1.32875,43.46858,True,2016-03-25,17,0,17:00,Evening,False,Spring,0.0,0.0,0.0,Departmental_road,Bidirectional,Unknown,Flat,Straight,Normal,Pedestrian_area,On_road,Not_near_school,,,,,,,,,,,,,,,,,,,Not a holiday,0
5637,201600003670,2016,4,24,Daylight,Out_of_agglomeration,Out_of_intersection,Normal,Other_collision,Manual_entry,1.32498,43.4316,True,2016-04-24,12,45,12:45,Afternoon,True,Spring,2.0,58.0,0.0,Departmental_road,Bidirectional,Unknown,Flat,Straight,Normal,Unknown,On_verge,Not_near_school,,,,,,,,,,,,,,,,,,,Not a holiday,0
5638,201600003671,2016,5,1,Daylight,Out_of_agglomeration,Roundabout,Normal,Frontal_two_vehicles,Manual_entry,1.33559,43.45074,True,2016-05-01,8,15,08:15,Morning,True,Spring,0.0,0.0,0.0,Departmental_road,Bidirectional,Unknown,Unknown,Unknown,Unknown,Roundabout,Unknown,Unknown,,,,,,,,,,,,,,,,,,,Labour Day,1
5639,201600003672,2016,6,15,Daylight,Built_up_area,Out_of_intersection,Normal,Other_collision,Manual_entry,1.33222,43.46356,True,2016-06-15,11,45,11:45,Morning,False,Summer,2.0,0.0,60.0,Communal_way,Bidirectional,Unknown,Flat,Straight,Normal,Unknown,On_road,Not_near_school,,,,,,,,,,,,,,,,,,,Not a holiday,0
5640,201600003673,2016,6,20,Daylight,Built_up_area,Out_of_intersection,Normal,Other_collision,Manual_entry,1.29176,43.4414,True,2016-06-20,6,30,06:30,Morning,False,Summer,2.0,0.0,60.0,Departmental_road,Bidirectional,Unknown,Unknown,Straight,Normal,Unknown,On_verge,Not_near_school,,,,,,,,,,,,,,,,,,,Not a holiday,0
5641,201600003674,2016,7,3,Daylight,Built_up_area,Out_of_intersection,Normal,Other_collision,Manual_entry,1.37759,43.45898,True,2016-07-03,16,45,16:45,Afternoon,True,Summer,2.0,0.0,0.0,Departmental_road,Bidirectional,Unknown,Unknown,Straight,Normal,Unknown,On_verge,Not_near_school,,,,,,,,,,,,,,,,,,,Not a holiday,0
5642,201600003675,2016,7,25,Night_without_public_lighting,Out_of_agglomeration,Out_of_intersection,Normal,Other_collision,Manual_entry,,,False,2016-07-25,0,45,00:45,Night,False,Summer,0.0,0.0,68.0,Departmental_road,Bidirectional,Unknown,Unknown,Straight,Normal,Unknown,On_verge,Not_near_school,,,,,,,,,,,,,,,,,,,Not a holiday,0
5643,201600003676,2016,8,23,Daylight,Built_up_area,Out_of_intersection,Normal,Other_collision,Manual_entry,,,False,2016-08-23,8,30,08:30,Morning,False,Summer,0.0,0.0,65.0,Departmental_road,Bidirectional,Unknown,Flat,Straight,Normal,Unknown,On_road,Unknown,,,,,,,,,,,,,,,,,,,Not a holiday,0
5644,201600003677,2016,9,14,Daylight,Out_of_agglomeration,Out_of_intersection,Light_rain,Multiple_three_plus,Manual_entry,,,False,2016-09-14,16,45,16:45,Afternoon,False,Autumn,2.0,0.0,64.0,Departmental_road,Bidirectional,Unknown,Flat,Straight,Wet,Unknown,On_road,Unknown,,,,,,,,,,,,,,,,,,,Not a holiday,0
5645,201600003678,2016,10,19,Daylight,Built_up_area,Out_of_intersection,Normal,Other_collision,Manual_entry,1.38417,43.44425,True,2016-10-19,17,30,17:30,Evening,False,Autumn,2.0,23.0,60.0,Departmental_road,Bidirectional,Unknown,Flat,Straight,Normal,Unknown,On_road,Unknown,,,,,,,,,,,,,,,,,,,Not a holiday,0
5646,201600003679,2016,12,7,Night_with_public_lighting_on,Built_up_area,Out_of_intersection,Normal,Frontal_two_vehicles,Manual_entry,1.32032,43.45143,True,2016-12-07,18,20,18:20,Evening,False,Winter,2.0,0.0,0.0,Communal_way,Bidirectional,Unknown,Flat,Straight,Normal,Unknown,On_road,Unknown,,,,,,,,,,,,,,,,,,,Not a holiday,0
5647,201600003680,2016,12,7,Night_with_public_lighting_on,Built_up_area,Other,Normal,Other_collision,Manual_entry,1.33746,43.44694,True,2016-12-07,23,0,23:00,Night,False,Winter,2.0,0.0,58.0,Departmental_road,Bidirectional,Unknown,Flat,Straight,Normal,Unknown,Unknown,Unknown,,,,,,,,,,,,,,,,,,,Not a holiday,0
5648,201600003681,2016,12,9,Daylight,Built_up_area,Roundabout,Normal,Other_collision,Manual_entry,1.33261,43.46376,True,2016-12-09,9,30,09:30,Morning,False,Winter,2.0,10.0,10.0,Communal_way,Bidirectional,Unknown,Flat,Unknown,Normal,Unknown,Unknown,Unknown,,,,,,,,,,,,,,,,,,,Not a holiday,0
5649,201600003682,2016,12,22,Daylight,Built_up_area,Out_of_intersection,Light_rain,Frontal_two_vehicles,Manual_entry,1.22452,43.43056,True,2016-12-22,14,0,14:00,Afternoon,False,Winter,2.0,0.0,50.0,Departmental_road,Bidirectional,Unknown,Slope,Straight,Wet,Unknown,On_road,Unknown,,,,,,,,,,,,,,,,,,,Not a holiday,0
5650,201600003683,2016,12,22,Daylight,Out_of_agglomeration,Out_of_intersection,Light_rain,Frontal_two_vehicles,Manual_entry,1.22242,43.39051,True,2016-12-22,16,0,16:00,Afternoon,False,Winter,2.0,0.0,52.0,Departmental_road,Bidirectional,Unknown,Flat,Straight,Wet,Unknown,On_road,Unknown,,,,,,,,,,,,,,,,,,,Not a holiday,0
5651,201600003684,2016,1,9,Daylight,Out_of_agglomeration,Intersection_T,Normal,Frontal_two_vehicles,Manual_entry,,,False,2016-01-09,12,15,12:15,Afternoon,True,Winter,0.0,0.0,57.0,Departmental_road,Bidirectional,Unknown,Unknown,Straight,Normal,Roundabout,On_road,Unknown,,,,,,,,,,,,,,,,,,,Not a holiday,0
5652,201600003685,2016,1,18,Daylight,Out_of_agglomeration,Out_of_intersection,Other,Multiple_three_plus,Manual_entry,,,False,2016-01-18,9,0,09:00,Morning,False,Winter,2.0,0.0,80.0,Departmental_road,Bidirectional,Unknown,Flat,Straight,Wet,Unknown,On_road,Unknown,,,,,,,,,,,,,,,,,,,Not a holiday,0
5653,201600003686,2016,2,27,Night_without_public_lighting,Out_of_agglomeration,Out_of_intersection,Normal,Other_collision,Manual_entry,1.42622,43.31946,True,2016-02-27,6,30,06:30,Morning,True,Winter,0.0,0.0,0.0,Departmental_road,Bidirectional,Unknown,Unknown,Curve_right,Normal,Unknown,On_verge,Unknown,,,,,,,,,,,,,,,,,,,Not a holiday,0
5654,201600003687,2016,3,31,Daylight,Out_of_agglomeration,Out_of_intersection,Normal,Frontal_two_vehicles,Manual_entry,,,False,2016-03-31,13,30,13:30,Afternoon,False,Spring,2.0,0.0,50.0,Communal_way,Bidirectional,Unknown,Flat,Straight,Normal,Unknown,On_road,Unknown,,,,,,,,,,,,,,,,,,,Not a holiday,0
5655,201600003688,2016,6,4,Daylight,Built_up_area,Out_of_intersection,Normal,Frontal_two_vehicles,Manual_entry,,,False,2016-06-04,17,15,17:15,Evening,True,Summer,2.0,0.0,70.0,Departmental_road,Bidirectional,Unknown,Flat,Straight,Normal,Unknown,On_road,Unknown,,,,,,,,,,,,,,,,,,,Not a holiday,0
5656,201600003689,2016,7,29,Daylight,Out_of_agglomeration,Out_of_intersection,Normal,Frontal_two_vehicles,Manual_entry,1.48074,43.33718,True,2016-07-29,12,45,12:45,Afternoon,False,Summer,2.0,0.0,72.0,Departmental_road,Bidirectional,Unknown,Flat,Curve_right,Normal,Unknown,On_road,Unknown,,,,,,,,,,,,,,,,,,,Not a holiday,0
5657,201600003690,2016,9,7,Daylight,Out_of_agglomeration,Intersection_Y,Normal,No_collision,Manual_entry,1.44181,43.3265,True,2016-09-07,11,30,11:30,Morning,False,Autumn,2.0,40.0,80.0,Departmental_road,Bidirectional,Unknown,Flat,Straight,Normal,Roundabout,On_verge,Unknown,,,,,,,,,,,,,,,,,,,Not a holiday,0
5658,201600003691,2016,9,13,Daylight,Out_of_agglomeration,Out_of_intersection,Strong_wind_or_storm,No_collision,Manual_entry,,,False,2016-09-13,16,15,16:15,Afternoon,False,Autumn,2.0,0.0,70.0,Departmental_road,Bidirectional,Unknown,Flat,Straight,Normal,Unknown,On_road,Unknown,,,,,,,,,,,,,,,,,,,Not a holiday,0
5659,201600003692,2016,1,13,Twilight_or_dawn,Built_up_area,Intersection_X,Cloudy,Frontal_two_vehicles,Manual_entry,,,False,2016-01-13,17,30,17:30,Evening,False,Winter,0.0,0.0,70.0,Departmental_road,Bidirectional,Unknown,Flat,Straight,Normal,Unknown,On_road,Not_near_school,,,,,,,,,,,,,,,,,,,Not a holiday,0
5660,201600003693,2016,3,9,Daylight,Out_of_agglomeration,Out_of_intersection,Heavy_rain,Side_two_vehicles,Manual_entry,1.26318,43.34608,True,2016-03-09,12,0,12:00,Afternoon,False,Spring,2.0,0.0,0.0,Departmental_road,Separated_carriageways,Unknown,Unknown,Straight,Wet,Roundabout,On_road,Unknown,,,,,,,,,,,,,,,,,,,Not a holiday,0
5661,201600003694,2016,3,14,Daylight,Out_of_agglomeration,Out_of_intersection,Normal,Other_collision,Manual_entry,1.36466,43.3314,True,2016-03-14,14,0,14:00,Afternoon,False,Spring,0.0,0.0,62.0,Departmental_road,Bidirectional,Unknown,Slope,Straight,Normal,Unknown,On_verge,Not_near_school,,,,,,,,,,,,,,,,,,,Not a holiday,0
5662,201600003695,2016,3,23,Night_without_public_lighting,Built_up_area,Out_of_intersection,Normal,No_collision,Manual_entry,,,False,2016-03-23,21,45,21:45,Night,False,Spring,1.0,0.0,50.0,Departmental_road,Bidirectional,Unknown,Hill_bottom,Curve_left,Normal,Unknown,On_verge,Unknown,,,,,,,,,,,,,,,,,,,Not a holiday,0
5663,201600003696,2016,4,16,Daylight,Out_of_agglomeration,Out_of_intersection,Normal,Frontal_two_vehicles,Manual_entry,,,False,2016-04-16,11,45,11:45,Morning,True,Spring,2.0,0.0,53.0,Departmental_road,Bidirectional,Unknown,Unknown,Straight,Normal,Unknown,On_road,Not_near_school,,,,,,,,,,,,,,,,,,,Not a holiday,0
5664,201600003697,2016,5,9,Daylight,Out_of_agglomeration,Intersection_Y,Cloudy,Frontal_two_vehicles,Manual_entry,1.23918,43.3723,True,2016-05-09,19,15,19:15,Evening,False,Spring,2.0,0.0,63.0,Departmental_road,Bidirectional,Unknown,Flat,Straight,Normal,Roundabout,On_road,Unknown,,,,,,,,,,,,,,,,,,,Not a holiday,0