,accident_id,year,month,day,lighting_label,urban_label,intersection_label,weather_label,collision_label,gps_label,longitude_num,latitude_num,valid_geo,date,hour,minute,time_hhmm,time_of_day,is_weekend,season,num_lanes,pedestrian_crossing_width,road_width,road_category_label,traffic_regime_label,reserved_lane_label,road_profile_label,road_layout_label,surface_condition_label,infrastructure_label,situation_label,school_zone_label,vehicle_id,traffic_direction_label,vehicle_category_label,mobile_obstacle_label,impact_point_label,manoeuvre_label,occupants_group,birth_year,sex_label,user_category_label,injury_severity_label,seat_position_label,journey_purpose_label,pedestrian_location_label,pedestrian_action_label,pedestrian_state_label,safety_equipment_type,safety_equipment_usage,holiday_name,is_holiday
5665,201600003698,2016,5,25,Daylight,Out_of_agglomeration,Out_of_intersection,Normal,Side_two_vehicles,Manual_entry,,,False,2016-05-25,19,30,19:30,Evening,False,Spring,2.0,0.0,78.0,Departmental_road,Variable_assignment,Unknown,Unknown,Unknown,Normal,Roundabout,On_road,Not_near_school,,,,,,,,,,,,,,,,,,,Not a holiday,0
5666,201600003699,2016,7,7,Daylight,Built_up_area,Out_of_intersection,Normal,No_collision,Manual_entry,1.23309,43.20438,True,2016-07-07,10,30,10:30,Morning,False,Summer,2.0,0.0,25.0,Communal_way,Bidirectional,Unknown,Flat,Straight,Normal,Bridge,On_road,Not_near_school,,,,,,,,,,,,,,,,,,,Not a holiday,0
5667,201600003700,2016,8,10,Daylight,Out_of_agglomeration,Out_of_intersection,Normal,No_collision,Manual_entry,1.35633,43.38079,True,2016-08-10,15,0,15:00,Afternoon,False,Summer,0.0,0.0,70.0,Departmental_road,Bidirectional,Unknown,Unknown,Straight,Normal,Unknown,On_road,Not_near_school,,,,,,,,,,,,,,,,,,,Not a holiday,0
5668,201600003701,2016,9,10,Daylight,Built_up_area,Out_of_intersection,Normal,Side_two_vehicles,Manual_entry,1.22474,43.29719,True,2016-09-10,11,0,11:00,Morning,True,Autumn,2.0,0.0,86.0,Communal_way,Bidirectional,Unknown,Flat,Straight,Normal,Unknown,On_road,Unknown,,,,,,,,,,,,,,,,,,,Not a holiday,0
5669,201600003702,2016,9,28,Daylight,Out_of_agglomeration,Roundabout,Normal,Frontal_two_vehicles,Manual_entry,1.2589,43.3427,True,2016-09-28,8,30,08:30,Morning,False,Autumn,2.0,0.0,0.0,Departmental_road,One_way,Unknown,Unknown,Curve_left,Normal,Roundabout,On_road,Unknown,,,,,,,,,,,,,,,,,,,Not a holiday,0
5670,201600003703,2016,6,28,Daylight,Out_of_agglomeration,Out_of_intersection,Normal,Other_collision,Manual_entry,1.09793,43.19908,True,2016-06-28,19,0,19:00,Evening,False,Summer,2.0,0.0,60.0,Departmental_road,Bidirectional,Unknown,Unknown,Curve_left,Normal,Unknown,On_road,Not_near_school,,,,,,,,,,,,,,,,,,,Not a holiday,0
5671,201600003704,2016,8,5,Daylight,Built_up_area,Roundabout,Normal,Other_collision,Manual_entry,1.002,43.1956,True,2016-08-05,17,15,17:15,Evening,False,Summer,2.0,0.0,80.0,Departmental_road,Variable_assignment,Unknown,Flat,Straight,Normal,Roundabout,On_road,Not_near_school,,,,,,,,,,,,,,,,,,,Not a holiday,0
5672,201600003705,2016,3,11,Daylight,Out_of_agglomeration,Out_of_intersection,Normal,Frontal_two_vehicles,Manual_entry,,,False,2016-03-11,16,0,16:00,Afternoon,False,Spring,2.0,0.0,61.0,Departmental_road,Bidirectional,Unknown,Hilltop,Straight,Normal,Unknown,On_road,Not_near_school,,,,,,,,,,,,,,,,,,,Not a holiday,0
5673,201600003706,2016,5,27,Daylight,Out_of_agglomeration,Out_of_intersection,Normal,Frontal_two_vehicles,Manual_entry,,,False,2016-05-27,12,15,12:15,Afternoon,False,Spring,2.0,62.0,62.0,Departmental_road,Bidirectional,Unknown,Unknown,Curve_left,Normal,Unknown,On_road,Not_near_school,,,,,,,,,,,,,,,,,,,Not a holiday,0
5674,201600003707,2016,5,27,Daylight,Built_up_area,Intersection_T,Normal,Multiple_three_plus,Manual_entry,1.18042,43.5171,True,2016-05-27,13,45,13:45,Afternoon,False,Spring,2.0,,,Departmental_road,Bidirectional,Unknown,Flat,Curve_left,Normal,Roundabout,On_road,Unknown,,,,,,,,,,,,,,,,,,,Not a holiday,0
5675,201600003708,2016,5,29,Twilight_or_dawn,Out_of_agglomeration,Out_of_intersection,Cloudy,Other_collision,Manual_entry,,,False,2016-05-29,6,15,06:15,Morning,True,Spring,2.0,0.0,60.0,Departmental_road,Bidirectional,Unknown,Unknown,Straight,Unknown,Unknown,On_verge,Not_near_school,,,,,,,,,,,,,,,,,,,Not a holiday,0
5676,201600003709,2016,6,11,Daylight,Out_of_agglomeration,Intersection_Y,Normal,Side_two_vehicles,Manual_entry,1.05197,43.48696,True,2016-06-11,8,30,08:30,Morning,True,Summer,2.0,0.0,62.0,Departmental_road,Bidirectional,Unknown,Slope,Curve_left,Normal,Unknown,Unknown,Not_near_school,,,,,,,,,,,,,,,,,,,Not a holiday,0
5677,201600003710,2016,7,30,Daylight,Built_up_area,Out_of_intersection,Normal,Frontal_two_vehicles,Manual_entry,,,False,2016-07-30,11,45,11:45,Morning,True,Summer,2.0,0.0,52.0,Departmental_road,Bidirectional,Unknown,Slope,Straight,Normal,Unknown,On_road,Unknown,,,,,,,,,,,,,,,,,,,Not a holiday,0
5678,201600003711,2016,9,2,Daylight,Built_up_area,Out_of_intersection,Normal,Side_two_vehicles,Manual_entry,1.29086,43.57727,True,2016-09-02,19,0,19:00,Evening,False,Autumn,2.0,0.0,60.0,Departmental_road,Bidirectional,Unknown,Flat,Straight,Normal,Unknown,On_road,Not_near_school,,,,,,,,,,,,,,,,,,,Not a holiday,0
5679,201600003712,2016,1,27,Daylight,Out_of_agglomeration,Out_of_intersection,Normal,Frontal_two_vehicles,Manual_entry,,,False,2016-01-27,15,15,15:15,Afternoon,False,Winter,2.0,0.0,71.0,Departmental_road,Bidirectional,Unknown,Flat,Straight,Normal,Unknown,On_road,Not_near_school,,,,,,,,,,,,,,,,,,,Not a holiday,0
5680,201600003713,2016,4,29,Daylight,Out_of_agglomeration,Out_of_intersection,Normal,Side_two_vehicles,Manual_entry,0.6904,43.08186,True,2016-04-29,15,30,15:30,Afternoon,False,Spring,2.0,0.0,59.0,Departmental_road,Bidirectional,Unknown,Flat,Straight,Normal,Unknown,On_road,Unknown,,,,,,,,,,,,,,,,,,,Not a holiday,0
5681,201600003714,2016,5,9,Daylight,Built_up_area,Out_of_intersection,Normal,Side_two_vehicles,Manual_entry,0.62123,43.09918,True,2016-05-09,19,0,19:00,Evening,False,Spring,2.0,0.0,52.0,Communal_way,Bidirectional,Unknown,Flat,Curve_right,Normal,Unknown,On_road,Not_near_school,,,,,,,,,,,,,,,,,,,Not a holiday,0
5682,201600003715,2016,5,18,Daylight,Out_of_agglomeration,Out_of_intersection,Light_rain,Multiple_three_plus,Manual_entry,0.64706,42.9677,True,2016-05-18,17,15,17:15,Evening,False,Spring,2.0,0.0,90.0,National_road,Bidirectional,Unknown,Unknown,Straight,Wet,Interchange,Unknown,Not_near_school,,,,,,,,,,,,,,,,,,,Not a holiday,0
5683,201600003716,2016,5,24,Daylight,Built_up_area,Out_of_intersection,Normal,No_collision,Manual_entry,,,False,2016-05-24,20,0,20:00,Evening,False,Spring,0.0,0.0,48.0,Departmental_road,Bidirectional,Unknown,Flat,Curve_right,Normal,Unknown,On_verge,Not_near_school,,,,,,,,,,,,,,,,,,,Not a holiday,0
5684,201600003717,2016,6,29,Daylight,Built_up_area,Out_of_intersection,Normal,Side_two_vehicles,Manual_entry,,,False,2016-06-29,12,15,12:15,Afternoon,False,Summer,2.0,0.0,0.0,Departmental_road,Bidirectional,Unknown,Slope,S-bend,Normal,Unknown,On_road,Unknown,,,,,,,,,,,,,,,,,,,Not a holiday,0
5685,201600003718,2016,8,16,Daylight,Out_of_agglomeration,Out_of_intersection,Normal,Side_two_vehicles,Manual_entry,,,False,2016-08-16,10,0,10:00,Morning,False,Summer,2.0,0.0,89.0,Departmental_road,Bidirectional,Unknown,Flat,Straight,Normal,Roundabout,On_road,Not_near_school,,,,,,,,,,,,,,,,,,,Not a holiday,0
5686,201600003719,2016,4,24,Daylight,Built_up_area,Roundabout,Light_rain,Side_two_vehicles,Manual_entry,0.64734,42.91451,True,2016-04-24,12,0,12:00,Afternoon,True,Spring,1.0,0.0,70.0,Departmental_road,One_way,Unknown,Flat,Curve_left,Wet,Roundabout,On_road,Not_near_school,,,,,,,,,,,,,,,,,,,Not a holiday,0
5687,201600003720,2016,7,31,Twilight_or_dawn,Out_of_agglomeration,Out_of_intersection,Light_rain,Other_collision,Manual_entry,,,False,2016-07-31,6,30,06:30,Morning,True,Summer,2.0,0.0,80.0,Departmental_road,Bidirectional,Unknown,Flat,Curve_right,Wet,Unknown,On_verge,Not_near_school,,,,,,,,,,,,,,,,,,,Not a holiday,0
5688,201600003721,2016,1,30,Daylight,Out_of_agglomeration,Out_of_intersection,Normal,Frontal_two_vehicles,Manual_entry,,,False,2016-01-30,13,30,13:30,Afternoon,True,Winter,1.0,0.0,36.0,Communal_way,Bidirectional,Unknown,Hilltop,Curve_left,Normal,Unknown,On_road,Not_near_school,,,,,,,,,,,,,,,,,,,Not a holiday,0
5689,201600003722,2016,5,21,Daylight,Out_of_agglomeration,Intersection_T,Normal,Frontal_two_vehicles,Manual_entry,,,False,2016-05-21,17,30,17:30,Evening,True,Spring,0.0,0.0,68.0,Departmental_road,Bidirectional,Unknown,Flat,Curve_left,Normal,Unknown,On_verge,Not_near_school,,,,,,,,,,,,,,,,,,,Not a holiday,0
5690,201600003723,2016,8,13,Daylight,Out_of_agglomeration,Out_of_intersection,Normal,Other_collision,Manual_entry,,,False,2016-08-13,9,30,09:30,Morning,True,Summer,2.0,0.0,0.0,Departmental_road,Bidirectional,Unknown,Unknown,Straight,Normal,Unknown,On_road,Not_near_school,,,,,,,,,,,,,,,,,,,Not a holiday,0
5691,201600003724,2016,9,3,Night_without_public_lighting,Out_of_agglomeration,Out_of_intersection,Normal,Other_collision,Manual_entry,,,False,2016-09-03,23,0,23:00,Night,True,Autumn,2.0,0.0,63.0,Departmental_road,Bidirectional,Unknown,Slope,Curve_left,Normal,Unknown,On_road,Not_near_school,,,,,,,,,,,,,,,,,,,Not a holiday,0
5692,201600003725,2016,3,3,Daylight,Out_of_agglomeration,Out_of_intersection,Light_rain,Frontal_two_vehicles,Manual_entry,,,False,2016-03-03,16,45,16:45,Afternoon,False,Spring,0.0,0.0,71.0,Departmental_road,Bidirectional,Unknown,Unknown,Straight,Wet,Unknown,On_road,Not_near_school,,,,,,,,,,,,,,,,,,,Not a holiday,0
5693,201600003726,2016,4,30,Daylight,Out_of_agglomeration,Out_of_intersection,Cloudy,Side_two_vehicles,Manual_entry,,,False,2016-04-30,12,45,12:45,Afternoon,True,Spring,2.0,0.0,125.0,Departmental_road,Bidirectional,Unknown,Flat,Straight,Normal,Roundabout,On_road,Not_near_school,,,,,,,,,,,,,,,,,,,Not a holiday,0
5694,201600003727,2016,8,4,Daylight,Out_of_agglomeration,Out_of_intersection,Normal,Other_collision,Manual_entry,0.85925,43.06991,True,2016-08-04,14,30,14:30,Afternoon,False,Summer,2.0,0.0,53.0,Departmental_road,Bidirectional,Unknown,Slope,Curve_left,Normal,Unknown,On_verge,Not_near_school,,,,,,,,,,,,,,,,,,,Not a holiday,0
5695,201600003728,2016,9,23,Daylight,Out_of_agglomeration,Out_of_intersection,Normal,Other_collision,Manual_entry,,,False,2016-09-23,9,30,09:30,Morning,False,Autumn,2.0,0.0,47.0,Departmental_road,Bidirectional,Unknown,Unknown,Straight,Normal,Unknown,On_verge,Unknown,,,,,,,,,,,,,,,,,,,Not a holiday,0
5696,201600003729,2016,2,4,Daylight,Built_up_area,Out_of_intersection,Normal,Side_two_vehicles,Manual_entry,1.71801,43.39781,True,2016-02-04,13,0,13:00,Afternoon,False,Winter,1.0,0.0,0.0,Departmental_road,One_way,Unknown,Flat,Straight,Normal,Unknown,On_road,Not_near_school,,,,,,,,,,,,,,,,,,,Not a holiday,0
5697,201600003730,2016,3,2,Daylight,Out_of_agglomeration,Out_of_intersection,Heavy_rain,Other_collision,Manual_entry,,,False,2016-03-02,13,45,13:45,Afternoon,False,Spring,0.0,0.0,43.0,Departmental_road,Bidirectional,Unknown,Flat,Straight,Wet,Unknown,On_road,Unknown,,,,,,,,,,,,,,,,,,,Not a holiday,0
5698,201600003731,2016,3,25,Daylight,Out_of_agglomeration,Other,Normal,Side_two_vehicles,Manual_entry,1.63599,43.35908,True,2016-03-25,18,45,18:45,Evening,False,Spring,0.0,0.0,0.0,Departmental_road,Bidirectional,Unknown,Unknown,Straight,Normal,Roundabout,On_road,Not_near_school,,,,,,,,,,,,,,,,,,,Not a holiday,0
5699,201600003732,2016,3,29,Daylight,Out_of_agglomeration,Out_of_intersection,Normal,Other_collision,Manual_entry,1.62284,43.31525,True,2016-03-29,19,0,19:00,Evening,False,Spring,2.0,0.0,60.0,Departmental_road,Bidirectional,Unknown,Unknown,Straight,Other,Unknown,On_verge,Not_near_school,,,,,,,,,,,,,,,,,,,Not a holiday,0
5700,201600003733,2016,4,9,Night_without_public_lighting,Out_of_agglomeration,Out_of_intersection,Cloudy,Other_collision,Manual_entry,,,False,2016-04-09,5,45,05:45,Morning,True,Spring,2.0,0.0,53.0,Departmental_road,Bidirectional,Unknown,Flat,Straight,Wet,Unknown,On_road,Unknown,,,,,,,,,,,,,,,,,,,Not a holiday,0
5701,201600003734,2016,6,5,Daylight,Built_up_area,Roundabout,Normal,Side_two_vehicles,Manual_entry,,,False,2016-06-05,16,45,16:45,Afternoon,True,Summer,2.0,0.0,73.0,Departmental_road,Bidirectional,Unknown,Flat,Straight,Normal,Unknown,On_road,Not_near_school,,,,,,,,,,,,,,,,,,,Not a holiday,0
5702,201600003735,2016,6,6,Daylight,Out_of_agglomeration,Out_of_intersection,Normal,Other_collision,Manual_entry,1.65181,43.4393,True,2016-06-06,13,45,13:45,Afternoon,False,Summer,2.0,28.0,66.0,Departmental_road,Bidirectional,Unknown,Flat,Straight,Normal,Unknown,On_verge,Not_near_school,,,,,,,,,,,,,,,,,,,Not a holiday,0
5703,201600003736,2016,7,20,Daylight,Out_of_agglomeration,Intersection_T,Normal,Multiple_three_plus,Manual_entry,1.76045,43.37475,True,2016-07-20,13,15,13:15,Afternoon,False,Summer,0.0,0.0,105.0,Departmental_road,Bidirectional,Unknown,Flat,Straight,Normal,Unknown,On_road,Unknown,,,,,,,,,,,,,,,,,,,Not a holiday,0
5704,201600003737,2016,8,12,Daylight,Out_of_agglomeration,Intersection_T,Dazzling,Frontal_two_vehicles,Manual_entry,1.68409,43.39073,True,2016-08-12,18,15,18:15,Evening,False,Summer,0.0,0.0,51.0,Departmental_road,Bidirectional,Unknown,Hill_bottom,Straight,Unknown,Unknown,On_road,Not_near_school,,,,,,,,,,,,,,,,,,,Not a holiday,0
5705,201600003738,2016,8,19,Daylight,Out_of_agglomeration,Out_of_intersection,Normal,Rear_end_two_vehicles,Manual_entry,1.74147,43.3826,True,2016-08-19,10,15,10:15,Morning,False,Summer,2.0,0.0,92.0,Departmental_road,Bidirectional,Unknown,Flat,Straight,Normal,Unknown,On_road,Not_near_school,,,,,,,,,,,,,,,,,,,Not a holiday,0
5706,201600003739,2016,9,22,Daylight,Out_of_agglomeration,Out_of_intersection,Normal,Other_collision,Manual_entry,,,False,2016-09-22,8,0,08:00,Morning,False,Autumn,2.0,0.0,50.0,Departmental_road,Bidirectional,Unknown,Flat,S-bend,Normal,Unknown,On_road,Not_near_school,,,,,,,,,,,,,,,,,,,Not a holiday,0
5707,201600003740,2016,9,18,Daylight,Out_of_agglomeration,Out_of_intersection,Normal,Other_collision,Manual_entry,,,False,2016-09-18,11,0,11:00,Morning,True,Autumn,2.0,0.0,54.0,Departmental_road,Bidirectional,Unknown,Slope,Straight,Normal,Unknown,On_road,Unknown,,,,,,,,,,,,,,,,,,,Not a holiday,0
5708,201600003741,2016,8,6,Daylight,Out_of_agglomeration,Out_of_intersection,Normal,Frontal_two_vehicles,Manual_entry,1.8969,43.45518,True,2016-08-06,11,15,11:15,Morning,True,Summer,1.0,0.0,44.0,Departmental_road,Unknown,Unknown,Hill_bottom,Curve_right,Normal,Unknown,On_road,Not_near_school,,,,,,,,,,,,,,,,,,,Not a holiday,0
5709,201600003742,2016,3,18,Daylight,Out_of_agglomeration,Intersection_X,Normal,Side_two_vehicles,Manual_entry,1.50054,43.41818,True,2016-03-18,16,45,16:45,Afternoon,False,Spring,2.0,0.0,61.0,Departmental_road,Bidirectional,Unknown,Flat,Straight,Normal,Roundabout,On_road,Unknown,,,,,,,,,,,,,,,,,,,Not a holiday,0
5710,201600003743,2016,6,22,Daylight,Out_of_agglomeration,Intersection_X,Normal,Side_two_vehicles,Manual_entry,1.57775,43.4774,True,2016-06-22,19,0,19:00,Evening,False,Summer,2.0,0.0,65.0,Departmental_road,Bidirectional,Unknown,Flat,Straight,Normal,Roundabout,On_road,Unknown,,,,,,,,,,,,,,,,,,,Not a holiday,0
5711,201600003744,2016,10,29,Daylight,Built_up_area,Intersection_T,Dazzling,Chain_three_plus,Manual_entry,1.57577,43.45889,True,2016-10-29,12,50,12:50,Afternoon,True,Autumn,2.0,9.0,15.0,Departmental_road,Bidirectional,Unknown,Flat,Unknown,Normal,Unknown,Unknown,Unknown,,,,,,,,,,,,,,,,,,,Not a holiday,0
5712,201600003745,2016,11,10,Daylight,Built_up_area,Out_of_intersection,Light_rain,Other_collision,Manual_entry,1.59997,43.44273,True,2016-11-10,13,20,13:20,Afternoon,False,Autumn,2.0,0.0,106.0,Departmental_road,Bidirectional,Unknown,Flat,Curve_left,Wet,Unknown,On_road,Unknown,,,,,,,,,,,,,,,,,,,Not a holiday,0
5713,201600003746,2016,12,5,Night_without_public_lighting,Out_of_agglomeration,Out_of_intersection,Normal,Other_collision,Manual_entry,1.58224,43.47376,True,2016-12-05,18,20,18:20,Evening,False,Winter,2.0,0.0,64.0,Departmental_road,Bidirectional,Unknown,Slope,Straight,Normal,Unknown,On_road,Unknown,,,,,,,,,,,,,,,,,,,Not a holiday,0
5714,201600003747,2016,1,8,Night_without_public_lighting,Out_of_agglomeration,Intersection_X,Normal,Side_two_vehicles,Manual_entry,2.02821,43.48506,True,2016-01-08,18,30,18:30,Evening,False,Winter,2.0,72.0,0.0,Departmental_road,Bidirectional,Unknown,Hilltop,Straight,Normal,Unknown,On_road,Unknown,,,,,,,,,,,,,,,,,,,Not a holiday,0
5715,201600003748,2016,5,30,Daylight,Out_of_agglomeration,Out_of_intersection,Normal,Frontal_two_vehicles,Manual_entry,1.9444,43.4462,True,2016-05-30,18,15,18:15,Evening,False,Spring,2.0,64.0,0.0,Departmental_road,Bidirectional,Unknown,Flat,Straight,Normal,Unknown,On_road,Not_near_school,,,,,,,,,,,,,,,,,,,Not a holiday,0
5716,201600003749,2016,7,24,Daylight,Built_up_area,Out_of_intersection,Normal,Other_collision,Manual_entry,2.00965,43.4667,True,2016-07-24,16,15,16:15,Afternoon,True,Summer,0.0,0.0,72.0,Departmental_road,Bidirectional,Unknown,Flat,Straight,Normal,Unknown,On_verge,Not_near_school,,,,,,,,,,,,,,,,,,,Not a holiday,0
5717,201600003750,2016,8,27,Daylight,Out_of_agglomeration,Out_of_intersection,Normal,Other_collision,Manual_entry,,,False,2016-08-27,7,45,07:45,Morning,True,Summer,2.0,64.0,0.0,Departmental_road,Bidirectional,Unknown,Flat,Straight,Normal,Unknown,On_verge,Unknown,,,,,,,,,,,,,,,,,,,Not a holiday,0
5718,201600003751,2016,9,29,Night_without_public_lighting,Out_of_agglomeration,Out_of_intersection,Normal,No_collision,Manual_entry,1.95084,43.4284,True,2016-09-29,21,0,21:00,Night,False,Autumn,2.0,0.0,40.0,Departmental_road,Bidirectional,Unknown,Flat,Straight,Normal,Unknown,On_road,Unknown,,,,,,,,,,,,,,,,,,,Not a holiday,0
5719,201600003752,2016,5,6,Daylight,Out_of_agglomeration,Out_of_intersection,Normal,Multiple_three_plus,Manual_entry,1.35508,43.00412,True,2016-05-06,10,0,10:00,Morning,False,Spring,2.0,0.0,94.0,Departmental_road,Bidirectional,Unknown,Flat,Straight,Normal,Unknown,On_road,Unknown,,,,,,,,,,,,,,,,,,,Not a holiday,0
5720,201600003753,2016,5,21,Night_without_public_lighting,Out_of_agglomeration,Out_of_intersection,Normal,No_collision,Manual_entry,1.36737,43.01072,True,2016-05-21,4,45,04:45,Night,True,Spring,2.0,0.0,95.0,Departmental_road,Bidirectional,Unknown,Flat,Straight,Normal,Unknown,Unknown,Unknown,,,,,,,,,,,,,,,,,,,Not a holiday,0
5721,201600003754,2016,6,2,Twilight_or_dawn,Out_of_agglomeration,Out_of_intersection,Light_rain,No_collision,Manual_entry,1.38926,43.01765,True,2016-06-02,8,30,08:30,Morning,False,Summer,2.0,0.0,74.0,Departmental_road,Bidirectional,Unknown,Flat,Straight,Wet,Unknown,On_verge,Not_near_school,,,,,,,,,,,,,,,,,,,Not a holiday,0
5722,201600003755,2016,8,13,Daylight,Out_of_agglomeration,Out_of_intersection,Normal,Frontal_two_vehicles,Manual_entry,1.55841,42.98803,True,2016-08-13,7,30,07:30,Morning,True,Summer,0.0,0.0,74.0,Departmental_road,Bidirectional,Unknown,Slope,Curve_left,Normal,Unknown,On_road,Not_near_school,,,,,,,,,,,,,,,,,,,Not a holiday,0
5723,201600003756,2016,10,13,Daylight,Built_up_area,Out_of_intersection,Normal,No_collision,Manual_entry,1.56346,42.94641,True,2016-10-13,12,0,12:00,Afternoon,False,Autumn,0.0,30.0,0.0,Communal_way,One_way,Unknown,Slope,Straight,Other,Unknown,On_road,Near_school,,,,,,,,,,,,,,,,,,,Not a holiday,0
5724,201600003757,2016,10,18,Daylight,Out_of_agglomeration,Out_of_intersection,Cloudy,No_collision,Manual_entry,1.5482,42.96386,True,2016-10-18,10,30,10:30,Morning,False,Autumn,2.0,0.0,70.0,Departmental_road,Bidirectional,Unknown,Flat,Straight,Wet,Unknown,On_road,Unknown,,,,,,,,,,,,,,,,,,,Not a holiday,0
5725,201600003758,2016,10,28,Daylight,Out_of_agglomeration,Out_of_intersection,Normal,Other_collision,Manual_entry,1.25156,42.99045,True,2016-10-28,11,0,11:00,Morning,False,Autumn,2.0,0.0,35.0,Communal_way,Bidirectional,Unknown,Slope,S-bend,Normal,Unknown,On_road,Unknown,,,,,,,,,,,,,,,,,,,Not a holiday,0
5726,201600003759,2016,11,26,Daylight,Out_of_agglomeration,Out_of_intersection,Normal,Frontal_two_vehicles,Manual_entry,1.5221,42.97265,True,2016-11-26,16,0,16:00,Afternoon,True,Autumn,0.0,0.0,41.0,Departmental_road,Bidirectional,Unknown,Slope,Straight,Normal,Unknown,On_road,Not_near_school,,,,,,,,,,,,,,,,,,,Not a holiday,0
5727,201600003760,2016,12,8,Twilight_or_dawn,Out_of_agglomeration,Out_of_intersection,Normal,Side_two_vehicles,Manual_entry,1.30898,42.99629,True,2016-12-08,17,15,17:15,Evening,False,Winter,2.0,0.0,80.0,Departmental_road,Bidirectional,Unknown,Hilltop,Straight,Normal,Unknown,On_road,Unknown,,,,,,,,,,,,,,,,,,,Not a holiday,0
5728,201600003761,2016,12,22,Night_with_public_lighting_on,Built_up_area,Out_of_intersection,Light_rain,No_collision,Manual_entry,1.56473,42.94679,True,2016-12-22,18,30,18:30,Evening,False,Winter,2.0,0.0,75.0,Departmental_road,Bidirectional,Unknown,Flat,Straight,Wet,Unknown,On_road,Not_near_school,,,,,,,,,,,,,,,,,,,Not a holiday,0
5729,201600003762,2016,1,21,Daylight,Built_up_area,Out_of_intersection,Normal,Side_two_vehicles,Manual_entry,1.86571,42.96748,True,2016-01-21,13,30,13:30,Afternoon,False,Winter,2.0,0.0,0.0,Departmental_road,Bidirectional,Unknown,Flat,Straight,Normal,Roundabout,On_road,Near_school,,,,,,,,,,,,,,,,,,,Not a holiday,0
5730,201600003763,2016,3,19,Night_without_public_lighting,Out_of_agglomeration,Out_of_intersection,Normal,Side_two_vehicles,Manual_entry,1.85937,42.94801,True,2016-03-19,22,45,22:45,Night,True,Spring,2.0,70.0,0.0,Departmental_road,Bidirectional,Unknown,Slope,Curve_left,Normal,Unknown,On_road,Not_near_school,,,,,,,,,,,,,,,,,,,Not a holiday,0
5731,201600003764,2016,4,21,Daylight,Out_of_agglomeration,Out_of_intersection,Light_rain,Other_collision,Manual_entry,1.7926,42.99001,True,2016-04-21,15,15,15:15,Afternoon,False,Spring,2.0,0.0,50.0,Departmental_road,Bidirectional,Unknown,Flat,Curve_right,Wet,Unknown,On_road,Unknown,,,,,,,,,,,,,,,,,,,Not a holiday,0
5732,201600003765,2016,7,16,Daylight,Built_up_area,Out_of_intersection,Normal,Multiple_three_plus,Manual_entry,1.85621,42.94238,True,2016-07-16,17,0,17:00,Evening,True,Summer,0.0,0.0,80.0,Departmental_road,Bidirectional,Unknown,Flat,Straight,Normal,Unknown,On_road,Unknown,,,,,,,,,,,,,,,,,,,Not a holiday,0
5733,201600003766,2016,11,2,Daylight,Out_of_agglomeration,Out_of_intersection,Normal,Rear_end_two_vehicles,Manual_entry,1.85148,42.93163,True,2016-11-02,12,0,12:00,Afternoon,False,Autumn,2.0,0.0,0.0,Departmental_road,Bidirectional,Unknown,Flat,Unknown,Unknown,Unknown,Unknown,Not_near_school,,,,,,,,,,,,,,,,,,,Not a holiday,0
5734,201600003767,2016,12,6,Daylight,Out_of_agglomeration,Out_of_intersection,Normal,Other_collision,Manual_entry,1.77178,42.96747,True,2016-12-06,9,0,09:00,Morning,False,Winter,1.0,0.0,0.0,Departmental_road,Bidirectional,Unknown,Flat,Curve_left,Other,Unknown,On_road,Not_near_school,,,,,,,,,,,,,,,,,,,Not a holiday,0
5735,201600003768,2016,2,25,Daylight,Out_of_agglomeration,Out_of_intersection,Light_rain,Frontal_two_vehicles,Manual_entry,1.62294,42.88311,True,2016-02-25,9,45,09:45,Morning,False,Winter,4.0,0.0,70.0,National_road,Separated_carriageways,Unknown,Flat,Curve_left,Oil,Unknown,On_emergency_stop_band,Not_near_school,,,,,,,,,,,,,,,,,,,Not a holiday,0
5736,201600003769,2016,4,4,Daylight,Built_up_area,Out_of_intersection,Normal,Other_collision,Manual_entry,1.59017,42.808,True,2016-04-04,19,0,19:00,Evening,False,Spring,0.0,0.0,0.0,Departmental_road,Bidirectional,Unknown,Flat,Curve_right,Normal,Unknown,On_road,Unknown,,,,,,,,,,,,,,,,,,,Not a holiday,0
5737,201600003770,2016,7,18,Daylight,Out_of_agglomeration,Out_of_intersection,Normal,Other_collision,Manual_entry,1.59877,42.86047,True,2016-07-18,17,30,17:30,Evening,False,Summer,2.0,0.0,0.0,National_road,Separated_carriageways,Unknown,Flat,Straight,Normal,Unknown,On_road,Unknown,,,,,,,,,,,,,,,,,,,Not a holiday,0
5738,201600003771,2016,6,19,Daylight,Out_of_agglomeration,Out_of_intersection,Normal,Other_collision,Manual_entry,1.6051,42.8627,True,2016-06-19,7,45,07:45,Morning,True,Summer,2.0,0.0,53.0,Departmental_road,Bidirectional,Bike_path,Slope,Curve_left,Wet,Unknown,On_verge,Not_near_school,,,,,,,,,,,,,,,,,,,Not a holiday,0
5739,201600003772,2016,8,3,Night_without_public_lighting,Out_of_agglomeration,Out_of_intersection,Normal,No_collision,Manual_entry,1.50216,42.76687,True,2016-08-03,0,15,00:15,Night,False,Summer,0.0,0.0,0.0,Departmental_road,Bidirectional,Unknown,Slope,Straight,Normal,Unknown,On_road,Unknown,,,,,,,,,,,,,,,,,,,Not a holiday,0
5740,201600003773,2016,9,16,Daylight,Out_of_agglomeration,Out_of_intersection,Normal,Other_collision,Manual_entry,1.63531,42.90109,True,2016-09-16,15,0,15:00,Afternoon,False,Autumn,2.0,0.0,48.0,Departmental_road,Bidirectional,Unknown,Slope,S-bend,Normal,Unknown,On_road,Not_near_school,,,,,,,,,,,,,,,,,,,Not a holiday,0