,accident_id,year,month,day,lighting_label,urban_label,intersection_label,weather_label,collision_label,gps_label,longitude_num,latitude_num,valid_geo,date,hour,minute,time_hhmm,time_of_day,is_weekend,season,num_lanes,pedestrian_crossing_width,road_width,road_category_label,traffic_regime_label,reserved_lane_label,road_profile_label,road_layout_label,surface_condition_label,infrastructure_label,situation_label,school_zone_label,vehicle_id,traffic_direction_label,vehicle_category_label,mobile_obstacle_label,impact_point_label,manoeuvre_label,occupants_group,birth_year,sex_label,user_category_label,injury_severity_label,seat_position_label,journey_purpose_label,pedestrian_location_label,pedestrian_action_label,pedestrian_state_label,safety_equipment_type,safety_equipment_usage,holiday_name,is_holiday
5741,201600003774,2016,9,17,Night_without_public_lighting,Out_of_agglomeration,Out_of_intersection,Light_rain,No_collision,Manual_entry,1.6236,42.88412,True,2016-09-17,23,45,23:45,Night,True,Autumn,2.0,0.0,0.0,National_road,Separated_carriageways,Unknown,Flat,Curve_right,Wet,Unknown,On_road,Unknown,,,,,,,,,,,,,,,,,,,Not a holiday,0
5742,201600003775,2016,11,19,Twilight_or_dawn,Out_of_agglomeration,Out_of_intersection,Normal,No_collision,Manual_entry,1.65101,42.84612,True,2016-11-19,18,15,18:15,Evening,True,Autumn,2.0,0.0,30.0,Communal_way,Bidirectional,Unknown,Unknown,Curve_right,Normal,Unknown,On_road,Not_near_school,,,,,,,,,,,,,,,,,,,Not a holiday,0
5743,201600003776,2016,2,20,Night_without_public_lighting,Out_of_agglomeration,Out_of_intersection,Normal,No_collision,Manual_entry,1.6424,43.04532,True,2016-02-20,3,45,03:45,Night,True,Winter,0.0,0.0,50.0,Communal_way,Bidirectional,Unknown,Flat,Curve_right,Normal,Unknown,On_road,Unknown,,,,,,,,,,,,,,,,,,,Not a holiday,0
5744,201600003777,2016,4,16,Daylight,Built_up_area,Out_of_intersection,Normal,Side_two_vehicles,Manual_entry,1.63377,43.08114,True,2016-04-16,9,0,09:00,Morning,True,Spring,2.0,0.0,55.0,Departmental_road,Bidirectional,Unknown,Flat,Straight,Normal,Unknown,On_road,Not_near_school,,,,,,,,,,,,,,,,,,,Not a holiday,0
5745,201600003778,2016,4,20,Twilight_or_dawn,Out_of_agglomeration,Out_of_intersection,Normal,No_collision,Manual_entry,1.57551,43.2353,True,2016-04-20,19,30,19:30,Evening,False,Spring,0.0,0.0,52.0,Departmental_road,Bidirectional,Unknown,Flat,Straight,Normal,Unknown,On_road,Unknown,,,,,,,,,,,,,,,,,,,Not a holiday,0
5746,201600003779,2016,9,6,Daylight,Built_up_area,Out_of_intersection,Normal,Frontal_two_vehicles,Manual_entry,1.62756,43.7543,True,2016-09-06,12,15,12:15,Afternoon,False,Autumn,0.0,0.0,0.0,Communal_way,Bidirectional,Unknown,Flat,Straight,Normal,Unknown,On_road,Not_near_school,,,,,,,,,,,,,,,,,,,Not a holiday,0
5747,201600003780,2016,10,10,Daylight,Built_up_area,Place,Normal,Other_collision,Manual_entry,1.60009,43.16424,True,2016-10-10,17,45,17:45,Evening,False,Autumn,0.0,0.0,0.0,other,Unknown,Unknown,Unknown,Straight,Normal,Unknown,On_road,Not_near_school,,,,,,,,,,,,,,,,,,,Not a holiday,0
5748,201600003781,2016,12,15,Daylight,Out_of_agglomeration,Out_of_intersection,Normal,Other_collision,Manual_entry,1.60274,43.16895,True,2016-12-15,8,30,08:30,Morning,False,Winter,2.0,0.0,50.0,Departmental_road,Bidirectional,Unknown,Flat,Straight,Normal,Unknown,On_verge,Unknown,,,,,,,,,,,,,,,,,,,Not a holiday,0
5749,201600003782,2016,1,6,Night_without_public_lighting,Out_of_agglomeration,Out_of_intersection,Normal,Frontal_two_vehicles,Manual_entry,1.25352,43.17611,True,2016-01-06,18,0,18:00,Evening,False,Winter,2.0,0.0,63.0,Departmental_road,Bidirectional,Unknown,Flat,Straight,Normal,Unknown,On_road,Not_near_school,,,,,,,,,,,,,,,,,,,Not a holiday,0
5750,201600003783,2016,3,19,Twilight_or_dawn,Out_of_agglomeration,Out_of_intersection,Normal,Other_collision,Manual_entry,1.85925,42.9486,True,2016-03-19,6,30,06:30,Morning,True,Spring,0.0,0.0,50.0,Departmental_road,Bidirectional,Unknown,Hill_bottom,Curve_right,Normal,Unknown,On_verge,Not_near_school,,,,,,,,,,,,,,,,,,,Not a holiday,0
5751,201600003784,2016,5,11,Night_without_public_lighting,Built_up_area,Out_of_intersection,Normal,Other_collision,Manual_entry,1.44028,43.10615,True,2016-05-11,23,0,23:00,Night,False,Spring,0.0,0.0,67.0,Departmental_road,Bidirectional,Unknown,Slope,Straight,Normal,Unknown,On_verge,Unknown,,,,,,,,,,,,,,,,,,,Not a holiday,0
5752,201600003785,2016,8,3,Daylight,Out_of_agglomeration,Out_of_intersection,Normal,No_collision,Manual_entry,1.37039,43.25438,True,2016-08-03,11,0,11:00,Morning,False,Summer,1.0,0.0,34.0,Communal_way,Bidirectional,Unknown,Hill_bottom,Curve_left,Normal,Bridge,On_road,Unknown,,,,,,,,,,,,,,,,,,,Not a holiday,0
5753,201600003786,2016,10,22,Daylight,Out_of_agglomeration,Out_of_intersection,Strong_wind_or_storm,No_collision,Manual_entry,1.34694,43.26295,True,2016-10-22,10,30,10:30,Morning,True,Autumn,0.0,0.0,50.0,Departmental_road,Bidirectional,Unknown,Flat,Straight,Normal,Unknown,On_road,Unknown,,,,,,,,,,,,,,,,,,,Not a holiday,0
5754,201600003787,2016,11,10,Twilight_or_dawn,Out_of_agglomeration,Out_of_intersection,Normal,Side_two_vehicles,Manual_entry,1.38266,43.2096,True,2016-11-10,18,15,18:15,Evening,False,Autumn,2.0,0.0,60.0,Departmental_road,Bidirectional,Unknown,Unknown,Straight,Normal,Unknown,On_road,Unknown,,,,,,,,,,,,,,,,,,,Not a holiday,0
5755,201600003788,2016,12,31,Daylight,Out_of_agglomeration,Out_of_intersection,Normal,Rear_end_two_vehicles,Manual_entry,1.44149,43.12221,True,2016-12-31,16,0,16:00,Afternoon,True,Winter,2.0,0.0,60.0,Departmental_road,Bidirectional,Unknown,Flat,Straight,Normal,Unknown,On_road,Not_near_school,,,,,,,,,,,,,,,,,,,Not a holiday,0
5756,201600003789,2016,1,3,Night_without_public_lighting,Out_of_agglomeration,Out_of_intersection,Normal,Other_collision,Manual_entry,1.66726,43.24319,True,2016-01-03,0,1,00:01,Night,True,Winter,2.0,0.0,58.0,Departmental_road,Bidirectional,Unknown,Unknown,Straight,Normal,Unknown,On_verge,Unknown,,,,,,,,,,,,,,,,,,,Not a holiday,0
5757,201600003790,2016,4,7,Daylight,Out_of_agglomeration,Out_of_intersection,Normal,Other_collision,Manual_entry,1.67782,43.25139,True,2016-04-07,12,0,12:00,Afternoon,False,Spring,0.0,0.0,0.0,Departmental_road,One_way,Unknown,Flat,Straight,Normal,Unknown,On_road,Unknown,,,,,,,,,,,,,,,,,,,Not a holiday,0
5758,201600003791,2016,4,13,Daylight,Built_up_area,Intersection_T,Normal,Side_two_vehicles,Manual_entry,1.57,43.237,True,2016-04-13,11,15,11:15,Morning,False,Spring,0.0,0.0,88.0,Departmental_road,Bidirectional,Unknown,Unknown,Straight,Normal,Unknown,On_road,Not_near_school,,,,,,,,,,,,,,,,,,,Not a holiday,0
5759,201600003792,2016,4,22,Daylight,Out_of_agglomeration,Intersection_T,Normal,Side_two_vehicles,Manual_entry,1.61107,43.18763,True,2016-04-22,19,45,19:45,Evening,False,Spring,0.0,0.0,0.0,Departmental_road,Bidirectional,Unknown,Unknown,Straight,Normal,Unknown,On_road,Unknown,,,,,,,,,,,,,,,,,,,Not a holiday,0
5760,201600003793,2016,5,14,Night_without_public_lighting,Out_of_agglomeration,Out_of_intersection,Light_rain,Other_collision,Manual_entry,1.65031,43.21178,True,2016-05-14,1,30,01:30,Night,True,Spring,0.0,0.0,28.0,Communal_way,Bidirectional,Unknown,Unknown,Unknown,Wet,Unknown,On_verge,Unknown,,,,,,,,,,,,,,,,,,,Not a holiday,0
5761,201600003794,2016,5,26,Night_without_public_lighting,Out_of_agglomeration,Roundabout,Normal,Other_collision,Manual_entry,1.60912,43.20377,True,2016-05-26,4,15,04:15,Night,False,Spring,0.0,0.0,0.0,Departmental_road,Bidirectional,Unknown,Unknown,Unknown,Normal,Roundabout,On_road,Unknown,,,,,,,,,,,,,,,,,,,Not a holiday,0
5762,201600003795,2016,6,25,Daylight,Out_of_agglomeration,Out_of_intersection,Normal,No_collision,Manual_entry,1.6425,43.22399,True,2016-06-25,9,0,09:00,Morning,True,Summer,2.0,0.0,65.0,Departmental_road,Bidirectional,Unknown,Hill_bottom,Curve_right,Other,Unknown,On_verge,Unknown,,,,,,,,,,,,,,,,,,,Not a holiday,0
5763,201600003796,2016,7,24,Night_without_public_lighting,Out_of_agglomeration,Out_of_intersection,Normal,Other_collision,Manual_entry,1.61191,43.1801,True,2016-07-24,2,15,02:15,Night,True,Summer,0.0,0.0,27.0,Communal_way,Bidirectional,Unknown,Flat,Straight,Normal,Unknown,On_road,Not_near_school,,,,,,,,,,,,,,,,,,,Not a holiday,0
5764,201600003797,2016,8,5,Daylight,Out_of_agglomeration,Out_of_intersection,Normal,Other_collision,Manual_entry,1.67563,43.25259,True,2016-08-05,10,30,10:30,Morning,False,Summer,0.0,0.0,60.0,other,Bidirectional,Unknown,Flat,Straight,Normal,Roundabout,On_road,Near_school,,,,,,,,,,,,,,,,,,,Not a holiday,0
5765,201600003798,2016,8,7,Daylight,Out_of_agglomeration,Out_of_intersection,Normal,No_collision,Manual_entry,1.62082,43.23982,True,2016-08-07,10,15,10:15,Morning,True,Summer,0.0,81.0,48.0,Departmental_road,Bidirectional,Unknown,Flat,Straight,Normal,Unknown,On_verge,Not_near_school,,,,,,,,,,,,,,,,,,,Not a holiday,0
5766,201600003799,2016,8,6,Daylight,Out_of_agglomeration,Out_of_intersection,Normal,Frontal_two_vehicles,Manual_entry,1.60774,43.21401,True,2016-08-06,10,45,10:45,Morning,True,Summer,2.0,0.0,74.0,Departmental_road,Bidirectional,Unknown,Flat,Straight,Normal,Unknown,On_road,Unknown,,,,,,,,,,,,,,,,,,,Not a holiday,0
5767,201600003800,2016,8,29,Twilight_or_dawn,Out_of_agglomeration,Out_of_intersection,Normal,Frontal_two_vehicles,Manual_entry,1.55875,43.26127,True,2016-08-29,7,0,07:00,Morning,False,Summer,2.0,0.0,74.0,Departmental_road,Bidirectional,Unknown,Flat,Straight,Normal,Unknown,On_road,Near_school,,,,,,,,,,,,,,,,,,,Not a holiday,0
5768,201600003801,2016,12,12,Night_with_public_lighting_on,Out_of_agglomeration,Roundabout,Normal,No_collision,Manual_entry,1.56525,42.253,True,2016-12-12,0,30,00:30,Night,False,Winter,0.0,0.0,0.0,Departmental_road,Bidirectional,Unknown,Unknown,Straight,Normal,Roundabout,On_road,Unknown,,,,,,,,,,,,,,,,,,,Not a holiday,0
5769,201600003802,2016,1,25,Night_with_public_lighting_on,Built_up_area,Out_of_intersection,Normal,Other_collision,Manual_entry,1.08033,42.95452,True,2016-01-25,5,15,05:15,Morning,False,Winter,1.0,28.0,0.0,Departmental_road,Separated_carriageways,Unknown,Flat,Curve_left,Normal,Unknown,On_sidewalk,Not_near_school,,,,,,,,,,,,,,,,,,,Not a holiday,0
5770,201600003803,2016,3,3,Daylight,Out_of_agglomeration,Out_of_intersection,Heavy_rain,Side_two_vehicles,Manual_entry,1.16912,42.96785,True,2016-03-03,8,30,08:30,Morning,False,Spring,2.0,0.0,0.0,Departmental_road,Bidirectional,Unknown,Unknown,Straight,Wet,Roundabout,On_road,Not_near_school,,,,,,,,,,,,,,,,,,,Not a holiday,0
5771,201600003804,2016,4,14,Daylight,Out_of_agglomeration,Intersection_T,Normal,Side_two_vehicles,Manual_entry,,,False,2016-04-14,13,0,13:00,Afternoon,False,Spring,2.0,0.0,0.0,Communal_way,Bidirectional,Unknown,Unknown,Straight,Unknown,Unknown,Unknown,Unknown,,,,,,,,,,,,,,,,,,,Not a holiday,0
5772,201600003805,2016,6,20,Daylight,Built_up_area,Out_of_intersection,Normal,Rear_end_two_vehicles,Manual_entry,1.13861,42.99784,True,2016-06-20,17,45,17:45,Evening,False,Summer,2.0,0.0,75.0,Departmental_road,Bidirectional,Unknown,Flat,Straight,Normal,Unknown,On_road,Near_school,,,,,,,,,,,,,,,,,,,Not a holiday,0
5773,201600003806,2016,10,1,Daylight,Built_up_area,Out_of_intersection,Normal,Rear_end_two_vehicles,Manual_entry,1.19325,43.06865,True,2016-10-01,14,0,14:00,Afternoon,True,Autumn,2.0,0.0,68.0,Departmental_road,Bidirectional,Unknown,Flat,Curve_right,Normal,Unknown,On_road,Unknown,,,,,,,,,,,,,,,,,,,Not a holiday,0
5774,201600003807,2016,10,20,Daylight,Out_of_agglomeration,Out_of_intersection,Light_rain,No_collision,Manual_entry,1.29713,42.83225,True,2016-10-20,18,30,18:30,Evening,False,Autumn,0.0,0.0,53.0,Departmental_road,Bidirectional,Unknown,Flat,Curve_left,Wet,Unknown,On_verge,Unknown,,,,,,,,,,,,,,,,,,,Not a holiday,0
5775,201600003808,2016,1,1,Daylight,Out_of_agglomeration,Out_of_intersection,Normal,Side_two_vehicles,Manual_entry,1.07756,43.03342,True,2016-01-01,11,15,11:15,Morning,False,Winter,2.0,0.0,70.0,Departmental_road,Bidirectional,Unknown,Unknown,Straight,Wet,Unknown,On_road,Unknown,,,,,,,,,,,,,,,,,,,New year,1
5776,201600003809,2016,4,28,Daylight,Out_of_agglomeration,Out_of_intersection,Normal,Other_collision,Manual_entry,1.19863,43.09531,True,2016-04-28,20,30,20:30,Evening,False,Spring,0.0,75.0,82.0,Departmental_road,Bidirectional,Unknown,Unknown,Curve_right,Normal,Bridge,On_road,Unknown,,,,,,,,,,,,,,,,,,,Not a holiday,0
5777,201600003810,2016,5,9,Daylight,Out_of_agglomeration,Out_of_intersection,Normal,Frontal_two_vehicles,Manual_entry,1.17143,43.11812,True,2016-05-09,15,15,15:15,Afternoon,False,Spring,2.0,0.0,59.0,Departmental_road,Bidirectional,Unknown,Slope,Straight,Normal,Unknown,On_road,Not_near_school,,,,,,,,,,,,,,,,,,,Not a holiday,0
5778,201600003811,2016,10,3,Night_with_public_lighting_on,Out_of_agglomeration,Out_of_intersection,Normal,Frontal_two_vehicles,Manual_entry,1.08534,43.02942,True,2016-10-03,20,45,20:45,Evening,False,Autumn,2.0,67.0,0.0,Departmental_road,Bidirectional,Unknown,Unknown,Straight,Unknown,Unknown,On_road,Not_near_school,,,,,,,,,,,,,,,,,,,Not a holiday,0
5779,201600003812,2016,9,30,Daylight,Out_of_agglomeration,Out_of_intersection,Dazzling,Rear_end_two_vehicles,Manual_entry,1.20802,43.08954,True,2016-09-30,17,15,17:15,Evening,False,Autumn,2.0,0.0,50.0,Departmental_road,Bidirectional,Unknown,Slope,Straight,Normal,Unknown,On_road,Unknown,,,,,,,,,,,,,,,,,,,Not a holiday,0
5780,201600003813,2016,11,1,Daylight,Out_of_agglomeration,Intersection_T,Normal,Side_two_vehicles,Manual_entry,0.99734,43.03621,True,2016-11-01,15,0,15:00,Afternoon,False,Autumn,2.0,0.0,125.0,Departmental_road,Bidirectional,Unknown,Flat,Straight,Normal,Roundabout,On_road,Not_near_school,,,,,,,,,,,,,,,,,,,All Saints Day,1
5781,201600003814,2016,3,2,Daylight,Built_up_area,Intersection_T,Normal,Side_two_vehicles,Manual_entry,3.40378,49.04099,True,2016-03-02,10,8,10:08,Morning,False,Spring,2.0,0.0,0.0,Communal_way,Bidirectional,Unknown,Flat,Straight,Wet,Unknown,On_road,Near_school,,,,,,,,,,,,,,,,,,,Not a holiday,0
5782,201600003815,2016,6,7,Daylight,Built_up_area,Out_of_intersection,Normal,Other_collision,Manual_entry,3.38266,49.05923,True,2016-06-07,7,45,07:45,Morning,False,Summer,2.0,0.0,0.0,Communal_way,Bidirectional,Unknown,Unknown,Unknown,Normal,Unknown,On_road,Unknown,,,,,,,,,,,,,,,,,,,Not a holiday,0
5783,201600003816,2016,6,28,Night_without_public_lighting,Out_of_agglomeration,Out_of_intersection,Normal,No_collision,Manual_entry,3.36266,49.05216,True,2016-06-28,23,3,23:03,Night,False,Summer,0.0,0.0,77.0,Departmental_road,Unknown,Unknown,Slope,Curve_right,Normal,Unknown,Unknown,Not_near_school,,,,,,,,,,,,,,,,,,,Not a holiday,0
5784,201600003817,2016,9,29,Daylight,Out_of_agglomeration,Out_of_intersection,Normal,Side_two_vehicles,Manual_entry,,,False,2016-09-29,12,50,12:50,Afternoon,False,Autumn,1.0,37.0,49.0,Departmental_road,Separated_carriageways,Unknown,Slope,Straight,Normal,Unknown,On_road,Unknown,,,,,,,,,,,,,,,,,,,Not a holiday,0
5785,201600003818,2016,9,2,Daylight,Built_up_area,Place,Normal,Other_collision,Manual_entry,3.40111,49.04455,True,2016-09-02,11,38,11:38,Morning,False,Autumn,,,,Communal_way,Unknown,Unknown,Unknown,Unknown,Unknown,Pedestrian_area,On_road,Unknown,,,,,,,,,,,,,,,,,,,Not a holiday,0
5786,201600003819,2016,1,9,Daylight,Out_of_agglomeration,Out_of_intersection,Normal,Frontal_two_vehicles,Manual_entry,2.33031,44.4012,True,2016-01-09,14,21,14:21,Afternoon,True,Winter,2.0,0.0,170.0,Departmental_road,Bidirectional,Unknown,Flat,Curve_right,Normal,Unknown,On_road,Not_near_school,,,,,,,,,,,,,,,,,,,Not a holiday,0
5787,201600003820,2016,7,14,Daylight,Out_of_agglomeration,Out_of_intersection,Normal,Side_two_vehicles,Manual_entry,2.68969,44.3918,True,2016-07-14,15,25,15:25,Afternoon,False,Summer,0.0,0.0,70.0,National_road,Bidirectional,Unknown,Flat,Straight,Normal,Unknown,Unknown,Not_near_school,,,,,,,,,,,,,,,,,,,Bastille Day,1
5788,201600003821,2016,1,12,Daylight,Out_of_agglomeration,Intersection_X,Heavy_rain,Side_two_vehicles,Manual_entry,2.45216,44.3802,True,2016-01-12,10,25,10:25,Morning,False,Winter,2.0,20.0,318.0,Departmental_road,Bidirectional,Unknown,Flat,Straight,Wet,Roundabout,On_road,Unknown,,,,,,,,,,,,,,,,,,,Not a holiday,0
5789,201600003822,2016,6,14,Daylight,Out_of_agglomeration,Intersection_T,Light_rain,Side_two_vehicles,Manual_entry,2.60537,44.2885,True,2016-06-14,9,20,09:20,Morning,False,Summer,2.0,0.0,60.0,Departmental_road,Bidirectional,Unknown,Hill_bottom,Straight,Wet,Unknown,On_road,Unknown,,,,,,,,,,,,,,,,,,,Not a holiday,0
5790,201600003823,2016,7,14,Daylight,Out_of_agglomeration,Intersection_X,Cloudy,Side_two_vehicles,Manual_entry,2.3078,44.2509,True,2016-07-14,13,45,13:45,Afternoon,False,Summer,2.0,0.0,32.0,Departmental_road,Bidirectional,Unknown,Hilltop,Straight,Normal,Roundabout,On_road,Unknown,,,,,,,,,,,,,,,,,,,Bastille Day,1
5791,201600003824,2016,8,16,Night_without_public_lighting,Out_of_agglomeration,Out_of_intersection,Normal,Other_collision,Manual_entry,2.44072,44.2509,True,2016-08-16,0,30,00:30,Night,False,Summer,1.0,0.0,35.0,Communal_way,Unknown,Unknown,Slope,Curve_right,Normal,Unknown,On_road,Not_near_school,,,,,,,,,,,,,,,,,,,Not a holiday,0
5792,201600003825,2016,8,24,Daylight,Out_of_agglomeration,Intersection_X,Dazzling,Multiple_three_plus,Manual_entry,2.5733,44.4174,True,2016-08-24,19,0,19:00,Evening,False,Summer,2.0,0.0,60.0,Departmental_road,Bidirectional,Unknown,Slope,Straight,Normal,Roundabout,On_road,Unknown,,,,,,,,,,,,,,,,,,,Not a holiday,0
5793,201600003826,2016,10,27,Night_without_public_lighting,Out_of_agglomeration,Out_of_intersection,Normal,No_collision,Manual_entry,2.33681,44.3209,True,2016-10-27,21,40,21:40,Night,False,Autumn,2.0,0.0,75.0,Departmental_road,Bidirectional,Unknown,Slope,Straight,Normal,Unknown,On_road,Unknown,,,,,,,,,,,,,,,,,,,Not a holiday,0
5794,201600003827,2016,10,30,Daylight,Out_of_agglomeration,Out_of_intersection,Normal,Other_collision,Manual_entry,2.57411,44.29612,True,2016-10-30,8,45,08:45,Morning,True,Autumn,0.0,0.0,38.0,Communal_way,Unknown,Unknown,Slope,Straight,Normal,Unknown,On_road,Unknown,,,,,,,,,,,,,,,,,,,Not a holiday,0
5795,201600003828,2016,11,5,Night_without_public_lighting,Out_of_agglomeration,Out_of_intersection,Light_rain,Other_collision,Manual_entry,2.44133,44.259,True,2016-11-05,1,30,01:30,Night,True,Autumn,2.0,0.0,60.0,Departmental_road,Bidirectional,Unknown,Flat,Curve_right,Wet,Unknown,On_verge,Not_near_school,,,,,,,,,,,,,,,,,,,Not a holiday,0
5796,201600003829,2016,2,9,Twilight_or_dawn,Out_of_agglomeration,Out_of_intersection,Light_rain,No_collision,Manual_entry,2.55925,44.2758,True,2016-02-09,8,10,08:10,Morning,False,Winter,1.0,0.0,30.0,Communal_way,Bidirectional,Unknown,Flat,Straight,Wet,Unknown,On_verge,Unknown,,,,,,,,,,,,,,,,,,,Not a holiday,0
5797,201600003830,2016,3,26,Daylight,Out_of_agglomeration,Intersection_X,Normal,Side_two_vehicles,Manual_entry,2.50254,44.2864,True,2016-03-26,15,25,15:25,Afternoon,True,Spring,2.0,0.0,160.0,National_road,Bidirectional,Unknown,Slope,Straight,Normal,Roundabout,On_road,Unknown,,,,,,,,,,,,,,,,,,,Not a holiday,0
5798,201600003831,2016,5,17,Daylight,Built_up_area,Out_of_intersection,Normal,No_collision,Manual_entry,2.53244,44.1133,True,2016-05-17,11,0,11:00,Morning,False,Spring,2.0,0.0,30.0,Communal_way,Bidirectional,Unknown,Slope,Straight,Normal,Unknown,On_road,Unknown,,,,,,,,,,,,,,,,,,,Not a holiday,0
5799,201600003832,2016,7,23,Night_without_public_lighting,Out_of_agglomeration,Out_of_intersection,Normal,Other_collision,Manual_entry,2.5293,44.1884,True,2016-07-23,5,10,05:10,Morning,True,Summer,2.0,0.0,83.0,Departmental_road,Bidirectional,Unknown,Flat,Straight,Normal,Unknown,On_road,Unknown,,,,,,,,,,,,,,,,,,,Not a holiday,0
5800,201600003833,2016,8,4,Daylight,Out_of_agglomeration,Out_of_intersection,Normal,Multiple_three_plus,Manual_entry,2.5174,44.2857,True,2016-08-04,11,0,11:00,Morning,False,Summer,2.0,0.0,75.0,Departmental_road,Bidirectional,Unknown,Flat,Straight,Normal,Unknown,On_road,Unknown,,,,,,,,,,,,,,,,,,,Not a holiday,0
5801,201600003834,2016,9,9,Daylight,Out_of_agglomeration,Out_of_intersection,Normal,Frontal_two_vehicles,Manual_entry,2.58854,44.2228,True,2016-09-09,14,25,14:25,Afternoon,False,Autumn,1.0,0.0,36.0,Departmental_road,Bidirectional,Unknown,Flat,Straight,Normal,Unknown,On_road,Unknown,,,,,,,,,,,,,,,,,,,Not a holiday,0
5802,201600003835,2016,2,1,Twilight_or_dawn,Out_of_agglomeration,Out_of_intersection,Light_rain,Rear_end_two_vehicles,Manual_entry,2.22179,44.4264,True,2016-02-01,18,30,18:30,Evening,False,Winter,2.0,0.0,78.0,Departmental_road,Bidirectional,Unknown,Flat,Curve_right,Wet,Unknown,On_road,Not_near_school,,,,,,,,,,,,,,,,,,,Not a holiday,0
5803,201600003836,2016,3,15,Daylight,Out_of_agglomeration,Out_of_intersection,Normal,Multiple_three_plus,Manual_entry,2.35716,44.4009,True,2016-03-15,15,0,15:00,Afternoon,False,Spring,2.0,0.0,78.0,Departmental_road,Bidirectional,Unknown,Slope,Curve_right,Normal,Unknown,On_road,Not_near_school,,,,,,,,,,,,,,,,,,,Not a holiday,0
5804,201600003837,2016,3,27,Night_with_public_lighting_on,Built_up_area,Out_of_intersection,Cloudy,Other_collision,Manual_entry,2.35739,44.636,True,2016-03-27,1,20,01:20,Night,True,Spring,2.0,0.0,51.0,Departmental_road,Bidirectional,Unknown,Flat,Curve_left,Wet,Unknown,On_road,Not_near_school,,,,,,,,,,,,,,,,,,,Not a holiday,0
5805,201600003838,2016,5,22,Daylight,Out_of_agglomeration,Out_of_intersection,Heavy_rain,Frontal_two_vehicles,Manual_entry,2.22547,44.4265,True,2016-05-22,16,50,16:50,Afternoon,True,Spring,2.0,0.0,70.0,Departmental_road,Bidirectional,Unknown,Flat,Straight,Wet,Unknown,On_road,Not_near_school,,,,,,,,,,,,,,,,,,,Not a holiday,0
5806,201600003839,2016,5,26,Daylight,Out_of_agglomeration,Out_of_intersection,Normal,Other_collision,Manual_entry,2.37532,44.6272,True,2016-05-26,16,36,16:36,Afternoon,False,Spring,2.0,0.0,55.0,Communal_way,Bidirectional,Unknown,Slope,Curve_right,Normal,Unknown,On_road,Not_near_school,,,,,,,,,,,,,,,,,,,Not a holiday,0
5807,201600003840,2016,6,21,Night_without_public_lighting,Out_of_agglomeration,Out_of_intersection,Normal,Frontal_two_vehicles,Manual_entry,2.30918,44.4073,True,2016-06-21,22,55,22:55,Night,False,Summer,2.0,0.0,60.0,Communal_way,Bidirectional,Unknown,Flat,Straight,Normal,Unknown,On_road,Unknown,,,,,,,,,,,,,,,,,,,Not a holiday,0
5808,201600003841,2016,8,3,Daylight,Out_of_agglomeration,Out_of_intersection,Normal,Multiple_three_plus,Manual_entry,2.58032,44.4377,True,2016-08-03,11,45,11:45,Morning,False,Summer,2.0,0.0,67.0,Departmental_road,Bidirectional,Unknown,Flat,Straight,Normal,Unknown,On_road,Not_near_school,,,,,,,,,,,,,,,,,,,Not a holiday,0
5809,201600003842,2016,8,6,Daylight,Out_of_agglomeration,Out_of_intersection,Normal,Multiple_three_plus,Manual_entry,2.29211,44.4248,True,2016-08-06,18,15,18:15,Evening,True,Summer,2.0,0.0,51.0,Departmental_road,Bidirectional,Unknown,Flat,Curve_left,Normal,Unknown,On_road,Not_near_school,,,,,,,,,,,,,,,,,,,Not a holiday,0
5810,201600003843,2016,8,13,Daylight,Out_of_agglomeration,Out_of_intersection,Normal,Side_two_vehicles,Manual_entry,2.53749,44.4185,True,2016-08-13,10,45,10:45,Morning,True,Summer,2.0,0.0,63.0,Departmental_road,Bidirectional,Unknown,Flat,Straight,Unknown,Unknown,On_road,Unknown,,,,,,,,,,,,,,,,,,,Not a holiday,0
5811,201600003844,2016,10,24,Night_without_public_lighting,Out_of_agglomeration,Out_of_intersection,Cloudy,Other_collision,Manual_entry,2.44251,44.4329,True,2016-10-24,20,30,20:30,Evening,False,Autumn,1.0,0.0,80.0,Departmental_road,Bidirectional,Unknown,Slope,Curve_left,Wet,Unknown,On_road,Not_near_school,,,,,,,,,,,,,,,,,,,Not a holiday,0
5812,201600003845,2016,1,8,Daylight,Out_of_agglomeration,Out_of_intersection,Cloudy,Side_two_vehicles,Manual_entry,2.19301,44.4326,True,2016-01-08,16,30,16:30,Afternoon,False,Winter,2.0,0.0,112.0,Departmental_road,Bidirectional,Unknown,Flat,Straight,Normal,Roundabout,On_road,Unknown,,,,,,,,,,,,,,,,,,,Not a holiday,0
5813,201600003846,2016,3,18,Daylight,Out_of_agglomeration,Out_of_intersection,Normal,Multiple_three_plus,Manual_entry,2.25101,44.6111,True,2016-03-18,10,0,10:00,Morning,False,Spring,2.0,0.0,60.0,Departmental_road,Bidirectional,Unknown,Flat,Curve_left,Normal,Unknown,On_road,Not_near_school,,,,,,,,,,,,,,,,,,,Not a holiday,0
5814,201600003847,2016,4,18,Daylight,Out_of_agglomeration,Out_of_intersection,Normal,Other_collision,Manual_entry,2.25346,44.6114,True,2016-04-18,12,5,12:05,Afternoon,False,Spring,0.0,0.0,62.0,Departmental_road,Unknown,Unknown,Flat,Straight,Normal,Unknown,On_verge,Unknown,,,,,,,,,,,,,,,,,,,Not a holiday,0
5815,201600003848,2016,8,17,Daylight,Out_of_agglomeration,Out_of_intersection,Normal,Rear_end_two_vehicles,Manual_entry,2.19597,44.4377,True,2016-08-17,15,0,15:00,Afternoon,False,Summer,2.0,0.0,73.0,Departmental_road,Bidirectional,Unknown,Flat,Straight,Normal,Unknown,On_road,Not_near_school,,,,,,,,,,,,,,,,,,,Not a holiday,0