,accident_id,year,month,day,lighting_label,urban_label,intersection_label,weather_label,collision_label,gps_label,longitude_num,latitude_num,valid_geo,date,hour,minute,time_hhmm,time_of_day,is_weekend,season,num_lanes,pedestrian_crossing_width,road_width,road_category_label,traffic_regime_label,reserved_lane_label,road_profile_label,road_layout_label,surface_condition_label,infrastructure_label,situation_label,school_zone_label,vehicle_id,traffic_direction_label,vehicle_category_label,mobile_obstacle_label,impact_point_label,manoeuvre_label,occupants_group,birth_year,sex_label,user_category_label,injury_severity_label,seat_position_label,journey_purpose_label,pedestrian_location_label,pedestrian_action_label,pedestrian_state_label,safety_equipment_type,safety_equipment_usage,holiday_name,is_holiday
5816,201600003849,2016,1,10,Night_without_public_lighting,Out_of_agglomeration,Out_of_intersection,Heavy_rain,Other_collision,Manual_entry,2.73678,44.5325,True,2016-01-10,4,0,04:00,Night,True,Winter,2.0,0.0,0.0,Departmental_road,Bidirectional,Unknown,Flat,Curve_right,Wet,Unknown,On_verge,Unknown,,,,,,,,,,,,,,,,,,,Not a holiday,0
5817,201600003850,2016,1,14,Daylight,Out_of_agglomeration,Out_of_intersection,Light_rain,Other_collision,Manual_entry,2.64981,44.5759,True,2016-01-14,9,35,09:35,Morning,False,Winter,2.0,0.0,0.0,Departmental_road,Bidirectional,Unknown,Flat,Curve_right,Wet,Unknown,On_road,Unknown,,,,,,,,,,,,,,,,,,,Not a holiday,0
5818,201600003851,2016,8,10,Twilight_or_dawn,Out_of_agglomeration,Out_of_intersection,Dazzling,Rear_end_two_vehicles,Manual_entry,2.69705,44.4465,True,2016-08-10,7,15,07:15,Morning,False,Summer,3.0,0.0,111.0,Departmental_road,Bidirectional,Unknown,Slope,Straight,Normal,Unknown,On_road,Unknown,,,,,,,,,,,,,,,,,,,Not a holiday,0
5819,201600003852,2016,8,31,Daylight,Out_of_agglomeration,Out_of_intersection,Normal,Frontal_two_vehicles,Manual_entry,2.65227,44.3758,True,2016-08-31,8,30,08:30,Morning,False,Summer,2.0,0.0,85.0,National_road,Bidirectional,Cycle_bank,Flat,Curve_right,Normal,Unknown,On_road,Not_near_school,,,,,,,,,,,,,,,,,,,Not a holiday,0
5820,201600003853,2016,12,30,Night_without_public_lighting,Out_of_agglomeration,Out_of_intersection,Other,Frontal_two_vehicles,Manual_entry,2.69257,44.44588,True,2016-12-30,6,0,06:00,Morning,False,Winter,2.0,0.0,113.0,Departmental_road,Bidirectional,Unknown,Slope,Curve_right,Icy,Unknown,On_road,Not_near_school,,,,,,,,,,,,,,,,,,,Not a holiday,0
5821,201600003854,2016,7,30,Daylight,Out_of_agglomeration,Out_of_intersection,Light_rain,Frontal_two_vehicles,Manual_entry,2.79642,44.6028,True,2016-07-30,10,10,10:10,Morning,True,Summer,2.0,0.0,80.0,Departmental_road,Unknown,Unknown,Slope,Curve_right,Wet,Unknown,On_road,Unknown,,,,,,,,,,,,,,,,,,,Not a holiday,0
5822,201600003855,2016,8,18,Daylight,Out_of_agglomeration,Intersection_X,Normal,Side_two_vehicles,Manual_entry,2.79238,44.6516,True,2016-08-18,18,45,18:45,Evening,False,Summer,2.0,0.0,58.0,Departmental_road,Bidirectional,Unknown,Flat,Straight,Normal,Unknown,On_road,Unknown,,,,,,,,,,,,,,,,,,,Not a holiday,0
5823,201600003856,2016,11,26,Daylight,Out_of_agglomeration,Out_of_intersection,Normal,Other_collision,Manual_entry,2.86625,44.7741,True,2016-11-26,14,5,14:05,Afternoon,True,Autumn,2.0,0.0,60.0,Departmental_road,Bidirectional,Unknown,Flat,Curve_left,Normal,Unknown,On_verge,Not_near_school,,,,,,,,,,,,,,,,,,,Not a holiday,0
5824,201600003857,2016,5,21,Daylight,Out_of_agglomeration,Out_of_intersection,Normal,No_collision,Manual_entry,2.70112,44.8333,True,2016-05-21,17,55,17:55,Evening,True,Spring,2.0,0.0,70.0,Departmental_road,Bidirectional,Unknown,Slope,Curve_left,Normal,Unknown,On_verge,Not_near_school,,,,,,,,,,,,,,,,,,,Not a holiday,0
5825,201600003858,2016,11,26,Daylight,Out_of_agglomeration,Out_of_intersection,Normal,Other_collision,Manual_entry,2.61837,44.75135,True,2016-11-26,15,45,15:45,Afternoon,True,Autumn,0.0,96.0,0.0,Departmental_road,Bidirectional,Unknown,Flat,Straight,Normal,Unknown,On_road,Unknown,,,,,,,,,,,,,,,,,,,Not a holiday,0
5826,201600003859,2016,1,7,Night_without_public_lighting,Out_of_agglomeration,Out_of_intersection,Light_rain,No_collision,Manual_entry,3.25125,44.1114,True,2016-01-07,19,35,19:35,Evening,False,Winter,2.0,0.0,33.0,Departmental_road,Bidirectional,Unknown,Flat,Straight,Wet,Bridge,On_verge,Not_near_school,,,,,,,,,,,,,,,,,,,Not a holiday,0
5827,201600003860,2016,3,8,Twilight_or_dawn,Out_of_agglomeration,Out_of_intersection,Cloudy,Side_two_vehicles,Manual_entry,3.1404,44.1904,True,2016-03-08,18,15,18:15,Evening,False,Spring,2.0,0.0,60.0,Departmental_road,Bidirectional,Unknown,Flat,Straight,Normal,Unknown,On_road,Not_near_school,,,,,,,,,,,,,,,,,,,Not a holiday,0
5828,201600003861,2016,5,10,Daylight,Out_of_agglomeration,Out_of_intersection,Normal,Frontal_two_vehicles,Manual_entry,3.3905,43.96985,True,2016-05-10,16,45,16:45,Afternoon,False,Spring,2.0,0.0,70.0,Departmental_road,Bidirectional,Unknown,Slope,S-bend,Normal,Unknown,On_road,Not_near_school,,,,,,,,,,,,,,,,,,,Not a holiday,0
5829,201600003862,2016,6,25,Night_without_public_lighting,Out_of_agglomeration,Out_of_intersection,Other,Other_collision,Manual_entry,3.12684,44.0555,True,2016-06-25,1,10,01:10,Night,True,Summer,2.0,0.0,152.0,Departmental_road,Separated_carriageways,Unknown,Flat,Straight,Unknown,Unknown,Unknown,Unknown,,,,,,,,,,,,,,,,,,,Not a holiday,0
5830,201600003863,2016,7,3,Daylight,Out_of_agglomeration,Out_of_intersection,Normal,Other_collision,Manual_entry,3.28295,43.9482,True,2016-07-03,19,15,19:15,Evening,True,Summer,2.0,0.0,54.0,Departmental_road,Bidirectional,Unknown,Flat,Curve_left,Normal,Unknown,On_verge,Unknown,,,,,,,,,,,,,,,,,,,Not a holiday,0
5831,201600003864,2016,7,4,Twilight_or_dawn,Out_of_agglomeration,Out_of_intersection,Normal,Other_collision,Manual_entry,3.36527,43.9768,True,2016-07-04,20,40,20:40,Evening,False,Summer,1.0,0.0,30.0,Communal_way,Bidirectional,Unknown,Slope,Curve_left,Normal,Unknown,On_verge,Not_near_school,,,,,,,,,,,,,,,,,,,Not a holiday,0
5832,201600003865,2016,7,11,Daylight,Out_of_agglomeration,Out_of_intersection,Heavy_rain,Other_collision,Manual_entry,3.17526,44.2011,True,2016-07-11,10,15,10:15,Morning,False,Summer,2.0,0.0,60.0,Departmental_road,Bidirectional,Unknown,Flat,Curve_right,Wet,Unknown,On_road,Not_near_school,,,,,,,,,,,,,,,,,,,Not a holiday,0
5833,201600003866,2016,7,27,Daylight,Out_of_agglomeration,Out_of_intersection,Normal,Other_collision,Manual_entry,3.10715,43.8983,True,2016-07-27,16,55,16:55,Afternoon,False,Summer,2.0,0.0,45.0,Departmental_road,Bidirectional,Unknown,Flat,Straight,Normal,Unknown,On_verge,Unknown,,,,,,,,,,,,,,,,,,,Not a holiday,0
5834,201600003867,2016,7,30,Daylight,Built_up_area,Out_of_intersection,Normal,Other_collision,Manual_entry,2.98769,44.0647,True,2016-07-30,16,15,16:15,Afternoon,True,Summer,1.0,0.0,57.0,Communal_way,Bidirectional,Unknown,Hilltop,S-bend,Normal,Unknown,On_road,Unknown,,,,,,,,,,,,,,,,,,,Not a holiday,0
5835,201600003868,2016,8,10,Daylight,Built_up_area,Out_of_intersection,Normal,Frontal_two_vehicles,Manual_entry,3.12874,44.1863,True,2016-08-10,11,25,11:25,Morning,False,Summer,2.0,0.0,73.0,Departmental_road,Bidirectional,Unknown,Flat,Straight,Normal,Unknown,On_road,Not_near_school,,,,,,,,,,,,,,,,,,,Not a holiday,0
5836,201600003869,2016,8,20,Daylight,Out_of_agglomeration,Out_of_intersection,Heavy_rain,Frontal_two_vehicles,Manual_entry,3.1243,44.179,True,2016-08-20,14,0,14:00,Afternoon,True,Summer,2.0,0.0,71.0,Departmental_road,Bidirectional,Unknown,Flat,Curve_right,Wet,Unknown,On_road,Not_near_school,,,,,,,,,,,,,,,,,,,Not a holiday,0
5837,201600003870,2016,10,14,Daylight,Out_of_agglomeration,Out_of_intersection,Light_rain,Frontal_two_vehicles,Manual_entry,3.00646,44.0794,True,2016-10-14,11,56,11:56,Morning,False,Autumn,2.0,0.0,75.0,Departmental_road,Bidirectional,Unknown,Slope,Curve_right,Wet,Unknown,On_road,Unknown,,,,,,,,,,,,,,,,,,,Not a holiday,0
5838,201600003871,2016,3,25,Twilight_or_dawn,Out_of_agglomeration,Out_of_intersection,Normal,Other_collision,Manual_entry,2.71505,44.0624,True,2016-03-25,20,30,20:30,Evening,False,Spring,0.0,0.0,36.0,Communal_way,Bidirectional,Unknown,Flat,Straight,Normal,Bridge,On_verge,Unknown,,,,,,,,,,,,,,,,,,,Not a holiday,0
5839,201600003872,2016,4,3,Night_without_public_lighting,Out_of_agglomeration,Out_of_intersection,Heavy_rain,Other_collision,Manual_entry,2.82137,44.1618,True,2016-04-03,0,35,00:35,Night,True,Spring,2.0,0.0,0.0,Departmental_road,Bidirectional,Unknown,Flat,Curve_left,Wet,Unknown,On_verge,Not_near_school,,,,,,,,,,,,,,,,,,,Not a holiday,0
5840,201600003873,2016,5,13,Twilight_or_dawn,Out_of_agglomeration,Out_of_intersection,Light_rain,Frontal_two_vehicles,Manual_entry,2.96482,44.2396,True,2016-05-13,19,0,19:00,Evening,False,Spring,2.0,0.0,76.0,Departmental_road,Bidirectional,Unknown,Slope,Curve_left,Wet,Unknown,On_road,Not_near_school,,,,,,,,,,,,,,,,,,,Not a holiday,0
5841,201600003874,2016,6,12,Daylight,Out_of_agglomeration,Intersection_T,Normal,Side_two_vehicles,Manual_entry,2.99661,44.1757,True,2016-06-12,18,50,18:50,Evening,True,Summer,0.0,0.0,40.0,Departmental_road,Bidirectional,Unknown,Flat,Straight,Normal,Unknown,On_road,Unknown,,,,,,,,,,,,,,,,,,,Not a holiday,0
5842,201600003875,2016,8,10,Daylight,Out_of_agglomeration,Out_of_intersection,Normal,No_collision,Manual_entry,2.85764,44.2425,True,2016-08-10,14,10,14:10,Afternoon,False,Summer,2.0,0.0,70.0,Departmental_road,Separated_carriageways,Unknown,Hill_bottom,Straight,Normal,Unknown,On_verge,Not_near_school,,,,,,,,,,,,,,,,,,,Not a holiday,0
5843,201600003876,2016,8,6,Daylight,Out_of_agglomeration,Out_of_intersection,Normal,No_collision,Manual_entry,2.936,44.1112,True,2016-08-06,17,0,17:00,Evening,True,Summer,1.0,0.0,32.0,Departmental_road,Bidirectional,Unknown,Slope,Curve_right,Normal,Unknown,On_road,Unknown,,,,,,,,,,,,,,,,,,,Not a holiday,0
5844,201600003877,2016,12,8,Daylight,Out_of_agglomeration,Out_of_intersection,Normal,No_collision,Manual_entry,3.08564,44.206,True,2016-12-08,14,0,14:00,Afternoon,False,Winter,2.0,0.0,0.0,Departmental_road,Bidirectional,Unknown,Hill_bottom,Curve_left,Icy,Unknown,On_road,Unknown,,,,,,,,,,,,,,,,,,,Not a holiday,0
5845,201600003878,2016,12,18,Daylight,Out_of_agglomeration,Out_of_intersection,Dazzling,Other_collision,Manual_entry,3.01557,44.2013,True,2016-12-18,13,0,13:00,Afternoon,True,Winter,2.0,0.0,0.0,Departmental_road,Bidirectional,Unknown,Hilltop,Curve_left,Normal,Unknown,On_verge,Unknown,,,,,,,,,,,,,,,,,,,Not a holiday,0
5846,201600003879,2016,9,27,Daylight,Out_of_agglomeration,Out_of_intersection,Normal,Rear_end_two_vehicles,Manual_entry,2.99311,44.3484,True,2016-09-27,12,5,12:05,Afternoon,False,Autumn,1.0,0.0,72.0,Departmental_road,One_way,Unknown,Flat,Straight,Normal,Unknown,On_road,Not_near_school,,,,,,,,,,,,,,,,,,,Not a holiday,0
5847,201600003880,2016,3,21,Daylight,Out_of_agglomeration,Out_of_intersection,Normal,No_collision,Manual_entry,2.86023,43.9559,True,2016-03-21,15,50,15:50,Afternoon,False,Spring,0.0,0.0,53.0,Parking_lot,Unknown,Unknown,Unknown,Unknown,Normal,Unknown,Unknown,Not_near_school,,,,,,,,,,,,,,,,,,,Not a holiday,0
5848,201600003881,2016,4,1,Daylight,Out_of_agglomeration,Out_of_intersection,Light_rain,Frontal_two_vehicles,Manual_entry,2.90112,43.91607,True,2016-04-01,16,0,16:00,Afternoon,False,Spring,2.0,0.0,60.0,Departmental_road,Bidirectional,Unknown,Unknown,Curve_right,Wet,Unknown,Unknown,Not_near_school,,,,,,,,,,,,,,,,,,,Not a holiday,0
5849,201600003882,2016,4,16,Daylight,Built_up_area,Intersection_X,Normal,Side_two_vehicles,Manual_entry,2.89519,43.9514,True,2016-04-16,8,45,08:45,Morning,True,Spring,0.0,0.0,83.0,Departmental_road,Bidirectional,Unknown,Hill_bottom,Straight,Normal,Roundabout,On_road,Near_school,,,,,,,,,,,,,,,,,,,Not a holiday,0
5850,201600003883,2016,4,28,Daylight,Out_of_agglomeration,Out_of_intersection,Normal,Other_collision,Manual_entry,2.82368,43.9203,True,2016-04-28,14,42,14:42,Afternoon,False,Spring,2.0,0.0,75.0,Departmental_road,Bidirectional,Unknown,Flat,Straight,Normal,Unknown,On_verge,Unknown,,,,,,,,,,,,,,,,,,,Not a holiday,0
5851,201600003884,2016,7,26,Daylight,Built_up_area,Out_of_intersection,Normal,Other_collision,Manual_entry,3.0099,43.9274,True,2016-07-26,11,15,11:15,Morning,False,Summer,0.0,0.0,44.0,Communal_way,Bidirectional,Unknown,Flat,Straight,Normal,Unknown,On_road,Not_near_school,,,,,,,,,,,,,,,,,,,Not a holiday,0
5852,201600003885,2016,7,27,Twilight_or_dawn,Out_of_agglomeration,Out_of_intersection,Normal,Side_two_vehicles,Manual_entry,2.99137,44.0139,True,2016-07-27,7,30,07:30,Morning,False,Summer,0.0,0.0,73.0,Departmental_road,Bidirectional,Unknown,Hill_bottom,Curve_right,Normal,Unknown,On_road,Unknown,,,,,,,,,,,,,,,,,,,Not a holiday,0
5853,201600003886,2016,7,30,Daylight,Out_of_agglomeration,Out_of_intersection,Normal,Side_two_vehicles,Manual_entry,2.8504,43.958,True,2016-07-30,14,25,14:25,Afternoon,True,Summer,2.0,0.0,62.0,Departmental_road,Unknown,Unknown,Flat,Curve_right,Normal,Unknown,On_road,Near_school,,,,,,,,,,,,,,,,,,,Not a holiday,0
5854,201600003887,2016,8,7,Daylight,Out_of_agglomeration,Out_of_intersection,Normal,Frontal_two_vehicles,Manual_entry,2.94972,43.96266,True,2016-08-07,11,0,11:00,Morning,True,Summer,0.0,0.0,0.0,Departmental_road,Unknown,Unknown,Unknown,Curve_left,Unknown,Unknown,Unknown,Not_near_school,,,,,,,,,,,,,,,,,,,Not a holiday,0
5855,201600003888,2016,8,26,Daylight,Out_of_agglomeration,Out_of_intersection,Other,No_collision,Manual_entry,2.91521,44.0392,True,2016-08-26,18,30,18:30,Evening,False,Summer,2.0,0.0,69.0,Departmental_road,Bidirectional,Unknown,Slope,Curve_left,Normal,Unknown,On_road,Unknown,,,,,,,,,,,,,,,,,,,Not a holiday,0
5856,201600003889,2016,11,25,Daylight,Out_of_agglomeration,Out_of_intersection,Light_rain,Other_collision,Manual_entry,2.9589,44.0043,True,2016-11-25,13,40,13:40,Afternoon,False,Autumn,2.0,0.0,54.0,Departmental_road,Bidirectional,Unknown,Slope,Curve_left,Wet,Unknown,On_road,Unknown,,,,,,,,,,,,,,,,,,,Not a holiday,0
5857,201600003890,2016,5,14,Daylight,Out_of_agglomeration,Out_of_intersection,Normal,Frontal_two_vehicles,Manual_entry,3.0545,43.8152,True,2016-05-14,16,30,16:30,Afternoon,True,Spring,2.0,0.0,76.0,Departmental_road,Bidirectional,Unknown,Flat,Curve_right,Normal,Unknown,On_road,Not_near_school,,,,,,,,,,,,,,,,,,,Not a holiday,0
5858,201600003891,2016,5,24,Daylight,Out_of_agglomeration,Out_of_intersection,Cloudy,Frontal_two_vehicles,Manual_entry,,,False,2016-05-24,6,15,06:15,Morning,False,Spring,0.0,0.0,0.0,Departmental_road,Bidirectional,Unknown,Unknown,Unknown,Unknown,Unknown,Unknown,Not_near_school,,,,,,,,,,,,,,,,,,,Not a holiday,0
5859,201600003892,2016,11,29,Daylight,Out_of_agglomeration,Out_of_intersection,Normal,Frontal_two_vehicles,Manual_entry,1.9714,44.3652,True,2016-11-29,13,0,13:00,Afternoon,False,Autumn,2.0,0.0,65.0,Departmental_road,Bidirectional,Unknown,Slope,S-bend,Unknown,Unknown,On_verge,Not_near_school,,,,,,,,,,,,,,,,,,,Not a holiday,0
5860,201600003893,2016,1,23,Daylight,Out_of_agglomeration,Out_of_intersection,Cloudy,Frontal_two_vehicles,Manual_entry,2.0434,44.345,True,2016-01-23,11,50,11:50,Morning,True,Winter,2.0,0.0,66.0,Departmental_road,Separated_carriageways,Unknown,Flat,Curve_left,Wet,Unknown,On_road,Not_near_school,,,,,,,,,,,,,,,,,,,Not a holiday,0
5861,201600003894,2016,1,29,Daylight,Built_up_area,Out_of_intersection,Normal,Side_two_vehicles,Manual_entry,2.03287,44.3569,True,2016-01-29,16,25,16:25,Afternoon,False,Winter,1.0,0.0,67.0,Communal_way,Bidirectional,Unknown,Flat,Curve_left,Normal,Unknown,On_road,Near_school,,,,,,,,,,,,,,,,,,,Not a holiday,0
5862,201600003895,2016,12,25,Twilight_or_dawn,Built_up_area,Out_of_intersection,Cloudy,Side_two_vehicles,Unknown,,,False,2016-12-25,17,0,17:00,Evening,True,Winter,2.0,0.0,0.0,Departmental_road,One_way,Unknown,Slope,Straight,Normal,Roundabout,On_road,Not_near_school,,,,,,,,,,,,,,,,,,,Christmas Day,1
5863,201600003896,2016,4,22,Daylight,Out_of_agglomeration,Out_of_intersection,Normal,Other_collision,Manual_entry,1.896,44.3133,True,2016-04-22,9,45,09:45,Morning,False,Spring,0.0,0.0,0.0,Communal_way,Bidirectional,Unknown,Flat,Straight,Unknown,Unknown,Unknown,Not_near_school,,,,,,,,,,,,,,,,,,,Not a holiday,0
5864,201600003897,2016,5,5,Daylight,Built_up_area,Out_of_intersection,Normal,Other_collision,Manual_entry,2.05478,44.3484,True,2016-05-05,14,0,14:00,Afternoon,False,Spring,0.0,0.0,40.0,Departmental_road,Unknown,Unknown,Flat,Straight,Normal,Unknown,On_road,Not_near_school,,,,,,,,,,,,,,,,,,,Ascension Thursday,1
5865,201600003898,2016,5,13,Daylight,Out_of_agglomeration,Out_of_intersection,Cloudy,Frontal_two_vehicles,Manual_entry,2.02925,44.3811,True,2016-05-13,15,30,15:30,Afternoon,False,Spring,3.0,0.0,140.0,Departmental_road,Bidirectional,Unknown,Slope,Straight,Wet,Unknown,On_road,Not_near_school,,,,,,,,,,,,,,,,,,,Not a holiday,0
5866,201600003899,2016,6,10,Daylight,Out_of_agglomeration,Out_of_intersection,Normal,Side_two_vehicles,Manual_entry,2.09566,44.3249,True,2016-06-10,9,0,09:00,Morning,False,Summer,2.0,0.0,0.0,Departmental_road,Unknown,Unknown,Unknown,Straight,Normal,Unknown,On_road,Not_near_school,,,,,,,,,,,,,,,,,,,Not a holiday,0
5867,201600003900,2016,6,12,Twilight_or_dawn,Out_of_agglomeration,Out_of_intersection,Normal,No_collision,Manual_entry,2.0777,44.39725,True,2016-06-12,5,30,05:30,Morning,True,Summer,2.0,20.0,0.0,Departmental_road,Bidirectional,Unknown,Unknown,Straight,Normal,Unknown,On_road,Not_near_school,,,,,,,,,,,,,,,,,,,Not a holiday,0
5868,201600003901,2016,7,3,Daylight,Out_of_agglomeration,Out_of_intersection,Normal,Other_collision,Manual_entry,2.10119,44.4168,True,2016-07-03,19,30,19:30,Evening,True,Summer,2.0,0.0,75.0,Departmental_road,Bidirectional,Unknown,Flat,Curve_right,Normal,Unknown,On_road,Not_near_school,,,,,,,,,,,,,,,,,,,Not a holiday,0
5869,201600003902,2016,7,8,Daylight,Out_of_agglomeration,Out_of_intersection,Dazzling,Side_two_vehicles,Manual_entry,1.98922,44.3591,True,2016-07-08,18,30,18:30,Evening,False,Summer,2.0,0.0,64.0,Departmental_road,Bidirectional,Unknown,Flat,Straight,Normal,Unknown,On_road,Not_near_school,,,,,,,,,,,,,,,,,,,Not a holiday,0
5870,201600003903,2016,8,21,Night_without_public_lighting,Out_of_agglomeration,Out_of_intersection,Normal,Other_collision,Manual_entry,2.11392,44.42133,True,2016-08-21,22,0,22:00,Night,True,Summer,0.0,0.0,0.0,Departmental_road,Separated_carriageways,Unknown,Flat,Straight,Normal,Unknown,On_road,Unknown,,,,,,,,,,,,,,,,,,,Not a holiday,0
5871,201600003904,2016,11,10,Daylight,Out_of_agglomeration,Out_of_intersection,Light_rain,Other_collision,Manual_entry,2.04338,44.3441,True,2016-11-10,9,45,09:45,Morning,False,Autumn,0.0,0.0,0.0,Departmental_road,Bidirectional,Unknown,Slope,Curve_right,Wet,Unknown,On_verge,Not_near_school,,,,,,,,,,,,,,,,,,,Not a holiday,0
5872,201600003905,2016,1,8,Daylight,Out_of_agglomeration,Out_of_intersection,Cloudy,Side_two_vehicles,Manual_entry,2.05367,44.3925,True,2016-01-08,11,5,11:05,Morning,False,Winter,2.0,0.0,0.0,Departmental_road,Bidirectional,Unknown,Flat,Curve_left,Wet,Unknown,On_road,Not_near_school,,,,,,,,,,,,,,,,,,,Not a holiday,0
5873,201600003906,2016,3,20,Night_without_public_lighting,Out_of_agglomeration,Out_of_intersection,Normal,Other_collision,Manual_entry,1.97252,44.3993,True,2016-03-20,22,0,22:00,Night,True,Spring,2.0,0.0,45.0,Departmental_road,Bidirectional,Unknown,Slope,Curve_left,Wet,Unknown,On_verge,Unknown,,,,,,,,,,,,,,,,,,,Not a holiday,0
5874,201600003907,2016,4,14,Daylight,Out_of_agglomeration,Out_of_intersection,Normal,Side_two_vehicles,Manual_entry,2.0284,44.4905,True,2016-04-14,7,30,07:30,Morning,False,Spring,2.0,0.0,72.0,Departmental_road,Bidirectional,Unknown,Flat,Straight,Normal,Unknown,On_road,Unknown,,,,,,,,,,,,,,,,,,,Not a holiday,0
5875,201600003908,2016,6,2,Daylight,Out_of_agglomeration,Out_of_intersection,Light_rain,Side_two_vehicles,Manual_entry,2.10038,44.5643,True,2016-06-02,17,50,17:50,Evening,False,Summer,0.0,0.0,105.0,Departmental_road,Bidirectional,Unknown,Slope,Curve_right,Wet,Unknown,On_road,Not_near_school,,,,,,,,,,,,,,,,,,,Not a holiday,0
5876,201600003909,2016,6,11,Daylight,Out_of_agglomeration,Intersection_T,Cloudy,Frontal_two_vehicles,Manual_entry,1.96968,44.4146,True,2016-06-11,19,30,19:30,Evening,True,Summer,2.0,0.0,70.0,Departmental_road,Bidirectional,Unknown,Flat,Straight,Normal,Unknown,On_road,Not_near_school,,,,,,,,,,,,,,,,,,,Not a holiday,0
5877,201600003910,2016,8,23,Daylight,Out_of_agglomeration,Out_of_intersection,Normal,Rear_end_two_vehicles,Manual_entry,2.02873,44.5134,True,2016-08-23,12,30,12:30,Afternoon,False,Summer,2.0,0.0,90.0,Departmental_road,Bidirectional,Unknown,Flat,Straight,Normal,Unknown,On_road,Not_near_school,,,,,,,,,,,,,,,,,,,Not a holiday,0
5878,201600003911,2016,12,28,Daylight,Out_of_agglomeration,Intersection_T,Dazzling,Side_two_vehicles,Manual_entry,2.21125,44.2051,True,2016-12-28,16,5,16:05,Afternoon,False,Winter,0.0,0.0,0.0,Departmental_road,Bidirectional,Unknown,Flat,Straight,Unknown,Unknown,Unknown,Not_near_school,,,,,,,,,,,,,,,,,,,Not a holiday,0
5879,201600003912,2016,4,18,Daylight,Out_of_agglomeration,Out_of_intersection,Normal,Rear_end_two_vehicles,Manual_entry,0.61034,43.5512,True,2016-04-18,14,45,14:45,Afternoon,False,Spring,2.0,0.0,61.0,Departmental_road,Bidirectional,Unknown,Flat,Straight,Normal,Unknown,On_road,Unknown,,,,,,,,,,,,,,,,,,,Not a holiday,0
5880,201600003913,2016,8,20,Daylight,Out_of_agglomeration,Out_of_intersection,Light_rain,Side_two_vehicles,Manual_entry,0.54619,43.5869,True,2016-08-20,9,15,09:15,Morning,True,Summer,2.0,0.0,64.0,National_road,Bidirectional,Unknown,Unknown,Straight,Wet,Unknown,On_road,Not_near_school,,,,,,,,,,,,,,,,,,,Not a holiday,0
5881,201600003914,2016,10,25,Night_without_public_lighting,Out_of_agglomeration,Out_of_intersection,Normal,Other_collision,Manual_entry,0.54111,43.5831,True,2016-10-25,19,15,19:15,Evening,False,Autumn,2.0,0.0,72.0,National_road,Bidirectional,Unknown,Flat,Straight,Normal,Unknown,On_verge,Unknown,,,,,,,,,,,,,,,,,,,Not a holiday,0
5882,201600003915,2016,11,15,Twilight_or_dawn,Out_of_agglomeration,Out_of_intersection,Normal,Multiple_three_plus,Manual_entry,0.51525,43.7011,True,2016-11-15,17,45,17:45,Evening,False,Autumn,2.0,0.0,69.0,Departmental_road,Bidirectional,Unknown,Unknown,Straight,Normal,Unknown,On_road,Unknown,,,,,,,,,,,,,,,,,,,Not a holiday,0
5883,201600003916,2016,12,16,Daylight,Out_of_agglomeration,Out_of_intersection,Normal,Side_two_vehicles,Manual_entry,0.66493,43.6531,True,2016-12-16,11,45,11:45,Morning,False,Winter,2.0,0.0,50.0,Departmental_road,Bidirectional,Unknown,Slope,Straight,Normal,Unknown,On_road,Unknown,,,,,,,,,,,,,,,,,,,Not a holiday,0
5884,201600003917,2016,12,17,Night_without_public_lighting,Out_of_agglomeration,Out_of_intersection,Normal,Other_collision,Manual_entry,0.69396,43.6862,True,2016-12-17,22,0,22:00,Night,True,Winter,2.0,0.0,46.0,Departmental_road,Bidirectional,Unknown,Flat,S-bend,Normal,Unknown,On_verge,Unknown,,,,,,,,,,,,,,,,,,,Not a holiday,0
5885,201600003918,2016,2,26,Night_with_public_lighting_not_functioning,Out_of_agglomeration,Out_of_intersection,Normal,No_collision,Manual_entry,0.88376,43.7602,True,2016-02-26,0,30,00:30,Night,False,Winter,2.0,0.0,60.0,Departmental_road,Bidirectional,Unknown,Flat,Straight,Normal,Unknown,On_verge,Unknown,,,,,,,,,,,,,,,,,,,Not a holiday,0
5886,201600003919,2016,5,1,Daylight,Out_of_agglomeration,Out_of_intersection,Normal,No_collision,Manual_entry,0.81406,43.6842,True,2016-05-01,14,45,14:45,Afternoon,True,Spring,2.0,0.0,32.0,Communal_way,Bidirectional,Unknown,Slope,Straight,Normal,Unknown,On_road,Unknown,,,,,,,,,,,,,,,,,,,Labour Day,1
5887,201600003920,2016,5,24,Daylight,Built_up_area,Intersection_T,Normal,Side_two_vehicles,Manual_entry,0.87871,43.6262,True,2016-05-24,9,45,09:45,Morning,False,Spring,2.0,0.0,66.0,National_road,Bidirectional,Unknown,Slope,Straight,Normal,Unknown,On_road,Unknown,,,,,,,,,,,,,,,,,,,Not a holiday,0
5888,201600003921,2016,5,30,Daylight,Built_up_area,Out_of_intersection,Light_rain,Other_collision,Manual_entry,0.86701,43.6312,True,2016-05-30,14,0,14:00,Afternoon,False,Spring,2.0,0.0,60.0,National_road,Bidirectional,Unknown,Flat,Straight,Wet,Unknown,On_road,Unknown,,,,,,,,,,,,,,,,,,,Not a holiday,0
5889,201600003922,2016,6,20,Daylight,Out_of_agglomeration,Out_of_intersection,Normal,Other_collision,Manual_entry,0.93949,43.6141,True,2016-06-20,20,30,20:30,Evening,False,Summer,2.0,0.0,78.0,National_road,Bidirectional,Unknown,Slope,Curve_left,Normal,Unknown,On_verge,Unknown,,,,,,,,,,,,,,,,,,,Not a holiday,0