,accident_id,year,month,day,lighting_label,urban_label,intersection_label,weather_label,collision_label,gps_label,longitude_num,latitude_num,valid_geo,date,hour,minute,time_hhmm,time_of_day,is_weekend,season,num_lanes,pedestrian_crossing_width,road_width,road_category_label,traffic_regime_label,reserved_lane_label,road_profile_label,road_layout_label,surface_condition_label,infrastructure_label,situation_label,school_zone_label,vehicle_id,traffic_direction_label,vehicle_category_label,mobile_obstacle_label,impact_point_label,manoeuvre_label,occupants_group,birth_year,sex_label,user_category_label,injury_severity_label,seat_position_label,journey_purpose_label,pedestrian_location_label,pedestrian_action_label,pedestrian_state_label,safety_equipment_type,safety_equipment_usage,holiday_name,is_holiday
5890,201600003923,2016,6,27,Daylight,Out_of_agglomeration,Out_of_intersection,Dazzling,Frontal_two_vehicles,Manual_entry,0.89555,43.7305,True,2016-06-27,17,15,17:15,Evening,False,Summer,2.0,0.0,0.0,Departmental_road,Bidirectional,Unknown,Slope,Straight,Normal,Unknown,On_road,Unknown,,,,,,,,,,,,,,,,,,,Not a holiday,0
5891,201600003924,2016,7,1,Daylight,Out_of_agglomeration,Out_of_intersection,Normal,Other_collision,Manual_entry,0.72047,43.6475,True,2016-07-01,14,0,14:00,Afternoon,False,Summer,4.0,12.0,136.0,National_road,Separated_carriageways,Unknown,Flat,Straight,Normal,Unknown,On_verge,Unknown,,,,,,,,,,,,,,,,,,,Not a holiday,0
5892,201600003925,2016,7,11,Daylight,Out_of_agglomeration,Out_of_intersection,Normal,Multiple_three_plus,Manual_entry,0.92674,43.6172,True,2016-07-11,16,0,16:00,Afternoon,False,Summer,2.0,0.0,75.0,National_road,Bidirectional,Unknown,Slope,Straight,Normal,Unknown,On_road,Unknown,,,,,,,,,,,,,,,,,,,Not a holiday,0
5893,201600003926,2016,7,27,Daylight,Out_of_agglomeration,Out_of_intersection,Normal,Frontal_two_vehicles,Manual_entry,0.88342,43.7499,True,2016-07-27,8,15,08:15,Morning,False,Summer,2.0,0.0,71.0,Departmental_road,Bidirectional,Unknown,Flat,Straight,Normal,Unknown,On_road,Unknown,,,,,,,,,,,,,,,,,,,Not a holiday,0
5894,201600003927,2016,8,21,Twilight_or_dawn,Out_of_agglomeration,Out_of_intersection,Fog_or_smoke,Frontal_two_vehicles,Manual_entry,0.90659,43.8162,True,2016-08-21,8,0,08:00,Morning,True,Summer,2.0,0.0,60.0,Departmental_road,Bidirectional,Unknown,Flat,Straight,Normal,Unknown,On_road,Unknown,,,,,,,,,,,,,,,,,,,Not a holiday,0
5895,201600003928,2016,1,27,Night_without_public_lighting,Out_of_agglomeration,Out_of_intersection,Fog_or_smoke,Other_collision,Manual_entry,1.01384,43.5604,True,2016-01-27,21,0,21:00,Night,False,Winter,2.0,0.0,50.0,Departmental_road,Bidirectional,Unknown,Flat,Curve_left,Normal,Bridge,On_verge,Unknown,,,,,,,,,,,,,,,,,,,Not a holiday,0
5896,201600003929,2016,2,26,Daylight,Out_of_agglomeration,Out_of_intersection,Normal,Side_two_vehicles,Manual_entry,1.04075,43.6191,True,2016-02-26,13,0,13:00,Afternoon,False,Winter,2.0,0.0,0.0,Departmental_road,Bidirectional,Unknown,Hilltop,Straight,Normal,Unknown,On_road,Unknown,,,,,,,,,,,,,,,,,,,Not a holiday,0
5897,201600003930,2016,4,3,Daylight,Built_up_area,Out_of_intersection,Normal,No_collision,Manual_entry,0.9822,43.7177,True,2016-04-03,16,30,16:30,Afternoon,True,Spring,0.0,0.0,70.0,Departmental_road,Bidirectional,Unknown,Flat,Straight,Normal,Unknown,On_road,Unknown,,,,,,,,,,,,,,,,,,,Not a holiday,0
5898,201600003931,2016,5,1,Twilight_or_dawn,Out_of_agglomeration,Out_of_intersection,Normal,Other_collision,Manual_entry,1.18766,43.582,True,2016-05-01,7,15,07:15,Morning,True,Spring,4.0,20.0,160.0,National_road,Separated_carriageways,Unknown,Flat,Straight,Normal,Unknown,On_verge,Unknown,,,,,,,,,,,,,,,,,,,Labour Day,1
5899,201600003932,2016,5,16,Daylight,Out_of_agglomeration,Out_of_intersection,Normal,Frontal_two_vehicles,Manual_entry,1.14474,43.5913,True,2016-05-16,14,30,14:30,Afternoon,False,Spring,2.0,0.0,50.0,Communal_way,Bidirectional,Unknown,Slope,Curve_right,Normal,Unknown,On_road,Unknown,,,,,,,,,,,,,,,,,,,Whit Monday,1
5900,201600003933,2016,6,21,Daylight,Out_of_agglomeration,Out_of_intersection,Normal,Frontal_two_vehicles,Manual_entry,1.04357,43.6362,True,2016-06-21,19,0,19:00,Evening,False,Summer,2.0,0.0,50.0,Communal_way,Bidirectional,Unknown,Hill_bottom,S-bend,Normal,Unknown,On_road,Unknown,,,,,,,,,,,,,,,,,,,Not a holiday,0
5901,201600003934,2016,7,28,Daylight,Out_of_agglomeration,Intersection_T,Normal,Rear_end_two_vehicles,Manual_entry,1.00637,43.6348,True,2016-07-28,19,15,19:15,Evening,False,Summer,2.0,0.0,47.0,Departmental_road,Bidirectional,Unknown,Slope,Straight,Normal,Unknown,On_road,Unknown,,,,,,,,,,,,,,,,,,,Not a holiday,0
5902,201600003935,2016,8,10,Daylight,Built_up_area,Out_of_intersection,Normal,No_collision,Manual_entry,1.076,43.6107,True,2016-08-10,16,15,16:15,Afternoon,False,Summer,2.0,0.0,0.0,Departmental_road,Bidirectional,Unknown,Flat,Straight,Normal,Unknown,On_road,Unknown,,,,,,,,,,,,,,,,,,,Not a holiday,0
5903,201600003936,2016,8,23,Night_without_public_lighting,Out_of_agglomeration,Out_of_intersection,Normal,No_collision,Manual_entry,1.11019,43.5964,True,2016-08-23,22,0,22:00,Night,False,Summer,1.0,0.0,65.0,National_road,One_way,Unknown,Slope,Curve_right,Normal,Interchange,On_road,Unknown,,,,,,,,,,,,,,,,,,,Not a holiday,0
5904,201600003937,2016,10,31,Daylight,Out_of_agglomeration,Out_of_intersection,Normal,No_collision,Manual_entry,1.10332,43.6379,True,2016-10-31,15,15,15:15,Afternoon,False,Autumn,2.0,44.0,72.0,National_road,Bidirectional,Unknown,Flat,Curve_left,Other,Unknown,On_road,Unknown,,,,,,,,,,,,,,,,,,,Not a holiday,0
5905,201600003938,2016,12,22,Night_without_public_lighting,Out_of_agglomeration,Out_of_intersection,Light_rain,Other_collision,Manual_entry,0.9043,43.7303,True,2016-12-22,19,45,19:45,Evening,False,Winter,2.0,0.0,61.0,Departmental_road,Bidirectional,Unknown,Slope,Curve_left,Wet,Roundabout,On_verge,Unknown,,,,,,,,,,,,,,,,,,,Not a holiday,0
5906,201600003939,2016,4,10,Daylight,Out_of_agglomeration,Out_of_intersection,Normal,Other_collision,Manual_entry,0.85515,43.4427,True,2016-04-10,11,30,11:30,Morning,True,Spring,2.0,0.0,0.0,Departmental_road,Bidirectional,Unknown,Flat,Straight,Normal,Unknown,On_road,Unknown,,,,,,,,,,,,,,,,,,,Not a holiday,0
5907,201600003940,2016,4,15,Daylight,Out_of_agglomeration,Out_of_intersection,Normal,Frontal_two_vehicles,Manual_entry,0.87024,43.4488,True,2016-04-15,7,45,07:45,Morning,False,Spring,2.0,0.0,50.0,Departmental_road,Bidirectional,Unknown,Flat,Curve_right,Normal,Unknown,On_road,Unknown,,,,,,,,,,,,,,,,,,,Not a holiday,0
5908,201600003941,2016,6,18,Daylight,Out_of_agglomeration,Out_of_intersection,Normal,Other_collision,Manual_entry,0.72875,43.4004,True,2016-06-18,14,0,14:00,Afternoon,True,Summer,2.0,0.0,52.0,Departmental_road,Bidirectional,Unknown,Flat,Straight,Normal,Unknown,On_verge,Unknown,,,,,,,,,,,,,,,,,,,Not a holiday,0
5909,201600003942,2016,7,29,Daylight,Out_of_agglomeration,Intersection_X,Normal,Frontal_two_vehicles,Manual_entry,0.75186,43.4887,True,2016-07-29,20,15,20:15,Evening,False,Summer,2.0,0.0,60.0,Departmental_road,Bidirectional,Unknown,Flat,Straight,Normal,Unknown,On_road,Unknown,,,,,,,,,,,,,,,,,,,Not a holiday,0
5910,201600003943,2016,10,22,Daylight,Out_of_agglomeration,Out_of_intersection,Normal,Frontal_two_vehicles,Manual_entry,0.64785,43.5607,True,2016-10-22,15,0,15:00,Afternoon,True,Autumn,2.0,0.0,0.0,Departmental_road,Bidirectional,Unknown,Slope,Curve_right,Normal,Unknown,On_road,Unknown,,,,,,,,,,,,,,,,,,,Not a holiday,0
5911,201600003944,2016,5,8,Night_without_public_lighting,Out_of_agglomeration,Out_of_intersection,Normal,Other_collision,Manual_entry,0.54698,43.7765,True,2016-05-08,22,0,22:00,Night,True,Spring,2.0,0.0,55.0,Departmental_road,Bidirectional,Unknown,Flat,Straight,Normal,Unknown,On_verge,Unknown,,,,,,,,,,,,,,,,,,,Victory in Europe Day,1
5912,201600003945,2016,7,12,Daylight,Out_of_agglomeration,Out_of_intersection,Light_rain,Frontal_two_vehicles,Manual_entry,0.43778,43.7116,True,2016-07-12,17,15,17:15,Evening,False,Summer,3.0,0.0,111.0,National_road,Bidirectional,Unknown,Slope,Curve_left,Wet,Unknown,On_road,Unknown,,,,,,,,,,,,,,,,,,,Not a holiday,0
5913,201600003946,2016,7,28,Daylight,Out_of_agglomeration,Intersection_X,Normal,Side_two_vehicles,Manual_entry,0.23298,43.7571,True,2016-07-28,20,30,20:30,Evening,False,Summer,2.0,0.0,74.0,National_road,Bidirectional,Unknown,Slope,Straight,Normal,Unknown,On_road,Unknown,,,,,,,,,,,,,,,,,,,Not a holiday,0
5914,201600003947,2016,8,10,Daylight,Out_of_agglomeration,Out_of_intersection,Normal,Other_collision,Manual_entry,0.32398,43.7096,True,2016-08-10,19,30,19:30,Evening,False,Summer,2.0,0.0,51.0,Departmental_road,Bidirectional,Unknown,Flat,Curve_right,Normal,Unknown,On_verge,Unknown,,,,,,,,,,,,,,,,,,,Not a holiday,0
5915,201600003948,2016,9,19,Night_without_public_lighting,Out_of_agglomeration,Out_of_intersection,Normal,Other_collision,Manual_entry,0.45555,43.7825,True,2016-09-19,0,15,00:15,Night,False,Autumn,2.0,0.0,68.0,Departmental_road,Bidirectional,Unknown,Flat,Straight,Normal,Unknown,On_road,Unknown,,,,,,,,,,,,,,,,,,,Not a holiday,0
5916,201600003949,2016,11,7,Night_without_public_lighting,Out_of_agglomeration,Out_of_intersection,Normal,Other_collision,Manual_entry,0.44847,43.7039,True,2016-11-07,6,0,06:00,Morning,False,Autumn,2.0,0.0,77.0,National_road,Bidirectional,Unknown,Flat,Straight,Wet,Unknown,On_verge,Unknown,,,,,,,,,,,,,,,,,,,Not a holiday,0
5917,201600003950,2016,11,29,Daylight,Out_of_agglomeration,Out_of_intersection,Normal,Other_collision,Manual_entry,0.40415,43.6534,True,2016-11-29,12,15,12:15,Afternoon,False,Autumn,2.0,0.0,49.0,Departmental_road,Bidirectional,Unknown,Flat,Straight,Normal,Unknown,On_verge,Unknown,,,,,,,,,,,,,,,,,,,Not a holiday,0
5918,201600003951,2016,12,16,Daylight,Out_of_agglomeration,Out_of_intersection,Normal,Other_collision,Manual_entry,0.54544,43.7448,True,2016-12-16,14,30,14:30,Afternoon,False,Winter,2.0,0.0,48.0,Departmental_road,Bidirectional,Unknown,Slope,Curve_right,Normal,Unknown,On_verge,Unknown,,,,,,,,,,,,,,,,,,,Not a holiday,0
5919,201600003952,2016,4,17,Night_with_public_lighting_on,Built_up_area,Out_of_intersection,Normal,Other_collision,Manual_entry,0.43371,43.8022,True,2016-04-17,22,30,22:30,Night,True,Spring,2.0,0.0,80.0,Departmental_road,Bidirectional,Unknown,Flat,Curve_left,Normal,Unknown,On_sidewalk,Unknown,,,,,,,,,,,,,,,,,,,Not a holiday,0
5920,201600003953,2016,7,23,Daylight,Built_up_area,Intersection_T,Normal,Side_two_vehicles,Manual_entry,0.2976,43.9046,True,2016-07-23,18,15,18:15,Evening,True,Summer,2.0,0.0,0.0,Departmental_road,Bidirectional,Unknown,Flat,Straight,Normal,Unknown,On_road,Unknown,,,,,,,,,,,,,,,,,,,Not a holiday,0
5921,201600003954,2016,7,27,Twilight_or_dawn,Out_of_agglomeration,Out_of_intersection,Normal,Other_collision,Manual_entry,0.43674,43.8341,True,2016-07-27,6,30,06:30,Morning,False,Summer,2.0,50.0,50.0,Departmental_road,Bidirectional,Unknown,Hill_bottom,Curve_right,Normal,Unknown,On_verge,Unknown,,,,,,,,,,,,,,,,,,,Not a holiday,0
5922,201600003955,2016,7,30,Daylight,Out_of_agglomeration,Out_of_intersection,Normal,No_collision,Manual_entry,0.40495,43.9719,True,2016-07-30,7,30,07:30,Morning,True,Summer,0.0,0.0,67.0,Departmental_road,Bidirectional,Unknown,Slope,Straight,Normal,Unknown,On_verge,Not_near_school,,,,,,,,,,,,,,,,,,,Not a holiday,0
5923,201600003956,2016,10,8,Night_without_public_lighting,Out_of_agglomeration,Out_of_intersection,Normal,Other_collision,Manual_entry,0.3067,43.9346,True,2016-10-08,1,45,01:45,Night,True,Autumn,2.0,0.0,41.0,Departmental_road,Bidirectional,Unknown,Hill_bottom,Curve_left,Normal,Unknown,On_road,Unknown,,,,,,,,,,,,,,,,,,,Not a holiday,0
5924,201600003957,2016,11,6,Daylight,Out_of_agglomeration,Out_of_intersection,Dazzling,Other_collision,Manual_entry,0.22214,43.9708,True,2016-11-06,15,0,15:00,Afternoon,True,Autumn,2.0,0.0,59.0,Departmental_road,Bidirectional,Unknown,Flat,Straight,Wet,Unknown,On_road,Unknown,,,,,,,,,,,,,,,,,,,Not a holiday,0
5925,201600003958,2016,11,28,Daylight,Out_of_agglomeration,Out_of_intersection,Normal,No_collision,Manual_entry,0.43792,44.0085,True,2016-11-28,10,30,10:30,Morning,False,Autumn,2.0,60.0,0.0,Departmental_road,Bidirectional,Unknown,Flat,Curve_left,Normal,Unknown,On_verge,Unknown,,,,,,,,,,,,,,,,,,,Not a holiday,0
5926,201600003959,2016,12,5,Daylight,Out_of_agglomeration,Out_of_intersection,Normal,Other_collision,Manual_entry,0.28903,43.8492,True,2016-12-05,8,30,08:30,Morning,False,Winter,2.0,0.0,50.0,Departmental_road,Bidirectional,Unknown,Flat,Straight,Normal,Unknown,On_verge,Unknown,,,,,,,,,,,,,,,,,,,Not a holiday,0
5927,201600003960,2016,12,17,Daylight,Out_of_agglomeration,Out_of_intersection,Normal,Multiple_three_plus,Manual_entry,0.40177,43.9695,True,2016-12-17,16,45,16:45,Afternoon,True,Winter,2.0,0.0,67.0,Departmental_road,Bidirectional,Unknown,Slope,Straight,Normal,Unknown,On_road,Unknown,,,,,,,,,,,,,,,,,,,Not a holiday,0
5928,201600003961,2016,2,16,Daylight,Out_of_agglomeration,Intersection_X,Normal,Side_two_vehicles,Manual_entry,-0.02135,43.9566,True,2016-02-16,16,15,16:15,Afternoon,False,Winter,2.0,0.0,58.0,National_road,Bidirectional,Unknown,Slope,Straight,Normal,Unknown,On_road,Unknown,,,,,,,,,,,,,,,,,,,Not a holiday,0
5929,201600003962,2016,4,15,Daylight,Out_of_agglomeration,Intersection_T,Normal,Side_two_vehicles,Manual_entry,-0.13908,43.8187,True,2016-04-15,11,30,11:30,Morning,False,Spring,2.0,48.0,0.0,Departmental_road,Bidirectional,Unknown,Flat,Straight,Normal,Unknown,On_road,Unknown,,,,,,,,,,,,,,,,,,,Not a holiday,0
5930,201600003963,2016,5,4,Daylight,Out_of_agglomeration,Intersection_T,Normal,Rear_end_two_vehicles,Manual_entry,-0.1315,43.8549,True,2016-05-04,8,0,08:00,Morning,False,Spring,2.0,0.0,130.0,Departmental_road,Bidirectional,Unknown,Slope,Curve_left,Normal,Unknown,On_road,Unknown,,,,,,,,,,,,,,,,,,,Not a holiday,0
5931,201600003964,2016,5,22,Daylight,Out_of_agglomeration,Out_of_intersection,Strong_wind_or_storm,Other_collision,Manual_entry,-0.08516,43.903,True,2016-05-22,16,45,16:45,Afternoon,True,Spring,2.0,0.0,70.0,Departmental_road,Bidirectional,Unknown,Slope,Straight,Wet,Unknown,On_verge,Unknown,,,,,,,,,,,,,,,,,,,Not a holiday,0
5932,201600003965,2016,7,15,Night_without_public_lighting,Out_of_agglomeration,Out_of_intersection,Normal,Other_collision,Manual_entry,0.14662,43.8886,True,2016-07-15,5,0,05:00,Morning,False,Summer,2.0,0.0,0.0,Departmental_road,Bidirectional,Unknown,Slope,Straight,Normal,Unknown,On_road,Unknown,,,,,,,,,,,,,,,,,,,Not a holiday,0
5933,201600003966,2016,9,27,Daylight,Out_of_agglomeration,Out_of_intersection,Normal,Frontal_two_vehicles,Manual_entry,-0.07179,43.93,True,2016-09-27,17,15,17:15,Evening,False,Autumn,2.0,0.0,45.0,Communal_way,Bidirectional,Unknown,Slope,Curve_left,Normal,Unknown,On_road,Unknown,,,,,,,,,,,,,,,,,,,Not a holiday,0
5934,201600003967,2016,10,6,Night_without_public_lighting,Out_of_agglomeration,Out_of_intersection,Normal,Other_collision,Manual_entry,0.14095,43.9709,True,2016-10-06,22,30,22:30,Night,False,Autumn,2.0,0.0,0.0,Departmental_road,Bidirectional,Unknown,Unknown,Curve_left,Normal,Unknown,On_verge,Unknown,,,,,,,,,,,,,,,,,,,Not a holiday,0
5935,201600003968,2016,10,11,Daylight,Out_of_agglomeration,Out_of_intersection,Normal,Other_collision,Manual_entry,0.03383,43.8752,True,2016-10-11,11,15,11:15,Morning,False,Autumn,2.0,0.0,70.0,National_road,Bidirectional,Unknown,Flat,Curve_right,Normal,Unknown,On_verge,Unknown,,,,,,,,,,,,,,,,,,,Not a holiday,0
5936,201600003969,2016,10,17,Night_without_public_lighting,Out_of_agglomeration,Out_of_intersection,Normal,Rear_end_two_vehicles,Manual_entry,-0.06858,43.8657,True,2016-10-17,7,30,07:30,Morning,False,Autumn,2.0,0.0,52.0,Departmental_road,Bidirectional,Unknown,Slope,Straight,Normal,Unknown,On_road,Unknown,,,,,,,,,,,,,,,,,,,Not a holiday,0
5937,201600003970,2016,10,24,Daylight,Out_of_agglomeration,Intersection_Y,Normal,Side_two_vehicles,Manual_entry,0.15154,43.8356,True,2016-10-24,10,30,10:30,Morning,False,Autumn,2.0,0.0,61.0,Departmental_road,Bidirectional,Unknown,Flat,Straight,Normal,Unknown,On_road,Not_near_school,,,,,,,,,,,,,,,,,,,Not a holiday,0
5938,201600003971,2016,12,3,Daylight,Out_of_agglomeration,Out_of_intersection,Dazzling,Frontal_two_vehicles,Manual_entry,-0.11532,43.8425,True,2016-12-03,16,15,16:15,Afternoon,True,Winter,2.0,0.0,50.0,Communal_way,Bidirectional,Unknown,Slope,Curve_left,Normal,Unknown,On_road,Unknown,,,,,,,,,,,,,,,,,,,Not a holiday,0
5939,201600003972,2016,12,16,Daylight,Out_of_agglomeration,Out_of_intersection,Normal,Side_two_vehicles,Manual_entry,0.07887,43.7949,True,2016-12-16,12,30,12:30,Afternoon,False,Winter,2.0,0.0,70.0,Departmental_road,Bidirectional,Unknown,Slope,Straight,Normal,Unknown,On_road,Unknown,,,,,,,,,,,,,,,,,,,Not a holiday,0
5940,201600003973,2016,1,19,Daylight,Out_of_agglomeration,Out_of_intersection,Normal,No_collision,Manual_entry,0.72502,43.9919,True,2016-01-19,11,45,11:45,Morning,False,Winter,2.0,0.0,42.0,Departmental_road,Bidirectional,Unknown,Hill_bottom,Curve_right,Wet,Unknown,On_verge,Unknown,,,,,,,,,,,,,,,,,,,Not a holiday,0
5941,201600003974,2016,2,15,Daylight,Out_of_agglomeration,Out_of_intersection,Normal,Other_collision,Manual_entry,0.65888,43.9619,True,2016-02-15,17,0,17:00,Evening,False,Winter,2.0,30.0,74.0,National_road,Separated_carriageways,Unknown,Flat,Straight,Normal,Unknown,On_verge,Unknown,,,,,,,,,,,,,,,,,,,Not a holiday,0
5942,201600003975,2016,2,19,Twilight_or_dawn,Out_of_agglomeration,Out_of_intersection,Fog_or_smoke,Other_collision,Manual_entry,0.75622,43.9427,True,2016-02-19,8,0,08:00,Morning,False,Winter,2.0,0.0,56.0,Departmental_road,Bidirectional,Unknown,Flat,Curve_left,Wet,Unknown,On_verge,Unknown,,,,,,,,,,,,,,,,,,,Not a holiday,0
5943,201600003976,2016,4,15,Daylight,Out_of_agglomeration,Out_of_intersection,Normal,Frontal_two_vehicles,Manual_entry,0.77395,43.8282,True,2016-04-15,18,0,18:00,Evening,False,Spring,2.0,0.0,0.0,Communal_way,Bidirectional,Unknown,Flat,Curve_left,Normal,Unknown,On_road,Unknown,,,,,,,,,,,,,,,,,,,Not a holiday,0
5944,201600003977,2016,5,30,Daylight,Built_up_area,Out_of_intersection,Normal,Rear_end_two_vehicles,Manual_entry,0.65956,43.8515,True,2016-05-30,17,0,17:00,Evening,False,Spring,2.0,0.0,78.0,Communal_way,Bidirectional,Unknown,Flat,Straight,Normal,Unknown,On_road,Near_school,,,,,,,,,,,,,,,,,,,Not a holiday,0
5945,201600003978,2016,7,2,Daylight,Out_of_agglomeration,Intersection_T,Normal,Side_two_vehicles,Manual_entry,0.65104,43.9537,True,2016-07-02,11,30,11:30,Morning,True,Summer,2.0,0.0,80.0,National_road,Bidirectional,Unknown,Slope,Curve_left,Normal,Unknown,On_road,Unknown,,,,,,,,,,,,,,,,,,,Not a holiday,0
5946,201600003979,2016,7,25,Daylight,Out_of_agglomeration,Out_of_intersection,Normal,Frontal_two_vehicles,Manual_entry,0.64294,43.8051,True,2016-07-25,18,15,18:15,Evening,False,Summer,2.0,0.0,72.0,National_road,Bidirectional,Unknown,Flat,Straight,Normal,Unknown,On_road,Unknown,,,,,,,,,,,,,,,,,,,Not a holiday,0
5947,201600003980,2016,8,22,Daylight,Out_of_agglomeration,Out_of_intersection,Normal,Side_two_vehicles,Manual_entry,0.5974,43.9337,True,2016-08-22,14,15,14:15,Afternoon,False,Summer,2.0,74.0,0.0,Departmental_road,Bidirectional,Unknown,Slope,Straight,Normal,Unknown,On_road,Unknown,,,,,,,,,,,,,,,,,,,Not a holiday,0
5948,201600003981,2016,8,25,Daylight,Built_up_area,Out_of_intersection,Normal,Frontal_two_vehicles,Manual_entry,0.66101,43.8473,True,2016-08-25,19,0,19:00,Evening,False,Summer,2.0,0.0,62.0,Communal_way,Bidirectional,Unknown,Unknown,Straight,Normal,Unknown,On_road,Not_near_school,,,,,,,,,,,,,,,,,,,Not a holiday,0
5949,201600003982,2016,9,4,Night_without_public_lighting,Out_of_agglomeration,Out_of_intersection,Normal,No_collision,Manual_entry,0.75467,43.9937,True,2016-09-04,0,30,00:30,Night,True,Autumn,2.0,55.0,0.0,Departmental_road,Bidirectional,Unknown,Slope,Straight,Normal,Unknown,On_verge,Unknown,,,,,,,,,,,,,,,,,,,Not a holiday,0
5950,201600003983,2016,9,21,Daylight,Out_of_agglomeration,Intersection_X,Normal,Side_two_vehicles,Manual_entry,0.68329,43.9974,True,2016-09-21,16,15,16:15,Afternoon,False,Autumn,2.0,0.0,42.0,Departmental_road,Bidirectional,Unknown,Slope,Curve_left,Normal,Unknown,On_road,Unknown,,,,,,,,,,,,,,,,,,,Not a holiday,0
5951,201600003984,2016,11,3,Night_without_public_lighting,Out_of_agglomeration,Intersection_X,Normal,Side_two_vehicles,Manual_entry,0.8116,43.9881,True,2016-11-03,17,45,17:45,Evening,False,Autumn,2.0,0.0,59.0,Departmental_road,Bidirectional,Unknown,Flat,Straight,Normal,Unknown,On_road,Unknown,,,,,,,,,,,,,,,,,,,Not a holiday,0
5952,201600003985,2016,12,24,Daylight,Built_up_area,Place,Normal,Other_collision,Manual_entry,0.66303,43.8495,True,2016-12-24,10,30,10:30,Morning,True,Winter,0.0,0.0,50.0,Parking_lot,One_way,Unknown,Flat,Straight,Normal,Unknown,On_road,Unknown,,,,,,,,,,,,,,,,,,,Not a holiday,0
5953,201600003986,2016,12,25,Night_without_public_lighting,Out_of_agglomeration,Out_of_intersection,Light_rain,Other_collision,Manual_entry,0.68309,43.86,True,2016-12-25,1,15,01:15,Night,True,Winter,0.0,0.0,60.0,Departmental_road,Bidirectional,Unknown,Slope,Straight,Wet,Unknown,On_verge,Unknown,,,,,,,,,,,,,,,,,,,Christmas Day,1
5954,201600003987,2016,1,28,Night_without_public_lighting,Out_of_agglomeration,Out_of_intersection,Fog_or_smoke,Other_collision,Manual_entry,0.69782,43.3624,True,2016-01-28,3,45,03:45,Night,False,Winter,2.0,0.0,54.0,Departmental_road,Bidirectional,Unknown,Flat,Curve_left,Wet,Unknown,On_verge,Unknown,,,,,,,,,,,,,,,,,,,Not a holiday,0
5955,201600003988,2016,4,2,Daylight,Out_of_agglomeration,Out_of_intersection,Normal,No_collision,Manual_entry,0.52291,43.4915,True,2016-04-02,18,0,18:00,Evening,True,Spring,2.0,0.0,60.0,Departmental_road,Bidirectional,Unknown,Slope,Curve_left,Normal,Unknown,On_road,Unknown,,,,,,,,,,,,,,,,,,,Not a holiday,0
5956,201600003989,2016,4,21,Daylight,Out_of_agglomeration,Intersection_X,Light_rain,Side_two_vehicles,Manual_entry,0.59633,43.3514,True,2016-04-21,17,15,17:15,Evening,False,Spring,2.0,0.0,60.0,Departmental_road,Bidirectional,Unknown,Flat,Straight,Wet,Unknown,On_road,Unknown,,,,,,,,,,,,,,,,,,,Not a holiday,0
5957,201600003990,2016,5,31,Daylight,Built_up_area,Out_of_intersection,Normal,Other_collision,Manual_entry,0.41176,43.464,True,2016-05-31,18,0,18:00,Evening,False,Spring,2.0,0.0,71.0,Departmental_road,Bidirectional,Unknown,Flat,Straight,Normal,Unknown,On_verge,Unknown,,,,,,,,,,,,,,,,,,,Not a holiday,0
5958,201600003991,2016,6,16,Daylight,Out_of_agglomeration,Intersection_X,Normal,Side_two_vehicles,Manual_entry,0.71264,43.3797,True,2016-06-16,18,45,18:45,Evening,False,Summer,2.0,0.0,0.0,Departmental_road,Bidirectional,Unknown,Flat,Straight,Normal,Unknown,On_road,Unknown,,,,,,,,,,,,,,,,,,,Not a holiday,0
5959,201600003992,2016,7,30,Twilight_or_dawn,Out_of_agglomeration,Intersection_X,Normal,Side_two_vehicles,Manual_entry,0.30089,43.4551,True,2016-07-30,21,15,21:15,Night,True,Summer,2.0,0.0,50.0,Departmental_road,Bidirectional,Unknown,Slope,Straight,Normal,Unknown,On_road,Unknown,,,,,,,,,,,,,,,,,,,Not a holiday,0
5960,201600003993,2016,8,5,Daylight,Out_of_agglomeration,Intersection_X,Normal,Side_two_vehicles,Manual_entry,0.45458,43.5402,True,2016-08-05,12,0,12:00,Afternoon,False,Summer,2.0,0.0,150.0,National_road,Bidirectional,Unknown,Flat,Straight,Normal,Roundabout,On_road,Unknown,,,,,,,,,,,,,,,,,,,Not a holiday,0
5961,201600003994,2016,8,17,Daylight,Out_of_agglomeration,Out_of_intersection,Normal,Other_collision,Manual_entry,0.3075,43.411,True,2016-08-17,17,45,17:45,Evening,False,Summer,2.0,0.0,59.0,Departmental_road,Bidirectional,Unknown,Flat,Straight,Normal,Unknown,On_verge,Unknown,,,,,,,,,,,,,,,,,,,Not a holiday,0
5962,201600003995,2016,8,25,Daylight,Out_of_agglomeration,Out_of_intersection,Normal,Frontal_two_vehicles,Manual_entry,0.4191,43.3471,True,2016-08-25,11,15,11:15,Morning,False,Summer,0.0,0.0,42.0,Departmental_road,Bidirectional,Unknown,Unknown,Straight,Normal,Unknown,On_road,Unknown,,,,,,,,,,,,,,,,,,,Not a holiday,0
5963,201600003996,2016,8,28,Daylight,Out_of_agglomeration,Out_of_intersection,Normal,Other_collision,Manual_entry,0.55949,43.4291,True,2016-08-28,15,0,15:00,Afternoon,True,Summer,2.0,60.0,0.0,Departmental_road,Bidirectional,Unknown,Flat,Curve_left,Normal,Unknown,On_verge,Unknown,,,,,,,,,,,,,,,,,,,Not a holiday,0
5964,201600003997,2016,10,15,Daylight,Built_up_area,Out_of_intersection,Normal,Rear_end_two_vehicles,Manual_entry,0.25748,43.4201,True,2016-10-15,11,0,11:00,Morning,True,Autumn,2.0,0.0,0.0,National_road,Bidirectional,Unknown,Slope,Straight,Normal,Unknown,On_road,Near_school,,,,,,,,,,,,,,,,,,,Not a holiday,0
5965,201600003998,2016,10,31,Night_without_public_lighting,Out_of_agglomeration,Out_of_intersection,Normal,Other_collision,Manual_entry,0.66893,43.4678,True,2016-10-31,19,45,19:45,Evening,False,Autumn,2.0,0.0,55.0,Departmental_road,Bidirectional,Unknown,Slope,Curve_right,Normal,Unknown,On_verge,Unknown,,,,,,,,,,,,,,,,,,,Not a holiday,0