,accident_id,year,month,day,lighting_label,urban_label,intersection_label,weather_label,collision_label,gps_label,longitude_num,latitude_num,valid_geo,date,hour,minute,time_hhmm,time_of_day,is_weekend,season,num_lanes,pedestrian_crossing_width,road_width,road_category_label,traffic_regime_label,reserved_lane_label,road_profile_label,road_layout_label,surface_condition_label,infrastructure_label,situation_label,school_zone_label,vehicle_id,traffic_direction_label,vehicle_category_label,mobile_obstacle_label,impact_point_label,manoeuvre_label,occupants_group,birth_year,sex_label,user_category_label,injury_severity_label,seat_position_label,journey_purpose_label,pedestrian_location_label,pedestrian_action_label,pedestrian_state_label,safety_equipment_type,safety_equipment_usage,holiday_name,is_holiday
5966,201600003999,2016,9,15,Daylight,Out_of_agglomeration,Intersection_X,Normal,Side_two_vehicles,Manual_entry,0.09454,43.513,True,2016-09-15,17,15,17:15,Evening,False,Autumn,2.0,0.0,54.0,Departmental_road,Bidirectional,Unknown,Slope,Straight,Normal,Unknown,On_road,Unknown,,,,,,,,,,,,,,,,,,,Not a holiday,0
5967,201600004000,2016,9,20,Daylight,Out_of_agglomeration,Out_of_intersection,Normal,Other_collision,Manual_entry,0.32776,43.5539,True,2016-09-20,17,15,17:15,Evening,False,Autumn,2.0,0.0,50.0,Departmental_road,Bidirectional,Unknown,Flat,Straight,Normal,Unknown,On_verge,Unknown,,,,,,,,,,,,,,,,,,,Not a holiday,0
5968,201600004001,2016,10,2,Daylight,Out_of_agglomeration,Out_of_intersection,Normal,Other_collision,Manual_entry,0.36348,43.5509,True,2016-10-02,11,45,11:45,Morning,True,Autumn,2.0,0.0,50.0,Departmental_road,Bidirectional,Unknown,Slope,Straight,Normal,Unknown,On_verge,Unknown,,,,,,,,,,,,,,,,,,,Not a holiday,0
5969,201600004002,2016,10,2,Daylight,Out_of_agglomeration,Out_of_intersection,Normal,No_collision,Manual_entry,0.12379,43.6306,True,2016-10-02,10,15,10:15,Morning,True,Autumn,2.0,0.0,50.0,Departmental_road,Bidirectional,Unknown,Slope,Curve_right,Other,Unknown,On_road,Unknown,,,,,,,,,,,,,,,,,,,Not a holiday,0
5970,201600004003,2016,10,9,Daylight,Out_of_agglomeration,Intersection_X,Normal,Side_two_vehicles,Manual_entry,-0.00015,43.6296,True,2016-10-09,18,30,18:30,Evening,True,Autumn,0.0,0.0,54.0,Departmental_road,Bidirectional,Unknown,Flat,Straight,Normal,Unknown,On_road,Unknown,,,,,,,,,,,,,,,,,,,Not a holiday,0
5971,201600004004,2016,11,23,Night_without_public_lighting,Out_of_agglomeration,Out_of_intersection,Heavy_rain,Frontal_two_vehicles,Manual_entry,-0.01059,43.5998,True,2016-11-23,18,15,18:15,Evening,False,Autumn,0.0,0.0,54.0,Departmental_road,Bidirectional,Unknown,Flat,Curve_left,Wet,Unknown,On_road,Unknown,,,,,,,,,,,,,,,,,,,Not a holiday,0
5972,201600004005,2016,2,27,Daylight,Out_of_agglomeration,Intersection_X,Heavy_rain,Side_two_vehicles,Manual_entry,0.23394,43.4999,True,2016-02-27,9,30,09:30,Morning,True,Winter,2.0,0.0,60.0,Departmental_road,Bidirectional,Unknown,Flat,Straight,Wet,Unknown,On_road,Unknown,,,,,,,,,,,,,,,,,,,Not a holiday,0
5973,201600004006,2016,4,6,Daylight,Built_up_area,Out_of_intersection,Normal,Other_collision,Manual_entry,-0.03172,43.7597,True,2016-04-06,17,15,17:15,Evening,False,Spring,2.0,0.0,0.0,Departmental_road,Bidirectional,Unknown,Flat,Straight,Normal,Unknown,On_road,Unknown,,,,,,,,,,,,,,,,,,,Not a holiday,0
5974,201600004007,2016,5,7,Daylight,Out_of_agglomeration,Out_of_intersection,Normal,Side_two_vehicles,Manual_entry,0.00029,43.7882,True,2016-05-07,15,15,15:15,Afternoon,True,Spring,2.0,0.0,63.0,Departmental_road,Bidirectional,Unknown,Flat,Straight,Normal,Unknown,On_road,Unknown,,,,,,,,,,,,,,,,,,,Not a holiday,0
5975,201600004008,2016,5,22,Night_without_public_lighting,Out_of_agglomeration,Intersection_Y,Light_rain,Side_two_vehicles,Manual_entry,0.02973,43.7938,True,2016-05-22,22,0,22:00,Night,True,Spring,1.0,0.0,0.0,Departmental_road,One_way,Unknown,Slope,Straight,Wet,Unknown,On_road,Unknown,,,,,,,,,,,,,,,,,,,Not a holiday,0
5976,201600004009,2016,6,18,Night_with_public_lighting_not_functioning,Out_of_agglomeration,Out_of_intersection,Light_rain,No_collision,Manual_entry,-0.03618,43.7277,True,2016-06-18,2,0,02:00,Night,True,Summer,2.0,0.0,0.0,Departmental_road,Bidirectional,Unknown,Slope,Curve_left,Wet,Unknown,On_road,Unknown,,,,,,,,,,,,,,,,,,,Not a holiday,0
5977,201600004010,2016,8,27,Daylight,Out_of_agglomeration,Out_of_intersection,Normal,No_collision,Manual_entry,-0.10773,43.789,True,2016-08-27,18,30,18:30,Evening,True,Summer,2.0,0.0,56.0,Departmental_road,Bidirectional,Unknown,Flat,Curve_left,Normal,Unknown,On_verge,Unknown,,,,,,,,,,,,,,,,,,,Not a holiday,0
5978,201600004011,2016,10,10,Night_without_public_lighting,Out_of_agglomeration,Out_of_intersection,Normal,Other_collision,Manual_entry,-0.23884,43.6977,True,2016-10-10,20,45,20:45,Evening,False,Autumn,2.0,0.0,0.0,Departmental_road,Unknown,Unknown,Flat,Straight,Normal,Unknown,On_road,Unknown,,,,,,,,,,,,,,,,,,,Not a holiday,0
5979,201600004012,2016,10,23,Daylight,Out_of_agglomeration,Out_of_intersection,Normal,Frontal_two_vehicles,Manual_entry,-0.14833,43.7961,True,2016-10-23,12,0,12:00,Afternoon,True,Autumn,0.0,0.0,0.0,Communal_way,Unknown,Unknown,Flat,Curve_left,Normal,Unknown,On_road,Unknown,,,,,,,,,,,,,,,,,,,Not a holiday,0
5980,201600004013,2016,11,20,Twilight_or_dawn,Out_of_agglomeration,Out_of_intersection,Light_rain,Frontal_two_vehicles,Manual_entry,-0.16529,43.7317,True,2016-11-20,17,30,17:30,Evening,True,Autumn,2.0,0.0,71.0,Departmental_road,Bidirectional,Unknown,Slope,Straight,Wet,Unknown,On_road,Unknown,,,,,,,,,,,,,,,,,,,Not a holiday,0
5981,201600004014,2016,11,29,Daylight,Out_of_agglomeration,Out_of_intersection,Normal,Side_two_vehicles,Manual_entry,-0.10169,43.7501,True,2016-11-29,16,30,16:30,Afternoon,False,Autumn,2.0,0.0,0.0,Departmental_road,Bidirectional,Unknown,Flat,Straight,Normal,Unknown,On_road,Unknown,,,,,,,,,,,,,,,,,,,Not a holiday,0
5982,201600004015,2016,12,22,Daylight,Out_of_agglomeration,Out_of_intersection,Light_rain,Frontal_two_vehicles,Manual_entry,-0.13989,43.6252,True,2016-12-22,12,30,12:30,Afternoon,False,Winter,2.0,0.0,0.0,Departmental_road,Bidirectional,Unknown,Flat,Curve_right,Wet,Bridge,On_road,Unknown,,,,,,,,,,,,,,,,,,,Not a holiday,0
5983,201600004016,2016,2,23,Daylight,Out_of_agglomeration,Out_of_intersection,Light_rain,Other_collision,Manual_entry,1.51055,44.3051,True,2016-02-23,14,0,14:00,Afternoon,False,Winter,0.0,2.0,0.0,Highway,Separated_carriageways,Unknown,Unknown,Straight,Wet,Unknown,On_emergency_stop_band,Not_near_school,,,,,,,,,,,,,,,,,,,Not a holiday,0
5984,201600004017,2016,5,19,Daylight,Out_of_agglomeration,Out_of_intersection,Normal,Side_two_vehicles,Manual_entry,1.36745,44.39467,True,2016-05-19,10,45,10:45,Morning,False,Spring,2.0,0.0,60.0,Departmental_road,Bidirectional,Unknown,Slope,S-bend,Normal,Unknown,On_road,Not_near_school,,,,,,,,,,,,,,,,,,,Not a holiday,0
5985,201600004018,2016,5,23,Daylight,Out_of_agglomeration,Out_of_intersection,Strong_wind_or_storm,Rear_end_two_vehicles,Manual_entry,1.50169,44.33224,True,2016-05-23,15,15,15:15,Afternoon,False,Spring,0.0,10.0,74.0,Highway,Separated_carriageways,Unknown,Slope,Straight,Normal,Unknown,On_road,Not_near_school,,,,,,,,,,,,,,,,,,,Not a holiday,0
5986,201600004019,2016,11,24,Night_without_public_lighting,Out_of_agglomeration,Out_of_intersection,Other,Rear_end_two_vehicles,Manual_entry,1.51154,44.31428,True,2016-11-24,20,30,20:30,Evening,False,Autumn,4.0,35.0,75.0,Highway,Separated_carriageways,Unknown,Slope,Straight,Wet,Unknown,On_road,Unknown,,,,,,,,,,,,,,,,,,,Not a holiday,0
5987,201600004020,2016,2,11,Daylight,Out_of_agglomeration,Out_of_intersection,Heavy_rain,Other_collision,Manual_entry,,,False,2016-02-11,16,15,16:15,Afternoon,False,Winter,0.0,0.0,60.0,Departmental_road,Bidirectional,Unknown,Slope,S-bend,Wet,Unknown,On_verge,Unknown,,,,,,,,,,,,,,,,,,,Not a holiday,0
5988,201600004021,2016,3,4,Night_with_public_lighting_not_functioning,Out_of_agglomeration,Out_of_intersection,Heavy_rain,Other_collision,Manual_entry,,,False,2016-03-04,1,0,01:00,Night,False,Spring,2.0,4.0,120.0,Departmental_road,Bidirectional,Unknown,Slope,Curve_left,Wet,Unknown,On_verge,Not_near_school,,,,,,,,,,,,,,,,,,,Not a holiday,0
5989,201600004022,2016,3,5,Daylight,Out_of_agglomeration,Roundabout,Light_rain,Other_collision,Manual_entry,,,False,2016-03-05,15,15,15:15,Afternoon,True,Spring,2.0,0.0,60.0,Departmental_road,Separated_carriageways,Unknown,Unknown,Straight,Wet,Roundabout,On_verge,Not_near_school,,,,,,,,,,,,,,,,,,,Not a holiday,0
5990,201600004023,2016,3,11,Daylight,Out_of_agglomeration,Out_of_intersection,Normal,Frontal_two_vehicles,Manual_entry,,,False,2016-03-11,15,30,15:30,Afternoon,False,Spring,2.0,0.0,76.0,Departmental_road,Bidirectional,Unknown,Flat,Straight,Normal,Unknown,On_road,Not_near_school,,,,,,,,,,,,,,,,,,,Not a holiday,0
5991,201600004024,2016,4,9,Daylight,Out_of_agglomeration,Intersection_X,Normal,Multiple_three_plus,Manual_entry,1.20904,44.34383,True,2016-04-09,8,0,08:00,Morning,True,Spring,2.0,,60.0,Departmental_road,Bidirectional,Unknown,Flat,Straight,Normal,Unknown,On_road,Unknown,,,,,,,,,,,,,,,,,,,Not a holiday,0
5992,201600004025,2016,5,16,Daylight,Out_of_agglomeration,Intersection_X,Normal,Side_two_vehicles,Manual_entry,1.56263,44.41995,True,2016-05-16,10,15,10:15,Morning,False,Spring,2.0,0.0,53.0,Departmental_road,Bidirectional,Unknown,Slope,Straight,Normal,Roundabout,On_road,Unknown,,,,,,,,,,,,,,,,,,,Whit Monday,1
5993,201600004026,2016,5,21,Daylight,Out_of_agglomeration,Out_of_intersection,Normal,Frontal_two_vehicles,Manual_entry,1.40528,44.35199,True,2016-05-21,18,30,18:30,Evening,True,Spring,1.0,0.0,60.0,Departmental_road,Bidirectional,Unknown,Flat,Curve_left,Normal,Unknown,On_road,Not_near_school,,,,,,,,,,,,,,,,,,,Not a holiday,0
5994,201600004027,2016,8,6,Daylight,Out_of_agglomeration,Intersection_X,Normal,Multiple_three_plus,Manual_entry,1.5627,44.41994,True,2016-08-06,12,30,12:30,Afternoon,True,Summer,2.0,0.0,53.0,Departmental_road,Unknown,Unknown,Slope,Curve_right,Normal,Roundabout,Unknown,Not_near_school,,,,,,,,,,,,,,,,,,,Not a holiday,0
5995,201600004028,2016,10,4,Daylight,Out_of_agglomeration,Out_of_intersection,Normal,No_collision,Manual_entry,1.5168,44.38643,True,2016-10-04,18,30,18:30,Evening,False,Autumn,0.0,0.0,56.0,Departmental_road,Bidirectional,Unknown,Unknown,Straight,Other,Unknown,On_road,Not_near_school,,,,,,,,,,,,,,,,,,,Not a holiday,0
5996,201600004029,2016,10,17,Night_without_public_lighting,Out_of_agglomeration,Out_of_intersection,Normal,Other_collision,Manual_entry,1.35879,44.2672,True,2016-10-17,20,15,20:15,Evening,False,Autumn,2.0,0.0,56.0,Departmental_road,Bidirectional,Unknown,Slope,Straight,Normal,Unknown,On_road,Unknown,,,,,,,,,,,,,,,,,,,Not a holiday,0
5997,201600004030,2016,10,24,Daylight,Out_of_agglomeration,Out_of_intersection,Light_rain,Frontal_two_vehicles,Manual_entry,1.66553,44.34604,True,2016-10-24,17,30,17:30,Evening,False,Autumn,2.0,0.0,0.0,Departmental_road,Bidirectional,Unknown,Unknown,Straight,Wet,Unknown,On_road,Not_near_school,,,,,,,,,,,,,,,,,,,Not a holiday,0
5998,201600004031,2016,10,27,Daylight,Out_of_agglomeration,Out_of_intersection,Normal,Frontal_two_vehicles,Manual_entry,1.38426,44.40227,True,2016-10-27,12,15,12:15,Afternoon,False,Autumn,2.0,0.0,62.0,Departmental_road,Bidirectional,Unknown,Unknown,Curve_left,Normal,Unknown,On_road,Not_near_school,,,,,,,,,,,,,,,,,,,Not a holiday,0
5999,201600004032,2016,10,27,Daylight,Out_of_agglomeration,Out_of_intersection,Dazzling,Frontal_two_vehicles,Manual_entry,1.22265,44.38871,True,2016-10-27,18,0,18:00,Evening,False,Autumn,2.0,0.0,42.0,Departmental_road,Bidirectional,Unknown,Unknown,Straight,Normal,Unknown,On_road,Not_near_school,,,,,,,,,,,,,,,,,,,Not a holiday,0
6000,201600004033,2016,12,21,Daylight,Out_of_agglomeration,Out_of_intersection,Normal,Other_collision,Manual_entry,,,False,2016-12-21,13,45,13:45,Afternoon,False,Winter,2.0,0.0,66.0,Departmental_road,Bidirectional,Unknown,Flat,Straight,Normal,Unknown,On_verge,Near_school,,,,,,,,,,,,,,,,,,,Not a holiday,0
6001,201600004034,2016,1,1,Night_without_public_lighting,Out_of_agglomeration,Out_of_intersection,Fog_or_smoke,Frontal_two_vehicles,Manual_entry,1.04154,44.4905,True,2016-01-01,1,45,01:45,Night,False,Winter,0.0,0.0,70.0,Departmental_road,Bidirectional,Unknown,Slope,Curve_right,Wet,Unknown,On_road,Not_near_school,,,,,,,,,,,,,,,,,,,New year,1
6002,201600004035,2016,2,25,Daylight,Out_of_agglomeration,Intersection_T,Light_rain,Side_two_vehicles,Manual_entry,1.28399,44.52505,True,2016-02-25,13,30,13:30,Afternoon,False,Winter,0.0,0.0,0.0,Departmental_road,Bidirectional,Unknown,Flat,Straight,Wet,Unknown,On_road,Not_near_school,,,,,,,,,,,,,,,,,,,Not a holiday,0
6003,201600004036,2016,2,26,Daylight,Out_of_agglomeration,Out_of_intersection,Normal,Other_collision,Manual_entry,1.35165,44.40709,True,2016-02-26,15,0,15:00,Afternoon,False,Winter,0.0,0.0,60.0,Departmental_road,Bidirectional,Unknown,Hill_bottom,Curve_left,Normal,Unknown,On_verge,Not_near_school,,,,,,,,,,,,,,,,,,,Not a holiday,0
6004,201600004037,2016,2,28,Night_without_public_lighting,Out_of_agglomeration,Out_of_intersection,Light_rain,Other_collision,Manual_entry,,,False,2016-02-28,5,15,05:15,Morning,True,Winter,2.0,0.0,65.0,Departmental_road,Bidirectional,Unknown,Flat,Curve_left,Wet,Unknown,On_verge,Not_near_school,,,,,,,,,,,,,,,,,,,Not a holiday,0
6005,201600004038,2016,4,2,Daylight,Out_of_agglomeration,Out_of_intersection,Normal,Rear_end_two_vehicles,Manual_entry,,,False,2016-04-02,11,0,11:00,Morning,True,Spring,0.0,0.0,70.0,Departmental_road,Bidirectional,Unknown,Slope,Straight,Normal,Unknown,On_road,Not_near_school,,,,,,,,,,,,,,,,,,,Not a holiday,0
6006,201600004039,2016,5,27,Daylight,Out_of_agglomeration,Out_of_intersection,Normal,Side_two_vehicles,Manual_entry,1.10196,44.50858,True,2016-05-27,10,0,10:00,Morning,False,Spring,0.0,0.0,120.0,Departmental_road,Bidirectional,Unknown,Flat,Straight,Normal,Unknown,On_road,Unknown,,,,,,,,,,,,,,,,,,,Not a holiday,0
6007,201600004040,2016,5,29,Night_with_public_lighting_on,Built_up_area,Out_of_intersection,Heavy_rain,Other_collision,Manual_entry,,,False,2016-05-29,2,45,02:45,Night,True,Spring,0.0,0.0,58.0,Departmental_road,Bidirectional,Unknown,Slope,Curve_right,Wet,Unknown,On_road,Unknown,,,,,,,,,,,,,,,,,,,Not a holiday,0
6008,201600004041,2016,6,12,Daylight,Out_of_agglomeration,Out_of_intersection,Light_rain,Other_collision,Manual_entry,,,False,2016-06-12,19,15,19:15,Evening,True,Summer,2.0,0.0,60.0,Departmental_road,Unknown,Unknown,Unknown,Curve_left,Wet,Unknown,On_verge,Unknown,,,,,,,,,,,,,,,,,,,Not a holiday,0
6009,201600004042,2016,6,22,Daylight,Built_up_area,Out_of_intersection,Normal,Other_collision,Manual_entry,1.17564,44.50337,True,2016-06-22,17,15,17:15,Evening,False,Summer,1.0,0.0,0.0,Communal_way,Unknown,Unknown,Unknown,Curve_right,Unknown,Unknown,Unknown,Not_near_school,,,,,,,,,,,,,,,,,,,Not a holiday,0
6010,201600004043,2016,8,10,Daylight,Out_of_agglomeration,Intersection_X,Normal,Side_two_vehicles,Manual_entry,1.0929,44.47892,True,2016-08-10,16,15,16:15,Afternoon,False,Summer,2.0,0.0,64.0,Departmental_road,Bidirectional,Unknown,Hill_bottom,Straight,Normal,Roundabout,On_road,Not_near_school,,,,,,,,,,,,,,,,,,,Not a holiday,0
6011,201600004044,2016,8,14,Daylight,Built_up_area,Out_of_intersection,Normal,Other_collision,Manual_entry,1.25487,44.41773,True,2016-08-14,9,45,09:45,Morning,True,Summer,2.0,0.0,0.0,Departmental_road,Bidirectional,Unknown,Unknown,Curve_right,Normal,Unknown,On_road,Not_near_school,,,,,,,,,,,,,,,,,,,Not a holiday,0
6012,201600004045,2016,8,20,Daylight,Out_of_agglomeration,Out_of_intersection,Light_rain,Frontal_two_vehicles,Manual_entry,1.1946,44.48221,True,2016-08-20,10,45,10:45,Morning,True,Summer,1.0,0.0,30.0,Departmental_road,Variable_assignment,Unknown,Unknown,Straight,Wet,Bridge,On_road,Unknown,,,,,,,,,,,,,,,,,,,Not a holiday,0
6013,201600004046,2016,9,16,Daylight,Out_of_agglomeration,Out_of_intersection,Normal,Frontal_two_vehicles,Manual_entry,1.05372,44.43199,True,2016-09-16,9,15,09:15,Morning,False,Autumn,2.0,0.0,33.0,Communal_way,Bidirectional,Unknown,Flat,Curve_right,Normal,Unknown,On_road,Unknown,,,,,,,,,,,,,,,,,,,Not a holiday,0
6014,201600004047,2016,10,15,Night_without_public_lighting,Out_of_agglomeration,Out_of_intersection,Normal,Other_collision,Manual_entry,,,False,2016-10-15,22,30,22:30,Night,True,Autumn,2.0,0.0,64.0,Departmental_road,Bidirectional,Unknown,Flat,Straight,Normal,Unknown,On_verge,Unknown,,,,,,,,,,,,,,,,,,,Not a holiday,0
6015,201600004048,2016,1,12,Daylight,Out_of_agglomeration,Out_of_intersection,Snow_or_hail,Other_collision,Manual_entry,1.99172,44.58404,True,2016-01-12,16,15,16:15,Afternoon,False,Winter,0.0,0.0,64.0,Departmental_road,Bidirectional,Unknown,Slope,Unknown,Wet,Unknown,On_verge,Not_near_school,,,,,,,,,,,,,,,,,,,Not a holiday,0
6016,201600004049,2016,2,7,Night_with_public_lighting_on,Out_of_agglomeration,Out_of_intersection,Light_rain,Other_collision,Manual_entry,,,False,2016-02-07,8,30,08:30,Morning,True,Winter,2.0,79.0,0.0,Departmental_road,Bidirectional,Unknown,Unknown,Curve_left,Wet,Unknown,On_road,Not_near_school,,,,,,,,,,,,,,,,,,,Not a holiday,0
6017,201600004050,2016,5,27,Daylight,Built_up_area,Out_of_intersection,Normal,Side_two_vehicles,Manual_entry,2.02571,44.60936,True,2016-05-27,17,30,17:30,Evening,False,Spring,0.0,0.0,0.0,Departmental_road,One_way,Unknown,Flat,Straight,Normal,Roundabout,On_road,Not_near_school,,,,,,,,,,,,,,,,,,,Not a holiday,0
6018,201600004051,2016,8,30,Daylight,Built_up_area,Out_of_intersection,Normal,No_collision,Manual_entry,,,False,2016-08-30,19,45,19:45,Evening,False,Summer,1.0,0.0,60.0,Departmental_road,Bidirectional,Unknown,Unknown,Straight,Other,Unknown,On_verge,Not_near_school,,,,,,,,,,,,,,,,,,,Not a holiday,0
6019,201600004052,2016,10,13,Daylight,Built_up_area,Other,Normal,Other_collision,Manual_entry,,,False,2016-10-13,10,45,10:45,Morning,False,Autumn,0.0,0.0,0.0,Departmental_road,Bidirectional,Unknown,Flat,Unknown,Normal,Unknown,On_road,Near_school,,,,,,,,,,,,,,,,,,,Not a holiday,0
6020,201600004053,2016,10,22,Daylight,Built_up_area,Out_of_intersection,Normal,Other_collision,Manual_entry,2.02457,44.60647,True,2016-10-22,11,30,11:30,Morning,True,Autumn,0.0,0.0,0.0,Parking_lot,Unknown,Unknown,Slope,Unknown,Normal,Unknown,On_road,Unknown,,,,,,,,,,,,,,,,,,,Not a holiday,0
6021,201600004054,2016,12,17,Twilight_or_dawn,Out_of_agglomeration,Out_of_intersection,Normal,Side_two_vehicles,Manual_entry,2.06153,44.59392,True,2016-12-17,17,30,17:30,Evening,True,Winter,2.0,0.0,0.0,Departmental_road,Bidirectional,Unknown,Slope,Curve_right,Normal,Roundabout,On_road,Not_near_school,,,,,,,,,,,,,,,,,,,Not a holiday,0
6022,201600004055,2016,2,12,Daylight,Out_of_agglomeration,Intersection_X,Heavy_rain,Frontal_two_vehicles,Manual_entry,1.93623,44.57611,True,2016-02-12,11,30,11:30,Morning,False,Winter,0.0,0.0,65.0,Departmental_road,Bidirectional,Unknown,Flat,Straight,Wet,Unknown,On_road,Not_near_school,,,,,,,,,,,,,,,,,,,Not a holiday,0
6023,201600004056,2016,7,18,Daylight,Out_of_agglomeration,Intersection_X,Normal,Side_two_vehicles,Manual_entry,1.80684,44.76057,True,2016-07-18,12,0,12:00,Afternoon,False,Summer,2.0,0.0,40.0,Departmental_road,Bidirectional,Unknown,Slope,Straight,Normal,Unknown,On_road,Not_near_school,,,,,,,,,,,,,,,,,,,Not a holiday,0
6024,201600004057,2016,8,22,Night_without_public_lighting,Out_of_agglomeration,Roundabout,Normal,No_collision,Manual_entry,,,False,2016-08-22,23,30,23:30,Night,False,Summer,0.0,0.0,0.0,Departmental_road,Bidirectional,Unknown,Hilltop,Straight,Normal,Roundabout,On_road,Unknown,,,,,,,,,,,,,,,,,,,Not a holiday,0
6025,201600004058,2016,1,18,Night_with_public_lighting_on,Built_up_area,Out_of_intersection,Light_rain,Other_collision,Manual_entry,1.89334,44.85647,True,2016-01-18,21,45,21:45,Night,False,Winter,0.0,0.0,0.0,Departmental_road,Bidirectional,Unknown,Flat,Straight,Wet,Unknown,On_road,Not_near_school,,,,,,,,,,,,,,,,,,,Not a holiday,0
6026,201600004059,2016,2,19,Daylight,Out_of_agglomeration,Out_of_intersection,Normal,Multiple_three_plus,Manual_entry,,,False,2016-02-19,8,15,08:15,Morning,False,Winter,2.0,0.0,63.0,Departmental_road,Bidirectional,Unknown,Hill_bottom,Curve_right,Normal,Unknown,On_road,Not_near_school,,,,,,,,,,,,,,,,,,,Not a holiday,0
6027,201600004060,2016,4,23,Daylight,Built_up_area,Out_of_intersection,Normal,Side_two_vehicles,Manual_entry,1.8448,44.92705,True,2016-04-23,11,45,11:45,Morning,True,Spring,2.0,0.0,55.0,other,Bidirectional,Unknown,Flat,Straight,Normal,Unknown,On_road,Not_near_school,,,,,,,,,,,,,,,,,,,Not a holiday,0
6028,201600004061,2016,5,15,Daylight,Out_of_agglomeration,Out_of_intersection,Normal,No_collision,Manual_entry,2.11044,44.7897,True,2016-05-15,11,15,11:15,Morning,True,Spring,0.0,0.0,0.0,Departmental_road,Bidirectional,Unknown,Unknown,Straight,Normal,Unknown,On_road,Not_near_school,,,,,,,,,,,,,,,,,,,Not a holiday,0
6029,201600004062,2016,6,2,Daylight,Out_of_agglomeration,Out_of_intersection,Normal,Frontal_two_vehicles,Manual_entry,1.86518,44.88453,True,2016-06-02,9,30,09:30,Morning,False,Summer,0.0,0.0,70.0,Departmental_road,Bidirectional,Unknown,Slope,Straight,Normal,Unknown,On_road,Not_near_school,,,,,,,,,,,,,,,,,,,Not a holiday,0
6030,201600004063,2016,8,18,Daylight,Out_of_agglomeration,Out_of_intersection,Normal,Side_two_vehicles,Manual_entry,,,False,2016-08-18,8,30,08:30,Morning,False,Summer,2.0,0.0,73.0,Departmental_road,Bidirectional,Unknown,Flat,Straight,Normal,Unknown,On_road,Unknown,,,,,,,,,,,,,,,,,,,Not a holiday,0
6031,201600004064,2016,9,22,Daylight,Out_of_agglomeration,Out_of_intersection,Normal,Frontal_two_vehicles,Manual_entry,1.85531,44.9385,True,2016-09-22,13,45,13:45,Afternoon,False,Autumn,0.0,0.0,63.0,other,Unknown,Unknown,Flat,Straight,Normal,Unknown,On_road,Not_near_school,,,,,,,,,,,,,,,,,,,Not a holiday,0
6032,201600004065,2016,1,23,Daylight,Built_up_area,Out_of_intersection,Normal,Other_collision,Manual_entry,1.37469,44.73159,True,2016-01-23,15,15,15:15,Afternoon,True,Winter,0.0,0.0,0.0,Departmental_road,Bidirectional,Unknown,Flat,Straight,Normal,Unknown,On_road,Not_near_school,,,,,,,,,,,,,,,,,,,Not a holiday,0
6033,201600004066,2016,3,5,Night_without_public_lighting,Out_of_agglomeration,Out_of_intersection,Light_rain,Frontal_two_vehicles,Manual_entry,,,False,2016-03-05,19,15,19:15,Evening,True,Spring,2.0,0.0,63.0,Departmental_road,Bidirectional,Unknown,Flat,S-bend,Wet,Unknown,On_road,Not_near_school,,,,,,,,,,,,,,,,,,,Not a holiday,0
6034,201600004067,2016,4,25,Night_without_public_lighting,Out_of_agglomeration,Out_of_intersection,Normal,Other_collision,Manual_entry,1.33436,44.75477,True,2016-04-25,2,45,02:45,Night,False,Spring,0.0,0.0,42.0,Communal_way,Bidirectional,Unknown,Slope,Curve_right,Normal,Unknown,On_verge,Unknown,,,,,,,,,,,,,,,,,,,Not a holiday,0
6035,201600004068,2016,5,20,Daylight,Out_of_agglomeration,Out_of_intersection,Dazzling,No_collision,Manual_entry,1.37538,44.72947,True,2016-05-20,12,0,12:00,Afternoon,False,Spring,2.0,60.0,0.0,Departmental_road,Bidirectional,Unknown,Flat,Curve_left,Normal,Unknown,On_verge,Not_near_school,,,,,,,,,,,,,,,,,,,Not a holiday,0
6036,201600004069,2016,6,17,Daylight,Out_of_agglomeration,Out_of_intersection,Light_rain,No_collision,Manual_entry,,,False,2016-06-17,16,15,16:15,Afternoon,False,Summer,2.0,0.0,80.0,Departmental_road,Bidirectional,Unknown,Flat,Curve_right,Normal,Unknown,On_verge,Not_near_school,,,,,,,,,,,,,,,,,,,Not a holiday,0
6037,201600004070,2016,7,19,Daylight,Built_up_area,Out_of_intersection,Normal,Frontal_two_vehicles,Manual_entry,1.46309,44.81642,True,2016-07-19,15,0,15:00,Afternoon,False,Summer,0.0,0.0,33.0,Communal_way,Bidirectional,Unknown,Slope,Straight,Normal,Unknown,On_road,Not_near_school,,,,,,,,,,,,,,,,,,,Not a holiday,0
6038,201600004071,2016,7,20,Daylight,Out_of_agglomeration,Intersection_X,Normal,Side_two_vehicles,Manual_entry,1.41092,44.76084,True,2016-07-20,15,15,15:15,Afternoon,False,Summer,2.0,,300.0,Communal_way,Bidirectional,Unknown,Flat,Straight,Normal,Unknown,On_road,Not_near_school,,,,,,,,,,,,,,,,,,,Not a holiday,0
6039,201600004072,2016,10,16,Daylight,Out_of_agglomeration,Out_of_intersection,Normal,Other_collision,Manual_entry,1.30456,44.71081,True,2016-10-16,15,30,15:30,Afternoon,True,Autumn,2.0,0.0,0.0,Departmental_road,Bidirectional,Unknown,Flat,Curve_left,Normal,Unknown,On_verge,Unknown,,,,,,,,,,,,,,,,,,,Not a holiday,0
6040,201600004073,2016,7,26,Daylight,Built_up_area,Out_of_intersection,Normal,Other_collision,Manual_entry,1.37541,44.72943,True,2016-07-26,18,15,18:15,Evening,False,Summer,2.0,0.0,70.0,Departmental_road,Bidirectional,Unknown,Slope,Straight,Normal,Unknown,On_verge,Not_near_school,,,,,,,,,,,,,,,,,,,Not a holiday,0