,accident_id,year,month,day,lighting_label,urban_label,intersection_label,weather_label,collision_label,gps_label,longitude_num,latitude_num,valid_geo,date,hour,minute,time_hhmm,time_of_day,is_weekend,season,num_lanes,pedestrian_crossing_width,road_width,road_category_label,traffic_regime_label,reserved_lane_label,road_profile_label,road_layout_label,surface_condition_label,infrastructure_label,situation_label,school_zone_label,vehicle_id,traffic_direction_label,vehicle_category_label,mobile_obstacle_label,impact_point_label,manoeuvre_label,occupants_group,birth_year,sex_label,user_category_label,injury_severity_label,seat_position_label,journey_purpose_label,pedestrian_location_label,pedestrian_action_label,pedestrian_state_label,safety_equipment_type,safety_equipment_usage,holiday_name,is_holiday
6041,201600004074,2016,7,24,Daylight,Out_of_agglomeration,Out_of_intersection,Normal,Other_collision,Manual_entry,1.15239,44.59836,True,2016-07-24,8,0,08:00,Morning,True,Summer,1.0,0.0,60.0,Departmental_road,Bidirectional,Unknown,Slope,Curve_left,Other,Unknown,On_road,Not_near_school,,,,,,,,,,,,,,,,,,,Not a holiday,0
6042,201600004075,2016,7,30,Daylight,Out_of_agglomeration,Out_of_intersection,Normal,No_collision,Manual_entry,1.15987,44.64643,True,2016-07-30,18,45,18:45,Evening,True,Summer,0.0,0.0,0.0,Departmental_road,Unknown,Unknown,Flat,Straight,Normal,Unknown,On_road,Unknown,,,,,,,,,,,,,,,,,,,Not a holiday,0
6043,201600004076,2016,9,16,Daylight,Out_of_agglomeration,Out_of_intersection,Heavy_rain,Frontal_two_vehicles,Manual_entry,1.35777,44.71773,True,2016-09-16,15,0,15:00,Afternoon,False,Autumn,2.0,0.0,78.0,Departmental_road,Bidirectional,Unknown,Slope,Curve_right,Wet,Unknown,On_road,Unknown,,,,,,,,,,,,,,,,,,,Not a holiday,0
6044,201600004077,2016,9,18,Twilight_or_dawn,Out_of_agglomeration,Out_of_intersection,Cloudy,Other_collision,Manual_entry,1.41007,44.80549,True,2016-09-18,7,0,07:00,Morning,True,Autumn,2.0,0.0,53.0,Departmental_road,Bidirectional,Unknown,Flat,Curve_left,Normal,Unknown,On_road,Not_near_school,,,,,,,,,,,,,,,,,,,Not a holiday,0
6045,201600004078,2016,9,26,Daylight,Out_of_agglomeration,Out_of_intersection,Normal,Frontal_two_vehicles,Manual_entry,1.21908,44.63944,True,2016-09-26,12,0,12:00,Afternoon,False,Autumn,2.0,0.0,66.0,Departmental_road,Bidirectional,Unknown,Slope,Curve_left,Normal,Unknown,On_road,Not_near_school,,,,,,,,,,,,,,,,,,,Not a holiday,0
6046,201600004079,2016,11,14,Daylight,Out_of_agglomeration,Out_of_intersection,Normal,No_collision,Manual_entry,,,False,2016-11-14,10,45,10:45,Morning,False,Autumn,2.0,0.0,63.0,Departmental_road,Bidirectional,Unknown,Slope,Straight,Normal,Unknown,Unknown,Not_near_school,,,,,,,,,,,,,,,,,,,Not a holiday,0
6047,201600004080,2016,12,5,Night_without_public_lighting,Out_of_agglomeration,Out_of_intersection,Normal,Frontal_two_vehicles,Manual_entry,1.48972,44.62141,True,2016-12-05,19,45,19:45,Evening,False,Winter,2.0,0.0,0.0,Departmental_road,Bidirectional,Unknown,Unknown,Straight,Normal,Unknown,On_road,Unknown,,,,,,,,,,,,,,,,,,,Not a holiday,0
6048,201600004081,2016,12,13,Daylight,Built_up_area,Out_of_intersection,Normal,Other_collision,Manual_entry,1.38433,44.73708,True,2016-12-13,13,45,13:45,Afternoon,False,Winter,2.0,0.0,0.0,Communal_way,Bidirectional,Unknown,Unknown,Unknown,Normal,Unknown,On_road,Not_near_school,,,,,,,,,,,,,,,,,,,Not a holiday,0
6049,201600004082,2016,12,22,Daylight,Out_of_agglomeration,Out_of_intersection,Light_rain,Side_two_vehicles,Manual_entry,1.33118,44.71061,True,2016-12-22,14,45,14:45,Afternoon,False,Winter,0.0,0.0,62.0,Departmental_road,Bidirectional,Unknown,Flat,Straight,Wet,Unknown,On_road,Not_near_school,,,,,,,,,,,,,,,,,,,Not a holiday,0
6050,201600004083,2016,1,4,Night_without_public_lighting,Out_of_agglomeration,Out_of_intersection,Light_rain,Multiple_three_plus,Manual_entry,1.67162,44.72379,True,2016-01-04,20,45,20:45,Evening,False,Winter,2.0,0.0,78.0,Departmental_road,Bidirectional,Unknown,Hill_bottom,Curve_left,Wet,Unknown,On_road,Not_near_school,,,,,,,,,,,,,,,,,,,Not a holiday,0
6051,201600004084,2016,1,24,Night_without_public_lighting,Out_of_agglomeration,Out_of_intersection,Normal,Other_collision,Manual_entry,,,False,2016-01-24,23,30,23:30,Night,True,Winter,2.0,0.0,73.0,Departmental_road,Bidirectional,Unknown,Flat,Curve_right,Normal,Unknown,On_verge,Not_near_school,,,,,,,,,,,,,,,,,,,Not a holiday,0
6052,201600004085,2016,6,15,Daylight,Out_of_agglomeration,Out_of_intersection,Cloudy,Multiple_three_plus,Manual_entry,,,False,2016-06-15,9,45,09:45,Morning,False,Summer,2.0,0.0,70.0,Departmental_road,Bidirectional,Unknown,Flat,Straight,Normal,Unknown,On_road,Unknown,,,,,,,,,,,,,,,,,,,Not a holiday,0
6053,201600004086,2016,6,22,Daylight,Out_of_agglomeration,Out_of_intersection,Normal,Other_collision,Manual_entry,,,False,2016-06-22,13,15,13:15,Afternoon,False,Summer,0.0,0.0,60.0,Departmental_road,Bidirectional,Unknown,Hill_bottom,Curve_left,Normal,Unknown,On_verge,Not_near_school,,,,,,,,,,,,,,,,,,,Not a holiday,0
6054,201600004087,2016,10,27,Daylight,Built_up_area,Out_of_intersection,Normal,Other_collision,Manual_entry,1.72477,44.77838,True,2016-10-27,17,30,17:30,Evening,False,Autumn,0.0,0.0,53.0,other,Bidirectional,Unknown,Unknown,Unknown,Unknown,Unknown,On_road,Not_near_school,,,,,,,,,,,,,,,,,,,Not a holiday,0
6055,201600004088,2016,2,6,Twilight_or_dawn,Out_of_agglomeration,Out_of_intersection,Normal,Other_collision,Manual_entry,1.64292,44.87087,True,2016-02-06,18,30,18:30,Evening,True,Winter,2.0,0.0,47.0,Departmental_road,Bidirectional,Unknown,Flat,Curve_left,Normal,Unknown,On_road,Unknown,,,,,,,,,,,,,,,,,,,Not a holiday,0
6056,201600004089,2016,3,22,Night_without_public_lighting,Out_of_agglomeration,Out_of_intersection,Normal,No_collision,Manual_entry,1.63394,44.98827,True,2016-03-22,20,30,20:30,Evening,False,Spring,2.0,0.0,55.0,Departmental_road,Bidirectional,Unknown,Flat,Straight,Normal,Bridge,On_verge,Unknown,,,,,,,,,,,,,,,,,,,Not a holiday,0
6057,201600004090,2016,6,15,Daylight,Out_of_agglomeration,Out_of_intersection,Normal,Frontal_two_vehicles,Manual_entry,1.69133,44.94783,True,2016-06-15,13,45,13:45,Afternoon,False,Summer,2.0,0.0,0.0,Departmental_road,Bidirectional,Unknown,Unknown,Straight,Normal,Unknown,On_road,Unknown,,,,,,,,,,,,,,,,,,,Not a holiday,0
6058,201600004091,2016,7,14,Daylight,Built_up_area,Intersection_T,Normal,Side_two_vehicles,Manual_entry,1.47036,44.89377,True,2016-07-14,18,0,18:00,Evening,False,Summer,,,50.0,Departmental_road,Bidirectional,Unknown,Flat,Straight,Normal,Unknown,Unknown,Unknown,,,,,,,,,,,,,,,,,,,Bastille Day,1
6059,201600004092,2016,8,14,Daylight,Out_of_agglomeration,Out_of_intersection,Normal,Frontal_two_vehicles,Manual_entry,1.51048,44.90676,True,2016-08-14,15,0,15:00,Afternoon,True,Summer,2.0,0.0,41.0,Departmental_road,Bidirectional,Unknown,Flat,Straight,Normal,Unknown,On_road,Not_near_school,,,,,,,,,,,,,,,,,,,Not a holiday,0
6060,201600004093,2016,9,22,Daylight,Built_up_area,Out_of_intersection,Normal,Other_collision,Manual_entry,1.47698,44.89449,True,2016-09-22,11,45,11:45,Morning,False,Autumn,2.0,0.0,47.0,other,Bidirectional,Unknown,Flat,Straight,Normal,Unknown,On_sidewalk,Unknown,,,,,,,,,,,,,,,,,,,Not a holiday,0
6061,201600004094,2016,11,12,Twilight_or_dawn,Out_of_agglomeration,Out_of_intersection,Normal,Frontal_two_vehicles,Manual_entry,1.68853,44.94705,True,2016-11-12,17,15,17:15,Evening,True,Autumn,0.0,0.0,65.0,Departmental_road,Bidirectional,Unknown,Flat,Straight,Normal,Unknown,On_road,Unknown,,,,,,,,,,,,,,,,,,,Not a holiday,0
6062,201600004095,2016,12,22,Daylight,Out_of_agglomeration,Out_of_intersection,Light_rain,Side_two_vehicles,Manual_entry,1.61359,45.01573,True,2016-12-22,14,45,14:45,Afternoon,False,Winter,2.0,0.0,0.0,Departmental_road,Bidirectional,Unknown,Flat,Straight,Normal,Railway,On_road,Not_near_school,,,,,,,,,,,,,,,,,,,Not a holiday,0
6063,201600004096,2016,12,31,Daylight,Out_of_agglomeration,Out_of_intersection,Normal,Frontal_two_vehicles,Manual_entry,,,False,2016-12-31,16,15,16:15,Afternoon,True,Winter,2.0,0.0,0.0,Departmental_road,Bidirectional,Unknown,Slope,Straight,Normal,Unknown,On_road,Unknown,,,,,,,,,,,,,,,,,,,Not a holiday,0
6064,201600004097,2016,8,29,Night_without_public_lighting,Out_of_agglomeration,Out_of_intersection,Normal,No_collision,Manual_entry,1.65205,44.99046,True,2016-08-29,21,15,21:15,Night,False,Summer,2.0,0.0,0.0,Departmental_road,Unknown,Unknown,Unknown,Straight,Normal,Unknown,On_road,Unknown,,,,,,,,,,,,,,,,,,,Not a holiday,0
6065,201600004098,2016,6,6,Daylight,Built_up_area,Intersection_T,Normal,Frontal_two_vehicles,Manual_entry,0.12329,43.2045,True,2016-06-06,8,15,08:15,Morning,False,Summer,0.0,0.0,81.0,Departmental_road,Bidirectional,Reserved_channel,Flat,Straight,Normal,Unknown,On_road,Unknown,,,,,,,,,,,,,,,,,,,Not a holiday,0
6066,201600004099,2016,6,18,Twilight_or_dawn,Out_of_agglomeration,Out_of_intersection,Light_rain,Other_collision,Manual_entry,-0.11428,43.2491,True,2016-06-18,6,15,06:15,Morning,True,Summer,0.0,0.0,104.0,Departmental_road,Bidirectional,Unknown,Slope,Straight,Normal,Unknown,On_verge,Not_near_school,,,,,,,,,,,,,,,,,,,Not a holiday,0
6067,201600004100,2016,7,13,Daylight,Out_of_agglomeration,Out_of_intersection,Normal,Other_collision,Manual_entry,0.09388,43.28949,True,2016-07-13,20,15,20:15,Evening,False,Summer,0.0,54.0,0.0,Departmental_road,Unknown,Unknown,Unknown,Straight,Normal,Unknown,On_road,Not_near_school,,,,,,,,,,,,,,,,,,,Not a holiday,0
6068,201600004101,2016,7,19,Daylight,Out_of_agglomeration,Out_of_intersection,Normal,Other_collision,Manual_entry,0.09979,43.1359,True,2016-07-19,14,0,14:00,Afternoon,False,Summer,2.0,0.0,0.0,Departmental_road,Bidirectional,Unknown,Flat,Straight,Other,Unknown,On_road,Unknown,,,,,,,,,,,,,,,,,,,Not a holiday,0
6069,201600004102,2016,9,22,Daylight,Out_of_agglomeration,Intersection_X,Normal,Frontal_two_vehicles,Manual_entry,0.10916,43.27855,True,2016-09-22,17,15,17:15,Evening,False,Autumn,0.0,0.0,0.0,National_road,Bidirectional,Unknown,Flat,Straight,Normal,Unknown,On_road,Unknown,,,,,,,,,,,,,,,,,,,Not a holiday,0
6070,201600004103,2016,9,28,Daylight,Out_of_agglomeration,Out_of_intersection,Normal,Frontal_two_vehicles,Manual_entry,-0.06962,43.1355,True,2016-09-28,17,15,17:15,Evening,False,Autumn,2.0,0.0,50.0,Departmental_road,Bidirectional,Unknown,Slope,Curve_left,Normal,Unknown,On_road,Not_near_school,,,,,,,,,,,,,,,,,,,Not a holiday,0
6071,201600004104,2016,11,17,Night_without_public_lighting,Out_of_agglomeration,Out_of_intersection,Normal,Other_collision,Manual_entry,0.06807,43.2987,True,2016-11-17,4,45,04:45,Night,False,Autumn,2.0,0.0,70.0,Departmental_road,Bidirectional,Unknown,Flat,Straight,Normal,Unknown,On_verge,Unknown,,,,,,,,,,,,,,,,,,,Not a holiday,0
6072,201600004105,2016,4,1,Night_without_public_lighting,Out_of_agglomeration,Out_of_intersection,Normal,Other_collision,Manual_entry,0.5233,43.3118,True,2016-04-01,22,15,22:15,Night,False,Spring,0.0,0.0,62.0,Departmental_road,Unknown,Unknown,Unknown,Straight,Normal,Unknown,On_road,Unknown,,,,,,,,,,,,,,,,,,,Not a holiday,0
6073,201600004106,2016,4,24,Night_with_public_lighting_on,Built_up_area,Roundabout,Normal,Other_collision,Manual_entry,0.51627,43.2939,True,2016-04-24,22,30,22:30,Night,True,Spring,0.0,0.0,0.0,Departmental_road,Bidirectional,Unknown,Unknown,Curve_left,Normal,Roundabout,On_verge,Not_near_school,,,,,,,,,,,,,,,,,,,Not a holiday,0
6074,201600004107,2016,8,31,Daylight,Out_of_agglomeration,Out_of_intersection,Normal,No_collision,Manual_entry,0.37431,43.1961,True,2016-08-31,18,45,18:45,Evening,False,Summer,2.0,0.0,0.0,Departmental_road,Bidirectional,Unknown,Slope,Curve_right,Other,Unknown,On_verge,Unknown,,,,,,,,,,,,,,,,,,,Not a holiday,0
6075,201600004108,2016,9,5,Twilight_or_dawn,Out_of_agglomeration,Out_of_intersection,Normal,Other_collision,Manual_entry,0.32584,43.321,True,2016-09-05,20,15,20:15,Evening,False,Autumn,2.0,0.0,37.0,Departmental_road,Bidirectional,Unknown,Flat,Curve_left,Normal,Unknown,On_verge,Not_near_school,,,,,,,,,,,,,,,,,,,Not a holiday,0
6076,201600004109,2016,10,13,Twilight_or_dawn,Built_up_area,Out_of_intersection,Normal,Other_collision,Manual_entry,0.41052,43.2283,True,2016-10-13,8,0,08:00,Morning,False,Autumn,2.0,0.0,0.0,Departmental_road,Bidirectional,Unknown,Flat,Straight,Normal,Unknown,On_verge,Unknown,,,,,,,,,,,,,,,,,,,Not a holiday,0
6077,201600004110,2016,1,6,Night_without_public_lighting,Out_of_agglomeration,Out_of_intersection,Cloudy,Other_collision,Manual_entry,0.12914,43.3313,True,2016-01-06,18,15,18:15,Evening,False,Winter,2.0,0.0,0.0,National_road,Bidirectional,Unknown,Flat,Straight,Normal,Unknown,On_verge,Unknown,,,,,,,,,,,,,,,,,,,Not a holiday,0
6078,201600004111,2016,8,10,Daylight,Built_up_area,Out_of_intersection,Normal,Other_collision,Manual_entry,0.16535,43.1476,True,2016-08-10,11,30,11:30,Morning,False,Summer,0.0,0.0,0.0,Communal_way,Bidirectional,Unknown,Flat,Straight,Normal,Unknown,On_road,Not_near_school,,,,,,,,,,,,,,,,,,,Not a holiday,0
6079,201600004112,2016,6,6,Daylight,Built_up_area,Out_of_intersection,Normal,Rear_end_two_vehicles,Manual_entry,0.02636,43.4722,True,2016-06-06,16,15,16:15,Afternoon,False,Summer,2.0,0.0,58.0,Departmental_road,Bidirectional,Unknown,Flat,Straight,Wet,Unknown,On_road,Not_near_school,,,,,,,,,,,,,,,,,,,Not a holiday,0
6080,201600004113,2016,9,4,Daylight,Out_of_agglomeration,Intersection_X,Normal,Side_two_vehicles,Manual_entry,0.07684,43.3867,True,2016-09-04,11,30,11:30,Morning,True,Autumn,2.0,0.0,62.0,Departmental_road,Bidirectional,Unknown,Flat,Straight,Normal,Unknown,On_road,Not_near_school,,,,,,,,,,,,,,,,,,,Not a holiday,0
6081,201600004114,2016,3,14,Twilight_or_dawn,Out_of_agglomeration,Out_of_intersection,Normal,Side_two_vehicles,Manual_entry,0.02174,43.099,True,2016-03-14,18,30,18:30,Evening,False,Spring,0.0,0.0,0.0,Departmental_road,Unknown,Unknown,Unknown,Straight,Normal,Unknown,On_road,Not_near_school,,,,,,,,,,,,,,,,,,,Not a holiday,0
6082,201600004115,2016,3,26,Daylight,Out_of_agglomeration,Out_of_intersection,Normal,Frontal_two_vehicles,Manual_entry,-0.0432,43.065,True,2016-03-26,8,45,08:45,Morning,True,Spring,2.0,0.0,0.0,Departmental_road,Unknown,Unknown,Hill_bottom,Straight,Normal,Interchange,On_road,Unknown,,,,,,,,,,,,,,,,,,,Not a holiday,0
6083,201600004116,2016,4,23,Night_without_public_lighting,Out_of_agglomeration,Out_of_intersection,Normal,Other_collision,Manual_entry,-0.06059,42.9483,True,2016-04-23,4,15,04:15,Night,True,Spring,2.0,0.0,31.0,Departmental_road,Bidirectional,Unknown,Unknown,Unknown,Unknown,Unknown,On_road,Not_near_school,,,,,,,,,,,,,,,,,,,Not a holiday,0
6084,201600004117,2016,12,8,Twilight_or_dawn,Built_up_area,Out_of_intersection,Normal,Other_collision,Manual_entry,-0.12329,42.99457,True,2016-12-08,7,45,07:45,Morning,False,Winter,2.0,0.0,59.0,Departmental_road,Bidirectional,Unknown,Unknown,Straight,Normal,Unknown,On_road,Unknown,,,,,,,,,,,,,,,,,,,Not a holiday,0
6085,201600004118,2016,12,6,Daylight,Out_of_agglomeration,Out_of_intersection,Normal,Frontal_two_vehicles,Manual_entry,-0.08091,43.0055,True,2016-12-06,13,0,13:00,Afternoon,False,Winter,0.0,32.0,0.0,Departmental_road,Bidirectional,Unknown,Unknown,Straight,Normal,Unknown,On_road,Not_near_school,,,,,,,,,,,,,,,,,,,Not a holiday,0
6086,201600004119,2016,8,5,Daylight,Built_up_area,Out_of_intersection,Normal,Other_collision,Manual_entry,-0.11513,42.8885,True,2016-08-05,15,30,15:30,Afternoon,False,Summer,2.0,0.0,0.0,Departmental_road,Bidirectional,Unknown,Flat,Straight,Normal,Unknown,On_road,Unknown,,,,,,,,,,,,,,,,,,,Not a holiday,0
6087,201600004120,2016,7,31,Daylight,Out_of_agglomeration,Out_of_intersection,Fog_or_smoke,No_collision,Manual_entry,-0.04947,42.7214,True,2016-07-31,13,0,13:00,Afternoon,True,Summer,2.0,0.0,70.0,Departmental_road,Bidirectional,Unknown,Slope,Curve_right,Wet,Unknown,On_verge,Not_near_school,,,,,,,,,,,,,,,,,,,Not a holiday,0
6088,201600004121,2016,12,27,Night_with_public_lighting_on,Built_up_area,Out_of_intersection,Normal,Other_collision,Manual_entry,-0.00183,42.8723,True,2016-12-27,4,45,04:45,Night,False,Winter,2.0,0.0,60.0,Departmental_road,Bidirectional,Unknown,Slope,Curve_right,Normal,Unknown,On_sidewalk,Near_school,,,,,,,,,,,,,,,,,,,Not a holiday,0
6089,201600004122,2016,12,31,Night_with_public_lighting_on,Built_up_area,Out_of_intersection,Normal,Other_collision,Manual_entry,-0.0051,42.8724,True,2016-12-31,3,55,03:55,Night,True,Winter,2.0,0.0,50.0,Communal_way,Bidirectional,Unknown,Flat,Straight,Normal,Unknown,On_road,Not_near_school,,,,,,,,,,,,,,,,,,,Not a holiday,0
6090,201600004123,2016,3,9,Daylight,Out_of_agglomeration,Intersection_X,Heavy_rain,Side_two_vehicles,Manual_entry,0.11534,43.1288,True,2016-03-09,15,45,15:45,Afternoon,False,Spring,2.0,0.0,8.0,Departmental_road,Bidirectional,Unknown,Flat,Straight,Wet,Unknown,On_road,Not_near_school,,,,,,,,,,,,,,,,,,,Not a holiday,0
6091,201600004124,2016,6,20,Daylight,Out_of_agglomeration,Out_of_intersection,Normal,Other_collision,Manual_entry,0.23967,42.9787,True,2016-06-20,16,30,16:30,Afternoon,False,Summer,0.0,670.0,0.0,Departmental_road,Bidirectional,Unknown,Flat,Straight,Normal,Unknown,On_verge,Not_near_school,,,,,,,,,,,,,,,,,,,Not a holiday,0
6092,201600004125,2016,6,23,Daylight,Built_up_area,Out_of_intersection,Normal,Frontal_two_vehicles,Manual_entry,0.06881,43.0732,True,2016-06-23,10,30,10:30,Morning,False,Summer,0.0,0.0,475.0,Departmental_road,Bidirectional,Unknown,Slope,Straight,Normal,Unknown,On_verge,Not_near_school,,,,,,,,,,,,,,,,,,,Not a holiday,0
6093,201600004126,2016,6,23,Daylight,Out_of_agglomeration,Out_of_intersection,Normal,Multiple_three_plus,Manual_entry,0.22545,43.1379,True,2016-06-23,17,0,17:00,Evening,False,Summer,0.0,0.0,670.0,Departmental_road,Bidirectional,Unknown,Slope,Straight,Normal,Unknown,On_road,Not_near_school,,,,,,,,,,,,,,,,,,,Not a holiday,0
6094,201600004127,2016,7,11,Daylight,Out_of_agglomeration,Out_of_intersection,Normal,No_collision,Manual_entry,0.16649,43.0315,True,2016-07-11,14,50,14:50,Afternoon,False,Summer,2.0,0.0,620.0,Departmental_road,Bidirectional,Unknown,Flat,Straight,Normal,Bridge,On_road,Not_near_school,,,,,,,,,,,,,,,,,,,Not a holiday,0
6095,201600004128,2016,7,25,Daylight,Built_up_area,Intersection_X,Normal,Side_two_vehicles,Manual_entry,0.15846,43.0605,True,2016-07-25,9,15,09:15,Morning,False,Summer,0.0,0.0,0.0,Departmental_road,Bidirectional,Unknown,Flat,Straight,Normal,Roundabout,On_road,Not_near_school,,,,,,,,,,,,,,,,,,,Not a holiday,0
6096,201600004129,2016,11,2,Daylight,Out_of_agglomeration,Out_of_intersection,Normal,Other_collision,Manual_entry,0.19776,43.0479,True,2016-11-02,7,30,07:30,Morning,False,Autumn,0.0,0.0,4.0,Off_public_network,Bidirectional,Unknown,Slope,Straight,Other,Unknown,On_verge,Not_near_school,,,,,,,,,,,,,,,,,,,Not a holiday,0
6097,201600004130,2016,12,14,Daylight,Built_up_area,Out_of_intersection,Normal,Side_two_vehicles,Manual_entry,0.0694,43.0766,True,2016-12-14,14,30,14:30,Afternoon,False,Winter,0.0,380.0,0.0,Departmental_road,Bidirectional,Unknown,Flat,Straight,Normal,Unknown,On_road,Not_near_school,,,,,,,,,,,,,,,,,,,Not a holiday,0
6098,201600004131,2016,1,22,Night_with_public_lighting_on,Built_up_area,Out_of_intersection,Heavy_rain,Other_collision,Manual_entry,0.38394,43.1149,True,2016-01-22,20,30,20:30,Evening,False,Winter,2.0,0.0,0.0,Departmental_road,Bidirectional,Unknown,Flat,Straight,Wet,Unknown,On_road,Unknown,,,,,,,,,,,,,,,,,,,Not a holiday,0
6099,201600004132,2016,2,18,Night_with_public_lighting_on,Built_up_area,Out_of_intersection,Light_rain,Other_collision,Manual_entry,0.38125,43.11762,True,2016-02-18,20,0,20:00,Evening,False,Winter,2.0,0.0,60.0,Departmental_road,Bidirectional,Unknown,Unknown,Straight,Wet,Unknown,Unknown,Unknown,,,,,,,,,,,,,,,,,,,Not a holiday,0
6100,201600004133,2016,3,7,Daylight,Built_up_area,Out_of_intersection,Light_rain,Other_collision,Manual_entry,0.39796,43.1105,True,2016-03-07,14,45,14:45,Afternoon,False,Spring,0.0,0.0,61.0,Departmental_road,Bidirectional,Unknown,Flat,Straight,Normal,Unknown,On_road,Not_near_school,,,,,,,,,,,,,,,,,,,Not a holiday,0
6101,201600004134,2016,3,29,Daylight,Built_up_area,Out_of_intersection,Normal,Frontal_two_vehicles,Manual_entry,0.41026,43.1196,True,2016-03-29,19,0,19:00,Evening,False,Spring,2.0,0.0,60.0,Departmental_road,Bidirectional,Unknown,Flat,Straight,Normal,Unknown,On_road,Not_near_school,,,,,,,,,,,,,,,,,,,Not a holiday,0
6102,201600004135,2016,5,19,Daylight,Built_up_area,Intersection_T,Normal,Side_two_vehicles,Manual_entry,0.38328,43.1172,True,2016-05-19,16,15,16:15,Afternoon,False,Spring,0.0,0.0,0.0,Departmental_road,Bidirectional,Unknown,Flat,Unknown,Normal,Unknown,On_road,Not_near_school,,,,,,,,,,,,,,,,,,,Not a holiday,0
6103,201600004136,2016,7,25,Daylight,Out_of_agglomeration,Out_of_intersection,Normal,Frontal_two_vehicles,Manual_entry,0.39026,43.0934,True,2016-07-25,8,15,08:15,Morning,False,Summer,2.0,0.0,74.0,Departmental_road,Bidirectional,Unknown,Flat,Straight,Normal,Unknown,On_road,Not_near_school,,,,,,,,,,,,,,,,,,,Not a holiday,0
6104,201600004137,2016,7,30,Daylight,Built_up_area,Roundabout,Normal,Side_two_vehicles,Manual_entry,0.3808,43.07909,True,2016-07-30,14,15,14:15,Afternoon,True,Summer,0.0,0.0,0.0,Departmental_road,One_way,Unknown,Flat,Unknown,Normal,Roundabout,On_road,Not_near_school,,,,,,,,,,,,,,,,,,,Not a holiday,0
6105,201600004138,2016,12,7,Night_without_public_lighting,Out_of_agglomeration,Out_of_intersection,Normal,Other_collision,Manual_entry,0.41701,43.1188,True,2016-12-07,20,30,20:30,Evening,False,Winter,0.0,0.0,70.0,Departmental_road,Bidirectional,Unknown,Flat,Straight,Normal,Unknown,On_road,Not_near_school,,,,,,,,,,,,,,,,,,,Not a holiday,0
6106,201600004139,2016,12,13,Daylight,Out_of_agglomeration,Out_of_intersection,Dazzling,Frontal_two_vehicles,Manual_entry,0.4353,43.0631,True,2016-12-13,14,45,14:45,Afternoon,False,Winter,1.0,0.0,0.0,Departmental_road,Bidirectional,Unknown,Slope,Unknown,Icy,Unknown,On_road,Unknown,,,,,,,,,,,,,,,,,,,Not a holiday,0
6107,201600004140,2016,6,22,Daylight,Out_of_agglomeration,Out_of_intersection,Normal,Other_collision,Manual_entry,0.37424,42.94751,True,2016-06-22,15,15,15:15,Afternoon,False,Summer,0.0,0.0,0.0,Departmental_road,Bidirectional,Unknown,Flat,Curve_left,Normal,Unknown,On_road,Not_near_school,,,,,,,,,,,,,,,,,,,Not a holiday,0
6108,201600004141,2016,6,28,Daylight,Built_up_area,Intersection_T,Normal,No_collision,Manual_entry,0.35321,42.8971,True,2016-06-28,11,15,11:15,Morning,False,Summer,,,,Departmental_road,Unknown,Unknown,Unknown,Unknown,Unknown,Unknown,Unknown,Unknown,,,,,,,,,,,,,,,,,,,Not a holiday,0
6109,201600004142,2016,10,7,Daylight,Built_up_area,Out_of_intersection,Normal,Other_collision,Manual_entry,0.32261,42.8197,True,2016-10-07,17,0,17:00,Evening,False,Autumn,2.0,0.0,6.0,Departmental_road,Bidirectional,Unknown,Flat,Straight,Normal,Unknown,On_road,Not_near_school,,,,,,,,,,,,,,,,,,,Not a holiday,0
6110,201600004143,2016,3,14,Daylight,Out_of_agglomeration,Out_of_intersection,Normal,No_collision,Manual_entry,2.26946,43.9938,True,2016-03-14,7,30,07:30,Morning,False,Spring,2.0,0.0,63.0,Departmental_road,Bidirectional,Unknown,Slope,Straight,Normal,Unknown,On_verge,Unknown,,,,,,,,,,,,,,,,,,,Not a holiday,0
6111,201600004144,2016,4,19,Daylight,Built_up_area,Out_of_intersection,Normal,Multiple_three_plus,Manual_entry,2.17888,44.0432,True,2016-04-19,17,0,17:00,Evening,False,Spring,2.0,0.0,49.0,Departmental_road,Bidirectional,Unknown,Slope,S-bend,Normal,Unknown,On_road,Unknown,,,,,,,,,,,,,,,,,,,Not a holiday,0
6112,201600004145,2016,4,1,Daylight,Out_of_agglomeration,Out_of_intersection,Normal,Frontal_two_vehicles,Manual_entry,2.13874,43.7673,True,2016-04-01,15,30,15:30,Afternoon,False,Spring,2.0,0.0,55.0,Departmental_road,Bidirectional,Unknown,Slope,Curve_left,Wet,Unknown,On_road,Not_near_school,,,,,,,,,,,,,,,,,,,Not a holiday,0
6113,201600004146,2016,6,15,Daylight,Out_of_agglomeration,Out_of_intersection,Normal,Other_collision,Manual_entry,2.0849,43.4385,True,2016-06-15,11,0,11:00,Morning,False,Summer,2.0,0.0,47.0,Departmental_road,Bidirectional,Unknown,Slope,Straight,Normal,Unknown,On_verge,Unknown,,,,,,,,,,,,,,,,,,,Not a holiday,0
6114,201600004147,2016,9,9,Daylight,Out_of_agglomeration,Out_of_intersection,Normal,Frontal_two_vehicles,Manual_entry,2.27854,43.5453,True,2016-09-09,10,30,10:30,Morning,False,Autumn,2.0,0.0,71.0,National_road,Bidirectional,Unknown,Flat,Straight,Normal,Unknown,On_road,Unknown,,,,,,,,,,,,,,,,,,,Not a holiday,0
6115,201600004148,2016,11,9,Daylight,Out_of_agglomeration,Other,Normal,Multiple_three_plus,Manual_entry,2.08825,43.5577,True,2016-11-09,12,25,12:25,Afternoon,False,Autumn,2.0,0.0,10.0,National_road,Bidirectional,Unknown,Flat,Straight,Normal,Unknown,On_road,Not_near_school,,,,,,,,,,,,,,,,,,,Not a holiday,0