,accident_id,year,month,day,lighting_label,urban_label,intersection_label,weather_label,collision_label,gps_label,longitude_num,latitude_num,valid_geo,date,hour,minute,time_hhmm,time_of_day,is_weekend,season,num_lanes,pedestrian_crossing_width,road_width,road_category_label,traffic_regime_label,reserved_lane_label,road_profile_label,road_layout_label,surface_condition_label,infrastructure_label,situation_label,school_zone_label,vehicle_id,traffic_direction_label,vehicle_category_label,mobile_obstacle_label,impact_point_label,manoeuvre_label,occupants_group,birth_year,sex_label,user_category_label,injury_severity_label,seat_position_label,journey_purpose_label,pedestrian_location_label,pedestrian_action_label,pedestrian_state_label,safety_equipment_type,safety_equipment_usage,holiday_name,is_holiday
6116,201600004149,2016,11,29,Night_without_public_lighting,Out_of_agglomeration,Out_of_intersection,Normal,Other_collision,Manual_entry,2.1457,43.5777,True,2016-11-29,2,40,02:40,Night,False,Autumn,2.0,0.0,74.0,National_road,Bidirectional,Unknown,Flat,Straight,Normal,Unknown,On_road,Unknown,,,,,,,,,,,,,,,,,,,Not a holiday,0
6117,201600004150,2016,12,12,Daylight,Out_of_agglomeration,Out_of_intersection,Dazzling,Side_two_vehicles,Manual_entry,2.60136,43.6855,True,2016-12-12,10,0,10:00,Morning,False,Winter,2.0,0.0,66.0,Departmental_road,Bidirectional,Unknown,Slope,Curve_right,Normal,Unknown,On_road,Unknown,,,,,,,,,,,,,,,,,,,Not a holiday,0
6118,201600004151,2016,2,19,Daylight,Out_of_agglomeration,Out_of_intersection,Normal,Other_collision,Manual_entry,2.07003,44.075,True,2016-02-19,10,45,10:45,Morning,False,Winter,2.0,0.0,72.0,Departmental_road,Bidirectional,Unknown,Flat,Curve_right,Normal,Unknown,On_road,Not_near_school,,,,,,,,,,,,,,,,,,,Not a holiday,0
6119,201600004152,2016,7,26,Daylight,Out_of_agglomeration,Out_of_intersection,Normal,Side_two_vehicles,Unknown,,,False,2016-07-26,20,15,20:15,Evening,False,Summer,0.0,0.0,0.0,National_road,One_way,Unknown,Unknown,Unknown,Unknown,Unknown,Unknown,Not_near_school,,,,,,,,,,,,,,,,,,,Not a holiday,0
6120,201600004153,2016,9,25,Night_without_public_lighting,Out_of_agglomeration,Out_of_intersection,Cloudy,Side_two_vehicles,Manual_entry,2.04687,43.9956,True,2016-09-25,20,15,20:15,Evening,True,Autumn,2.0,0.0,72.0,Departmental_road,Bidirectional,Unknown,Flat,Curve_left,Normal,Unknown,On_road,Not_near_school,,,,,,,,,,,,,,,,,,,Not a holiday,0
6121,201600004154,2016,5,23,Daylight,Out_of_agglomeration,Out_of_intersection,Normal,Frontal_two_vehicles,Manual_entry,2.18542,43.8234,True,2016-05-23,14,45,14:45,Afternoon,False,Spring,2.0,0.0,70.0,Departmental_road,Bidirectional,Unknown,Flat,Straight,Normal,Unknown,On_road,Not_near_school,,,,,,,,,,,,,,,,,,,Not a holiday,0
6122,201600004155,2016,2,5,Night_without_public_lighting,Out_of_agglomeration,Out_of_intersection,Normal,Other_collision,Manual_entry,2.35695,44.0132,True,2016-02-05,21,15,21:15,Night,False,Winter,2.0,0.0,63.0,Departmental_road,Bidirectional,Unknown,Flat,Straight,Normal,Unknown,On_verge,Unknown,,,,,,,,,,,,,,,,,,,Not a holiday,0
6123,201600004156,2016,9,21,Daylight,Out_of_agglomeration,Out_of_intersection,Normal,Frontal_two_vehicles,Manual_entry,2.16726,44.122,True,2016-09-21,8,15,08:15,Morning,False,Autumn,0.0,0.0,60.0,Departmental_road,Bidirectional,Unknown,Slope,Curve_right,Normal,Unknown,On_road,Not_near_school,,,,,,,,,,,,,,,,,,,Not a holiday,0
6124,201600004157,2016,1,18,Daylight,Out_of_agglomeration,Roundabout,Normal,Other_collision,Manual_entry,2.219,43.925,True,2016-01-18,13,15,13:15,Afternoon,False,Winter,0.0,0.0,0.0,Departmental_road,Bidirectional,Unknown,Flat,Straight,Unknown,Unknown,Unknown,Not_near_school,,,,,,,,,,,,,,,,,,,Not a holiday,0
6125,201600004158,2016,1,30,Daylight,Built_up_area,Out_of_intersection,Normal,Other_collision,Unknown,,,False,2016-01-30,15,15,15:15,Afternoon,True,Winter,1.0,0.0,42.0,Communal_way,Bidirectional,Unknown,Flat,Straight,Normal,Unknown,On_verge,Not_near_school,,,,,,,,,,,,,,,,,,,Not a holiday,0
6126,201600004159,2016,3,8,Daylight,Out_of_agglomeration,Out_of_intersection,Normal,Frontal_two_vehicles,Manual_entry,2.31215,43.8978,True,2016-03-08,18,45,18:45,Evening,False,Spring,1.0,0.0,73.0,Departmental_road,Bidirectional,Unknown,Flat,Curve_left,Normal,Unknown,On_road,Not_near_school,,,,,,,,,,,,,,,,,,,Not a holiday,0
6127,201600004160,2016,3,26,Daylight,Out_of_agglomeration,Out_of_intersection,Normal,Side_two_vehicles,Manual_entry,2.37878,43.9397,True,2016-03-26,10,30,10:30,Morning,True,Spring,2.0,0.0,50.0,Departmental_road,Bidirectional,Unknown,Slope,Curve_right,Normal,Unknown,On_road,Not_near_school,,,,,,,,,,,,,,,,,,,Not a holiday,0
6128,201600004161,2016,1,31,Night_with_public_lighting_not_functioning,Out_of_agglomeration,Out_of_intersection,Strong_wind_or_storm,Other_collision,Manual_entry,1.99197,43.7776,True,2016-01-31,0,1,00:01,Night,True,Winter,0.0,0.0,0.0,Departmental_road,Bidirectional,Unknown,Flat,Curve_left,Wet,Unknown,On_verge,Not_near_school,,,,,,,,,,,,,,,,,,,Not a holiday,0
6129,201600004162,2016,7,15,Daylight,Built_up_area,Out_of_intersection,Normal,Side_two_vehicles,Manual_entry,1.9554,43.7582,True,2016-07-15,8,0,08:00,Morning,False,Summer,2.0,0.0,0.0,Departmental_road,Bidirectional,Unknown,Flat,Straight,Normal,Unknown,On_road,Unknown,,,,,,,,,,,,,,,,,,,Not a holiday,0
6130,201600004163,2016,11,3,Daylight,Out_of_agglomeration,Out_of_intersection,Normal,Frontal_two_vehicles,Manual_entry,2.00342,43.7829,True,2016-11-03,11,30,11:30,Morning,False,Autumn,2.0,0.0,0.0,Communal_way,Bidirectional,Unknown,Hill_bottom,Unknown,Normal,Unknown,On_road,Unknown,,,,,,,,,,,,,,,,,,,Not a holiday,0
6131,201600004164,2016,4,10,Daylight,Out_of_agglomeration,Out_of_intersection,Normal,Frontal_two_vehicles,Manual_entry,2.55566,43.6643,True,2016-04-10,16,45,16:45,Afternoon,True,Spring,2.0,0.0,60.0,Departmental_road,Bidirectional,Unknown,Flat,Curve_right,Normal,Unknown,On_road,Unknown,,,,,,,,,,,,,,,,,,,Not a holiday,0
6132,201600004165,2016,1,3,Night_with_public_lighting_on,Built_up_area,Roundabout,Light_rain,Other_collision,Manual_entry,1.81732,43.694,True,2016-01-03,18,30,18:30,Evening,True,Winter,2.0,0.0,60.0,Departmental_road,Bidirectional,Unknown,Flat,Straight,Wet,Unknown,On_road,Unknown,,,,,,,,,,,,,,,,,,,Not a holiday,0
6133,201600004166,2016,2,19,Night_with_public_lighting_on,Out_of_agglomeration,Out_of_intersection,Normal,Other_collision,Unknown,,,False,2016-02-19,6,45,06:45,Morning,False,Winter,0.0,0.0,62.0,Communal_way,Bidirectional,Unknown,Flat,Curve_right,Normal,Unknown,On_road,Unknown,,,,,,,,,,,,,,,,,,,Not a holiday,0
6134,201600004167,2016,2,26,Daylight,Out_of_agglomeration,Intersection_X,Normal,Chain_three_plus,Manual_entry,1.92725,43.7228,True,2016-02-26,10,15,10:15,Morning,False,Winter,0.0,0.0,72.0,Departmental_road,Bidirectional,Unknown,Hill_bottom,Straight,Normal,Roundabout,On_road,Not_near_school,,,,,,,,,,,,,,,,,,,Not a holiday,0
6135,201600004168,2016,3,22,Twilight_or_dawn,Built_up_area,Out_of_intersection,Normal,Other_collision,Unknown,,,False,2016-03-22,6,15,06:15,Morning,False,Spring,0.0,0.0,70.0,Departmental_road,Bidirectional,Unknown,Flat,Straight,Normal,Pedestrian_area,On_road,Unknown,,,,,,,,,,,,,,,,,,,Not a holiday,0
6136,201600004169,2016,3,26,Daylight,Built_up_area,Out_of_intersection,Normal,Other_collision,Unknown,,,False,2016-03-26,15,45,15:45,Afternoon,True,Spring,2.0,10.0,90.0,Communal_way,Bidirectional,Unknown,Flat,Straight,Normal,Unknown,On_road,Near_school,,,,,,,,,,,,,,,,,,,Not a holiday,0
6137,201600004170,2016,3,24,Daylight,Built_up_area,Roundabout,Normal,No_collision,Manual_entry,1.68598,43.7737,True,2016-03-24,17,30,17:30,Evening,False,Spring,2.0,125.0,75.0,Departmental_road,Variable_assignment,Unknown,Flat,Curve_right,Normal,Roundabout,On_road,Not_near_school,,,,,,,,,,,,,,,,,,,Not a holiday,0
6138,201600004171,2016,4,13,Daylight,Out_of_agglomeration,Out_of_intersection,Heavy_rain,Side_two_vehicles,Manual_entry,1.70047,43.6281,True,2016-04-13,11,30,11:30,Morning,False,Spring,2.0,0.0,60.0,National_road,Bidirectional,Unknown,Flat,Curve_right,Wet,Unknown,On_road,Unknown,,,,,,,,,,,,,,,,,,,Not a holiday,0
6139,201600004172,2016,5,12,Twilight_or_dawn,Out_of_agglomeration,Out_of_intersection,Normal,Other_collision,Manual_entry,1.94775,43.6766,True,2016-05-12,19,0,19:00,Evening,False,Spring,1.0,0.0,60.0,Departmental_road,Bidirectional,Unknown,Flat,Straight,Normal,Unknown,On_road,Not_near_school,,,,,,,,,,,,,,,,,,,Not a holiday,0
6140,201600004173,2016,7,30,Daylight,Built_up_area,Out_of_intersection,Normal,Other_collision,Unknown,,,False,2016-07-30,20,0,20:00,Evening,True,Summer,0.0,0.0,70.0,Departmental_road,Bidirectional,Unknown,Flat,Curve_left,Wet,Unknown,On_road,Unknown,,,,,,,,,,,,,,,,,,,Not a holiday,0
6141,201600004174,2016,8,13,Night_with_public_lighting_on,Built_up_area,Out_of_intersection,Normal,Other_collision,Manual_entry,1.81716,43.6906,True,2016-08-13,0,15,00:15,Night,True,Summer,2.0,0.0,72.0,Departmental_road,Bidirectional,Bike_path,Flat,Straight,Normal,Unknown,On_bike_path,Not_near_school,,,,,,,,,,,,,,,,,,,Not a holiday,0
6142,201600004175,2016,9,26,Night_with_public_lighting_on,Built_up_area,Out_of_intersection,Normal,Other_collision,Manual_entry,1.82223,43.7239,True,2016-09-26,21,15,21:15,Night,False,Autumn,1.0,72.0,0.0,Departmental_road,Bidirectional,Unknown,Flat,Curve_right,Normal,Bridge,On_road,Unknown,,,,,,,,,,,,,,,,,,,Not a holiday,0
6143,201600004176,2016,1,4,Daylight,Out_of_agglomeration,Out_of_intersection,Cloudy,Other_collision,Manual_entry,2.21311,43.6993,True,2016-01-04,11,0,11:00,Morning,False,Winter,2.0,0.0,76.0,Departmental_road,Bidirectional,Unknown,Flat,Curve_right,Wet,Unknown,On_road,Not_near_school,,,,,,,,,,,,,,,,,,,Not a holiday,0
6144,201600004177,2016,3,4,Daylight,Out_of_agglomeration,Out_of_intersection,Normal,Side_two_vehicles,Manual_entry,2.3065,43.7298,True,2016-03-04,16,0,16:00,Afternoon,False,Spring,0.0,0.0,60.0,Departmental_road,Bidirectional,Unknown,Slope,Curve_left,Normal,Unknown,On_road,Unknown,,,,,,,,,,,,,,,,,,,Not a holiday,0
6145,201600004178,2016,1,13,Daylight,Out_of_agglomeration,Out_of_intersection,Normal,Side_two_vehicles,Manual_entry,2.00172,43.6994,True,2016-01-13,16,30,16:30,Afternoon,False,Winter,2.0,0.0,60.0,Departmental_road,Bidirectional,Unknown,Unknown,Curve_right,Wet,Unknown,Unknown,Unknown,,,,,,,,,,,,,,,,,,,Not a holiday,0
6146,201600004179,2016,9,15,Daylight,Out_of_agglomeration,Intersection_X,Normal,Side_two_vehicles,Manual_entry,1.875,43.917,True,2016-09-15,8,45,08:45,Morning,False,Autumn,2.0,0.0,75.0,Departmental_road,Bidirectional,Unknown,Flat,Straight,Normal,Unknown,On_road,Unknown,,,,,,,,,,,,,,,,,,,Not a holiday,0
6147,201600004180,2016,1,13,Daylight,Out_of_agglomeration,Out_of_intersection,Normal,Chain_three_plus,Manual_entry,1.93476,43.8438,True,2016-01-13,14,30,14:30,Afternoon,False,Winter,0.0,0.0,0.0,Departmental_road,Bidirectional,Unknown,Flat,Straight,Normal,Unknown,On_road,Unknown,,,,,,,,,,,,,,,,,,,Not a holiday,0
6148,201600004181,2016,1,28,Daylight,Built_up_area,Out_of_intersection,Normal,Other_collision,Manual_entry,1.89769,43.9023,True,2016-01-28,14,0,14:00,Afternoon,False,Winter,1.0,0.0,40.0,Communal_way,One_way,Unknown,Flat,Straight,Normal,Pedestrian_area,On_road,Not_near_school,,,,,,,,,,,,,,,,,,,Not a holiday,0
6149,201600004182,2016,10,23,Night_without_public_lighting,Out_of_agglomeration,Out_of_intersection,Normal,Rear_end_two_vehicles,Manual_entry,1.99462,43.885,True,2016-10-23,6,0,06:00,Morning,True,Autumn,4.0,0.0,140.0,Highway,Separated_carriageways,Unknown,Flat,Straight,Normal,Unknown,On_road,Unknown,,,,,,,,,,,,,,,,,,,Not a holiday,0
6150,201600004183,2016,10,30,Daylight,Out_of_agglomeration,Out_of_intersection,Normal,Other_collision,Manual_entry,1.88407,43.9461,True,2016-10-30,12,0,12:00,Afternoon,True,Autumn,2.0,0.0,70.0,Departmental_road,Bidirectional,Unknown,Slope,Curve_left,Normal,Unknown,On_verge,Unknown,,,,,,,,,,,,,,,,,,,Not a holiday,0
6151,201600004184,2016,3,8,Daylight,Out_of_agglomeration,Out_of_intersection,Normal,Frontal_two_vehicles,Manual_entry,2.00379,43.8914,True,2016-03-08,17,15,17:15,Evening,False,Spring,2.0,0.0,50.0,Departmental_road,Bidirectional,Unknown,Flat,Straight,Normal,Unknown,On_road,Not_near_school,,,,,,,,,,,,,,,,,,,Not a holiday,0
6152,201600004185,2016,11,20,Night_without_public_lighting,Out_of_agglomeration,Out_of_intersection,Normal,Other_collision,Manual_entry,1.98916,43.7815,True,2016-11-20,6,15,06:15,Morning,True,Autumn,2.0,0.0,82.0,Departmental_road,Bidirectional,Unknown,Slope,Straight,Normal,Unknown,On_verge,Unknown,,,,,,,,,,,,,,,,,,,Not a holiday,0
6153,201600004186,2016,12,13,Daylight,Out_of_agglomeration,Out_of_intersection,Fog_or_smoke,Multiple_three_plus,Manual_entry,1.97892,43.8878,True,2016-12-13,8,0,08:00,Morning,False,Winter,4.0,10.0,70.0,Highway,Separated_carriageways,Unknown,Flat,Straight,Normal,Interchange,On_road,Unknown,,,,,,,,,,,,,,,,,,,Not a holiday,0
6154,201600004187,2016,12,11,Daylight,Out_of_agglomeration,Out_of_intersection,Fog_or_smoke,No_collision,Manual_entry,1.9688,43.8584,True,2016-12-11,11,50,11:50,Morning,True,Winter,2.0,0.0,0.0,Departmental_road,Bidirectional,Unknown,Flat,Straight,Wet,Unknown,On_verge,Unknown,,,,,,,,,,,,,,,,,,,Not a holiday,0
6155,201600004188,2016,12,18,Daylight,Out_of_agglomeration,Out_of_intersection,Dazzling,Other_collision,Manual_entry,1.88445,43.9448,True,2016-12-18,16,20,16:20,Afternoon,True,Winter,2.0,0.0,60.0,Departmental_road,Bidirectional,Unknown,Slope,Curve_right,Normal,Unknown,On_verge,Unknown,,,,,,,,,,,,,,,,,,,Not a holiday,0
6156,201600004189,2016,4,17,Daylight,Out_of_agglomeration,Roundabout,Cloudy,Frontal_two_vehicles,Manual_entry,1.85602,43.9051,True,2016-04-17,10,15,10:15,Morning,True,Spring,2.0,200.0,70.0,Departmental_road,Bidirectional,Unknown,Flat,Curve_left,Wet,Roundabout,On_road,Not_near_school,,,,,,,,,,,,,,,,,,,Not a holiday,0
6157,201600004190,2016,12,24,Night_without_public_lighting,Out_of_agglomeration,Other,Light_rain,Multiple_three_plus,Manual_entry,2.03213,43.8991,True,2016-12-24,20,15,20:15,Evening,True,Winter,4.0,507.0,20.0,Highway,One_way,Unknown,Flat,Straight,Normal,Unknown,On_road,Not_near_school,,,,,,,,,,,,,,,,,,,Not a holiday,0
6158,201600004191,2016,6,3,Daylight,Built_up_area,Out_of_intersection,Normal,No_collision,Unknown,,,False,2016-06-03,20,30,20:30,Evening,False,Summer,2.0,0.0,0.0,Communal_way,Bidirectional,Unknown,Hilltop,Curve_right,Normal,Unknown,On_road,Not_near_school,,,,,,,,,,,,,,,,,,,Not a holiday,0
6159,201600004192,2016,8,30,Daylight,Out_of_agglomeration,Out_of_intersection,Normal,Side_two_vehicles,Manual_entry,1.91295,43.9438,True,2016-08-30,7,15,07:15,Morning,False,Summer,2.0,0.0,70.0,Departmental_road,Bidirectional,Unknown,Slope,Curve_left,Normal,Unknown,On_road,Not_near_school,,,,,,,,,,,,,,,,,,,Not a holiday,0
6160,201600004193,2016,1,9,Night_with_public_lighting_on,Built_up_area,Out_of_intersection,Normal,Frontal_two_vehicles,Manual_entry,,,False,2016-01-09,22,0,22:00,Night,True,Winter,0.0,0.0,0.0,Departmental_road,Bidirectional,Unknown,Hilltop,Straight,Normal,Unknown,On_road,Not_near_school,,,,,,,,,,,,,,,,,,,Not a holiday,0
6161,201600004194,2016,2,11,Night_with_public_lighting_on,Built_up_area,Out_of_intersection,Light_rain,Other_collision,Manual_entry,,,False,2016-02-11,18,45,18:45,Evening,False,Winter,0.0,0.0,0.0,Communal_way,Bidirectional,Unknown,Unknown,Straight,Wet,Unknown,On_road,Unknown,,,,,,,,,,,,,,,,,,,Not a holiday,0
6162,201600004195,2016,5,18,Daylight,Built_up_area,Out_of_intersection,Normal,Multiple_three_plus,Manual_entry,,,False,2016-05-18,9,0,09:00,Morning,False,Spring,0.0,0.0,79.0,Departmental_road,Bidirectional,Unknown,Slope,Straight,Normal,Unknown,On_road,Not_near_school,,,,,,,,,,,,,,,,,,,Not a holiday,0
6163,201600004196,2016,5,23,Daylight,Built_up_area,Out_of_intersection,Normal,Other_collision,Manual_entry,,,False,2016-05-23,18,0,18:00,Evening,False,Spring,2.0,0.0,0.0,Departmental_road,Bidirectional,Unknown,Flat,Straight,Normal,Unknown,On_road,Not_near_school,,,,,,,,,,,,,,,,,,,Not a holiday,0
6164,201600004197,2016,6,11,Night_with_public_lighting_on,Built_up_area,Out_of_intersection,Light_rain,Other_collision,Manual_entry,,,False,2016-06-11,0,1,00:01,Night,True,Summer,2.0,0.0,70.0,Departmental_road,Bidirectional,Unknown,Slope,Curve_left,Wet,Unknown,On_road,Not_near_school,,,,,,,,,,,,,,,,,,,Not a holiday,0
6165,201600004198,2016,6,30,Daylight,Built_up_area,Out_of_intersection,Normal,Side_two_vehicles,Manual_entry,4.773,45.745,True,2016-06-30,8,30,08:30,Morning,False,Summer,3.0,0.0,0.0,Departmental_road,Bidirectional,Reserved_channel,Flat,Straight,Normal,Unknown,On_road,Not_near_school,,,,,,,,,,,,,,,,,,,Not a holiday,0
6166,201600004199,2016,7,11,Twilight_or_dawn,Built_up_area,Roundabout,Normal,No_collision,Manual_entry,4.742,45.751,True,2016-07-11,5,30,05:30,Morning,False,Summer,2.0,0.0,0.0,Departmental_road,Bidirectional,Unknown,Slope,Straight,Normal,Unknown,Unknown,Not_near_school,,,,,,,,,,,,,,,,,,,Not a holiday,0
6167,201600004200,2016,8,12,Daylight,Built_up_area,Out_of_intersection,Normal,Other_collision,Manual_entry,,,False,2016-08-12,12,15,12:15,Afternoon,False,Summer,0.0,0.0,0.0,Departmental_road,Unknown,Unknown,Unknown,Unknown,Normal,Unknown,On_sidewalk,Unknown,,,,,,,,,,,,,,,,,,,Not a holiday,0
6168,201600004201,2016,10,30,Night_without_public_lighting,Built_up_area,Out_of_intersection,Normal,Other_collision,Manual_entry,4.7139,45.75241,True,2016-10-30,2,0,02:00,Night,True,Autumn,2.0,0.0,50.0,Communal_way,Bidirectional,Unknown,Flat,Straight,Wet,Unknown,On_verge,Unknown,,,,,,,,,,,,,,,,,,,Not a holiday,0
6169,201600004202,2016,11,4,Twilight_or_dawn,Built_up_area,Out_of_intersection,Normal,Other_collision,Manual_entry,4.71829,45.74733,True,2016-11-04,17,30,17:30,Evening,False,Autumn,2.0,0.0,73.0,Departmental_road,Separated_carriageways,Unknown,Flat,Straight,Normal,Unknown,On_road,Unknown,,,,,,,,,,,,,,,,,,,Not a holiday,0
6170,201600004203,2016,11,18,Daylight,Built_up_area,Out_of_intersection,Light_rain,Frontal_two_vehicles,Manual_entry,4.76421,45.73665,True,2016-11-18,16,21,16:21,Afternoon,False,Autumn,2.0,0.0,73.0,Departmental_road,Bidirectional,Unknown,Slope,Curve_right,Wet,Unknown,On_road,Unknown,,,,,,,,,,,,,,,,,,,Not a holiday,0
6171,201600004204,2016,12,5,Night_with_public_lighting_on,Built_up_area,Out_of_intersection,Other,Other_collision,Manual_entry,4.76421,45.73665,True,2016-12-05,22,45,22:45,Night,False,Winter,2.0,7.0,310.0,Departmental_road,Bidirectional,Unknown,Slope,Unknown,Normal,Unknown,Unknown,Unknown,,,,,,,,,,,,,,,,,,,Not a holiday,0
6172,201600004205,2016,1,1,Night_with_public_lighting_on,Built_up_area,Intersection_X,Normal,Other_collision,Manual_entry,3.64187,49.56432,True,2016-01-01,21,6,21:06,Night,False,Winter,2.0,,,Communal_way,Bidirectional,Unknown,Unknown,Unknown,Unknown,Roundabout,On_road,Unknown,,,,,,,,,,,,,,,,,,,New year,1
6173,201600004206,2016,1,11,Twilight_or_dawn,Built_up_area,Out_of_intersection,Light_rain,Other_collision,Manual_entry,3.63495,49.56618,True,2016-01-11,8,10,08:10,Morning,False,Winter,2.0,0.0,0.0,Communal_way,Bidirectional,Unknown,Flat,Straight,Wet,Unknown,On_road,Unknown,,,,,,,,,,,,,,,,,,,Not a holiday,0
6174,201600004207,2016,2,16,Daylight,Built_up_area,Out_of_intersection,Normal,Other_collision,Manual_entry,3.62501,49.57382,True,2016-02-16,18,0,18:00,Evening,False,Winter,2.0,0.0,60.0,Communal_way,Bidirectional,Unknown,Flat,Straight,Normal,Unknown,On_road,Unknown,,,,,,,,,,,,,,,,,,,Not a holiday,0
6175,201600004208,2016,2,23,Daylight,Out_of_agglomeration,Out_of_intersection,Normal,Chain_three_plus,Unknown,,,False,2016-02-23,13,45,13:45,Afternoon,False,Winter,2.0,0.0,40.0,Departmental_road,Bidirectional,Unknown,Flat,Straight,Normal,Unknown,On_road,Unknown,,,,,,,,,,,,,,,,,,,Not a holiday,0
6176,201600004209,2016,3,22,Daylight,Built_up_area,Other,Normal,Other_collision,Manual_entry,3.61491,49.54836,True,2016-03-22,9,31,09:31,Morning,False,Spring,2.0,0.0,40.0,other,Bidirectional,Unknown,Flat,Straight,Normal,Unknown,On_road,Unknown,,,,,,,,,,,,,,,,,,,Not a holiday,0
6177,201600004210,2016,10,4,Night_without_public_lighting,Out_of_agglomeration,Intersection_T,Normal,Side_two_vehicles,Manual_entry,3.59621,49.5415,True,2016-10-04,4,50,04:50,Night,False,Autumn,2.0,50.0,130.0,National_road,Bidirectional,Unknown,Flat,Straight,Normal,Interchange,On_road,Unknown,,,,,,,,,,,,,,,,,,,Not a holiday,0
6178,201600004211,2016,3,31,Daylight,Built_up_area,Intersection_T,Heavy_rain,Side_two_vehicles,Manual_entry,3.6342,49.56753,True,2016-03-31,9,45,09:45,Morning,False,Spring,2.0,0.0,65.0,Communal_way,Bidirectional,Unknown,Flat,Curve_left,Wet,Unknown,Unknown,Unknown,,,,,,,,,,,,,,,,,,,Not a holiday,0
6179,201600004212,2016,5,4,Daylight,Built_up_area,Intersection_X,Normal,Side_two_vehicles,Manual_entry,3.63392,49.57526,True,2016-05-04,17,50,17:50,Evening,False,Spring,2.0,0.0,40.0,Communal_way,Bidirectional,Unknown,Flat,Straight,Normal,Unknown,On_road,Unknown,,,,,,,,,,,,,,,,,,,Not a holiday,0
6180,201600004213,2016,5,17,Daylight,Built_up_area,Intersection_X,Normal,Side_two_vehicles,Manual_entry,3.65025,49.57507,True,2016-05-17,17,24,17:24,Evening,False,Spring,2.0,0.0,60.0,Communal_way,Bidirectional,Unknown,Flat,Straight,Normal,Unknown,On_road,Near_school,,,,,,,,,,,,,,,,,,,Not a holiday,0
6181,201600004214,2016,6,18,Daylight,Built_up_area,Roundabout,Normal,Other_collision,Manual_entry,3.64686,49.56891,True,2016-06-18,14,10,14:10,Afternoon,True,Summer,2.0,0.0,0.0,Departmental_road,Bidirectional,Unknown,Flat,Straight,Normal,Unknown,On_road,Unknown,,,,,,,,,,,,,,,,,,,Not a holiday,0
6182,201600004215,2016,6,22,Daylight,Out_of_agglomeration,Out_of_intersection,Normal,Chain_three_plus,Unknown,,,False,2016-06-22,13,20,13:20,Afternoon,False,Summer,2.0,0.0,90.0,National_road,Bidirectional,Unknown,Flat,Straight,Normal,Unknown,On_road,Unknown,,,,,,,,,,,,,,,,,,,Not a holiday,0
6183,201600004216,2016,7,31,Daylight,Built_up_area,Out_of_intersection,Normal,Other_collision,Manual_entry,3.62009,49.56445,True,2016-07-31,10,6,10:06,Morning,True,Summer,2.0,0.0,60.0,Communal_way,Bidirectional,Unknown,Flat,Straight,Normal,Unknown,On_road,Unknown,,,,,,,,,,,,,,,,,,,Not a holiday,0
6184,201600004217,2016,6,23,Daylight,Built_up_area,Intersection_X,Normal,Side_two_vehicles,Manual_entry,3.59477,49.57413,True,2016-06-23,19,0,19:00,Evening,False,Summer,2.0,0.0,70.0,Departmental_road,Bidirectional,Unknown,Slope,Straight,Normal,Unknown,On_road,Unknown,,,,,,,,,,,,,,,,,,,Not a holiday,0
6185,201600004218,2016,7,20,Daylight,Out_of_agglomeration,Intersection_X,Normal,Side_two_vehicles,Unknown,,,False,2016-07-20,17,30,17:30,Evening,False,Summer,2.0,0.0,77.0,Departmental_road,Bidirectional,Unknown,Flat,Curve_left,Unknown,Unknown,On_road,Unknown,,,,,,,,,,,,,,,,,,,Not a holiday,0
6186,201600004219,2016,9,21,Daylight,Built_up_area,Intersection_T,Normal,Side_two_vehicles,Manual_entry,3.65457,49.57837,True,2016-09-21,18,0,18:00,Evening,False,Autumn,2.0,0.0,60.0,Communal_way,Bidirectional,Unknown,Flat,Straight,Normal,Unknown,On_road,Unknown,,,,,,,,,,,,,,,,,,,Not a holiday,0
6187,201600004220,2016,9,30,Daylight,Built_up_area,Roundabout,Normal,Side_two_vehicles,Manual_entry,3.62393,49.56832,True,2016-09-30,12,50,12:50,Afternoon,False,Autumn,2.0,0.0,77.0,Communal_way,Bidirectional,Unknown,Flat,Straight,Normal,Unknown,Unknown,Unknown,,,,,,,,,,,,,,,,,,,Not a holiday,0
6188,201600004221,2016,10,5,Night_with_public_lighting_on,Built_up_area,Intersection_Y,Normal,No_collision,Manual_entry,3.61869,49.57441,True,2016-10-05,23,15,23:15,Night,False,Autumn,2.0,0.0,109.0,Communal_way,Bidirectional,Unknown,Flat,Curve_left,Normal,Unknown,Unknown,Unknown,,,,,,,,,,,,,,,,,,,Not a holiday,0
6189,201600004222,2016,10,15,Daylight,Out_of_agglomeration,Intersection_X,Normal,Side_two_vehicles,Manual_entry,3.59613,49.5415,True,2016-10-15,17,30,17:30,Evening,True,Autumn,3.0,0.0,0.0,National_road,Bidirectional,Unknown,Flat,Straight,Normal,Unknown,On_road,Unknown,,,,,,,,,,,,,,,,,,,Not a holiday,0
6190,201600004223,2016,10,26,Daylight,Built_up_area,Out_of_intersection,Normal,Rear_end_two_vehicles,Manual_entry,3.60346,49.56957,True,2016-10-26,18,15,18:15,Evening,False,Autumn,2.0,0.0,80.0,Communal_way,Bidirectional,Unknown,Flat,Straight,Normal,Unknown,On_road,Unknown,,,,,,,,,,,,,,,,,,,Not a holiday,0
6191,201600004224,2016,10,22,Daylight,Out_of_agglomeration,Out_of_intersection,Fog_or_smoke,Rear_end_two_vehicles,Manual_entry,3.65958,49.56791,True,2016-10-22,9,20,09:20,Morning,True,Autumn,2.0,0.0,80.0,National_road,Bidirectional,Unknown,Flat,Straight,Wet,Unknown,On_road,Unknown,,,,,,,,,,,,,,,,,,,Not a holiday,0
6192,201600004225,2016,11,3,Daylight,Built_up_area,Out_of_intersection,Normal,Side_two_vehicles,Manual_entry,3.62543,49.57364,True,2016-11-03,8,20,08:20,Morning,False,Autumn,2.0,0.0,55.0,Communal_way,Bidirectional,Unknown,Flat,Straight,Normal,Unknown,On_road,Unknown,,,,,,,,,,,,,,,,,,,Not a holiday,0