,accident_id,year,month,day,lighting_label,urban_label,intersection_label,weather_label,collision_label,gps_label,longitude_num,latitude_num,valid_geo,date,hour,minute,time_hhmm,time_of_day,is_weekend,season,num_lanes,pedestrian_crossing_width,road_width,road_category_label,traffic_regime_label,reserved_lane_label,road_profile_label,road_layout_label,surface_condition_label,infrastructure_label,situation_label,school_zone_label,vehicle_id,traffic_direction_label,vehicle_category_label,mobile_obstacle_label,impact_point_label,manoeuvre_label,occupants_group,birth_year,sex_label,user_category_label,injury_severity_label,seat_position_label,journey_purpose_label,pedestrian_location_label,pedestrian_action_label,pedestrian_state_label,safety_equipment_type,safety_equipment_usage,holiday_name,is_holiday
6270,201600004303,2016,4,6,Twilight_or_dawn,Built_up_area,Out_of_intersection,Normal,Rear_end_two_vehicles,Manual_entry,,,False,2016-04-06,20,0,20:00,Evening,False,Spring,2.0,0.0,65.0,Departmental_road,Bidirectional,Unknown,Flat,Straight,Normal,Unknown,On_road,Not_near_school,,,,,,,,,,,,,,,,,,,Not a holiday,0
6271,201600004304,2016,5,22,Daylight,Out_of_agglomeration,Out_of_intersection,Other,Other_collision,Manual_entry,,,False,2016-05-22,18,30,18:30,Evening,True,Spring,2.0,0.0,83.0,Departmental_road,Bidirectional,Unknown,Flat,S-bend,Wet,Unknown,On_road,Unknown,,,,,,,,,,,,,,,,,,,Not a holiday,0
6272,201600004305,2016,7,16,Daylight,Out_of_agglomeration,Out_of_intersection,Normal,Side_two_vehicles,Manual_entry,,,False,2016-07-16,14,30,14:30,Afternoon,True,Summer,0.0,99.0,0.0,Departmental_road,Separated_carriageways,Unknown,Flat,Straight,Normal,Unknown,On_road,Not_near_school,,,,,,,,,,,,,,,,,,,Not a holiday,0
6273,201600004306,2016,7,25,Daylight,Built_up_area,Roundabout,Normal,Rear_end_two_vehicles,Manual_entry,1.10588,44.11633,True,2016-07-25,7,30,07:30,Morning,False,Summer,2.0,0.0,65.0,Departmental_road,Bidirectional,Unknown,Flat,Unknown,Normal,Roundabout,On_road,Unknown,,,,,,,,,,,,,,,,,,,Not a holiday,0
6274,201600004307,2016,8,2,Daylight,Built_up_area,Out_of_intersection,Normal,Other_collision,Manual_entry,,,False,2016-08-02,17,30,17:30,Evening,False,Summer,2.0,0.0,47.0,Communal_way,Bidirectional,Unknown,Flat,Curve_right,Normal,Unknown,On_verge,Not_near_school,,,,,,,,,,,,,,,,,,,Not a holiday,0
6275,201600004308,2016,8,14,Daylight,Out_of_agglomeration,Out_of_intersection,Normal,Other_collision,Manual_entry,,,False,2016-08-14,13,0,13:00,Afternoon,True,Summer,0.0,0.0,0.0,Departmental_road,Bidirectional,Unknown,Flat,Straight,Normal,Unknown,On_verge,Unknown,,,,,,,,,,,,,,,,,,,Not a holiday,0
6276,201600004309,2016,8,16,Daylight,Built_up_area,Out_of_intersection,Normal,No_collision,Manual_entry,,,False,2016-08-16,16,45,16:45,Afternoon,False,Summer,1.0,0.0,30.0,Communal_way,One_way,Unknown,Flat,Straight,Normal,Unknown,On_road,Unknown,,,,,,,,,,,,,,,,,,,Not a holiday,0
6277,201600004310,2016,8,25,Daylight,Out_of_agglomeration,Out_of_intersection,Normal,Rear_end_two_vehicles,Manual_entry,,,False,2016-08-25,10,45,10:45,Morning,False,Summer,0.0,0.0,0.0,Departmental_road,Bidirectional,Unknown,Flat,Straight,Normal,Bridge,On_road,Unknown,,,,,,,,,,,,,,,,,,,Not a holiday,0
6278,201600004311,2016,9,2,Night_without_public_lighting,Out_of_agglomeration,Out_of_intersection,Normal,Other_collision,Manual_entry,,,False,2016-09-02,2,30,02:30,Night,False,Autumn,2.0,0.0,85.0,Departmental_road,Bidirectional,Unknown,Unknown,Curve_right,Normal,Unknown,On_verge,Not_near_school,,,,,,,,,,,,,,,,,,,Not a holiday,0
6279,201600004312,2016,9,4,Night_without_public_lighting,Out_of_agglomeration,Out_of_intersection,Normal,Other_collision,Manual_entry,,,False,2016-09-04,1,15,01:15,Night,True,Autumn,2.0,0.0,0.0,Departmental_road,Bidirectional,Unknown,Unknown,Curve_right,Normal,Unknown,On_road,Unknown,,,,,,,,,,,,,,,,,,,Not a holiday,0
6280,201600004313,2016,9,23,Night_without_public_lighting,Out_of_agglomeration,Out_of_intersection,Normal,Other_collision,Manual_entry,,,False,2016-09-23,3,0,03:00,Night,False,Autumn,0.0,0.0,0.0,Departmental_road,One_way,Unknown,Flat,Curve_left,Normal,Unknown,On_road,Not_near_school,,,,,,,,,,,,,,,,,,,Not a holiday,0
6281,201600004314,2016,11,2,Twilight_or_dawn,Out_of_agglomeration,Out_of_intersection,Fog_or_smoke,Side_two_vehicles,Manual_entry,1.0747,43.99437,True,2016-11-02,7,15,07:15,Morning,False,Autumn,2.0,0.0,0.0,Departmental_road,Bidirectional,Unknown,Flat,Straight,Wet,Unknown,On_road,Unknown,,,,,,,,,,,,,,,,,,,Not a holiday,0
6282,201600004315,2016,11,14,Daylight,Built_up_area,Roundabout,Normal,Side_two_vehicles,Manual_entry,1.11333,44.10388,True,2016-11-14,13,45,13:45,Afternoon,False,Autumn,1.0,0.0,83.0,Departmental_road,One_way,Unknown,Flat,Straight,Normal,Roundabout,Unknown,Not_near_school,,,,,,,,,,,,,,,,,,,Not a holiday,0
6283,201600004316,2016,12,3,Daylight,Built_up_area,Out_of_intersection,Normal,Side_two_vehicles,Manual_entry,1.03699,44.104,True,2016-12-03,14,15,14:15,Afternoon,True,Winter,2.0,65.0,65.0,Departmental_road,Bidirectional,Unknown,Flat,Straight,Normal,Unknown,On_road,Not_near_school,,,,,,,,,,,,,,,,,,,Not a holiday,0
6284,201600004317,2016,3,10,Daylight,Out_of_agglomeration,Out_of_intersection,Normal,Other_collision,Manual_entry,,,False,2016-03-10,10,15,10:15,Morning,False,Spring,1.0,0.0,60.0,Departmental_road,Bidirectional,Unknown,Slope,Straight,Normal,Unknown,On_road,Not_near_school,,,,,,,,,,,,,,,,,,,Not a holiday,0
6285,201600004318,2016,3,14,Daylight,Out_of_agglomeration,Out_of_intersection,Normal,Side_two_vehicles,Manual_entry,,,False,2016-03-14,18,30,18:30,Evening,False,Spring,2.0,0.0,75.0,Departmental_road,Bidirectional,Cycle_bank,Flat,Straight,Normal,Unknown,On_road,Not_near_school,,,,,,,,,,,,,,,,,,,Not a holiday,0
6286,201600004319,2016,3,26,Daylight,Out_of_agglomeration,Out_of_intersection,Normal,No_collision,Manual_entry,,,False,2016-03-26,7,45,07:45,Morning,True,Spring,2.0,0.0,47.0,Departmental_road,Bidirectional,Unknown,Flat,Straight,Normal,Unknown,On_road,Not_near_school,,,,,,,,,,,,,,,,,,,Not a holiday,0
6287,201600004320,2016,3,26,Daylight,Out_of_agglomeration,Out_of_intersection,Normal,No_collision,Manual_entry,,,False,2016-03-26,9,0,09:00,Morning,True,Spring,2.0,0.0,70.0,Departmental_road,Bidirectional,Unknown,Slope,Straight,Normal,Unknown,Unknown,Unknown,,,,,,,,,,,,,,,,,,,Not a holiday,0
6288,201600004321,2016,4,9,Daylight,Built_up_area,Out_of_intersection,Light_rain,Side_two_vehicles,Manual_entry,,,False,2016-04-09,18,30,18:30,Evening,True,Spring,2.0,0.0,0.0,Communal_way,Unknown,Unknown,Flat,Straight,Wet,Unknown,On_road,Not_near_school,,,,,,,,,,,,,,,,,,,Not a holiday,0
6289,201600004322,2016,4,24,Daylight,Out_of_agglomeration,Out_of_intersection,Normal,Side_two_vehicles,Manual_entry,,,False,2016-04-24,15,15,15:15,Afternoon,True,Spring,2.0,0.0,0.0,Departmental_road,Bidirectional,Unknown,Flat,Straight,Normal,Unknown,On_road,Not_near_school,,,,,,,,,,,,,,,,,,,Not a holiday,0
6290,201600004323,2016,8,16,Daylight,Out_of_agglomeration,Out_of_intersection,Normal,Other_collision,Manual_entry,,,False,2016-08-16,20,0,20:00,Evening,False,Summer,2.0,0.0,60.0,Departmental_road,Bidirectional,Unknown,Unknown,Straight,Normal,Unknown,On_verge,Not_near_school,,,,,,,,,,,,,,,,,,,Not a holiday,0
6291,201600004324,2016,10,9,Daylight,Out_of_agglomeration,Out_of_intersection,Normal,Other_collision,Manual_entry,,,False,2016-10-09,20,0,20:00,Evening,True,Autumn,2.0,0.0,70.0,Departmental_road,Bidirectional,Unknown,Flat,Straight,Normal,Unknown,On_road,Not_near_school,,,,,,,,,,,,,,,,,,,Not a holiday,0
6292,201600004325,2016,10,18,Daylight,Out_of_agglomeration,Out_of_intersection,Fog_or_smoke,Side_two_vehicles,Manual_entry,1.30306,43.9407,True,2016-10-18,9,15,09:15,Morning,False,Autumn,0.0,0.0,0.0,Departmental_road,Bidirectional,Unknown,Flat,Curve_right,Normal,Unknown,On_road,Unknown,,,,,,,,,,,,,,,,,,,Not a holiday,0
6293,201600004326,2016,10,23,Twilight_or_dawn,Out_of_agglomeration,Out_of_intersection,Normal,No_collision,Manual_entry,,,False,2016-10-23,8,30,08:30,Morning,True,Autumn,2.0,0.0,70.0,Departmental_road,Bidirectional,Unknown,Flat,Straight,Normal,Unknown,On_verge,Not_near_school,,,,,,,,,,,,,,,,,,,Not a holiday,0
6294,201600004327,2016,12,14,Twilight_or_dawn,Out_of_agglomeration,Out_of_intersection,Fog_or_smoke,No_collision,Manual_entry,1.29148,43.91649,True,2016-12-14,8,0,08:00,Morning,False,Winter,1.0,45.0,0.0,Communal_way,Bidirectional,Unknown,Flat,Curve_right,Normal,Unknown,On_verge,Not_near_school,,,,,,,,,,,,,,,,,,,Not a holiday,0
6295,201600004328,2016,12,27,Daylight,Out_of_agglomeration,Out_of_intersection,Normal,Frontal_two_vehicles,Manual_entry,1.3,44.017,True,2016-12-27,16,15,16:15,Afternoon,False,Winter,0.0,0.0,0.0,Departmental_road,Bidirectional,Unknown,Flat,Curve_right,Normal,Roundabout,On_road,Unknown,,,,,,,,,,,,,,,,,,,Not a holiday,0
6296,201600004329,2016,2,6,Night_without_public_lighting,Out_of_agglomeration,Out_of_intersection,Normal,Other_collision,Manual_entry,,,False,2016-02-06,21,30,21:30,Night,True,Winter,0.0,0.0,67.0,Departmental_road,Bidirectional,Unknown,Flat,Straight,Normal,Bridge,Unknown,Not_near_school,,,,,,,,,,,,,,,,,,,Not a holiday,0
6297,201600004330,2016,6,7,Daylight,Out_of_agglomeration,Out_of_intersection,Normal,No_collision,Manual_entry,,,False,2016-06-07,13,30,13:30,Afternoon,False,Summer,1.0,0.0,31.0,Communal_way,Bidirectional,Unknown,Slope,Straight,Other,Unknown,On_road,Unknown,,,,,,,,,,,,,,,,,,,Not a holiday,0
6298,201600004331,2016,7,6,Night_without_public_lighting,Out_of_agglomeration,Out_of_intersection,Normal,No_collision,Manual_entry,,,False,2016-07-06,0,30,00:30,Night,False,Summer,0.0,0.0,67.0,Departmental_road,Bidirectional,Unknown,Flat,Straight,Normal,Unknown,On_verge,Unknown,,,,,,,,,,,,,,,,,,,Not a holiday,0
6299,201600004332,2016,7,23,Daylight,Out_of_agglomeration,Out_of_intersection,Normal,Other_collision,Manual_entry,,,False,2016-07-23,9,0,09:00,Morning,True,Summer,0.0,0.0,72.0,Departmental_road,Bidirectional,Unknown,Flat,Straight,Normal,Unknown,On_road,Not_near_school,,,,,,,,,,,,,,,,,,,Not a holiday,0
6300,201600004333,2016,8,7,Daylight,Built_up_area,Out_of_intersection,Normal,Other_collision,Manual_entry,0.878,44.09,True,2016-08-07,10,15,10:15,Morning,True,Summer,2.0,0.0,750.0,Communal_way,Bidirectional,Unknown,Slope,Straight,Normal,Tunnel,On_road,Unknown,,,,,,,,,,,,,,,,,,,Not a holiday,0
6301,201600004334,2016,10,24,Night_with_public_lighting_on,Built_up_area,Out_of_intersection,Light_rain,Other_collision,Manual_entry,0.85959,44.12069,True,2016-10-24,22,15,22:15,Night,False,Autumn,2.0,0.0,63.0,Communal_way,Bidirectional,Unknown,Flat,Curve_right,Wet,Roundabout,On_verge,Unknown,,,,,,,,,,,,,,,,,,,Not a holiday,0
6302,201600004335,2016,10,27,Night_without_public_lighting,Out_of_agglomeration,Out_of_intersection,Normal,Frontal_two_vehicles,Manual_entry,,,False,2016-10-27,19,45,19:45,Evening,False,Autumn,0.0,0.0,65.0,Departmental_road,Bidirectional,Unknown,Flat,Straight,Normal,Unknown,On_road,Unknown,,,,,,,,,,,,,,,,,,,Not a holiday,0
6303,201600004336,2016,3,15,Daylight,Out_of_agglomeration,Out_of_intersection,Normal,Other_collision,Manual_entry,,,False,2016-03-15,18,30,18:30,Evening,False,Spring,0.0,0.0,0.0,Departmental_road,Bidirectional,Unknown,Flat,Curve_right,Normal,Unknown,On_road,Unknown,,,,,,,,,,,,,,,,,,,Not a holiday,0
6304,201600004337,2016,4,25,Daylight,Built_up_area,Out_of_intersection,Normal,Other_collision,Manual_entry,,,False,2016-04-25,16,30,16:30,Afternoon,False,Spring,2.0,0.0,78.0,Communal_way,Bidirectional,Unknown,Flat,Straight,Normal,Unknown,On_road,Near_school,,,,,,,,,,,,,,,,,,,Not a holiday,0
6305,201600004338,2016,8,18,Daylight,Out_of_agglomeration,Out_of_intersection,Normal,Side_two_vehicles,Manual_entry,4.727,45.82,True,2016-08-18,16,30,16:30,Afternoon,False,Summer,1.0,39.0,0.0,Departmental_road,One_way,Unknown,Slope,Curve_right,Normal,Interchange,On_road,Not_near_school,,,,,,,,,,,,,,,,,,,Not a holiday,0
6306,201600004339,2016,11,10,Daylight,Built_up_area,Out_of_intersection,Light_rain,Other_collision,Manual_entry,4.70578,45.78089,True,2016-11-10,8,25,08:25,Morning,False,Autumn,1.0,29.0,72.0,Departmental_road,Separated_carriageways,Unknown,Flat,Straight,Oil,Unknown,On_road,Unknown,,,,,,,,,,,,,,,,,,,Not a holiday,0
6307,201600004340,2016,11,13,Night_without_public_lighting,Out_of_agglomeration,Out_of_intersection,Light_rain,Chain_three_plus,Manual_entry,4.74299,45.8305,True,2016-11-13,19,25,19:25,Evening,True,Autumn,2.0,0.0,0.0,National_road,Bidirectional,Unknown,Slope,Straight,Wet,Unknown,On_road,Unknown,,,,,,,,,,,,,,,,,,,Not a holiday,0
6308,201600004341,2016,11,18,Daylight,Out_of_agglomeration,Out_of_intersection,Light_rain,Chain_three_plus,Manual_entry,4.74302,45.83164,True,2016-11-18,16,0,16:00,Afternoon,False,Autumn,2.0,0.0,76.0,National_road,Bidirectional,Unknown,Slope,Straight,Wet,Unknown,On_road,Unknown,,,,,,,,,,,,,,,,,,,Not a holiday,0
6309,201600004342,2016,12,8,Daylight,Built_up_area,Out_of_intersection,Normal,Side_two_vehicles,Manual_entry,4.70669,45.78168,True,2016-12-08,8,50,08:50,Morning,False,Winter,2.0,0.0,10.0,Communal_way,Bidirectional,Unknown,Flat,Unknown,Normal,Unknown,Unknown,Unknown,,,,,,,,,,,,,,,,,,,Not a holiday,0
6310,201600004343,2016,12,14,Daylight,Out_of_agglomeration,Out_of_intersection,Fog_or_smoke,No_collision,Manual_entry,4.74085,45.82447,True,2016-12-14,10,45,10:45,Morning,False,Winter,2.0,0.0,0.0,Communal_way,Bidirectional,Unknown,Flat,Unknown,Icy,Unknown,On_verge,Unknown,,,,,,,,,,,,,,,,,,,Not a holiday,0
6311,201600004344,2016,12,20,Night_with_public_lighting_on,Built_up_area,Out_of_intersection,Normal,Frontal_two_vehicles,Manual_entry,4.74865,45.75729,True,2016-12-20,18,40,18:40,Evening,False,Winter,2.0,0.0,0.0,Communal_way,Bidirectional,Unknown,Flat,Unknown,Normal,Unknown,On_road,Unknown,,,,,,,,,,,,,,,,,,,Not a holiday,0
6312,201600004345,2016,12,23,Night_with_public_lighting_not_functioning,Built_up_area,Out_of_intersection,Normal,Side_two_vehicles,Manual_entry,4.76809,45.80563,True,2016-12-23,7,55,07:55,Morning,False,Winter,2.0,0.0,73.0,Communal_way,Bidirectional,Unknown,Slope,Curve_left,Wet,Unknown,On_road,Unknown,,,,,,,,,,,,,,,,,,,Not a holiday,0
6313,201600004346,2016,12,28,Daylight,Out_of_agglomeration,Out_of_intersection,Normal,Chain_three_plus,Manual_entry,4.74667,45.81439,True,2016-12-28,12,15,12:15,Afternoon,False,Winter,2.0,0.0,0.0,National_road,Separated_carriageways,Unknown,Flat,Unknown,Normal,Bridge,On_road,Unknown,,,,,,,,,,,,,,,,,,,Not a holiday,0
6314,201600004347,2016,1,12,Night_with_public_lighting_on,Built_up_area,Out_of_intersection,Normal,Other_collision,Manual_entry,,,False,2016-01-12,7,15,07:15,Morning,False,Winter,2.0,0.0,60.0,Departmental_road,Bidirectional,Unknown,Unknown,Straight,Normal,Unknown,Unknown,Not_near_school,,,,,,,,,,,,,,,,,,,Not a holiday,0
6315,201600004348,2016,1,22,Night_with_public_lighting_on,Built_up_area,Out_of_intersection,Light_rain,Other_collision,Manual_entry,,,False,2016-01-22,19,0,19:00,Evening,False,Winter,2.0,0.0,70.0,Departmental_road,Bidirectional,Unknown,Unknown,Straight,Wet,Unknown,On_road,Near_school,,,,,,,,,,,,,,,,,,,Not a holiday,0
6316,201600004349,2016,2,3,Night_with_public_lighting_on,Out_of_agglomeration,Out_of_intersection,Normal,Other_collision,Manual_entry,,,False,2016-02-03,19,15,19:15,Evening,False,Winter,0.0,80.0,10.0,Departmental_road,Separated_carriageways,Unknown,Flat,Straight,Normal,Unknown,On_road,Not_near_school,,,,,,,,,,,,,,,,,,,Not a holiday,0
6317,201600004350,2016,2,10,Twilight_or_dawn,Built_up_area,Out_of_intersection,Light_rain,Other_collision,Manual_entry,,,False,2016-02-10,18,15,18:15,Evening,False,Winter,0.0,60.0,0.0,Departmental_road,Bidirectional,Unknown,Flat,Straight,Wet,Unknown,On_road,Unknown,,,,,,,,,,,,,,,,,,,Not a holiday,0
6318,201600004351,2016,2,26,Daylight,Out_of_agglomeration,Out_of_intersection,Normal,Other_collision,Manual_entry,,,False,2016-02-26,16,15,16:15,Afternoon,False,Winter,2.0,25.0,67.0,Departmental_road,Bidirectional,Unknown,Flat,Straight,Normal,Unknown,On_road,Not_near_school,,,,,,,,,,,,,,,,,,,Not a holiday,0
6319,201600004352,2016,3,3,Night_with_public_lighting_on,Built_up_area,Out_of_intersection,Light_rain,Frontal_two_vehicles,Manual_entry,,,False,2016-03-03,23,0,23:00,Night,False,Spring,2.0,0.0,80.0,Departmental_road,Bidirectional,Unknown,Slope,Straight,Wet,Unknown,On_road,Not_near_school,,,,,,,,,,,,,,,,,,,Not a holiday,0
6320,201600004353,2016,3,10,Daylight,Built_up_area,Out_of_intersection,Normal,Rear_end_two_vehicles,Manual_entry,4.713,45.862,True,2016-03-10,7,0,07:00,Morning,False,Spring,2.0,0.0,80.0,Departmental_road,One_way,Unknown,Flat,Curve_right,Normal,Unknown,On_road,Unknown,,,,,,,,,,,,,,,,,,,Not a holiday,0
6321,201600004354,2016,3,11,Daylight,Out_of_agglomeration,Out_of_intersection,Normal,Other_collision,Manual_entry,4.804,45.799,True,2016-03-11,17,15,17:15,Evening,False,Spring,0.0,0.0,33.0,Communal_way,Bidirectional,Unknown,Slope,Straight,Normal,Unknown,On_road,Not_near_school,,,,,,,,,,,,,,,,,,,Not a holiday,0
6322,201600004355,2016,3,22,Daylight,Built_up_area,Out_of_intersection,Normal,Other_collision,Manual_entry,,,False,2016-03-22,16,45,16:45,Afternoon,False,Spring,0.0,0.0,68.0,Communal_way,Unknown,Unknown,Flat,Straight,Normal,Unknown,On_road,Near_school,,,,,,,,,,,,,,,,,,,Not a holiday,0
6323,201600004356,2016,4,29,Daylight,Built_up_area,Out_of_intersection,Normal,Other_collision,Manual_entry,,,False,2016-04-29,16,0,16:00,Afternoon,False,Spring,2.0,0.0,70.0,Communal_way,Bidirectional,Unknown,Slope,Straight,Normal,Unknown,On_road,Unknown,,,,,,,,,,,,,,,,,,,Not a holiday,0
6324,201600004357,2016,5,19,Daylight,Out_of_agglomeration,Roundabout,Light_rain,Side_two_vehicles,Manual_entry,,,False,2016-05-19,13,15,13:15,Afternoon,False,Spring,0.0,15.0,60.0,Departmental_road,Bidirectional,Unknown,Flat,Unknown,Wet,Roundabout,On_road,Unknown,,,,,,,,,,,,,,,,,,,Not a holiday,0
6325,201600004358,2016,5,27,Daylight,Out_of_agglomeration,Out_of_intersection,Normal,Side_two_vehicles,Manual_entry,4.766,45.838,True,2016-05-27,18,15,18:15,Evening,False,Spring,2.0,0.0,80.0,Communal_way,Bidirectional,Unknown,Flat,Curve_right,Normal,Unknown,On_road,Not_near_school,,,,,,,,,,,,,,,,,,,Not a holiday,0
6326,201600004359,2016,7,1,Daylight,Out_of_agglomeration,Out_of_intersection,Normal,Rear_end_two_vehicles,Manual_entry,4.707,45.861,True,2016-07-01,12,0,12:00,Afternoon,False,Summer,0.0,25.0,85.0,Departmental_road,Separated_carriageways,Unknown,Flat,Straight,Normal,Unknown,On_road,Unknown,,,,,,,,,,,,,,,,,,,Not a holiday,0
6327,201600004360,2016,7,18,Daylight,Built_up_area,Out_of_intersection,Normal,Side_two_vehicles,Manual_entry,,,False,2016-07-18,9,0,09:00,Morning,False,Summer,5.0,20.0,150.0,National_road,Separated_carriageways,Unknown,Flat,Unknown,Normal,Roundabout,On_road,Not_near_school,,,,,,,,,,,,,,,,,,,Not a holiday,0
6328,201600004361,2016,7,29,Daylight,Built_up_area,Out_of_intersection,Normal,Other_collision,Manual_entry,,,False,2016-07-29,20,0,20:00,Evening,False,Summer,0.0,0.0,0.0,Departmental_road,Separated_carriageways,Unknown,Flat,Straight,Normal,Unknown,On_road,Unknown,,,,,,,,,,,,,,,,,,,Not a holiday,0
6329,201600004362,2016,8,20,Daylight,Out_of_agglomeration,Out_of_intersection,Cloudy,Side_two_vehicles,Manual_entry,,,False,2016-08-20,15,45,15:45,Afternoon,True,Summer,0.0,0.0,62.0,Departmental_road,Bidirectional,Unknown,Flat,Straight,Wet,Unknown,On_road,Not_near_school,,,,,,,,,,,,,,,,,,,Not a holiday,0
6330,201600004363,2016,9,10,Daylight,Out_of_agglomeration,Out_of_intersection,Normal,Frontal_two_vehicles,Manual_entry,,,False,2016-09-10,19,0,19:00,Evening,True,Autumn,2.0,0.0,0.0,Departmental_road,Bidirectional,Unknown,Unknown,Curve_right,Normal,Unknown,On_road,Unknown,,,,,,,,,,,,,,,,,,,Not a holiday,0
6331,201600004364,2016,1,22,Daylight,Built_up_area,Out_of_intersection,Normal,Rear_end_two_vehicles,Manual_entry,,,False,2016-01-22,15,15,15:15,Afternoon,False,Winter,0.0,0.0,0.0,Departmental_road,Bidirectional,Unknown,Flat,Straight,Normal,Bridge,On_road,Unknown,,,,,,,,,,,,,,,,,,,Not a holiday,0
6332,201600004365,2016,3,5,Night_with_public_lighting_on,Out_of_agglomeration,Out_of_intersection,Normal,Other_collision,Manual_entry,,,False,2016-03-05,19,30,19:30,Evening,True,Spring,2.0,0.0,0.0,Departmental_road,Bidirectional,Unknown,Unknown,Straight,Wet,Unknown,On_verge,Unknown,,,,,,,,,,,,,,,,,,,Not a holiday,0
6333,201600004366,2016,3,11,Daylight,Out_of_agglomeration,Out_of_intersection,Normal,Frontal_two_vehicles,Manual_entry,,,False,2016-03-11,15,30,15:30,Afternoon,False,Spring,0.0,0.0,0.0,Departmental_road,Bidirectional,Unknown,Flat,Straight,Normal,Unknown,On_road,Unknown,,,,,,,,,,,,,,,,,,,Not a holiday,0
6334,201600004367,2016,4,22,Daylight,Built_up_area,Out_of_intersection,Normal,Frontal_two_vehicles,Manual_entry,,,False,2016-04-22,15,15,15:15,Afternoon,False,Spring,2.0,29.0,87.0,Departmental_road,Bidirectional,Unknown,Slope,Straight,Normal,Unknown,On_road,Not_near_school,,,,,,,,,,,,,,,,,,,Not a holiday,0
6335,201600004368,2016,5,9,Daylight,Built_up_area,Out_of_intersection,Light_rain,Frontal_two_vehicles,Manual_entry,,,False,2016-05-09,16,45,16:45,Afternoon,False,Spring,0.0,0.0,0.0,Departmental_road,Bidirectional,Unknown,Flat,Unknown,Wet,Unknown,On_road,Not_near_school,,,,,,,,,,,,,,,,,,,Not a holiday,0
6336,201600004369,2016,5,17,Daylight,Built_up_area,Out_of_intersection,Normal,Side_two_vehicles,Manual_entry,,,False,2016-05-17,17,15,17:15,Evening,False,Spring,0.0,0.0,0.0,Departmental_road,Bidirectional,Unknown,Flat,Straight,Normal,Roundabout,On_road,Unknown,,,,,,,,,,,,,,,,,,,Not a holiday,0
6337,201600004370,2016,6,2,Twilight_or_dawn,Out_of_agglomeration,Roundabout,Normal,Other_collision,Manual_entry,,,False,2016-06-02,5,15,05:15,Morning,False,Summer,2.0,65.0,60.0,Departmental_road,Bidirectional,Unknown,Flat,Curve_right,Normal,Roundabout,On_road,Not_near_school,,,,,,,,,,,,,,,,,,,Not a holiday,0
6338,201600004371,2016,6,28,Daylight,Out_of_agglomeration,Out_of_intersection,Normal,Frontal_two_vehicles,Manual_entry,4.883,45.894,True,2016-06-28,16,30,16:30,Afternoon,False,Summer,2.0,0.0,67.0,Departmental_road,Bidirectional,Unknown,Slope,Straight,Normal,Unknown,On_road,Not_near_school,,,,,,,,,,,,,,,,,,,Not a holiday,0
6339,201600004372,2016,7,5,Daylight,Out_of_agglomeration,Out_of_intersection,Normal,Frontal_two_vehicles,Manual_entry,,,False,2016-07-05,14,15,14:15,Afternoon,False,Summer,2.0,0.0,60.0,Departmental_road,Bidirectional,Unknown,Unknown,Straight,Normal,Unknown,On_road,Not_near_school,,,,,,,,,,,,,,,,,,,Not a holiday,0
6340,201600004373,2016,7,31,Daylight,Out_of_agglomeration,Out_of_intersection,Normal,Frontal_two_vehicles,Manual_entry,,,False,2016-07-31,7,45,07:45,Morning,True,Summer,0.0,0.0,0.0,Communal_way,Unknown,Unknown,Flat,Unknown,Normal,Unknown,On_road,Near_school,,,,,,,,,,,,,,,,,,,Not a holiday,0
6341,201600004374,2016,10,4,Daylight,Built_up_area,Out_of_intersection,Normal,Chain_three_plus,Manual_entry,4.8318,45.84694,True,2016-10-04,8,20,08:20,Morning,False,Autumn,2.0,0.0,60.0,Departmental_road,Bidirectional,Unknown,Flat,Straight,Normal,Unknown,On_road,Unknown,,,,,,,,,,,,,,,,,,,Not a holiday,0
6342,201600004375,2016,10,14,Twilight_or_dawn,Built_up_area,Out_of_intersection,Heavy_rain,Rear_end_two_vehicles,Manual_entry,4.83434,45.86588,True,2016-10-14,7,45,07:45,Morning,False,Autumn,2.0,18.0,136.0,Departmental_road,Separated_carriageways,Bike_path,Flat,Straight,Wet,Unknown,On_road,Unknown,,,,,,,,,,,,,,,,,,,Not a holiday,0
6343,201600004376,2016,11,4,Daylight,Built_up_area,Out_of_intersection,Normal,Other_collision,Manual_entry,4.84183,45.87086,True,2016-11-04,16,30,16:30,Afternoon,False,Autumn,1.0,0.0,0.0,Communal_way,One_way,Unknown,Slope,Unknown,Normal,Unknown,On_road,Near_school,,,,,,,,,,,,,,,,,,,Not a holiday,0
6344,201600004377,2016,11,10,Night_with_public_lighting_on,Built_up_area,Out_of_intersection,Light_rain,Multiple_three_plus,Manual_entry,4.83434,45.86588,True,2016-11-10,5,30,05:30,Morning,False,Autumn,2.0,0.0,0.0,Departmental_road,Bidirectional,Unknown,Flat,Curve_left,Wet,Unknown,On_road,Unknown,,,,,,,,,,,,,,,,,,,Not a holiday,0
6345,201600004378,2016,11,3,Night_without_public_lighting,Out_of_agglomeration,Out_of_intersection,Normal,Frontal_two_vehicles,Manual_entry,4.84928,45.91274,True,2016-11-03,18,35,18:35,Evening,False,Autumn,2.0,0.0,0.0,Communal_way,Bidirectional,Unknown,Flat,Unknown,Normal,Unknown,On_road,Unknown,,,,,,,,,,,,,,,,,,,Not a holiday,0
6346,201600004379,2016,11,17,Night_without_public_lighting,Out_of_agglomeration,Out_of_intersection,Normal,Other_collision,Manual_entry,4.75868,45.91937,True,2016-11-17,18,15,18:15,Evening,False,Autumn,1.0,0.0,0.0,Departmental_road,Bidirectional,Unknown,Flat,Curve_right,Normal,Unknown,On_verge,Unknown,,,,,,,,,,,,,,,,,,,Not a holiday,0