,accident_id,year,month,day,lighting_label,urban_label,intersection_label,weather_label,collision_label,gps_label,longitude_num,latitude_num,valid_geo,date,hour,minute,time_hhmm,time_of_day,is_weekend,season,num_lanes,pedestrian_crossing_width,road_width,road_category_label,traffic_regime_label,reserved_lane_label,road_profile_label,road_layout_label,surface_condition_label,infrastructure_label,situation_label,school_zone_label,vehicle_id,traffic_direction_label,vehicle_category_label,mobile_obstacle_label,impact_point_label,manoeuvre_label,occupants_group,birth_year,sex_label,user_category_label,injury_severity_label,seat_position_label,journey_purpose_label,pedestrian_location_label,pedestrian_action_label,pedestrian_state_label,safety_equipment_type,safety_equipment_usage,holiday_name,is_holiday
6347,201600004380,2016,4,29,Daylight,Built_up_area,Out_of_intersection,Normal,No_collision,Manual_entry,,,False,2016-04-29,18,0,18:00,Evening,False,Spring,2.0,0.0,93.0,Communal_way,Bidirectional,Unknown,Flat,Straight,Normal,Unknown,On_road,Not_near_school,,,,,,,,,,,,,,,,,,,Not a holiday,0
6348,201600004381,2016,8,17,Daylight,Out_of_agglomeration,Roundabout,Dazzling,Side_two_vehicles,Manual_entry,5.056,45.713,True,2016-08-17,9,30,09:30,Morning,False,Summer,0.0,0.0,0.0,Communal_way,Bidirectional,Unknown,Flat,Straight,Normal,Roundabout,On_road,Unknown,,,,,,,,,,,,,,,,,,,Not a holiday,0
6349,201600004382,2016,8,16,Daylight,Built_up_area,Out_of_intersection,Normal,Side_two_vehicles,Manual_entry,5.047,45.692,True,2016-08-16,14,30,14:30,Afternoon,False,Summer,2.0,0.0,0.0,Departmental_road,Bidirectional,Unknown,Flat,Straight,Normal,Unknown,On_road,Not_near_school,,,,,,,,,,,,,,,,,,,Not a holiday,0
6350,201600004383,2016,10,2,Daylight,Built_up_area,Out_of_intersection,Normal,Frontal_two_vehicles,Manual_entry,,,False,2016-10-02,15,30,15:30,Afternoon,True,Autumn,2.0,0.0,60.0,Communal_way,Bidirectional,Unknown,Flat,Straight,Normal,Unknown,On_road,Unknown,,,,,,,,,,,,,,,,,,,Not a holiday,0
6351,201600004384,2016,11,7,Daylight,Built_up_area,Out_of_intersection,Normal,Other_collision,Manual_entry,5.04249,45.71049,True,2016-11-07,7,0,07:00,Morning,False,Autumn,2.0,0.0,60.0,Departmental_road,Bidirectional,Unknown,Flat,Straight,Normal,Unknown,On_sidewalk,Unknown,,,,,,,,,,,,,,,,,,,Not a holiday,0
6352,201600004385,2016,12,9,Daylight,Built_up_area,Out_of_intersection,Normal,Other_collision,Manual_entry,5.04978,45.68303,True,2016-12-09,8,15,08:15,Morning,False,Winter,2.0,0.0,0.0,Communal_way,Bidirectional,Unknown,Flat,Straight,Normal,Unknown,Unknown,Unknown,,,,,,,,,,,,,,,,,,,Not a holiday,0
6353,201600004386,2016,12,29,Twilight_or_dawn,Out_of_agglomeration,Out_of_intersection,Cloudy,Rear_end_two_vehicles,Manual_entry,4.91013,45.64485,True,2016-12-29,17,35,17:35,Evening,False,Winter,2.0,2.0,0.0,Departmental_road,Separated_carriageways,Unknown,Slope,Straight,Other,Unknown,On_road,Unknown,,,,,,,,,,,,,,,,,,,Not a holiday,0
6354,201600004387,2016,1,8,Daylight,Built_up_area,Out_of_intersection,Normal,Side_two_vehicles,Manual_entry,4.913,45.69,True,2016-01-08,12,45,12:45,Afternoon,False,Winter,0.0,24.0,130.0,Communal_way,Bidirectional,Unknown,Flat,Straight,Normal,Unknown,On_road,Unknown,,,,,,,,,,,,,,,,,,,Not a holiday,0
6355,201600004388,2016,1,15,Night_with_public_lighting_on,Built_up_area,Out_of_intersection,Light_rain,Other_collision,Manual_entry,,,False,2016-01-15,19,45,19:45,Evening,False,Winter,2.0,0.0,35.0,Communal_way,Bidirectional,Bike_path,Flat,Straight,Wet,Unknown,On_road,Unknown,,,,,,,,,,,,,,,,,,,Not a holiday,0
6356,201600004389,2016,8,31,Daylight,Built_up_area,Out_of_intersection,Normal,Side_two_vehicles,Manual_entry,,,False,2016-08-31,11,45,11:45,Morning,False,Summer,2.0,0.0,0.0,Communal_way,Bidirectional,Bike_path,Flat,Straight,Unknown,Interchange,On_bike_path,Not_near_school,,,,,,,,,,,,,,,,,,,Not a holiday,0
6357,201600004390,2016,2,3,Daylight,Out_of_agglomeration,Out_of_intersection,Light_rain,Frontal_two_vehicles,Manual_entry,,,False,2016-02-03,13,45,13:45,Afternoon,False,Winter,2.0,0.0,0.0,Departmental_road,Bidirectional,Unknown,Slope,Straight,Wet,Unknown,On_road,Unknown,,,,,,,,,,,,,,,,,,,Not a holiday,0
6358,201600004391,2016,2,1,Night_without_public_lighting,Out_of_agglomeration,Out_of_intersection,Light_rain,No_collision,Manual_entry,,,False,2016-02-01,4,45,04:45,Night,False,Winter,0.0,0.0,50.0,Departmental_road,Bidirectional,Unknown,Unknown,Curve_right,Wet,Unknown,On_road,Unknown,,,,,,,,,,,,,,,,,,,Not a holiday,0
6359,201600004392,2016,3,20,Twilight_or_dawn,Out_of_agglomeration,Out_of_intersection,Normal,Other_collision,Manual_entry,4.556,45.79,True,2016-03-20,5,0,05:00,Morning,True,Spring,0.0,0.0,65.0,Departmental_road,Bidirectional,Unknown,Slope,Curve_right,Wet,Unknown,Unknown,Not_near_school,,,,,,,,,,,,,,,,,,,Not a holiday,0
6360,201600004393,2016,3,26,Daylight,Built_up_area,Roundabout,Normal,Other_collision,Manual_entry,,,False,2016-03-26,12,15,12:15,Afternoon,True,Spring,0.0,0.0,80.0,other,Unknown,Unknown,Unknown,Unknown,Normal,Unknown,On_road,Unknown,,,,,,,,,,,,,,,,,,,Not a holiday,0
6361,201600004394,2016,5,6,Daylight,Out_of_agglomeration,Roundabout,Normal,Side_two_vehicles,Manual_entry,,,False,2016-05-06,8,0,08:00,Morning,False,Spring,1.0,0.0,50.0,Departmental_road,One_way,Unknown,Flat,Curve_left,Unknown,Unknown,On_road,Unknown,,,,,,,,,,,,,,,,,,,Not a holiday,0
6362,201600004395,2016,6,23,Daylight,Out_of_agglomeration,Out_of_intersection,Normal,Frontal_two_vehicles,Manual_entry,4.604,45.844,True,2016-06-23,7,45,07:45,Morning,False,Summer,0.0,0.0,70.0,National_road,Bidirectional,Unknown,Slope,Straight,Normal,Unknown,On_road,Unknown,,,,,,,,,,,,,,,,,,,Not a holiday,0
6363,201600004396,2016,7,18,Daylight,Out_of_agglomeration,Out_of_intersection,Normal,Frontal_two_vehicles,Manual_entry,,,False,2016-07-18,19,30,19:30,Evening,False,Summer,0.0,0.0,0.0,National_road,Bidirectional,Unknown,Slope,Straight,Normal,Unknown,On_road,Unknown,,,,,,,,,,,,,,,,,,,Not a holiday,0
6364,201600004397,2016,8,25,Daylight,Out_of_agglomeration,Out_of_intersection,Normal,Other_collision,Manual_entry,,,False,2016-08-25,15,15,15:15,Afternoon,False,Summer,0.0,0.0,0.0,Communal_way,Bidirectional,Unknown,Flat,Straight,Normal,Unknown,On_road,Unknown,,,,,,,,,,,,,,,,,,,Not a holiday,0
6365,201600004398,2016,9,11,Night_with_public_lighting_on,Out_of_agglomeration,Intersection_X,Normal,Side_two_vehicles,Manual_entry,,,False,2016-09-11,6,30,06:30,Morning,True,Autumn,4.0,25.0,155.0,National_road,Separated_carriageways,Unknown,Slope,Straight,Normal,Unknown,On_road,Unknown,,,,,,,,,,,,,,,,,,,Not a holiday,0
6366,201600004399,2016,10,5,Daylight,Built_up_area,Out_of_intersection,Normal,Other_collision,Manual_entry,4.61035,45.82993,True,2016-10-05,15,20,15:20,Afternoon,False,Autumn,2.0,0.0,0.0,National_road,Bidirectional,Unknown,Flat,Straight,Normal,Unknown,On_road,Unknown,,,,,,,,,,,,,,,,,,,Not a holiday,0
6367,201600004400,2016,10,6,Night_with_public_lighting_on,Out_of_agglomeration,Out_of_intersection,Other,No_collision,Manual_entry,4.60666,45.82816,True,2016-10-06,5,45,05:45,Morning,False,Autumn,2.0,0.0,70.0,Departmental_road,Bidirectional,Unknown,Slope,Curve_left,Normal,Unknown,On_verge,Unknown,,,,,,,,,,,,,,,,,,,Not a holiday,0
6368,201600004401,2016,11,28,Night_without_public_lighting,Out_of_agglomeration,Out_of_intersection,Normal,Side_two_vehicles,Manual_entry,4.62778,45.8558,True,2016-11-28,17,50,17:50,Evening,False,Autumn,2.0,0.0,10.0,Departmental_road,Bidirectional,Unknown,Slope,Unknown,Normal,Unknown,Unknown,Unknown,,,,,,,,,,,,,,,,,,,Not a holiday,0
6369,201600004402,2016,11,30,Daylight,Built_up_area,Out_of_intersection,Normal,Other_collision,Manual_entry,4.61536,45.83444,True,2016-11-30,14,10,14:10,Afternoon,False,Autumn,2.0,7.0,10.0,National_road,Bidirectional,Unknown,Flat,Unknown,Normal,Unknown,Unknown,Unknown,,,,,,,,,,,,,,,,,,,Not a holiday,0
6370,201600004403,2016,12,4,Night_without_public_lighting,Out_of_agglomeration,Out_of_intersection,Fog_or_smoke,Other_collision,Manual_entry,4.63408,45.77606,True,2016-12-04,22,0,22:00,Night,True,Winter,2.0,0.0,0.0,Departmental_road,Bidirectional,Unknown,Slope,Curve_left,Wet,Unknown,On_verge,Unknown,,,,,,,,,,,,,,,,,,,Not a holiday,0
6371,201600004404,2016,12,7,Daylight,Built_up_area,Out_of_intersection,Fog_or_smoke,Other_collision,Manual_entry,4.57491,45.81643,True,2016-12-07,11,0,11:00,Morning,False,Winter,2.0,0.0,0.0,Communal_way,Bidirectional,Unknown,Flat,Straight,Normal,Unknown,On_road,Near_school,,,,,,,,,,,,,,,,,,,Not a holiday,0
6372,201600004405,2016,1,15,Night_without_public_lighting,Out_of_agglomeration,Out_of_intersection,Snow_or_hail,Other_collision,Manual_entry,4.475,45.717,True,2016-01-15,22,15,22:15,Night,False,Winter,2.0,81.0,0.0,Departmental_road,Bidirectional,Unknown,Flat,Straight,Snow,Unknown,On_verge,Unknown,,,,,,,,,,,,,,,,,,,Not a holiday,0
6373,201600004406,2016,2,26,Daylight,Built_up_area,Out_of_intersection,Normal,Chain_three_plus,Manual_entry,,,False,2016-02-26,8,0,08:00,Morning,False,Winter,2.0,0.0,70.0,Departmental_road,Bidirectional,Unknown,Flat,Unknown,Normal,Unknown,On_road,Unknown,,,,,,,,,,,,,,,,,,,Not a holiday,0
6374,201600004407,2016,5,21,Daylight,Out_of_agglomeration,Out_of_intersection,Normal,No_collision,Manual_entry,4.545,45.756,True,2016-05-21,12,15,12:15,Afternoon,True,Spring,2.0,18.0,35.0,Departmental_road,Bidirectional,Unknown,Flat,Straight,Normal,Unknown,On_road,Unknown,,,,,,,,,,,,,,,,,,,Not a holiday,0
6375,201600004408,2016,8,5,Daylight,Out_of_agglomeration,Out_of_intersection,Normal,Other_collision,Manual_entry,4.536,45.755,True,2016-08-05,10,0,10:00,Morning,False,Summer,1.0,0.0,0.0,Departmental_road,Bidirectional,Unknown,Slope,Straight,Normal,Unknown,On_verge,Unknown,,,,,,,,,,,,,,,,,,,Not a holiday,0
6376,201600004409,2016,9,3,Daylight,Out_of_agglomeration,Out_of_intersection,Normal,Frontal_two_vehicles,Manual_entry,,,False,2016-09-03,17,0,17:00,Evening,True,Autumn,2.0,0.0,54.0,Departmental_road,Bidirectional,Unknown,Flat,Straight,Normal,Unknown,On_road,Unknown,,,,,,,,,,,,,,,,,,,Not a holiday,0
6377,201600004410,2016,10,1,Daylight,Out_of_agglomeration,Out_of_intersection,Normal,Other_collision,Manual_entry,,,False,2016-10-01,15,15,15:15,Afternoon,True,Autumn,2.0,0.0,52.0,Departmental_road,Bidirectional,Unknown,Unknown,S-bend,Wet,Unknown,Unknown,Not_near_school,,,,,,,,,,,,,,,,,,,Not a holiday,0
6378,201600004411,2016,10,12,Daylight,Built_up_area,Intersection_T,Normal,Other_collision,Manual_entry,4.52387,45.74666,True,2016-10-12,17,55,17:55,Evening,False,Autumn,2.0,0.0,0.0,Communal_way,Bidirectional,Unknown,Slope,Unknown,Unknown,Unknown,Unknown,Unknown,,,,,,,,,,,,,,,,,,,Not a holiday,0
6379,201600004412,2016,4,7,Daylight,Out_of_agglomeration,Out_of_intersection,Normal,Other_collision,Manual_entry,,,False,2016-04-07,9,15,09:15,Morning,False,Spring,2.0,0.0,60.0,Departmental_road,Bidirectional,Unknown,Hill_bottom,Curve_right,Normal,Unknown,On_road,Unknown,,,,,,,,,,,,,,,,,,,Not a holiday,0
6380,201600004413,2016,4,16,Daylight,Out_of_agglomeration,Out_of_intersection,Normal,Rear_end_two_vehicles,Manual_entry,,,False,2016-04-16,16,30,16:30,Afternoon,True,Spring,2.0,0.0,66.0,Departmental_road,Bidirectional,Unknown,Flat,Straight,Normal,Unknown,On_road,Unknown,,,,,,,,,,,,,,,,,,,Not a holiday,0
6381,201600004414,2016,6,26,Daylight,Out_of_agglomeration,Out_of_intersection,Normal,No_collision,Manual_entry,,,False,2016-06-26,6,0,06:00,Morning,True,Summer,2.0,0.0,0.0,Departmental_road,Separated_carriageways,Unknown,Slope,Curve_left,Normal,Unknown,On_road,Unknown,,,,,,,,,,,,,,,,,,,Not a holiday,0
6382,201600004415,2016,7,9,Daylight,Out_of_agglomeration,Out_of_intersection,Normal,Frontal_two_vehicles,Manual_entry,,,False,2016-07-09,13,0,13:00,Afternoon,True,Summer,2.0,0.0,60.0,Departmental_road,Bidirectional,Unknown,Unknown,Unknown,Unknown,Unknown,Unknown,Not_near_school,,,,,,,,,,,,,,,,,,,Not a holiday,0
6383,201600004416,2016,11,1,Night_without_public_lighting,Out_of_agglomeration,Out_of_intersection,Normal,Other_collision,Manual_entry,4.55611,45.63006,True,2016-11-01,5,0,05:00,Morning,False,Autumn,2.0,0.0,55.0,Departmental_road,Bidirectional,Unknown,Flat,Curve_left,Normal,Unknown,On_verge,Unknown,,,,,,,,,,,,,,,,,,,All Saints Day,1
6384,201600004417,2016,4,1,Daylight,Built_up_area,Out_of_intersection,Normal,Frontal_two_vehicles,Manual_entry,4.695,45.753,True,2016-04-01,17,0,17:00,Evening,False,Spring,2.0,0.0,0.0,Departmental_road,Bidirectional,Unknown,Unknown,Straight,Normal,Roundabout,On_road,Unknown,,,,,,,,,,,,,,,,,,,Not a holiday,0
6385,201600004418,2016,3,26,Daylight,Built_up_area,Out_of_intersection,Normal,Frontal_two_vehicles,Manual_entry,,,False,2016-03-26,15,45,15:45,Afternoon,True,Spring,0.0,0.0,0.0,Communal_way,Bidirectional,Unknown,Unknown,Unknown,Normal,Unknown,On_road,Unknown,,,,,,,,,,,,,,,,,,,Not a holiday,0
6386,201600004419,2016,4,10,Daylight,Out_of_agglomeration,Out_of_intersection,Normal,Rear_end_two_vehicles,Manual_entry,4.682,45.739,True,2016-04-10,10,0,10:00,Morning,True,Spring,2.0,30.0,60.0,Departmental_road,Bidirectional,Unknown,Unknown,Straight,Normal,Unknown,On_road,Not_near_school,,,,,,,,,,,,,,,,,,,Not a holiday,0
6387,201600004420,2016,8,17,Daylight,Built_up_area,Out_of_intersection,Cloudy,Side_two_vehicles,Manual_entry,,,False,2016-08-17,20,0,20:00,Evening,False,Summer,0.0,0.0,0.0,Departmental_road,Bidirectional,Unknown,Unknown,Unknown,Unknown,Unknown,Unknown,Not_near_school,,,,,,,,,,,,,,,,,,,Not a holiday,0
6388,201600004421,2016,8,21,Daylight,Out_of_agglomeration,Out_of_intersection,Normal,Side_two_vehicles,Manual_entry,,,False,2016-08-21,19,45,19:45,Evening,True,Summer,2.0,0.0,0.0,Departmental_road,Bidirectional,Unknown,Unknown,Curve_right,Normal,Unknown,On_road,Unknown,,,,,,,,,,,,,,,,,,,Not a holiday,0
6389,201600004422,2016,9,29,Daylight,Built_up_area,Roundabout,Normal,Other_collision,Manual_entry,4.699,45.726,True,2016-09-29,8,0,08:00,Morning,False,Autumn,2.0,57.0,89.0,Departmental_road,Bidirectional,Unknown,Flat,Straight,Normal,Unknown,On_road,Not_near_school,,,,,,,,,,,,,,,,,,,Not a holiday,0
6390,201600004423,2016,10,1,Night_with_public_lighting_on,Built_up_area,Out_of_intersection,Normal,No_collision,Manual_entry,,,False,2016-10-01,19,0,19:00,Evening,True,Autumn,2.0,0.0,60.0,Communal_way,Bidirectional,Unknown,Slope,Curve_right,Normal,Unknown,On_verge,Not_near_school,,,,,,,,,,,,,,,,,,,Not a holiday,0
6391,201600004424,2016,10,1,Daylight,Out_of_agglomeration,Other,Light_rain,Other_collision,Manual_entry,4.647,45.753,True,2016-10-01,12,30,12:30,Afternoon,True,Autumn,2.0,0.0,50.0,Departmental_road,Bidirectional,Unknown,Unknown,S-bend,Wet,Unknown,On_road,Not_near_school,,,,,,,,,,,,,,,,,,,Not a holiday,0
6392,201600004425,2016,10,7,Twilight_or_dawn,Built_up_area,Out_of_intersection,Normal,Multiple_three_plus,Manual_entry,4.69654,45.72258,True,2016-10-07,18,49,18:49,Evening,False,Autumn,2.0,0.0,72.0,Departmental_road,Bidirectional,Unknown,Slope,Straight,Normal,Unknown,On_road,Unknown,,,,,,,,,,,,,,,,,,,Not a holiday,0
6393,201600004426,2016,10,13,Daylight,Out_of_agglomeration,Out_of_intersection,Heavy_rain,Other_collision,Manual_entry,4.67053,45.73435,True,2016-10-13,12,20,12:20,Afternoon,False,Autumn,2.0,0.0,0.0,Departmental_road,Bidirectional,Unknown,Slope,Curve_left,Wet,Unknown,On_road,Unknown,,,,,,,,,,,,,,,,,,,Not a holiday,0
6394,201600004427,2016,10,10,Daylight,Built_up_area,Out_of_intersection,Normal,Rear_end_two_vehicles,Manual_entry,4.69472,45.72268,True,2016-10-10,14,10,14:10,Afternoon,False,Autumn,2.0,0.0,0.0,Departmental_road,Bidirectional,Cycle_bank,Slope,Unknown,Normal,Unknown,On_road,Unknown,,,,,,,,,,,,,,,,,,,Not a holiday,0
6395,201600004428,2016,11,5,Daylight,Out_of_agglomeration,Out_of_intersection,Heavy_rain,Frontal_two_vehicles,Manual_entry,4.69899,45.75606,True,2016-11-05,16,40,16:40,Afternoon,True,Autumn,2.0,0.0,70.0,Departmental_road,Bidirectional,Unknown,Slope,Curve_left,Wet,Unknown,On_road,Unknown,,,,,,,,,,,,,,,,,,,Not a holiday,0
6396,201600004429,2016,12,16,Night_without_public_lighting,Out_of_agglomeration,Out_of_intersection,Other,Frontal_two_vehicles,Manual_entry,4.59941,45.67145,True,2016-12-16,7,5,07:05,Morning,False,Winter,2.0,0.0,68.0,Departmental_road,Bidirectional,Unknown,Slope,S-bend,Wet,Unknown,On_road,Unknown,,,,,,,,,,,,,,,,,,,Not a holiday,0
6397,201600004430,2016,2,18,Night_without_public_lighting,Out_of_agglomeration,Out_of_intersection,Normal,Other_collision,Manual_entry,,,False,2016-02-18,20,15,20:15,Evening,False,Winter,2.0,0.0,70.0,Departmental_road,Bidirectional,Unknown,Slope,Straight,Normal,Unknown,On_road,Unknown,,,,,,,,,,,,,,,,,,,Not a holiday,0
6398,201600004431,2016,3,27,Twilight_or_dawn,Built_up_area,Out_of_intersection,Heavy_rain,Other_collision,Manual_entry,,,False,2016-03-27,7,0,07:00,Morning,True,Spring,3.0,0.0,0.0,Departmental_road,Bidirectional,Unknown,Flat,Straight,Wet,Unknown,On_road,Near_school,,,,,,,,,,,,,,,,,,,Not a holiday,0
6399,201600004432,2016,10,15,Daylight,Out_of_agglomeration,Out_of_intersection,Light_rain,Side_two_vehicles,Manual_entry,4.81277,45.59286,True,2016-10-15,12,20,12:20,Afternoon,True,Autumn,2.0,0.0,70.0,Departmental_road,Bidirectional,Unknown,Slope,Curve_left,Wet,Unknown,On_road,Unknown,,,,,,,,,,,,,,,,,,,Not a holiday,0
6400,201600004433,2016,10,20,Daylight,Out_of_agglomeration,Out_of_intersection,Normal,Rear_end_two_vehicles,Manual_entry,4.84828,45.65266,True,2016-10-20,15,0,15:00,Afternoon,False,Autumn,2.0,60.0,0.0,Communal_way,Bidirectional,Unknown,Flat,Straight,Normal,Unknown,On_road,Unknown,,,,,,,,,,,,,,,,,,,Not a holiday,0
6401,201600004434,2016,11,18,Night_with_public_lighting_on,Built_up_area,Other,Normal,Side_two_vehicles,Manual_entry,4.86453,45.63458,True,2016-11-18,17,30,17:30,Evening,False,Autumn,2.0,7.0,10.0,Departmental_road,Bidirectional,Unknown,Flat,Unknown,Normal,Unknown,Unknown,Unknown,,,,,,,,,,,,,,,,,,,Not a holiday,0
6402,201600004435,2016,2,26,Daylight,Out_of_agglomeration,Out_of_intersection,Normal,No_collision,Manual_entry,,,False,2016-02-26,17,15,17:15,Evening,False,Winter,1.0,0.0,30.0,Communal_way,Bidirectional,Unknown,Unknown,Straight,Normal,Unknown,On_road,Unknown,,,,,,,,,,,,,,,,,,,Not a holiday,0
6403,201600004436,2016,3,15,Daylight,Out_of_agglomeration,Out_of_intersection,Normal,Frontal_two_vehicles,Manual_entry,,,False,2016-03-15,8,30,08:30,Morning,False,Spring,2.0,0.0,63.0,Departmental_road,Bidirectional,Unknown,Slope,Curve_left,Normal,Unknown,On_road,Unknown,,,,,,,,,,,,,,,,,,,Not a holiday,0
6404,201600004437,2016,5,10,Twilight_or_dawn,Out_of_agglomeration,Other,Light_rain,Multiple_three_plus,Manual_entry,4.749,45.649,True,2016-05-10,6,45,06:45,Morning,False,Spring,2.0,0.0,70.0,Departmental_road,Bidirectional,Unknown,Slope,Curve_left,Wet,Unknown,On_road,Not_near_school,,,,,,,,,,,,,,,,,,,Not a holiday,0
6405,201600004438,2016,5,10,Daylight,Out_of_agglomeration,Out_of_intersection,Normal,Rear_end_two_vehicles,Manual_entry,,,False,2016-05-10,13,45,13:45,Afternoon,False,Spring,2.0,80.0,0.0,Departmental_road,Bidirectional,Unknown,Slope,Straight,Normal,Unknown,On_road,Unknown,,,,,,,,,,,,,,,,,,,Not a holiday,0
6406,201600004439,2016,5,22,Daylight,Built_up_area,Out_of_intersection,Normal,No_collision,Manual_entry,,,False,2016-05-22,15,30,15:30,Afternoon,True,Spring,2.0,0.0,50.0,Communal_way,Bidirectional,Unknown,Flat,Straight,Normal,Unknown,On_road,Not_near_school,,,,,,,,,,,,,,,,,,,Not a holiday,0
6407,201600004440,2016,5,24,Daylight,Built_up_area,Out_of_intersection,Normal,Other_collision,Manual_entry,,,False,2016-05-24,11,0,11:00,Morning,False,Spring,0.0,0.0,0.0,other,Unknown,Unknown,Flat,Straight,Normal,Unknown,On_road,Not_near_school,,,,,,,,,,,,,,,,,,,Not a holiday,0
6408,201600004441,2016,6,11,Daylight,Out_of_agglomeration,Out_of_intersection,Normal,Frontal_two_vehicles,Manual_entry,,,False,2016-06-11,16,0,16:00,Afternoon,True,Summer,0.0,0.0,73.0,Departmental_road,Bidirectional,Unknown,Slope,Curve_right,Normal,Unknown,On_road,Not_near_school,,,,,,,,,,,,,,,,,,,Not a holiday,0
6409,201600004442,2016,6,11,Daylight,Out_of_agglomeration,Out_of_intersection,Normal,Side_two_vehicles,Manual_entry,,,False,2016-06-11,17,45,17:45,Evening,True,Summer,2.0,0.0,123.0,Departmental_road,Bidirectional,Unknown,Unknown,Straight,Normal,Roundabout,On_road,Not_near_school,,,,,,,,,,,,,,,,,,,Not a holiday,0
6410,201600004443,2016,6,10,Daylight,Out_of_agglomeration,Out_of_intersection,Dazzling,Frontal_two_vehicles,Manual_entry,,,False,2016-06-10,7,15,07:15,Morning,False,Summer,2.0,20.0,30.0,Departmental_road,Bidirectional,Unknown,Unknown,Straight,Normal,Unknown,On_road,Unknown,,,,,,,,,,,,,,,,,,,Not a holiday,0
6411,201600004444,2016,6,25,Daylight,Out_of_agglomeration,Out_of_intersection,Normal,Side_two_vehicles,Manual_entry,4.659,45.549,True,2016-06-25,14,30,14:30,Afternoon,True,Summer,0.0,0.0,50.0,Departmental_road,Bidirectional,Unknown,Unknown,Straight,Normal,Unknown,On_road,Unknown,,,,,,,,,,,,,,,,,,,Not a holiday,0
6412,201600004445,2016,7,13,Daylight,Built_up_area,Out_of_intersection,Normal,Frontal_two_vehicles,Manual_entry,,,False,2016-07-13,18,15,18:15,Evening,False,Summer,2.0,0.0,0.0,Departmental_road,Bidirectional,Unknown,Hilltop,Straight,Normal,Unknown,On_road,Not_near_school,,,,,,,,,,,,,,,,,,,Not a holiday,0
6413,201600004446,2016,8,8,Daylight,Out_of_agglomeration,Out_of_intersection,Normal,Side_two_vehicles,Manual_entry,,,False,2016-08-08,17,0,17:00,Evening,False,Summer,2.0,0.0,64.0,Departmental_road,Bidirectional,Unknown,Slope,Curve_right,Normal,Unknown,On_road,Not_near_school,,,,,,,,,,,,,,,,,,,Not a holiday,0
6414,201600004447,2016,8,24,Daylight,Out_of_agglomeration,Roundabout,Normal,Frontal_two_vehicles,Manual_entry,,,False,2016-08-24,8,45,08:45,Morning,False,Summer,2.0,0.0,0.0,Departmental_road,One_way,Unknown,Unknown,Curve_left,Normal,Unknown,On_road,Unknown,,,,,,,,,,,,,,,,,,,Not a holiday,0
6415,201600004448,2016,9,19,Twilight_or_dawn,Out_of_agglomeration,Out_of_intersection,Normal,Side_two_vehicles,Manual_entry,,,False,2016-09-19,7,30,07:30,Morning,False,Autumn,2.0,10.0,61.0,Departmental_road,Bidirectional,Cycle_bank,Flat,Straight,Wet,Unknown,On_road,Unknown,,,,,,,,,,,,,,,,,,,Not a holiday,0
6416,201600004449,2016,9,21,Daylight,Out_of_agglomeration,Out_of_intersection,Normal,Other_collision,Manual_entry,,,False,2016-09-21,17,15,17:15,Evening,False,Autumn,2.0,0.0,80.0,Departmental_road,Bidirectional,Unknown,Slope,Straight,Normal,Unknown,On_road,Unknown,,,,,,,,,,,,,,,,,,,Not a holiday,0
6417,201600004450,2016,9,23,Night_without_public_lighting,Out_of_agglomeration,Out_of_intersection,Normal,Frontal_two_vehicles,Manual_entry,4.639,45.566,True,2016-09-23,20,45,20:45,Evening,False,Autumn,0.0,0.0,0.0,Departmental_road,Bidirectional,Unknown,Unknown,Curve_left,Normal,Unknown,On_road,Not_near_school,,,,,,,,,,,,,,,,,,,Not a holiday,0
6418,201600004451,2016,9,23,Night_without_public_lighting,Out_of_agglomeration,Out_of_intersection,Normal,Side_two_vehicles,Manual_entry,4.645,45.571,True,2016-09-23,22,30,22:30,Night,False,Autumn,0.0,0.0,0.0,Departmental_road,Bidirectional,Unknown,Flat,Straight,Normal,Unknown,On_road,Not_near_school,,,,,,,,,,,,,,,,,,,Not a holiday,0
6419,201600004452,2016,9,30,Daylight,Out_of_agglomeration,Out_of_intersection,Normal,Other_collision,Manual_entry,,,False,2016-09-30,10,45,10:45,Morning,False,Autumn,2.0,0.0,59.0,Departmental_road,Bidirectional,Unknown,Unknown,Curve_left,Normal,Unknown,On_verge,Unknown,,,,,,,,,,,,,,,,,,,Not a holiday,0
6420,201600004453,2016,10,5,Twilight_or_dawn,Out_of_agglomeration,Intersection_Y,Normal,Frontal_two_vehicles,Manual_entry,4.76041,45.62683,True,2016-10-05,18,50,18:50,Evening,False,Autumn,3.0,0.0,10.0,Departmental_road,Bidirectional,Unknown,Flat,Unknown,Normal,Unknown,Unknown,Unknown,,,,,,,,,,,,,,,,,,,Not a holiday,0
6421,201600004454,2016,10,28,Daylight,Out_of_agglomeration,Out_of_intersection,Normal,Frontal_two_vehicles,Manual_entry,4.70188,45.62562,True,2016-10-28,11,20,11:20,Morning,False,Autumn,2.0,8.0,10.0,Departmental_road,Bidirectional,Unknown,Flat,Unknown,Normal,Unknown,Unknown,Unknown,,,,,,,,,,,,,,,,,,,Not a holiday,0
6422,201600004455,2016,5,23,Night_without_public_lighting,Built_up_area,Out_of_intersection,Normal,No_collision,Manual_entry,,,False,2016-05-23,20,45,20:45,Evening,False,Spring,2.0,0.0,60.0,Departmental_road,Unknown,Unknown,Flat,Curve_right,Normal,Unknown,On_road,Not_near_school,,,,,,,,,,,,,,,,,,,Not a holiday,0
6423,201600004456,2016,12,1,Daylight,Out_of_agglomeration,Intersection_X,Dazzling,Side_two_vehicles,Manual_entry,4.63403,46.00336,True,2016-12-01,8,50,08:50,Morning,False,Winter,2.0,4.0,10.0,Communal_way,Bidirectional,Unknown,Flat,Unknown,Normal,Unknown,Unknown,Unknown,,,,,,,,,,,,,,,,,,,Not a holiday,0