,accident_id,year,month,day,lighting_label,urban_label,intersection_label,weather_label,collision_label,gps_label,longitude_num,latitude_num,valid_geo,date,hour,minute,time_hhmm,time_of_day,is_weekend,season,num_lanes,pedestrian_crossing_width,road_width,road_category_label,traffic_regime_label,reserved_lane_label,road_profile_label,road_layout_label,surface_condition_label,infrastructure_label,situation_label,school_zone_label,vehicle_id,traffic_direction_label,vehicle_category_label,mobile_obstacle_label,impact_point_label,manoeuvre_label,occupants_group,birth_year,sex_label,user_category_label,injury_severity_label,seat_position_label,journey_purpose_label,pedestrian_location_label,pedestrian_action_label,pedestrian_state_label,safety_equipment_type,safety_equipment_usage,holiday_name,is_holiday
6424,201600004457,2016,2,20,Daylight,Out_of_agglomeration,Out_of_intersection,Cloudy,No_collision,Manual_entry,4.691,45.866,True,2016-02-20,16,30,16:30,Afternoon,True,Winter,0.0,0.0,84.0,Departmental_road,Bidirectional,Unknown,Hilltop,Curve_right,Oil,Unknown,On_road,Unknown,,,,,,,,,,,,,,,,,,,Not a holiday,0
6425,201600004458,2016,3,25,Daylight,Out_of_agglomeration,Out_of_intersection,Light_rain,Other_collision,Manual_entry,4.734,45.917,True,2016-03-25,11,0,11:00,Morning,False,Spring,2.0,0.0,100.0,National_road,Bidirectional,Unknown,Flat,Straight,Wet,Unknown,On_verge,Not_near_school,,,,,,,,,,,,,,,,,,,Not a holiday,0
6426,201600004459,2016,7,26,Daylight,Built_up_area,Intersection_X,Normal,Side_two_vehicles,Manual_entry,4.702,45.902,True,2016-07-26,17,15,17:15,Evening,False,Summer,2.0,0.0,68.0,Departmental_road,Bidirectional,Unknown,Flat,Straight,Normal,Unknown,On_road,Not_near_school,,,,,,,,,,,,,,,,,,,Not a holiday,0
6427,201600004460,2016,8,12,Daylight,Built_up_area,Out_of_intersection,Normal,Side_two_vehicles,Manual_entry,,,False,2016-08-12,12,15,12:15,Afternoon,False,Summer,2.0,0.0,50.0,Departmental_road,Bidirectional,Unknown,Flat,Straight,Normal,Unknown,On_road,Unknown,,,,,,,,,,,,,,,,,,,Not a holiday,0
6428,201600004461,2016,9,2,Daylight,Out_of_agglomeration,Intersection_X,Normal,Side_two_vehicles,Manual_entry,,,False,2016-09-02,10,45,10:45,Morning,False,Autumn,2.0,0.0,55.0,Departmental_road,Bidirectional,Unknown,Unknown,Unknown,Normal,Unknown,Unknown,Unknown,,,,,,,,,,,,,,,,,,,Not a holiday,0
6429,201600004462,2016,9,30,Night_with_public_lighting_on,Out_of_agglomeration,Out_of_intersection,Normal,Other_collision,Manual_entry,4.682,45.862,True,2016-09-30,21,15,21:15,Night,False,Autumn,2.0,0.0,63.0,Departmental_road,Bidirectional,Bike_path,Flat,Straight,Normal,Pedestrian_area,On_verge,Unknown,,,,,,,,,,,,,,,,,,,Not a holiday,0
6430,201600004463,2016,9,15,Daylight,Built_up_area,Roundabout,Normal,Side_two_vehicles,Manual_entry,,,False,2016-09-15,15,0,15:00,Afternoon,False,Autumn,2.0,0.0,50.0,Communal_way,Bidirectional,Unknown,Flat,Straight,Normal,Unknown,On_road,Unknown,,,,,,,,,,,,,,,,,,,Not a holiday,0
6431,201600004464,2016,10,18,Daylight,Built_up_area,Out_of_intersection,Normal,Other_collision,Manual_entry,4.72216,45.9316,True,2016-10-18,12,30,12:30,Afternoon,False,Autumn,2.0,0.0,10.0,Communal_way,Bidirectional,Unknown,Flat,Unknown,Normal,Unknown,Unknown,Unknown,,,,,,,,,,,,,,,,,,,Not a holiday,0
6432,201600004465,2016,12,23,Night_without_public_lighting,Built_up_area,Out_of_intersection,Light_rain,Multiple_three_plus,Manual_entry,4.68911,45.85573,True,2016-12-23,18,5,18:05,Evening,False,Winter,2.0,0.0,80.0,Departmental_road,Bidirectional,Unknown,Flat,Straight,Wet,Unknown,On_road,Unknown,,,,,,,,,,,,,,,,,,,Not a holiday,0
6433,201600004466,2016,9,24,Daylight,Out_of_agglomeration,Out_of_intersection,Normal,No_collision,Manual_entry,4.647,46.101,True,2016-09-24,16,0,16:00,Afternoon,True,Autumn,2.0,0.0,0.0,Departmental_road,Bidirectional,Unknown,Slope,Curve_left,Normal,Unknown,Unknown,Unknown,,,,,,,,,,,,,,,,,,,Not a holiday,0
6434,201600004467,2016,1,8,Twilight_or_dawn,Out_of_agglomeration,Out_of_intersection,Light_rain,Other_collision,Manual_entry,,,False,2016-01-08,8,30,08:30,Morning,False,Winter,0.0,32.0,0.0,Departmental_road,Bidirectional,Reserved_channel,Flat,Straight,Wet,Unknown,On_verge,Unknown,,,,,,,,,,,,,,,,,,,Not a holiday,0
6435,201600004468,2016,11,14,Daylight,Built_up_area,Out_of_intersection,Normal,Other_collision,Manual_entry,4.73769,46.10513,True,2016-11-14,8,30,08:30,Morning,False,Autumn,2.0,0.0,0.0,Communal_way,Bidirectional,Unknown,Slope,Unknown,Normal,Unknown,On_road,Unknown,,,,,,,,,,,,,,,,,,,Not a holiday,0
6436,201600004469,2016,3,18,Night_with_public_lighting_on,Built_up_area,Out_of_intersection,Normal,Rear_end_two_vehicles,Manual_entry,,,False,2016-03-18,19,30,19:30,Evening,False,Spring,2.0,0.0,58.0,Communal_way,Bidirectional,Unknown,Flat,Straight,Normal,Unknown,On_road,Not_near_school,,,,,,,,,,,,,,,,,,,Not a holiday,0
6437,201600004470,2016,6,3,Daylight,Built_up_area,Out_of_intersection,Cloudy,Side_two_vehicles,Manual_entry,4.733,46.112,True,2016-06-03,18,45,18:45,Evening,False,Summer,0.0,0.0,0.0,Communal_way,Unknown,Unknown,Flat,Straight,Normal,Unknown,On_road,Near_school,,,,,,,,,,,,,,,,,,,Not a holiday,0
6438,201600004471,2016,8,17,Daylight,Out_of_agglomeration,Out_of_intersection,Dazzling,Frontal_two_vehicles,Manual_entry,4.662,46.057,True,2016-08-17,9,15,09:15,Morning,False,Summer,1.0,25.0,96.0,Departmental_road,Separated_carriageways,Unknown,Slope,Straight,Normal,Unknown,On_road,Not_near_school,,,,,,,,,,,,,,,,,,,Not a holiday,0
6439,201600004472,2016,9,14,Night_without_public_lighting,Out_of_agglomeration,Out_of_intersection,Normal,Side_two_vehicles,Manual_entry,,,False,2016-09-14,21,15,21:15,Night,False,Autumn,2.0,0.0,0.0,Departmental_road,Bidirectional,Unknown,Unknown,Straight,Normal,Unknown,On_road,Unknown,,,,,,,,,,,,,,,,,,,Not a holiday,0
6440,201600004473,2016,9,26,Daylight,Out_of_agglomeration,Intersection_X,Normal,Side_two_vehicles,Manual_entry,,,False,2016-09-26,18,45,18:45,Evening,False,Autumn,0.0,65.0,0.0,Departmental_road,Bidirectional,Unknown,Flat,Straight,Normal,Roundabout,On_road,Not_near_school,,,,,,,,,,,,,,,,,,,Not a holiday,0
6441,201600004474,2016,9,28,Daylight,Out_of_agglomeration,Out_of_intersection,Normal,Rear_end_two_vehicles,Manual_entry,,,False,2016-09-28,16,45,16:45,Afternoon,False,Autumn,2.0,0.0,0.0,Communal_way,Bidirectional,Unknown,Unknown,Curve_right,Normal,Unknown,On_road,Near_school,,,,,,,,,,,,,,,,,,,Not a holiday,0
6442,201600004475,2016,10,6,Daylight,Out_of_agglomeration,Out_of_intersection,Normal,Side_two_vehicles,Manual_entry,4.71609,46.06201,True,2016-10-06,17,30,17:30,Evening,False,Autumn,2.0,0.0,35.0,Departmental_road,Bidirectional,Unknown,Flat,Straight,Normal,Unknown,On_road,Unknown,,,,,,,,,,,,,,,,,,,Not a holiday,0
6443,201600004476,2016,10,13,Daylight,Out_of_agglomeration,Intersection_X,Light_rain,Side_two_vehicles,Manual_entry,4.68953,46.08417,True,2016-10-13,12,15,12:15,Afternoon,False,Autumn,2.0,0.0,0.0,Departmental_road,Bidirectional,Unknown,Flat,Unknown,Wet,Unknown,On_road,Unknown,,,,,,,,,,,,,,,,,,,Not a holiday,0
6444,201600004477,2016,11,18,Night_with_public_lighting_on,Built_up_area,Out_of_intersection,Light_rain,Side_two_vehicles,Manual_entry,4.72121,46.11424,True,2016-11-18,19,15,19:15,Evening,False,Autumn,2.0,0.0,20.0,Departmental_road,Bidirectional,Unknown,Slope,Unknown,Normal,Unknown,Unknown,Unknown,,,,,,,,,,,,,,,,,,,Not a holiday,0
6445,201600004478,2016,11,25,Daylight,Built_up_area,Intersection_T,Normal,Other_collision,Manual_entry,4.74863,46.10616,True,2016-11-25,10,29,10:29,Morning,False,Autumn,2.0,6.0,510.0,Communal_way,Bidirectional,Unknown,Flat,Unknown,Normal,Unknown,Unknown,Unknown,,,,,,,,,,,,,,,,,,,Not a holiday,0
6446,201600004479,2016,11,25,Daylight,Built_up_area,Out_of_intersection,Normal,Frontal_two_vehicles,Manual_entry,4.74423,46.10985,True,2016-11-25,15,55,15:55,Afternoon,False,Autumn,2.0,0.0,70.0,Communal_way,Bidirectional,Unknown,Flat,Straight,Normal,Unknown,On_road,Unknown,,,,,,,,,,,,,,,,,,,Not a holiday,0
6447,201600004480,2016,12,12,Night_without_public_lighting,Out_of_agglomeration,Other,Fog_or_smoke,Side_two_vehicles,Manual_entry,4.7246,46.11762,True,2016-12-12,6,50,06:50,Morning,False,Winter,2.0,0.0,20.0,Departmental_road,Bidirectional,Unknown,Flat,Unknown,Normal,Unknown,Unknown,Unknown,,,,,,,,,,,,,,,,,,,Not a holiday,0
6448,201600004481,2016,12,14,Daylight,Out_of_agglomeration,Out_of_intersection,Fog_or_smoke,Frontal_two_vehicles,Manual_entry,4.65781,46.05348,True,2016-12-14,11,40,11:40,Morning,False,Winter,2.0,0.0,60.0,Departmental_road,Bidirectional,Unknown,Flat,Straight,Wet,Unknown,On_road,Unknown,,,,,,,,,,,,,,,,,,,Not a holiday,0
6449,201600004482,2016,12,16,Twilight_or_dawn,Out_of_agglomeration,Out_of_intersection,Normal,Multiple_three_plus,Manual_entry,4.73086,46.10209,True,2016-12-16,7,50,07:50,Morning,False,Winter,3.0,0.0,0.0,National_road,Bidirectional,Unknown,Flat,Straight,Normal,Unknown,On_road,Unknown,,,,,,,,,,,,,,,,,,,Not a holiday,0
6450,201600004483,2016,12,21,Daylight,Out_of_agglomeration,Out_of_intersection,Cloudy,Side_two_vehicles,Manual_entry,4.65765,46.06604,True,2016-12-21,8,30,08:30,Morning,False,Winter,2.0,6.0,420.0,Departmental_road,Bidirectional,Unknown,Flat,Unknown,Normal,Unknown,Unknown,Unknown,,,,,,,,,,,,,,,,,,,Not a holiday,0
6451,201600004484,2016,1,25,Daylight,Out_of_agglomeration,Intersection_X,Normal,Frontal_two_vehicles,Manual_entry,,,False,2016-01-25,13,0,13:00,Afternoon,False,Winter,2.0,0.0,0.0,Communal_way,Bidirectional,Unknown,Slope,Straight,Normal,Unknown,On_road,Unknown,,,,,,,,,,,,,,,,,,,Not a holiday,0
6452,201600004485,2016,2,7,Daylight,Out_of_agglomeration,Out_of_intersection,Cloudy,Side_two_vehicles,Manual_entry,,,False,2016-02-07,17,45,17:45,Evening,True,Winter,0.0,0.0,70.0,Departmental_road,Bidirectional,Unknown,Flat,Curve_left,Wet,Unknown,On_road,Not_near_school,,,,,,,,,,,,,,,,,,,Not a holiday,0
6453,201600004486,2016,5,28,Daylight,Out_of_agglomeration,Out_of_intersection,Light_rain,Other_collision,Manual_entry,4.481,45.926,True,2016-05-28,19,45,19:45,Evening,True,Spring,2.0,0.0,60.0,Departmental_road,Bidirectional,Unknown,Flat,Curve_left,Wet,Unknown,On_road,Not_near_school,,,,,,,,,,,,,,,,,,,Not a holiday,0
6454,201600004487,2016,5,31,Daylight,Out_of_agglomeration,Intersection_X,Light_rain,Side_two_vehicles,Manual_entry,,,False,2016-05-31,13,45,13:45,Afternoon,False,Spring,2.0,0.0,0.0,Departmental_road,Bidirectional,Unknown,Flat,Curve_left,Wet,Unknown,On_road,Unknown,,,,,,,,,,,,,,,,,,,Not a holiday,0
6455,201600004488,2016,8,21,Daylight,Out_of_agglomeration,Out_of_intersection,Normal,Rear_end_two_vehicles,Manual_entry,,,False,2016-08-21,15,30,15:30,Afternoon,True,Summer,2.0,70.0,0.0,Departmental_road,Bidirectional,Unknown,Flat,Straight,Normal,Unknown,On_road,Unknown,,,,,,,,,,,,,,,,,,,Not a holiday,0
6456,201600004489,2016,8,26,Daylight,Built_up_area,Out_of_intersection,Normal,Other_collision,Manual_entry,4.589,45.899,True,2016-08-26,16,45,16:45,Afternoon,False,Summer,2.0,0.0,50.0,Communal_way,Bidirectional,Unknown,Slope,Curve_right,Normal,Unknown,On_verge,Unknown,,,,,,,,,,,,,,,,,,,Not a holiday,0
6457,201600004490,2016,11,11,Daylight,Out_of_agglomeration,Out_of_intersection,Normal,Side_two_vehicles,Manual_entry,4.64416,45.87603,True,2016-11-11,12,10,12:10,Afternoon,False,Autumn,3.0,12.0,20.0,Departmental_road,Bidirectional,Unknown,Flat,Unknown,Normal,Unknown,Unknown,Unknown,,,,,,,,,,,,,,,,,,,Armistice Day,1
6458,201600004491,2016,2,26,Daylight,Out_of_agglomeration,Out_of_intersection,Normal,Other_collision,Manual_entry,4.422,45.96,True,2016-02-26,17,15,17:15,Evening,False,Winter,2.0,0.0,0.0,Departmental_road,Bidirectional,Unknown,Flat,Curve_left,Normal,Unknown,On_road,Unknown,,,,,,,,,,,,,,,,,,,Not a holiday,0
6459,201600004492,2016,3,22,Daylight,Built_up_area,Out_of_intersection,Normal,No_collision,Manual_entry,,,False,2016-03-22,9,30,09:30,Morning,False,Spring,0.0,0.0,64.0,National_road,One_way,Unknown,Flat,Straight,Normal,Unknown,On_road,Unknown,,,,,,,,,,,,,,,,,,,Not a holiday,0
6460,201600004493,2016,3,27,Daylight,Built_up_area,Intersection_T,Normal,Side_two_vehicles,Manual_entry,,,False,2016-03-27,19,0,19:00,Evening,True,Spring,2.0,0.0,55.0,Departmental_road,Bidirectional,Unknown,Flat,Straight,Normal,Unknown,On_road,Unknown,,,,,,,,,,,,,,,,,,,Not a holiday,0
6461,201600004494,2016,5,10,Daylight,Built_up_area,Out_of_intersection,Normal,Frontal_two_vehicles,Manual_entry,,,False,2016-05-10,18,0,18:00,Evening,False,Spring,2.0,0.0,60.0,Departmental_road,Bidirectional,Unknown,Flat,Straight,Normal,Unknown,On_road,Unknown,,,,,,,,,,,,,,,,,,,Not a holiday,0
6462,201600004495,2016,7,14,Daylight,Out_of_agglomeration,Out_of_intersection,Normal,Frontal_two_vehicles,Manual_entry,,,False,2016-07-14,19,30,19:30,Evening,False,Summer,2.0,0.0,80.0,National_road,Bidirectional,Reserved_channel,Flat,Straight,Normal,Roundabout,On_road,Unknown,,,,,,,,,,,,,,,,,,,Bastille Day,1
6463,201600004496,2016,10,6,Daylight,Built_up_area,Out_of_intersection,Normal,Other_collision,Manual_entry,4.44257,45.8915,True,2016-10-06,10,10,10:10,Morning,False,Autumn,2.0,0.0,0.0,National_road,Bidirectional,Unknown,Flat,Unknown,Normal,Unknown,On_road,Unknown,,,,,,,,,,,,,,,,,,,Not a holiday,0
6464,201600004497,2016,11,1,Night_without_public_lighting,Out_of_agglomeration,Other,Normal,No_collision,Manual_entry,4.4266,45.92803,True,2016-11-01,18,35,18:35,Evening,False,Autumn,2.0,0.0,60.0,Departmental_road,Bidirectional,Unknown,Flat,Unknown,Unknown,Unknown,Unknown,Unknown,,,,,,,,,,,,,,,,,,,All Saints Day,1
6465,201600004498,2016,12,29,Daylight,Built_up_area,Out_of_intersection,Fog_or_smoke,Frontal_two_vehicles,Manual_entry,4.49368,45.87988,True,2016-12-29,11,55,11:55,Morning,False,Winter,2.0,0.0,0.0,Communal_way,Bidirectional,Unknown,Hilltop,Curve_right,Normal,Unknown,On_road,Unknown,,,,,,,,,,,,,,,,,,,Not a holiday,0
6466,201600004499,2016,3,5,Daylight,Out_of_agglomeration,Out_of_intersection,Light_rain,Other_collision,Manual_entry,4.486,46.048,True,2016-03-05,12,30,12:30,Afternoon,True,Spring,2.0,0.0,0.0,Departmental_road,Bidirectional,Unknown,Slope,S-bend,Wet,Unknown,On_verge,Not_near_school,,,,,,,,,,,,,,,,,,,Not a holiday,0
6467,201600004500,2016,5,15,Daylight,Built_up_area,Out_of_intersection,Normal,Other_collision,Manual_entry,4.489,46.174,True,2016-05-15,17,30,17:30,Evening,True,Spring,0.0,0.0,75.0,Departmental_road,Bidirectional,Unknown,Flat,Straight,Normal,Unknown,On_verge,Not_near_school,,,,,,,,,,,,,,,,,,,Not a holiday,0
6468,201600004501,2016,9,13,Daylight,Out_of_agglomeration,Out_of_intersection,Normal,No_collision,Manual_entry,,,False,2016-09-13,15,0,15:00,Afternoon,False,Autumn,2.0,0.0,0.0,Communal_way,Bidirectional,Unknown,Slope,Curve_right,Normal,Unknown,On_road,Unknown,,,,,,,,,,,,,,,,,,,Not a holiday,0
6469,201600004502,2016,9,26,Twilight_or_dawn,Out_of_agglomeration,Intersection_T,Cloudy,Side_two_vehicles,Manual_entry,,,False,2016-09-26,6,30,06:30,Morning,False,Autumn,2.0,0.0,35.0,Departmental_road,Bidirectional,Bike_path,Flat,Straight,Normal,Unknown,On_road,Unknown,,,,,,,,,,,,,,,,,,,Not a holiday,0
6470,201600004503,2016,10,23,Daylight,Out_of_agglomeration,Out_of_intersection,Normal,Frontal_two_vehicles,Manual_entry,4.50375,46.17135,True,2016-10-23,11,15,11:15,Morning,True,Autumn,2.0,0.0,0.0,Departmental_road,Bidirectional,Unknown,Flat,S-bend,Normal,Unknown,On_road,Unknown,,,,,,,,,,,,,,,,,,,Not a holiday,0
6471,201600004504,2016,3,30,Night_without_public_lighting,Out_of_agglomeration,Out_of_intersection,Normal,Frontal_two_vehicles,Manual_entry,,,False,2016-03-30,14,15,14:15,Afternoon,False,Spring,1.0,0.0,0.0,Departmental_road,Bidirectional,Unknown,Flat,Curve_left,Normal,Unknown,On_road,Unknown,,,,,,,,,,,,,,,,,,,Not a holiday,0
6472,201600004505,2016,5,30,Daylight,Built_up_area,Out_of_intersection,Normal,Frontal_two_vehicles,Manual_entry,,,False,2016-05-30,15,15,15:15,Afternoon,False,Spring,0.0,0.0,0.0,Communal_way,Unknown,Unknown,Slope,Unknown,Normal,Unknown,On_road,Not_near_school,,,,,,,,,,,,,,,,,,,Not a holiday,0
6473,201600004506,2016,5,26,Daylight,Out_of_agglomeration,Intersection_T,Normal,Side_two_vehicles,Manual_entry,,,False,2016-05-26,10,45,10:45,Morning,False,Spring,2.0,0.0,0.0,Departmental_road,Bidirectional,Cycle_bank,Flat,Straight,Normal,Unknown,On_road,Unknown,,,,,,,,,,,,,,,,,,,Not a holiday,0
6474,201600004507,2016,6,11,Daylight,Built_up_area,Out_of_intersection,Light_rain,Frontal_two_vehicles,Manual_entry,4.318,46.102,True,2016-06-11,8,30,08:30,Morning,True,Summer,2.0,0.0,75.0,Departmental_road,Bidirectional,Unknown,Slope,Curve_right,Wet,Unknown,On_road,Unknown,,,,,,,,,,,,,,,,,,,Not a holiday,0
6475,201600004508,2016,1,30,Daylight,Out_of_agglomeration,Out_of_intersection,Light_rain,Other_collision,Manual_entry,5.15234,46.17415,True,2016-01-30,17,30,17:30,Evening,True,Winter,2.0,0.0,0.0,Departmental_road,Bidirectional,Unknown,Flat,Straight,Wet,Unknown,On_verge,Unknown,,,,,,,,,,,,,,,,,,,Not a holiday,0
6476,201600004509,2016,2,19,Night_without_public_lighting,Out_of_agglomeration,Out_of_intersection,Normal,Other_collision,Manual_entry,,,False,2016-02-19,0,15,00:15,Night,False,Winter,2.0,0.0,60.0,Departmental_road,Bidirectional,Unknown,Flat,Curve_right,Normal,Unknown,On_road,Unknown,,,,,,,,,,,,,,,,,,,Not a holiday,0
6477,201600004510,2016,5,21,Daylight,Out_of_agglomeration,Out_of_intersection,Normal,Frontal_two_vehicles,Manual_entry,5.17774,46.14953,True,2016-05-21,16,15,16:15,Afternoon,True,Spring,0.0,0.0,91.0,Departmental_road,Bidirectional,Unknown,Flat,Straight,Normal,Unknown,On_road,Unknown,,,,,,,,,,,,,,,,,,,Not a holiday,0
6478,201600004511,2016,5,26,Daylight,Out_of_agglomeration,Out_of_intersection,Normal,Frontal_two_vehicles,Manual_entry,,,False,2016-05-26,7,45,07:45,Morning,False,Spring,2.0,0.0,0.0,Departmental_road,Bidirectional,Unknown,Flat,Straight,Normal,Unknown,On_road,Not_near_school,,,,,,,,,,,,,,,,,,,Not a holiday,0
6479,201600004512,2016,7,15,Daylight,Out_of_agglomeration,Out_of_intersection,Normal,No_collision,Manual_entry,,,False,2016-07-15,13,45,13:45,Afternoon,False,Summer,0.0,0.0,0.0,Departmental_road,Bidirectional,Unknown,Flat,Straight,Normal,Unknown,On_road,Unknown,,,,,,,,,,,,,,,,,,,Not a holiday,0
6480,201600004513,2016,8,2,Daylight,Out_of_agglomeration,Out_of_intersection,Normal,Multiple_three_plus,Manual_entry,5.18369,46.15734,True,2016-08-02,18,45,18:45,Evening,False,Summer,2.0,0.0,0.0,Departmental_road,Bidirectional,Unknown,Unknown,Curve_right,Normal,Unknown,On_road,Unknown,,,,,,,,,,,,,,,,,,,Not a holiday,0
6481,201600004514,2016,8,10,Daylight,Out_of_agglomeration,Out_of_intersection,Normal,Multiple_three_plus,Manual_entry,,,False,2016-08-10,12,45,12:45,Afternoon,False,Summer,2.0,0.0,60.0,Departmental_road,Bidirectional,Unknown,Flat,Straight,Normal,Unknown,On_road,Unknown,,,,,,,,,,,,,,,,,,,Not a holiday,0
6482,201600004515,2016,8,13,Daylight,Out_of_agglomeration,Out_of_intersection,Normal,Side_two_vehicles,Manual_entry,5.15471,46.18059,True,2016-08-13,18,30,18:30,Evening,True,Summer,2.0,0.0,0.0,Departmental_road,Bidirectional,Unknown,Flat,Straight,Normal,Unknown,On_road,Unknown,,,,,,,,,,,,,,,,,,,Not a holiday,0
6483,201600004516,2016,9,18,Night_without_public_lighting,Out_of_agglomeration,Out_of_intersection,Heavy_rain,Multiple_three_plus,Manual_entry,5.14866,46.11317,True,2016-09-18,21,45,21:45,Night,True,Autumn,2.0,0.0,70.0,Departmental_road,Bidirectional,Unknown,Flat,Curve_right,Wet,Unknown,On_road,Unknown,,,,,,,,,,,,,,,,,,,Not a holiday,0
6484,201600004517,2016,9,20,Daylight,Out_of_agglomeration,Out_of_intersection,Normal,Frontal_two_vehicles,Manual_entry,,,False,2016-09-20,18,30,18:30,Evening,False,Autumn,2.0,0.0,0.0,Communal_way,Bidirectional,Unknown,Unknown,Straight,Normal,Bridge,On_road,Not_near_school,,,,,,,,,,,,,,,,,,,Not a holiday,0
6485,201600004518,2016,10,22,Daylight,Out_of_agglomeration,Out_of_intersection,Normal,Other_collision,Manual_entry,5.11213,46.25074,True,2016-10-22,15,30,15:30,Afternoon,True,Autumn,0.0,0.0,0.0,Departmental_road,Bidirectional,Unknown,Flat,Straight,Normal,Unknown,On_road,Unknown,,,,,,,,,,,,,,,,,,,Not a holiday,0
6486,201600004519,2016,10,27,Twilight_or_dawn,Out_of_agglomeration,Out_of_intersection,Normal,Frontal_two_vehicles,Manual_entry,5.15472,46.119,True,2016-10-27,17,45,17:45,Evening,False,Autumn,2.0,0.0,121.0,Departmental_road,Bidirectional,Unknown,Flat,Straight,Normal,Unknown,On_road,Unknown,,,,,,,,,,,,,,,,,,,Not a holiday,0
6487,201600004520,2016,11,17,Night_without_public_lighting,Out_of_agglomeration,Out_of_intersection,Normal,No_collision,Manual_entry,,,False,2016-11-17,20,0,20:00,Evening,False,Autumn,2.0,60.0,0.0,Departmental_road,Bidirectional,Bike_path,Flat,Straight,Normal,Unknown,On_road,Unknown,,,,,,,,,,,,,,,,,,,Not a holiday,0
6488,201600004521,2016,3,13,Daylight,Out_of_agglomeration,Out_of_intersection,Normal,No_collision,Manual_entry,,,False,2016-03-13,15,45,15:45,Afternoon,True,Spring,2.0,0.0,56.0,Departmental_road,Bidirectional,Unknown,Unknown,Curve_right,Normal,Unknown,On_verge,Not_near_school,,,,,,,,,,,,,,,,,,,Not a holiday,0
6489,201600004522,2016,6,12,Night_without_public_lighting,Out_of_agglomeration,Out_of_intersection,Light_rain,Side_two_vehicles,Manual_entry,,,False,2016-06-12,23,0,23:00,Night,True,Summer,2.0,0.0,60.0,Departmental_road,Bidirectional,Unknown,Unknown,Curve_right,Wet,Unknown,On_road,Not_near_school,,,,,,,,,,,,,,,,,,,Not a holiday,0
6490,201600004523,2016,6,19,Twilight_or_dawn,Out_of_agglomeration,Out_of_intersection,Normal,Other_collision,Manual_entry,,,False,2016-06-19,6,0,06:00,Morning,True,Summer,0.0,0.0,60.0,Departmental_road,Unknown,Unknown,Unknown,Straight,Normal,Unknown,On_verge,Not_near_school,,,,,,,,,,,,,,,,,,,Not a holiday,0
6491,201600004524,2016,7,3,Daylight,Out_of_agglomeration,Out_of_intersection,Normal,Frontal_two_vehicles,Manual_entry,5.36,46.27,True,2016-07-03,18,30,18:30,Evening,True,Summer,2.0,0.0,80.0,Departmental_road,Bidirectional,Unknown,Flat,Straight,Normal,Unknown,On_road,Unknown,,,,,,,,,,,,,,,,,,,Not a holiday,0
6492,201600004525,2016,8,1,Daylight,Out_of_agglomeration,Other,Normal,Side_two_vehicles,Manual_entry,5.44418,46.15255,True,2016-08-01,15,30,15:30,Afternoon,False,Summer,0.0,0.0,0.0,Departmental_road,Bidirectional,Unknown,Flat,Straight,Normal,Unknown,On_road,Not_near_school,,,,,,,,,,,,,,,,,,,Not a holiday,0
6493,201600004526,2016,8,8,Daylight,Out_of_agglomeration,Out_of_intersection,Normal,Side_two_vehicles,Manual_entry,5.29978,46.29517,True,2016-08-08,15,45,15:45,Afternoon,False,Summer,2.0,0.0,0.0,Departmental_road,Bidirectional,Unknown,Flat,Curve_left,Normal,Unknown,On_road,Not_near_school,,,,,,,,,,,,,,,,,,,Not a holiday,0
6494,201600004527,2016,2,14,Night_without_public_lighting,Out_of_agglomeration,Out_of_intersection,Light_rain,Other_collision,Manual_entry,5.144,46.553,True,2016-02-14,4,15,04:15,Night,True,Winter,2.0,0.0,61.0,Departmental_road,Separated_carriageways,Unknown,Flat,Straight,Wet,Unknown,On_verge,Unknown,,,,,,,,,,,,,,,,,,,Not a holiday,0
6495,201600004528,2016,3,30,Daylight,Out_of_agglomeration,Out_of_intersection,Normal,Rear_end_two_vehicles,Manual_entry,,,False,2016-03-30,17,45,17:45,Evening,False,Spring,2.0,0.0,70.0,Departmental_road,Bidirectional,Unknown,Slope,Straight,Normal,Unknown,On_road,Not_near_school,,,,,,,,,,,,,,,,,,,Not a holiday,0
6496,201600004529,2016,5,14,Night_without_public_lighting,Out_of_agglomeration,Out_of_intersection,Normal,Rear_end_two_vehicles,Manual_entry,,,False,2016-05-14,3,0,03:00,Night,True,Spring,2.0,0.0,60.0,Departmental_road,Bidirectional,Unknown,Flat,Straight,Wet,Unknown,On_road,Not_near_school,,,,,,,,,,,,,,,,,,,Not a holiday,0
6497,201600004530,2016,6,22,Daylight,Out_of_agglomeration,Out_of_intersection,Normal,Frontal_two_vehicles,Manual_entry,5.19473,46.31925,True,2016-06-22,8,10,08:10,Morning,False,Summer,2.0,0.0,50.0,Communal_way,Bidirectional,Unknown,Flat,Curve_right,Normal,Unknown,On_road,Unknown,,,,,,,,,,,,,,,,,,,Not a holiday,0
6498,201600004531,2016,7,17,Night_with_public_lighting_on,Out_of_agglomeration,Out_of_intersection,Normal,Other_collision,Manual_entry,,,False,2016-07-17,0,1,00:01,Night,True,Summer,2.0,0.0,60.0,Departmental_road,Bidirectional,Unknown,Flat,S-bend,Normal,Unknown,On_verge,Unknown,,,,,,,,,,,,,,,,,,,Not a holiday,0
6499,201600004532,2016,7,17,Twilight_or_dawn,Out_of_agglomeration,Out_of_intersection,Normal,Other_collision,Manual_entry,5.06837,46.32936,True,2016-07-17,5,45,05:45,Morning,True,Summer,0.0,0.0,62.0,Departmental_road,Bidirectional,Unknown,Flat,Straight,Normal,Unknown,On_verge,Unknown,,,,,,,,,,,,,,,,,,,Not a holiday,0
6500,201600004533,2016,8,12,Daylight,Out_of_agglomeration,Intersection_X,Normal,Side_two_vehicles,Manual_entry,,,False,2016-08-12,18,45,18:45,Evening,False,Summer,2.0,0.0,57.0,Departmental_road,Bidirectional,Unknown,Flat,Straight,Normal,Unknown,Unknown,Unknown,,,,,,,,,,,,,,,,,,,Not a holiday,0
6501,201600004534,2016,8,29,Daylight,Built_up_area,Out_of_intersection,Normal,Frontal_two_vehicles,Manual_entry,,,False,2016-08-29,18,0,18:00,Evening,False,Summer,2.0,0.0,70.0,Communal_way,Bidirectional,Unknown,Flat,Curve_right,Normal,Unknown,On_road,Not_near_school,,,,,,,,,,,,,,,,,,,Not a holiday,0