,accident_id,year,month,day,lighting_label,urban_label,intersection_label,weather_label,collision_label,gps_label,longitude_num,latitude_num,valid_geo,date,hour,minute,time_hhmm,time_of_day,is_weekend,season,num_lanes,pedestrian_crossing_width,road_width,road_category_label,traffic_regime_label,reserved_lane_label,road_profile_label,road_layout_label,surface_condition_label,infrastructure_label,situation_label,school_zone_label,vehicle_id,traffic_direction_label,vehicle_category_label,mobile_obstacle_label,impact_point_label,manoeuvre_label,occupants_group,birth_year,sex_label,user_category_label,injury_severity_label,seat_position_label,journey_purpose_label,pedestrian_location_label,pedestrian_action_label,pedestrian_state_label,safety_equipment_type,safety_equipment_usage,holiday_name,is_holiday
6502,201600004535,2016,10,29,Daylight,Out_of_agglomeration,Out_of_intersection,Normal,Other_collision,Manual_entry,,,False,2016-10-29,15,45,15:45,Afternoon,True,Autumn,0.0,0.0,58.0,Departmental_road,Bidirectional,Unknown,Flat,Straight,Normal,Unknown,On_verge,Not_near_school,,,,,,,,,,,,,,,,,,,Not a holiday,0
6503,201600004536,2016,11,26,Daylight,Out_of_agglomeration,Out_of_intersection,Normal,Other_collision,Manual_entry,5.15306,46.367,True,2016-11-26,16,15,16:15,Afternoon,True,Autumn,2.0,0.0,75.0,Communal_way,Bidirectional,Unknown,Hilltop,Straight,Normal,Unknown,On_road,Unknown,,,,,,,,,,,,,,,,,,,Not a holiday,0
6504,201600004537,2016,1,26,Night_without_public_lighting,Out_of_agglomeration,Out_of_intersection,Other,Frontal_two_vehicles,Manual_entry,,,False,2016-01-26,7,0,07:00,Morning,False,Winter,2.0,0.0,70.0,Departmental_road,Bidirectional,Unknown,Slope,Curve_left,Normal,Unknown,On_road,Unknown,,,,,,,,,,,,,,,,,,,Not a holiday,0
6505,201600004538,2016,2,26,Night_without_public_lighting,Out_of_agglomeration,Out_of_intersection,Light_rain,No_collision,Manual_entry,,,False,2016-02-26,3,0,03:00,Night,False,Winter,0.0,0.0,0.0,Departmental_road,Bidirectional,Unknown,Flat,Curve_right,Wet,Unknown,On_road,Unknown,,,,,,,,,,,,,,,,,,,Not a holiday,0
6506,201600004539,2016,2,27,Daylight,Out_of_agglomeration,Out_of_intersection,Normal,Other_collision,Manual_entry,,,False,2016-02-27,11,45,11:45,Morning,True,Winter,2.0,0.0,50.0,Departmental_road,Bidirectional,Unknown,Slope,Straight,Normal,Unknown,On_verge,Unknown,,,,,,,,,,,,,,,,,,,Not a holiday,0
6507,201600004540,2016,4,3,Daylight,Out_of_agglomeration,Out_of_intersection,Light_rain,Frontal_two_vehicles,Manual_entry,,,False,2016-04-03,15,30,15:30,Afternoon,True,Spring,0.0,0.0,0.0,Departmental_road,Bidirectional,Unknown,Flat,Unknown,Unknown,Unknown,On_road,Not_near_school,,,,,,,,,,,,,,,,,,,Not a holiday,0
6508,201600004541,2016,4,6,Daylight,Out_of_agglomeration,Out_of_intersection,Normal,Frontal_two_vehicles,Manual_entry,,,False,2016-04-06,17,30,17:30,Evening,False,Spring,0.0,0.0,70.0,Departmental_road,Bidirectional,Reserved_channel,Flat,Straight,Normal,Roundabout,On_road,Unknown,,,,,,,,,,,,,,,,,,,Not a holiday,0
6509,201600004542,2016,4,24,Daylight,Out_of_agglomeration,Out_of_intersection,Normal,Other_collision,Manual_entry,,,False,2016-04-24,20,0,20:00,Evening,True,Spring,0.0,0.0,70.0,Departmental_road,Bidirectional,Unknown,Slope,Curve_left,Normal,Unknown,On_road,Unknown,,,,,,,,,,,,,,,,,,,Not a holiday,0
6510,201600004543,2016,5,7,Night_without_public_lighting,Out_of_agglomeration,Out_of_intersection,Normal,Other_collision,Manual_entry,5.4779,46.08806,True,2016-05-07,1,15,01:15,Night,True,Spring,1.0,0.0,70.0,Departmental_road,Bidirectional,Unknown,Slope,Curve_left,Normal,Unknown,On_road,Unknown,,,,,,,,,,,,,,,,,,,Not a holiday,0
6511,201600004544,2016,5,21,Daylight,Out_of_agglomeration,Out_of_intersection,Normal,Side_two_vehicles,Manual_entry,5.35254,46.03878,True,2016-05-21,15,30,15:30,Afternoon,True,Spring,2.0,0.0,0.0,Departmental_road,Bidirectional,Unknown,Flat,Straight,Normal,Roundabout,On_road,Unknown,,,,,,,,,,,,,,,,,,,Not a holiday,0
6512,201600004545,2016,5,28,Daylight,Out_of_agglomeration,Out_of_intersection,Normal,Other_collision,Manual_entry,,,False,2016-05-28,16,45,16:45,Afternoon,True,Spring,1.0,0.0,70.0,Departmental_road,Bidirectional,Unknown,Unknown,Curve_left,Normal,Unknown,On_road,Unknown,,,,,,,,,,,,,,,,,,,Not a holiday,0
6513,201600004546,2016,6,10,Daylight,Out_of_agglomeration,Out_of_intersection,Normal,Other_collision,Manual_entry,,,False,2016-06-10,17,45,17:45,Evening,False,Summer,2.0,50.0,0.0,Departmental_road,Bidirectional,Unknown,Slope,Straight,Unknown,Unknown,On_verge,Unknown,,,,,,,,,,,,,,,,,,,Not a holiday,0
6514,201600004547,2016,6,23,Daylight,Out_of_agglomeration,Out_of_intersection,Normal,Other_collision,Manual_entry,5.35699,46.09288,True,2016-06-23,15,30,15:30,Afternoon,False,Summer,0.0,0.0,60.0,Communal_way,Bidirectional,Unknown,Slope,S-bend,Normal,Unknown,On_verge,Unknown,,,,,,,,,,,,,,,,,,,Not a holiday,0
6515,201600004548,2016,6,26,Daylight,Out_of_agglomeration,Out_of_intersection,Normal,Other_collision,Manual_entry,,,False,2016-06-26,19,30,19:30,Evening,True,Summer,0.0,0.0,80.0,Departmental_road,Bidirectional,Unknown,Flat,Curve_left,Normal,Unknown,On_verge,Not_near_school,,,,,,,,,,,,,,,,,,,Not a holiday,0
6516,201600004549,2016,7,3,Night_without_public_lighting,Out_of_agglomeration,Out_of_intersection,Normal,Multiple_three_plus,Manual_entry,,,False,2016-07-03,1,15,01:15,Night,True,Summer,1.0,0.0,0.0,Departmental_road,Bidirectional,Unknown,Flat,Straight,Normal,Unknown,On_road,Unknown,,,,,,,,,,,,,,,,,,,Not a holiday,0
6517,201600004550,2016,7,12,Night_without_public_lighting,Out_of_agglomeration,Out_of_intersection,Normal,Rear_end_two_vehicles,Manual_entry,,,False,2016-07-12,1,45,01:45,Night,False,Summer,1.0,0.0,70.0,Departmental_road,Bidirectional,Unknown,Flat,Straight,Normal,Unknown,On_road,Unknown,,,,,,,,,,,,,,,,,,,Not a holiday,0
6518,201600004551,2016,7,16,Daylight,Built_up_area,Intersection_X,Dazzling,Side_two_vehicles,Manual_entry,5.3765,46.07913,True,2016-07-16,13,0,13:00,Afternoon,True,Summer,1.0,0.0,0.0,Departmental_road,Bidirectional,Unknown,Unknown,Straight,Normal,Unknown,On_road,Not_near_school,,,,,,,,,,,,,,,,,,,Not a holiday,0
6519,201600004552,2016,10,1,Daylight,Out_of_agglomeration,Out_of_intersection,Light_rain,Other_collision,Manual_entry,,,False,2016-10-01,14,30,14:30,Afternoon,True,Autumn,0.0,0.0,0.0,Departmental_road,Bidirectional,Unknown,Unknown,Curve_right,Wet,Unknown,On_road,Unknown,,,,,,,,,,,,,,,,,,,Not a holiday,0
6520,201600004553,2016,10,8,Daylight,Out_of_agglomeration,Out_of_intersection,Cloudy,No_collision,Manual_entry,,,False,2016-10-08,15,15,15:15,Afternoon,True,Autumn,2.0,0.0,60.0,Departmental_road,Bidirectional,Unknown,Slope,Curve_left,Normal,Unknown,On_verge,Unknown,,,,,,,,,,,,,,,,,,,Not a holiday,0
6521,201600004554,2016,11,24,Daylight,Built_up_area,Out_of_intersection,Normal,No_collision,Manual_entry,,,False,2016-11-24,12,0,12:00,Afternoon,False,Autumn,0.0,0.0,20.0,Communal_way,Bidirectional,Unknown,Unknown,Straight,Normal,Unknown,On_road,Not_near_school,,,,,,,,,,,,,,,,,,,Not a holiday,0
6522,201600004555,2016,2,29,Night_without_public_lighting,Out_of_agglomeration,Roundabout,Normal,Other_collision,Manual_entry,,,False,2016-02-29,21,30,21:30,Night,False,Winter,1.0,0.0,0.0,Departmental_road,Bidirectional,Unknown,Flat,Straight,Normal,Unknown,On_road,Not_near_school,,,,,,,,,,,,,,,,,,,Not a holiday,0
6523,201600004556,2016,5,11,Daylight,Out_of_agglomeration,Intersection_X,Heavy_rain,Side_two_vehicles,Manual_entry,,,False,2016-05-11,9,45,09:45,Morning,False,Spring,2.0,0.0,0.0,Departmental_road,Bidirectional,Unknown,Slope,Straight,Wet,Unknown,On_road,Not_near_school,,,,,,,,,,,,,,,,,,,Not a holiday,0
6524,201600004557,2016,7,7,Night_without_public_lighting,Out_of_agglomeration,Out_of_intersection,Normal,Frontal_two_vehicles,Manual_entry,,,False,2016-07-07,14,45,14:45,Afternoon,False,Summer,0.0,0.0,65.0,Communal_way,Bidirectional,Unknown,Flat,Straight,Normal,Unknown,On_road,Unknown,,,,,,,,,,,,,,,,,,,Not a holiday,0
6525,201600004558,2016,6,21,Daylight,Out_of_agglomeration,Out_of_intersection,Normal,Other_collision,Manual_entry,,,False,2016-06-21,16,0,16:00,Afternoon,False,Summer,2.0,0.0,0.0,Departmental_road,Bidirectional,Unknown,Flat,Straight,Normal,Unknown,On_road,Not_near_school,,,,,,,,,,,,,,,,,,,Not a holiday,0
6526,201600004559,2016,9,20,Daylight,Built_up_area,Other,Normal,Other_collision,Manual_entry,4.88608,46.26349,True,2016-09-20,15,45,15:45,Afternoon,False,Autumn,1.0,0.0,0.0,Communal_way,Bidirectional,Unknown,Flat,Straight,Normal,Unknown,On_road,Near_school,,,,,,,,,,,,,,,,,,,Not a holiday,0
6527,201600004560,2016,12,10,Night_without_public_lighting,Built_up_area,Out_of_intersection,Fog_or_smoke,Other_collision,Manual_entry,,,False,2016-12-10,3,30,03:30,Night,True,Winter,2.0,0.0,70.0,Departmental_road,Bidirectional,Unknown,Flat,Curve_left,Wet,Unknown,On_sidewalk,Unknown,,,,,,,,,,,,,,,,,,,Not a holiday,0
6528,201600004561,2016,2,5,Daylight,Out_of_agglomeration,Out_of_intersection,Normal,Rear_end_two_vehicles,Manual_entry,,,False,2016-02-05,15,30,15:30,Afternoon,False,Winter,2.0,0.0,0.0,Departmental_road,Bidirectional,Unknown,Flat,Straight,Normal,Unknown,On_road,Unknown,,,,,,,,,,,,,,,,,,,Not a holiday,0
6529,201600004562,2016,8,20,Daylight,Built_up_area,Out_of_intersection,Light_rain,Frontal_two_vehicles,Manual_entry,,,False,2016-08-20,16,0,16:00,Afternoon,True,Summer,0.0,0.0,0.0,Departmental_road,Bidirectional,Unknown,Slope,Curve_right,Wet,Unknown,Unknown,Not_near_school,,,,,,,,,,,,,,,,,,,Not a holiday,0
6530,201600004563,2016,8,27,Daylight,Out_of_agglomeration,Out_of_intersection,Normal,Other_collision,Manual_entry,,,False,2016-08-27,16,30,16:30,Afternoon,True,Summer,0.0,80.0,80.0,Departmental_road,Unknown,Unknown,Unknown,Straight,Normal,Unknown,On_road,Unknown,,,,,,,,,,,,,,,,,,,Not a holiday,0
6531,201600004564,2016,10,29,Daylight,Built_up_area,Out_of_intersection,Normal,Frontal_two_vehicles,Manual_entry,,,False,2016-10-29,18,15,18:15,Evening,True,Autumn,2.0,73.0,73.0,Departmental_road,Bidirectional,Unknown,Slope,Curve_right,Normal,Unknown,On_road,Not_near_school,,,,,,,,,,,,,,,,,,,Not a holiday,0
6532,201600004565,2016,11,1,Daylight,Out_of_agglomeration,Out_of_intersection,Normal,Other_collision,Manual_entry,5.67634,45.69516,True,2016-11-01,12,30,12:30,Afternoon,False,Autumn,2.0,0.0,0.0,Departmental_road,Bidirectional,Unknown,Flat,Unknown,Normal,Unknown,On_road,Unknown,,,,,,,,,,,,,,,,,,,All Saints Day,1
6533,201600004566,2016,11,14,Daylight,Out_of_agglomeration,Out_of_intersection,Cloudy,Other_collision,Manual_entry,5.69932,45.70192,True,2016-11-14,8,45,08:45,Morning,False,Autumn,2.0,0.0,60.0,Departmental_road,Bidirectional,Unknown,Slope,Curve_right,Normal,Unknown,On_verge,Unknown,,,,,,,,,,,,,,,,,,,Not a holiday,0
6534,201600004567,2016,11,23,Night_without_public_lighting,Out_of_agglomeration,Out_of_intersection,Normal,Other_collision,Manual_entry,5.704,45.768,True,2016-11-23,21,30,21:30,Night,False,Autumn,0.0,69.0,88.0,Departmental_road,Bidirectional,Unknown,Flat,Curve_left,Normal,Bridge,On_verge,Unknown,,,,,,,,,,,,,,,,,,,Not a holiday,0
6535,201600004568,2016,12,15,Night_without_public_lighting,Out_of_agglomeration,Out_of_intersection,Normal,Frontal_two_vehicles,Manual_entry,,,False,2016-12-15,21,15,21:15,Night,False,Winter,0.0,0.0,80.0,Departmental_road,Unknown,Unknown,Unknown,Curve_left,Normal,Unknown,On_road,Unknown,,,,,,,,,,,,,,,,,,,Not a holiday,0
6536,201600004569,2016,2,21,Daylight,Built_up_area,Out_of_intersection,Normal,Frontal_two_vehicles,Manual_entry,5.34979,45.97741,True,2016-02-21,17,45,17:45,Evening,True,Winter,2.0,0.0,0.0,Communal_way,Bidirectional,Unknown,Unknown,Straight,Normal,Unknown,On_road,Not_near_school,,,,,,,,,,,,,,,,,,,Not a holiday,0
6537,201600004570,2016,11,5,Daylight,Built_up_area,Out_of_intersection,Light_rain,Side_two_vehicles,Manual_entry,5.33052,45.94468,True,2016-11-05,11,45,11:45,Morning,True,Autumn,2.0,0.0,57.0,Departmental_road,Bidirectional,Unknown,Flat,Straight,Wet,Unknown,Unknown,Near_school,,,,,,,,,,,,,,,,,,,Not a holiday,0
6538,201600004571,2016,11,17,Night_without_public_lighting,Out_of_agglomeration,Out_of_intersection,Light_rain,Frontal_two_vehicles,Manual_entry,,,False,2016-11-17,22,0,22:00,Night,False,Autumn,0.0,0.0,0.0,Departmental_road,Bidirectional,Unknown,Flat,Straight,Normal,Unknown,On_road,Unknown,,,,,,,,,,,,,,,,,,,Not a holiday,0
6539,201600004572,2016,11,26,Daylight,Out_of_agglomeration,Out_of_intersection,Normal,Frontal_two_vehicles,Manual_entry,,,False,2016-11-26,10,15,10:15,Morning,True,Autumn,0.0,60.0,0.0,Departmental_road,Bidirectional,Unknown,Flat,Straight,Normal,Unknown,On_road,Not_near_school,,,,,,,,,,,,,,,,,,,Not a holiday,0
6540,201600004573,2016,12,16,Night_without_public_lighting,Out_of_agglomeration,Out_of_intersection,Normal,Other_collision,Manual_entry,,,False,2016-12-16,1,0,01:00,Night,False,Winter,2.0,0.0,50.0,Departmental_road,Bidirectional,Unknown,Flat,Straight,Wet,Unknown,On_road,Unknown,,,,,,,,,,,,,,,,,,,Not a holiday,0
6541,201600004574,2016,12,26,Night_without_public_lighting,Out_of_agglomeration,Out_of_intersection,Other,Other_collision,Manual_entry,,,False,2016-12-26,19,15,19:15,Evening,False,Winter,0.0,0.0,0.0,Departmental_road,Bidirectional,Unknown,Unknown,Curve_right,Wet,Unknown,On_verge,Not_near_school,,,,,,,,,,,,,,,,,,,Not a holiday,0
6542,201600004575,2016,1,7,Night_without_public_lighting,Out_of_agglomeration,Out_of_intersection,Normal,Other_collision,Manual_entry,,,False,2016-01-07,20,0,20:00,Evening,False,Winter,0.0,0.0,60.0,Departmental_road,Bidirectional,Unknown,Unknown,Curve_right,Normal,Bridge,On_road,Unknown,,,,,,,,,,,,,,,,,,,Not a holiday,0
6543,201600004576,2016,1,24,Daylight,Out_of_agglomeration,Out_of_intersection,Normal,Multiple_three_plus,Manual_entry,,,False,2016-01-24,12,0,12:00,Afternoon,True,Winter,2.0,0.0,0.0,Departmental_road,Bidirectional,Unknown,Flat,Straight,Normal,Unknown,On_road,Unknown,,,,,,,,,,,,,,,,,,,Not a holiday,0
6544,201600004577,2016,1,29,Night_with_public_lighting_on,Out_of_agglomeration,Intersection_X,Normal,Multiple_three_plus,Manual_entry,,,False,2016-01-29,18,45,18:45,Evening,False,Winter,2.0,0.0,70.0,Departmental_road,Bidirectional,Unknown,Flat,Straight,Normal,Unknown,On_road,Unknown,,,,,,,,,,,,,,,,,,,Not a holiday,0
6545,201600004578,2016,2,26,Daylight,Built_up_area,Intersection_T,Normal,Frontal_two_vehicles,Manual_entry,,,False,2016-02-26,16,0,16:00,Afternoon,False,Winter,0.0,0.0,63.0,Communal_way,Bidirectional,Unknown,Slope,Straight,Normal,Unknown,On_road,Unknown,,,,,,,,,,,,,,,,,,,Not a holiday,0
6546,201600004579,2016,2,26,Daylight,Out_of_agglomeration,Out_of_intersection,Normal,No_collision,Manual_entry,,,False,2016-02-26,14,30,14:30,Afternoon,False,Winter,2.0,0.0,78.0,Departmental_road,Bidirectional,Unknown,Slope,Curve_left,Normal,Unknown,On_road,Unknown,,,,,,,,,,,,,,,,,,,Not a holiday,0
6547,201600004580,2016,6,22,Daylight,Built_up_area,Out_of_intersection,Dazzling,Side_two_vehicles,Manual_entry,5.7869,45.84788,True,2016-06-22,16,0,16:00,Afternoon,False,Summer,2.0,0.0,78.0,Departmental_road,Bidirectional,Unknown,Slope,Straight,Normal,Unknown,On_road,Unknown,,,,,,,,,,,,,,,,,,,Not a holiday,0
6548,201600004581,2016,7,8,Daylight,Out_of_agglomeration,Out_of_intersection,Normal,Frontal_two_vehicles,Manual_entry,,,False,2016-07-08,8,45,08:45,Morning,False,Summer,1.0,0.0,65.0,Departmental_road,Bidirectional,Unknown,Unknown,Unknown,Normal,Unknown,On_road,Unknown,,,,,,,,,,,,,,,,,,,Not a holiday,0
6549,201600004582,2016,7,9,Daylight,Out_of_agglomeration,Out_of_intersection,Normal,No_collision,Manual_entry,5.59117,45.83366,True,2016-07-09,17,15,17:15,Evening,True,Summer,2.0,0.0,114.0,Departmental_road,Bidirectional,Unknown,Unknown,Curve_right,Normal,Unknown,On_verge,Unknown,,,,,,,,,,,,,,,,,,,Not a holiday,0
6550,201600004583,2016,7,15,Daylight,Out_of_agglomeration,Out_of_intersection,Normal,Frontal_two_vehicles,Manual_entry,,,False,2016-07-15,16,30,16:30,Afternoon,False,Summer,2.0,0.0,0.0,Departmental_road,Bidirectional,Unknown,Slope,Curve_left,Normal,Unknown,Unknown,Unknown,,,,,,,,,,,,,,,,,,,Not a holiday,0
6551,201600004584,2016,9,18,Twilight_or_dawn,Out_of_agglomeration,Out_of_intersection,Light_rain,Side_two_vehicles,Manual_entry,,,False,2016-09-18,17,45,17:45,Evening,True,Autumn,0.0,0.0,61.0,Departmental_road,Bidirectional,Unknown,Slope,Straight,Wet,Unknown,On_road,Unknown,,,,,,,,,,,,,,,,,,,Not a holiday,0
6552,201600004585,2016,9,24,Daylight,Out_of_agglomeration,Out_of_intersection,Normal,No_collision,Manual_entry,,,False,2016-09-24,13,30,13:30,Afternoon,True,Autumn,0.0,45.0,0.0,Departmental_road,Bidirectional,Unknown,Slope,Straight,Normal,Unknown,On_road,Unknown,,,,,,,,,,,,,,,,,,,Not a holiday,0
6553,201600004586,2016,10,31,Daylight,Built_up_area,Roundabout,Normal,Side_two_vehicles,Manual_entry,,,False,2016-10-31,16,30,16:30,Afternoon,False,Autumn,0.0,0.0,0.0,Departmental_road,Unknown,Unknown,Flat,Unknown,Normal,Roundabout,On_road,Unknown,,,,,,,,,,,,,,,,,,,Not a holiday,0
6554,201600004587,2016,12,24,Daylight,Out_of_agglomeration,Out_of_intersection,Normal,No_collision,Manual_entry,,,False,2016-12-24,10,0,10:00,Morning,True,Winter,0.0,0.0,0.0,Departmental_road,Bidirectional,Unknown,Flat,Curve_right,Wet,Unknown,On_road,Unknown,,,,,,,,,,,,,,,,,,,Not a holiday,0
6555,201600004588,2016,6,21,Twilight_or_dawn,Out_of_agglomeration,Out_of_intersection,Light_rain,Frontal_two_vehicles,Manual_entry,5.54,46.1,True,2016-06-21,7,45,07:45,Morning,False,Summer,2.0,0.0,68.0,Departmental_road,Bidirectional,Unknown,Slope,Curve_right,Wet,Unknown,On_road,Unknown,,,,,,,,,,,,,,,,,,,Not a holiday,0
6556,201600004589,2016,7,30,Daylight,Out_of_agglomeration,Out_of_intersection,Light_rain,No_collision,Manual_entry,,,False,2016-07-30,11,45,11:45,Morning,True,Summer,2.0,0.0,59.0,Departmental_road,Bidirectional,Unknown,Flat,Straight,Wet,Unknown,On_road,Unknown,,,,,,,,,,,,,,,,,,,Not a holiday,0
6557,201600004590,2016,1,25,Daylight,Out_of_agglomeration,Out_of_intersection,Normal,No_collision,Manual_entry,,,False,2016-01-25,13,30,13:30,Afternoon,False,Winter,0.0,0.0,0.0,Off_public_network,Bidirectional,Unknown,Unknown,Curve_left,Normal,Unknown,On_verge,Unknown,,,,,,,,,,,,,,,,,,,Not a holiday,0
6558,201600004591,2016,2,4,Night_with_public_lighting_on,Out_of_agglomeration,Out_of_intersection,Light_rain,Frontal_two_vehicles,Manual_entry,,,False,2016-02-04,19,15,19:15,Evening,False,Winter,2.0,0.0,80.0,Departmental_road,Bidirectional,Unknown,Flat,Straight,Wet,Unknown,On_road,Not_near_school,,,,,,,,,,,,,,,,,,,Not a holiday,0
6559,201600004592,2016,2,8,Daylight,Out_of_agglomeration,Out_of_intersection,Cloudy,Frontal_two_vehicles,Manual_entry,,,False,2016-02-08,9,30,09:30,Morning,False,Winter,0.0,0.0,43.0,Departmental_road,Bidirectional,Unknown,Slope,Straight,Normal,Unknown,On_road,Unknown,,,,,,,,,,,,,,,,,,,Not a holiday,0
6560,201600004593,2016,2,20,Night_without_public_lighting,Out_of_agglomeration,Out_of_intersection,Normal,Frontal_two_vehicles,Manual_entry,,,False,2016-02-20,0,30,00:30,Night,True,Winter,2.0,0.0,55.0,Departmental_road,Bidirectional,Unknown,Flat,Straight,Normal,Unknown,On_verge,Not_near_school,,,,,,,,,,,,,,,,,,,Not a holiday,0
6561,201600004594,2016,3,18,Night_with_public_lighting_on,Built_up_area,Out_of_intersection,Normal,No_collision,Manual_entry,5.40905,45.85465,True,2016-03-18,19,0,19:00,Evening,False,Spring,2.0,0.0,60.0,Departmental_road,Bidirectional,Unknown,Unknown,Straight,Normal,Pedestrian_area,On_road,Unknown,,,,,,,,,,,,,,,,,,,Not a holiday,0
6562,201600004595,2016,6,16,Night_without_public_lighting,Out_of_agglomeration,Out_of_intersection,Heavy_rain,Side_two_vehicles,Manual_entry,5.31,45.91,True,2016-06-16,2,15,02:15,Night,False,Summer,2.0,0.0,60.0,Departmental_road,Bidirectional,Unknown,Hill_bottom,Straight,Wet,Unknown,On_road,Unknown,,,,,,,,,,,,,,,,,,,Not a holiday,0
6563,201600004596,2016,7,1,Night_without_public_lighting,Out_of_agglomeration,Out_of_intersection,Normal,Multiple_three_plus,Manual_entry,,,False,2016-07-01,4,45,04:45,Night,False,Summer,2.0,0.0,73.0,Departmental_road,Bidirectional,Unknown,Flat,Straight,Normal,Unknown,On_road,Not_near_school,,,,,,,,,,,,,,,,,,,Not a holiday,0
6564,201600004597,2016,9,2,Daylight,Out_of_agglomeration,Out_of_intersection,Normal,Multiple_three_plus,Manual_entry,,,False,2016-09-02,13,15,13:15,Afternoon,False,Autumn,2.0,0.0,70.0,Departmental_road,Bidirectional,Unknown,Unknown,Curve_left,Normal,Unknown,Unknown,Not_near_school,,,,,,,,,,,,,,,,,,,Not a holiday,0
6565,201600004598,2016,9,9,Daylight,Out_of_agglomeration,Out_of_intersection,Normal,Side_two_vehicles,Manual_entry,,,False,2016-09-09,7,45,07:45,Morning,False,Autumn,2.0,0.0,70.0,Departmental_road,Bidirectional,Unknown,Flat,Straight,Normal,Unknown,On_road,Unknown,,,,,,,,,,,,,,,,,,,Not a holiday,0
6566,201600004599,2016,9,13,Night_without_public_lighting,Out_of_agglomeration,Out_of_intersection,Normal,Frontal_two_vehicles,Manual_entry,5.22653,45.78351,True,2016-09-13,5,45,05:45,Morning,False,Autumn,2.0,0.0,70.0,Departmental_road,Bidirectional,Unknown,Flat,Curve_right,Normal,Unknown,On_verge,Unknown,,,,,,,,,,,,,,,,,,,Not a holiday,0
6567,201600004600,2016,10,4,Daylight,Out_of_agglomeration,Out_of_intersection,Normal,Chain_three_plus,Manual_entry,,,False,2016-10-04,15,30,15:30,Afternoon,False,Autumn,2.0,0.0,650.0,Departmental_road,Bidirectional,Unknown,Flat,Straight,Normal,Unknown,On_road,Unknown,,,,,,,,,,,,,,,,,,,Not a holiday,0
6568,201600004601,2016,4,15,Daylight,Built_up_area,Out_of_intersection,Light_rain,Other_collision,Manual_entry,,,False,2016-04-15,18,45,18:45,Evening,False,Spring,1.0,0.0,55.0,Departmental_road,One_way,Unknown,Flat,Straight,Wet,Unknown,On_road,Unknown,,,,,,,,,,,,,,,,,,,Not a holiday,0
6569,201600004602,2016,6,4,Twilight_or_dawn,Out_of_agglomeration,Out_of_intersection,Normal,Frontal_two_vehicles,Manual_entry,5.719,46.155,True,2016-06-04,21,45,21:45,Night,True,Summer,2.0,0.0,39.0,Communal_way,Bidirectional,Unknown,Flat,Straight,Normal,Unknown,On_road,Not_near_school,,,,,,,,,,,,,,,,,,,Not a holiday,0
6570,201600004603,2016,6,10,Daylight,Out_of_agglomeration,Out_of_intersection,Normal,Frontal_two_vehicles,Manual_entry,,,False,2016-06-10,18,45,18:45,Evening,False,Summer,2.0,0.0,76.0,Departmental_road,Bidirectional,Unknown,Flat,Straight,Normal,Unknown,On_road,Not_near_school,,,,,,,,,,,,,,,,,,,Not a holiday,0
6571,201600004604,2016,8,13,Daylight,Out_of_agglomeration,Out_of_intersection,Normal,Frontal_two_vehicles,Manual_entry,5.6938,46.20538,True,2016-08-13,20,0,20:00,Evening,True,Summer,0.0,0.0,40.0,Communal_way,Bidirectional,Unknown,Unknown,Straight,Normal,Unknown,On_road,Not_near_school,,,,,,,,,,,,,,,,,,,Not a holiday,0
6572,201600004605,2016,8,16,Daylight,Built_up_area,Out_of_intersection,Normal,Other_collision,Manual_entry,,,False,2016-08-16,9,45,09:45,Morning,False,Summer,2.0,0.0,55.0,Departmental_road,Bidirectional,Unknown,Flat,Straight,Normal,Unknown,On_road,Unknown,,,,,,,,,,,,,,,,,,,Not a holiday,0
6573,201600004606,2016,5,9,Daylight,Built_up_area,Out_of_intersection,Normal,Other_collision,Manual_entry,5.81,46.11,True,2016-05-09,8,45,08:45,Morning,False,Spring,2.0,20.0,70.0,Departmental_road,Bidirectional,Unknown,Flat,Straight,Normal,Unknown,On_road,Near_school,,,,,,,,,,,,,,,,,,,Not a holiday,0
6574,201600004607,2016,5,25,Daylight,Built_up_area,Intersection_T,Normal,Side_two_vehicles,Manual_entry,,,False,2016-05-25,19,0,19:00,Evening,False,Spring,2.0,0.0,0.0,Communal_way,Bidirectional,Unknown,Flat,Curve_left,Normal,Roundabout,On_road,Not_near_school,,,,,,,,,,,,,,,,,,,Not a holiday,0
6575,201600004608,2016,6,22,Daylight,Built_up_area,Out_of_intersection,Normal,Other_collision,Manual_entry,,,False,2016-06-22,10,30,10:30,Morning,False,Summer,2.0,0.0,0.0,Communal_way,Bidirectional,Unknown,Slope,Straight,Normal,Unknown,On_road,Not_near_school,,,,,,,,,,,,,,,,,,,Not a holiday,0
6576,201600004609,2016,10,14,Night_without_public_lighting,Out_of_agglomeration,Out_of_intersection,Heavy_rain,Other_collision,Manual_entry,,,False,2016-10-14,3,30,03:30,Night,False,Autumn,2.0,0.0,0.0,Departmental_road,Bidirectional,Unknown,Unknown,Curve_left,Wet,Unknown,On_verge,Unknown,,,,,,,,,,,,,,,,,,,Not a holiday,0
6577,201600004610,2016,1,19,Night_without_public_lighting,Out_of_agglomeration,Out_of_intersection,Snow_or_hail,Side_two_vehicles,Manual_entry,,,False,2016-01-19,6,30,06:30,Morning,False,Winter,2.0,0.0,0.0,Departmental_road,Bidirectional,Unknown,Slope,Curve_left,Snow,Unknown,On_road,Unknown,,,,,,,,,,,,,,,,,,,Not a holiday,0
6578,201600004611,2016,2,16,Daylight,Built_up_area,Out_of_intersection,Light_rain,Other_collision,Manual_entry,,,False,2016-02-16,17,15,17:15,Evening,False,Winter,0.0,0.0,0.0,other,Unknown,Unknown,Slope,Straight,Wet,Pedestrian_area,On_sidewalk,Unknown,,,,,,,,,,,,,,,,,,,Not a holiday,0