,accident_id,year,month,day,lighting_label,urban_label,intersection_label,weather_label,collision_label,gps_label,longitude_num,latitude_num,valid_geo,date,hour,minute,time_hhmm,time_of_day,is_weekend,season,num_lanes,pedestrian_crossing_width,road_width,road_category_label,traffic_regime_label,reserved_lane_label,road_profile_label,road_layout_label,surface_condition_label,infrastructure_label,situation_label,school_zone_label,vehicle_id,traffic_direction_label,vehicle_category_label,mobile_obstacle_label,impact_point_label,manoeuvre_label,occupants_group,birth_year,sex_label,user_category_label,injury_severity_label,seat_position_label,journey_purpose_label,pedestrian_location_label,pedestrian_action_label,pedestrian_state_label,safety_equipment_type,safety_equipment_usage,holiday_name,is_holiday
6579,201600004612,2016,4,29,Twilight_or_dawn,Built_up_area,Out_of_intersection,Normal,Frontal_two_vehicles,Manual_entry,,,False,2016-04-29,8,15,08:15,Morning,False,Spring,0.0,0.0,0.0,Departmental_road,Bidirectional,Unknown,Flat,Straight,Normal,Unknown,On_road,Unknown,,,,,,,,,,,,,,,,,,,Not a holiday,0
6580,201600004613,2016,8,27,Daylight,Built_up_area,Out_of_intersection,Normal,Other_collision,Manual_entry,,,False,2016-08-27,13,30,13:30,Afternoon,True,Summer,1.0,0.0,60.0,Departmental_road,Bidirectional,Unknown,Unknown,Straight,Normal,Unknown,On_road,Not_near_school,,,,,,,,,,,,,,,,,,,Not a holiday,0
6581,201600004614,2016,3,26,Daylight,Out_of_agglomeration,Out_of_intersection,Normal,No_collision,Manual_entry,,,False,2016-03-26,15,15,15:15,Afternoon,True,Spring,2.0,0.0,55.0,Departmental_road,Bidirectional,Unknown,Slope,Straight,Normal,Unknown,On_verge,Unknown,,,,,,,,,,,,,,,,,,,Not a holiday,0
6582,201600004615,2016,5,31,Daylight,Out_of_agglomeration,Out_of_intersection,Light_rain,Frontal_two_vehicles,Manual_entry,,,False,2016-05-31,17,15,17:15,Evening,False,Spring,2.0,0.0,67.0,Departmental_road,Bidirectional,Unknown,Flat,Curve_right,Wet,Unknown,On_road,Unknown,,,,,,,,,,,,,,,,,,,Not a holiday,0
6583,201600004616,2016,8,13,Daylight,Out_of_agglomeration,Out_of_intersection,Normal,No_collision,Manual_entry,,,False,2016-08-13,16,15,16:15,Afternoon,True,Summer,0.0,0.0,67.0,Departmental_road,Bidirectional,Unknown,Flat,Curve_right,Normal,Unknown,On_road,Not_near_school,,,,,,,,,,,,,,,,,,,Not a holiday,0
6584,201600004617,2016,1,29,Daylight,Built_up_area,Roundabout,Dazzling,Other_collision,Manual_entry,6.116,46.2588,True,2016-01-29,16,0,16:00,Afternoon,False,Winter,2.0,0.0,0.0,Departmental_road,Bidirectional,Unknown,Flat,Straight,Normal,Roundabout,On_road,Not_near_school,,,,,,,,,,,,,,,,,,,Not a holiday,0
6585,201600004618,2016,6,19,Night_without_public_lighting,Out_of_agglomeration,Out_of_intersection,Normal,Other_collision,Manual_entry,,,False,2016-06-19,22,0,22:00,Night,True,Summer,1.0,0.0,55.0,Departmental_road,Bidirectional,Unknown,Slope,Straight,Normal,Unknown,On_verge,Not_near_school,,,,,,,,,,,,,,,,,,,Not a holiday,0
6586,201600004619,2016,8,15,Night_without_public_lighting,Out_of_agglomeration,Out_of_intersection,Normal,No_collision,Manual_entry,6.08932,46.30346,True,2016-08-15,22,10,22:10,Night,False,Summer,2.0,0.0,90.0,Communal_way,Bidirectional,Unknown,Flat,Curve_left,Normal,Unknown,On_verge,Unknown,,,,,,,,,,,,,,,,,,,Assumption of Mary to Heaven,1
6587,201600004620,2016,9,13,Night_without_public_lighting,Built_up_area,Out_of_intersection,Normal,Other_collision,Manual_entry,,,False,2016-09-13,21,45,21:45,Night,False,Autumn,2.0,0.0,0.0,Departmental_road,Bidirectional,Bike_path,Unknown,Straight,Normal,Unknown,On_road,Not_near_school,,,,,,,,,,,,,,,,,,,Not a holiday,0
6588,201600004621,2016,10,17,Daylight,Built_up_area,Out_of_intersection,Light_rain,Side_two_vehicles,Manual_entry,,,False,2016-10-17,17,30,17:30,Evening,False,Autumn,2.0,113.0,0.0,Departmental_road,Bidirectional,Bike_path,Flat,Straight,Wet,Unknown,On_road,Unknown,,,,,,,,,,,,,,,,,,,Not a holiday,0
6589,201600004622,2016,11,8,Night_without_public_lighting,Built_up_area,Out_of_intersection,Normal,Frontal_two_vehicles,Manual_entry,,,False,2016-11-08,17,30,17:30,Evening,False,Autumn,0.0,38.0,0.0,Departmental_road,Bidirectional,Unknown,Unknown,Straight,Normal,Roundabout,On_road,Unknown,,,,,,,,,,,,,,,,,,,Not a holiday,0
6590,201600004623,2016,11,3,Daylight,Built_up_area,Out_of_intersection,Normal,Other_collision,Manual_entry,,,False,2016-11-03,14,30,14:30,Afternoon,False,Autumn,2.0,97.0,0.0,Communal_way,Bidirectional,Unknown,Flat,Straight,Normal,Unknown,On_road,Unknown,,,,,,,,,,,,,,,,,,,Not a holiday,0
6591,201600004624,2016,1,23,Daylight,Built_up_area,Out_of_intersection,Dazzling,Side_two_vehicles,Manual_entry,,,False,2016-01-23,16,30,16:30,Afternoon,True,Winter,2.0,0.0,0.0,Departmental_road,Bidirectional,Unknown,Flat,Straight,Normal,Unknown,On_road,Unknown,,,,,,,,,,,,,,,,,,,Not a holiday,0
6592,201600004625,2016,2,25,Night_without_public_lighting,Out_of_agglomeration,Out_of_intersection,Normal,Frontal_two_vehicles,Manual_entry,,,False,2016-02-25,21,0,21:00,Night,False,Winter,2.0,0.0,0.0,Departmental_road,Bidirectional,Unknown,Unknown,Unknown,Normal,Unknown,On_road,Not_near_school,,,,,,,,,,,,,,,,,,,Not a holiday,0
6593,201600004626,2016,3,5,Daylight,Built_up_area,Out_of_intersection,Normal,No_collision,Manual_entry,,,False,2016-03-05,13,30,13:30,Afternoon,True,Spring,0.0,0.0,60.0,Communal_way,Bidirectional,Unknown,Slope,Straight,Normal,Unknown,On_road,Unknown,,,,,,,,,,,,,,,,,,,Not a holiday,0
6594,201600004627,2016,3,30,Daylight,Out_of_agglomeration,Out_of_intersection,Normal,Frontal_two_vehicles,Manual_entry,,,False,2016-03-30,11,15,11:15,Morning,False,Spring,2.0,0.0,86.0,Departmental_road,Bidirectional,Unknown,Flat,Straight,Normal,Unknown,On_road,Not_near_school,,,,,,,,,,,,,,,,,,,Not a holiday,0
6595,201600004628,2016,4,12,Daylight,Out_of_agglomeration,Intersection_T,Normal,Multiple_three_plus,Manual_entry,,,False,2016-04-12,13,15,13:15,Afternoon,False,Spring,0.0,0.0,60.0,Departmental_road,Bidirectional,Unknown,Flat,Straight,Normal,Roundabout,On_road,Unknown,,,,,,,,,,,,,,,,,,,Not a holiday,0
6596,201600004629,2016,4,19,Daylight,Built_up_area,Out_of_intersection,Normal,Other_collision,Manual_entry,4.76662,45.98111,True,2016-04-19,15,15,15:15,Afternoon,False,Spring,2.0,0.0,66.0,Communal_way,Bidirectional,Unknown,Slope,Straight,Normal,Unknown,On_road,Unknown,,,,,,,,,,,,,,,,,,,Not a holiday,0
6597,201600004630,2016,4,26,Daylight,Out_of_agglomeration,Out_of_intersection,Normal,Frontal_two_vehicles,Manual_entry,4.78511,46.02235,True,2016-04-26,13,30,13:30,Afternoon,False,Spring,2.0,0.0,58.0,Departmental_road,Bidirectional,Unknown,Slope,Curve_left,Normal,Unknown,On_road,Unknown,,,,,,,,,,,,,,,,,,,Not a holiday,0
6598,201600004631,2016,5,9,Daylight,Out_of_agglomeration,Intersection_X,Light_rain,Side_two_vehicles,Manual_entry,4.85278,45.97123,True,2016-05-09,8,45,08:45,Morning,False,Spring,2.0,0.0,60.0,Departmental_road,Bidirectional,Unknown,Slope,Straight,Wet,Roundabout,On_road,Unknown,,,,,,,,,,,,,,,,,,,Not a holiday,0
6599,201600004632,2016,6,11,Night_without_public_lighting,Out_of_agglomeration,Roundabout,Normal,No_collision,Manual_entry,4.76,45.98,True,2016-06-11,23,30,23:30,Night,True,Summer,2.0,0.0,70.0,Departmental_road,Bidirectional,Unknown,Flat,S-bend,Normal,Unknown,On_verge,Not_near_school,,,,,,,,,,,,,,,,,,,Not a holiday,0
6600,201600004633,2016,6,19,Night_without_public_lighting,Built_up_area,Out_of_intersection,Normal,Other_collision,Manual_entry,4.86869,45.97281,True,2016-06-19,4,15,04:15,Night,True,Summer,0.0,0.0,52.0,Departmental_road,Bidirectional,Unknown,Flat,Curve_right,Normal,Unknown,On_road,Not_near_school,,,,,,,,,,,,,,,,,,,Not a holiday,0
6601,201600004634,2016,6,23,Daylight,Built_up_area,Out_of_intersection,Normal,No_collision,Manual_entry,,,False,2016-06-23,11,30,11:30,Morning,False,Summer,0.0,0.0,0.0,Departmental_road,One_way,Unknown,Flat,Straight,Normal,Unknown,On_road,Not_near_school,,,,,,,,,,,,,,,,,,,Not a holiday,0
6602,201600004635,2016,6,24,Daylight,Out_of_agglomeration,Intersection_X,Normal,Side_two_vehicles,Manual_entry,,,False,2016-06-24,15,15,15:15,Afternoon,False,Summer,2.0,0.0,0.0,Departmental_road,Bidirectional,Unknown,Flat,Straight,Normal,Unknown,On_road,Not_near_school,,,,,,,,,,,,,,,,,,,Not a holiday,0
6603,201600004636,2016,7,2,Twilight_or_dawn,Out_of_agglomeration,Roundabout,Normal,Other_collision,Manual_entry,4.8,45.93,True,2016-07-02,22,0,22:00,Night,True,Summer,2.0,0.0,60.0,Departmental_road,Bidirectional,Unknown,Flat,S-bend,Normal,Roundabout,On_verge,Unknown,,,,,,,,,,,,,,,,,,,Not a holiday,0
6604,201600004637,2016,7,6,Daylight,Built_up_area,Out_of_intersection,Normal,Rear_end_two_vehicles,Manual_entry,4.75144,46.00104,True,2016-07-06,9,15,09:15,Morning,False,Summer,0.0,0.0,0.0,other,Bidirectional,Unknown,Unknown,Unknown,Unknown,Unknown,Unknown,Not_near_school,,,,,,,,,,,,,,,,,,,Not a holiday,0
6605,201600004638,2016,9,20,Daylight,Out_of_agglomeration,Out_of_intersection,Normal,Side_two_vehicles,Manual_entry,4.85276,45.97122,True,2016-09-20,12,15,12:15,Afternoon,False,Autumn,0.0,0.0,50.0,Departmental_road,Bidirectional,Unknown,Flat,Straight,Normal,Roundabout,On_road,Not_near_school,,,,,,,,,,,,,,,,,,,Not a holiday,0
6606,201600004639,2016,10,8,Daylight,Built_up_area,Other,Normal,Frontal_two_vehicles,Manual_entry,4.8203,45.90442,True,2016-10-08,10,55,10:55,Morning,True,Autumn,0.0,0.0,60.0,Departmental_road,Bidirectional,Unknown,Flat,Straight,Normal,Roundabout,On_road,Unknown,,,,,,,,,,,,,,,,,,,Not a holiday,0
6607,201600004640,2016,12,7,Night_without_public_lighting,Out_of_agglomeration,Intersection_X,Fog_or_smoke,Frontal_two_vehicles,Manual_entry,,,False,2016-12-07,21,45,21:45,Night,False,Winter,0.0,0.0,60.0,Departmental_road,Bidirectional,Unknown,Flat,Straight,Normal,Unknown,On_road,Not_near_school,,,,,,,,,,,,,,,,,,,Not a holiday,0
6608,201600004641,2016,12,16,Daylight,Out_of_agglomeration,Out_of_intersection,Normal,Rear_end_two_vehicles,Manual_entry,,,False,2016-12-16,8,45,08:45,Morning,False,Winter,0.0,51.0,0.0,Departmental_road,Bidirectional,Unknown,Slope,Straight,Normal,Unknown,On_road,Not_near_school,,,,,,,,,,,,,,,,,,,Not a holiday,0
6609,201600004642,2016,1,1,Night_without_public_lighting,Built_up_area,Out_of_intersection,Fog_or_smoke,Frontal_two_vehicles,Manual_entry,,,False,2016-01-01,5,0,05:00,Morning,False,Winter,2.0,0.0,45.0,Departmental_road,Bidirectional,Unknown,Flat,Straight,Wet,Bridge,On_road,Unknown,,,,,,,,,,,,,,,,,,,New year,1
6610,201600004643,2016,1,11,Twilight_or_dawn,Out_of_agglomeration,Out_of_intersection,Cloudy,Other_collision,Manual_entry,,,False,2016-01-11,17,15,17:15,Evening,False,Winter,0.0,0.0,0.0,Departmental_road,Unknown,Unknown,Flat,Straight,Normal,Unknown,On_road,Unknown,,,,,,,,,,,,,,,,,,,Not a holiday,0
6611,201600004644,2016,1,31,Night_with_public_lighting_on,Built_up_area,Out_of_intersection,Light_rain,No_collision,Manual_entry,,,False,2016-01-31,6,45,06:45,Morning,True,Winter,0.0,0.0,57.0,Departmental_road,Bidirectional,Unknown,Unknown,Curve_left,Wet,Pedestrian_area,On_sidewalk,Near_school,,,,,,,,,,,,,,,,,,,Not a holiday,0
6612,201600004645,2016,3,7,Daylight,Out_of_agglomeration,Intersection_X,Light_rain,Multiple_three_plus,Manual_entry,,,False,2016-03-07,17,15,17:15,Evening,False,Spring,0.0,0.0,0.0,Departmental_road,Unknown,Unknown,Unknown,Unknown,Wet,Roundabout,Unknown,Unknown,,,,,,,,,,,,,,,,,,,Not a holiday,0
6613,201600004646,2016,5,11,Daylight,Out_of_agglomeration,Out_of_intersection,Normal,Frontal_two_vehicles,Manual_entry,,,False,2016-05-11,14,30,14:30,Afternoon,False,Spring,0.0,0.0,0.0,Communal_way,Bidirectional,Unknown,Flat,Curve_right,Wet,Unknown,On_road,Unknown,,,,,,,,,,,,,,,,,,,Not a holiday,0
6614,201600004647,2016,5,14,Night_with_public_lighting_on,Out_of_agglomeration,Out_of_intersection,Normal,No_collision,Manual_entry,,,False,2016-05-14,23,15,23:15,Night,True,Spring,0.0,0.0,0.0,Departmental_road,Bidirectional,Unknown,Flat,Straight,Unknown,Unknown,Unknown,Unknown,,,,,,,,,,,,,,,,,,,Not a holiday,0
6615,201600004648,2016,5,22,Daylight,Out_of_agglomeration,Out_of_intersection,Normal,Side_two_vehicles,Manual_entry,,,False,2016-05-22,7,15,07:15,Morning,True,Spring,1.0,0.0,0.0,Departmental_road,Bidirectional,Unknown,Flat,Straight,Normal,Roundabout,On_road,Not_near_school,,,,,,,,,,,,,,,,,,,Not a holiday,0
6616,201600004649,2016,6,19,Daylight,Out_of_agglomeration,Out_of_intersection,Light_rain,Other_collision,Manual_entry,4.95414,46.18882,True,2016-06-19,8,30,08:30,Morning,True,Summer,2.0,80.0,0.0,Departmental_road,Bidirectional,Unknown,Unknown,Straight,Wet,Unknown,On_road,Unknown,,,,,,,,,,,,,,,,,,,Not a holiday,0
6617,201600004650,2016,6,24,Daylight,Out_of_agglomeration,Out_of_intersection,Normal,Other_collision,Manual_entry,,,False,2016-06-24,17,45,17:45,Evening,False,Summer,2.0,0.0,0.0,Departmental_road,Bidirectional,Unknown,Flat,Straight,Other,Unknown,On_road,Unknown,,,,,,,,,,,,,,,,,,,Not a holiday,0
6618,201600004651,2016,7,2,Night_without_public_lighting,Out_of_agglomeration,Out_of_intersection,Normal,Other_collision,Manual_entry,,,False,2016-07-02,22,0,22:00,Night,True,Summer,1.0,0.0,0.0,Departmental_road,Bidirectional,Unknown,Unknown,Straight,Normal,Unknown,On_verge,Not_near_school,,,,,,,,,,,,,,,,,,,Not a holiday,0
6619,201600004652,2016,7,1,Daylight,Out_of_agglomeration,Out_of_intersection,Normal,Side_two_vehicles,Manual_entry,,,False,2016-07-01,10,0,10:00,Morning,False,Summer,2.0,0.0,60.0,Departmental_road,Bidirectional,Unknown,Flat,Straight,Unknown,Unknown,On_road,Not_near_school,,,,,,,,,,,,,,,,,,,Not a holiday,0
6620,201600004653,2016,7,2,Daylight,Out_of_agglomeration,Roundabout,Normal,Other_collision,Manual_entry,,,False,2016-07-02,17,30,17:30,Evening,True,Summer,0.0,0.0,0.0,Communal_way,Unknown,Unknown,Flat,Curve_right,Normal,Roundabout,On_road,Near_school,,,,,,,,,,,,,,,,,,,Not a holiday,0
6621,201600004654,2016,8,7,Daylight,Out_of_agglomeration,Out_of_intersection,Normal,Side_two_vehicles,Manual_entry,,,False,2016-08-07,14,45,14:45,Afternoon,True,Summer,1.0,0.0,0.0,Departmental_road,Bidirectional,Unknown,Unknown,Straight,Normal,Unknown,On_road,Not_near_school,,,,,,,,,,,,,,,,,,,Not a holiday,0
6622,201600004655,2016,8,13,Daylight,Out_of_agglomeration,Intersection_X,Normal,Side_two_vehicles,Manual_entry,4.96323,46.16571,True,2016-08-13,11,45,11:45,Morning,True,Summer,2.0,0.0,0.0,Departmental_road,Bidirectional,Unknown,Flat,Straight,Normal,Roundabout,On_road,Unknown,,,,,,,,,,,,,,,,,,,Not a holiday,0
6623,201600004656,2016,9,9,Daylight,Built_up_area,Out_of_intersection,Normal,Side_two_vehicles,Manual_entry,5.06443,46.24049,True,2016-09-09,9,30,09:30,Morning,False,Autumn,2.0,0.0,63.0,Departmental_road,Bidirectional,Unknown,Slope,Straight,Normal,Unknown,On_road,Unknown,,,,,,,,,,,,,,,,,,,Not a holiday,0
6624,201600004657,2016,9,25,Daylight,Out_of_agglomeration,Out_of_intersection,Normal,Side_two_vehicles,Manual_entry,4.98121,46.22372,True,2016-09-25,12,30,12:30,Afternoon,True,Autumn,0.0,0.0,0.0,Communal_way,Bidirectional,Unknown,Unknown,Straight,Normal,Unknown,On_road,Unknown,,,,,,,,,,,,,,,,,,,Not a holiday,0
6625,201600004658,2016,10,8,Daylight,Out_of_agglomeration,Out_of_intersection,Normal,Frontal_two_vehicles,Manual_entry,,,False,2016-10-08,18,0,18:00,Evening,True,Autumn,2.0,0.0,62.0,Departmental_road,Bidirectional,Unknown,Slope,Curve_left,Normal,Unknown,On_road,Unknown,,,,,,,,,,,,,,,,,,,Not a holiday,0
6626,201600004659,2016,12,4,Night_with_public_lighting_on,Built_up_area,Out_of_intersection,Normal,Other_collision,Manual_entry,,,False,2016-12-04,23,45,23:45,Night,True,Winter,0.0,0.0,0.0,Communal_way,Bidirectional,Unknown,Flat,Straight,Normal,Unknown,On_verge,Unknown,,,,,,,,,,,,,,,,,,,Not a holiday,0
6627,201600004660,2016,6,17,Daylight,Out_of_agglomeration,Out_of_intersection,Normal,Side_two_vehicles,Manual_entry,,,False,2016-06-17,17,0,17:00,Evening,False,Summer,2.0,0.0,0.0,Departmental_road,Unknown,Unknown,Unknown,Unknown,Normal,Unknown,Unknown,Not_near_school,,,,,,,,,,,,,,,,,,,Not a holiday,0
6628,201600004661,2016,7,8,Daylight,Out_of_agglomeration,Out_of_intersection,Normal,Rear_end_two_vehicles,Manual_entry,4.91287,45.86725,True,2016-07-08,14,15,14:15,Afternoon,False,Summer,2.0,0.0,70.0,Departmental_road,Bidirectional,Unknown,Flat,Straight,Normal,Unknown,On_road,Unknown,,,,,,,,,,,,,,,,,,,Not a holiday,0
6629,201600004662,2016,9,30,Daylight,Built_up_area,Out_of_intersection,Normal,Side_two_vehicles,Manual_entry,4.96821,45.82678,True,2016-09-30,16,15,16:15,Afternoon,False,Autumn,3.0,0.0,100.0,Departmental_road,Bidirectional,Bike_path,Flat,Straight,Normal,Unknown,On_road,Near_school,,,,,,,,,,,,,,,,,,,Not a holiday,0
6630,201600004663,2016,10,5,Daylight,Built_up_area,Other,Normal,Side_two_vehicles,Manual_entry,,,False,2016-10-05,15,30,15:30,Afternoon,False,Autumn,2.0,0.0,60.0,Departmental_road,Bidirectional,Unknown,Flat,Straight,Normal,Unknown,On_road,Not_near_school,,,,,,,,,,,,,,,,,,,Not a holiday,0
6631,201600004664,2016,10,10,Daylight,Built_up_area,Intersection_X,Normal,Rear_end_two_vehicles,Manual_entry,4.9301,45.82527,True,2016-10-10,15,0,15:00,Afternoon,False,Autumn,2.0,0.0,0.0,Departmental_road,Bidirectional,Unknown,Unknown,Unknown,Normal,Unknown,On_road,Unknown,,,,,,,,,,,,,,,,,,,Not a holiday,0
6632,201600004665,2016,1,11,Daylight,Built_up_area,Roundabout,Normal,Other_collision,Manual_entry,5.0577,45.8481,True,2016-01-11,14,15,14:15,Afternoon,False,Winter,2.0,0.0,0.0,Departmental_road,Bidirectional,Unknown,Flat,Straight,Normal,Unknown,On_road,Not_near_school,,,,,,,,,,,,,,,,,,,Not a holiday,0
6633,201600004666,2016,1,23,Daylight,Out_of_agglomeration,Out_of_intersection,Normal,No_collision,Manual_entry,,,False,2016-01-23,14,30,14:30,Afternoon,True,Winter,2.0,0.0,30.0,Departmental_road,Bidirectional,Unknown,Slope,Straight,Wet,Unknown,On_verge,Not_near_school,,,,,,,,,,,,,,,,,,,Not a holiday,0
6634,201600004667,2016,1,30,Daylight,Built_up_area,Out_of_intersection,Cloudy,Other_collision,Manual_entry,,,False,2016-01-30,16,0,16:00,Afternoon,True,Winter,0.0,0.0,0.0,Departmental_road,Separated_carriageways,Bike_path,Unknown,Unknown,Normal,Pedestrian_area,On_road,Near_school,,,,,,,,,,,,,,,,,,,Not a holiday,0
6635,201600004668,2016,4,8,Daylight,Built_up_area,Out_of_intersection,Normal,Side_two_vehicles,Manual_entry,,,False,2016-04-08,11,15,11:15,Morning,False,Spring,2.0,29.0,97.0,Departmental_road,Separated_carriageways,Bike_path,Flat,Straight,Normal,Unknown,On_road,Not_near_school,,,,,,,,,,,,,,,,,,,Not a holiday,0
6636,201600004669,2016,5,20,Daylight,Out_of_agglomeration,Out_of_intersection,Normal,No_collision,Manual_entry,,,False,2016-05-20,17,45,17:45,Evening,False,Spring,1.0,0.0,58.0,Departmental_road,Bidirectional,Unknown,Flat,Curve_right,Normal,Unknown,On_verge,Unknown,,,,,,,,,,,,,,,,,,,Not a holiday,0
6637,201600004670,2016,7,29,Daylight,Built_up_area,Out_of_intersection,Dazzling,Other_collision,Manual_entry,,,False,2016-07-29,18,45,18:45,Evening,False,Summer,0.0,0.0,0.0,Communal_way,Unknown,Unknown,Unknown,Unknown,Normal,Unknown,On_road,Not_near_school,,,,,,,,,,,,,,,,,,,Not a holiday,0
6638,201600004671,2016,8,24,Daylight,Built_up_area,Intersection_T,Normal,Side_two_vehicles,Manual_entry,,,False,2016-08-24,19,30,19:30,Evening,False,Summer,0.0,0.0,0.0,Communal_way,One_way,Unknown,Slope,Straight,Normal,Unknown,On_road,Not_near_school,,,,,,,,,,,,,,,,,,,Not a holiday,0
6639,201600004672,2016,10,20,Daylight,Built_up_area,Out_of_intersection,Normal,Side_two_vehicles,Manual_entry,,,False,2016-10-20,18,45,18:45,Evening,False,Autumn,2.0,0.0,70.0,Departmental_road,Bidirectional,Unknown,Flat,Straight,Normal,Unknown,On_road,Unknown,,,,,,,,,,,,,,,,,,,Not a holiday,0
6640,201600004673,2016,1,24,Night_without_public_lighting,Out_of_agglomeration,Out_of_intersection,Normal,No_collision,Manual_entry,,,False,2016-01-24,5,15,05:15,Morning,True,Winter,1.0,0.0,0.0,Departmental_road,Bidirectional,Unknown,Unknown,Unknown,Unknown,Unknown,Unknown,Not_near_school,,,,,,,,,,,,,,,,,,,Not a holiday,0
6641,201600004674,2016,3,18,Night_without_public_lighting,Out_of_agglomeration,Out_of_intersection,Normal,Side_two_vehicles,Manual_entry,,,False,2016-03-18,4,0,04:00,Night,False,Spring,2.0,0.0,70.0,Departmental_road,Bidirectional,Unknown,Flat,Curve_right,Normal,Unknown,On_road,Unknown,,,,,,,,,,,,,,,,,,,Not a holiday,0
6642,201600004675,2016,4,14,Daylight,Out_of_agglomeration,Out_of_intersection,Normal,No_collision,Manual_entry,,,False,2016-04-14,12,5,12:05,Afternoon,False,Spring,2.0,0.0,58.0,Departmental_road,Bidirectional,Unknown,Flat,Straight,Normal,Unknown,On_road,Unknown,,,,,,,,,,,,,,,,,,,Not a holiday,0
6643,201600004676,2016,5,21,Night_without_public_lighting,Out_of_agglomeration,Out_of_intersection,Normal,Other_collision,Manual_entry,,,False,2016-05-21,22,45,22:45,Night,True,Spring,2.0,0.0,64.0,Departmental_road,Bidirectional,Unknown,Unknown,Curve_left,Normal,Unknown,On_verge,Unknown,,,,,,,,,,,,,,,,,,,Not a holiday,0
6644,201600004677,2016,6,18,Night_with_public_lighting_on,Built_up_area,Out_of_intersection,Normal,Frontal_two_vehicles,Manual_entry,,,False,2016-06-18,23,0,23:00,Night,True,Summer,0.0,0.0,80.0,Departmental_road,Bidirectional,Unknown,Flat,Straight,Normal,Roundabout,On_road,Not_near_school,,,,,,,,,,,,,,,,,,,Not a holiday,0
6645,201600004678,2016,7,13,Night_with_public_lighting_on,Out_of_agglomeration,Out_of_intersection,Normal,No_collision,Manual_entry,4.98165,45.94632,True,2016-07-13,3,0,03:00,Night,False,Summer,2.0,20.0,602.0,Departmental_road,Bidirectional,Unknown,Flat,Straight,Normal,Unknown,On_road,Not_near_school,,,,,,,,,,,,,,,,,,,Not a holiday,0
6646,201600004679,2016,8,8,Daylight,Built_up_area,Intersection_X,Normal,Side_two_vehicles,Manual_entry,,,False,2016-08-08,18,0,18:00,Evening,False,Summer,2.0,0.0,60.0,Departmental_road,Bidirectional,Unknown,Flat,Straight,Normal,Roundabout,On_road,Unknown,,,,,,,,,,,,,,,,,,,Not a holiday,0
6647,201600004680,2016,2,7,Daylight,Out_of_agglomeration,Intersection_X,Normal,Side_two_vehicles,Manual_entry,,,False,2016-02-07,13,30,13:30,Afternoon,True,Winter,0.0,0.0,51.0,Departmental_road,Bidirectional,Unknown,Flat,Straight,Normal,Roundabout,On_road,Unknown,,,,,,,,,,,,,,,,,,,Not a holiday,0
6648,201600004681,2016,5,27,Daylight,Built_up_area,Intersection_X,Normal,Side_two_vehicles,Manual_entry,4.80114,46.17218,True,2016-05-27,20,30,20:30,Evening,False,Spring,0.0,0.0,70.0,Departmental_road,Bidirectional,Unknown,Flat,Straight,Normal,Roundabout,On_road,Unknown,,,,,,,,,,,,,,,,,,,Not a holiday,0
6649,201600004682,2016,7,24,Twilight_or_dawn,Built_up_area,Out_of_intersection,Dazzling,Other_collision,Manual_entry,,,False,2016-07-24,7,30,07:30,Morning,True,Summer,0.0,0.0,0.0,Departmental_road,Bidirectional,Unknown,Flat,Straight,Normal,Unknown,On_road,Unknown,,,,,,,,,,,,,,,,,,,Not a holiday,0
6650,201600004683,2016,7,27,Daylight,Out_of_agglomeration,Out_of_intersection,Normal,Other_collision,Manual_entry,,,False,2016-07-27,17,45,17:45,Evening,False,Summer,2.0,0.0,0.0,Departmental_road,Bidirectional,Unknown,Flat,Straight,Normal,Unknown,On_road,Unknown,,,,,,,,,,,,,,,,,,,Not a holiday,0
6651,201600004684,2016,9,1,Daylight,Built_up_area,Out_of_intersection,Normal,Other_collision,Manual_entry,4.79084,46.16615,True,2016-09-01,17,15,17:15,Evening,False,Autumn,2.0,60.0,60.0,Departmental_road,Bidirectional,Unknown,Unknown,Curve_right,Normal,Bridge,On_road,Unknown,,,,,,,,,,,,,,,,,,,Not a holiday,0
6652,201600004685,2016,9,8,Daylight,Built_up_area,Out_of_intersection,Normal,Frontal_two_vehicles,Manual_entry,4.75331,46.08566,True,2016-09-08,12,0,12:00,Afternoon,False,Autumn,2.0,0.0,80.0,Departmental_road,Bidirectional,Unknown,Flat,Straight,Normal,Unknown,On_road,Unknown,,,,,,,,,,,,,,,,,,,Not a holiday,0
6653,201600004686,2016,10,13,Night_with_public_lighting_on,Out_of_agglomeration,Out_of_intersection,Heavy_rain,Other_collision,Manual_entry,,,False,2016-10-13,18,45,18:45,Evening,False,Autumn,1.0,0.0,88.0,Departmental_road,Bidirectional,Unknown,Flat,Straight,Wet,Unknown,On_road,Unknown,,,,,,,,,,,,,,,,,,,Not a holiday,0
6654,201600004687,2016,12,5,Daylight,Built_up_area,Out_of_intersection,Fog_or_smoke,Other_collision,Manual_entry,,,False,2016-12-05,13,30,13:30,Afternoon,False,Winter,0.0,0.0,70.0,Departmental_road,Bidirectional,Unknown,Flat,Straight,Normal,Unknown,On_road,Unknown,,,,,,,,,,,,,,,,,,,Not a holiday,0
6655,201600004688,2016,12,9,Night_with_public_lighting_on,Built_up_area,Out_of_intersection,Fog_or_smoke,Other_collision,Manual_entry,4.79898,46.17492,True,2016-12-09,17,40,17:40,Evening,False,Winter,0.0,0.0,83.0,Departmental_road,Bidirectional,Unknown,Unknown,Straight,Wet,Unknown,On_sidewalk,Near_school,,,,,,,,,,,,,,,,,,,Not a holiday,0