,accident_id,year,month,day,lighting_label,urban_label,intersection_label,weather_label,collision_label,gps_label,longitude_num,latitude_num,valid_geo,date,hour,minute,time_hhmm,time_of_day,is_weekend,season,num_lanes,pedestrian_crossing_width,road_width,road_category_label,traffic_regime_label,reserved_lane_label,road_profile_label,road_layout_label,surface_condition_label,infrastructure_label,situation_label,school_zone_label,vehicle_id,traffic_direction_label,vehicle_category_label,mobile_obstacle_label,impact_point_label,manoeuvre_label,occupants_group,birth_year,sex_label,user_category_label,injury_severity_label,seat_position_label,journey_purpose_label,pedestrian_location_label,pedestrian_action_label,pedestrian_state_label,safety_equipment_type,safety_equipment_usage,holiday_name,is_holiday
6812,201600004845,2016,4,6,Night_with_public_lighting_on,Built_up_area,Intersection_T,Normal,Other_collision,Manual_entry,3.31029,49.37651,True,2016-04-06,1,6,01:06,Night,False,Spring,0.0,0.0,0.0,Communal_way,Bidirectional,Unknown,Flat,Straight,Normal,Unknown,Unknown,Unknown,,,,,,,,,,,,,,,,,,,Not a holiday,0
6813,201600004846,2016,7,12,Daylight,Built_up_area,Intersection_X,Normal,Other_collision,Manual_entry,3.32453,49.3821,True,2016-07-12,8,55,08:55,Morning,False,Summer,2.0,0.0,59.0,Communal_way,Bidirectional,Unknown,Flat,Straight,Normal,Unknown,On_road,Unknown,,,,,,,,,,,,,,,,,,,Not a holiday,0
6814,201600004847,2016,7,20,Daylight,Built_up_area,Out_of_intersection,Normal,Other_collision,Manual_entry,3.32815,49.3796,True,2016-07-20,9,50,09:50,Morning,False,Summer,1.0,0.0,50.0,Communal_way,One_way,Unknown,Flat,Straight,Normal,Unknown,On_road,Unknown,,,,,,,,,,,,,,,,,,,Not a holiday,0
6815,201600004848,2016,9,16,Night_with_public_lighting_on,Built_up_area,Out_of_intersection,Light_rain,Other_collision,Manual_entry,3.31019,49.37819,True,2016-09-16,22,15,22:15,Night,False,Autumn,2.0,0.0,59.0,Communal_way,Bidirectional,Unknown,Flat,Straight,Normal,Unknown,On_sidewalk,Unknown,,,,,,,,,,,,,,,,,,,Not a holiday,0
6816,201600004849,2016,11,21,Night_with_public_lighting_on,Built_up_area,Other,Other,Other_collision,Manual_entry,3.32367,49.37066,True,2016-11-21,17,56,17:56,Evening,False,Autumn,2.0,0.0,40.0,Communal_way,Bidirectional,Unknown,Flat,Straight,Wet,Unknown,On_road,Unknown,,,,,,,,,,,,,,,,,,,Not a holiday,0
6817,201600004850,2016,12,5,Daylight,Out_of_agglomeration,Roundabout,Normal,Other_collision,Manual_entry,3.3154,49.35962,True,2016-12-05,11,50,11:50,Morning,False,Winter,2.0,580.0,90.0,Departmental_road,One_way,Unknown,Flat,Curve_left,Normal,Unknown,On_road,Unknown,,,,,,,,,,,,,,,,,,,Not a holiday,0
6818,201600004851,2016,12,15,Night_with_public_lighting_on,Built_up_area,Intersection_T,Normal,Side_two_vehicles,Manual_entry,3.31052,49.36827,True,2016-12-15,18,5,18:05,Evening,False,Winter,2.0,0.0,60.0,Communal_way,Bidirectional,Unknown,Flat,Straight,Wet,Unknown,On_road,Unknown,,,,,,,,,,,,,,,,,,,Not a holiday,0
6819,201600004852,2016,11,21,Twilight_or_dawn,Built_up_area,Out_of_intersection,Cloudy,Other_collision,Manual_entry,3.30873,49.3752,True,2016-11-21,18,5,18:05,Evening,False,Autumn,2.0,0.0,92.0,Communal_way,Bidirectional,Unknown,Flat,Straight,Wet,Unknown,On_road,Unknown,,,,,,,,,,,,,,,,,,,Not a holiday,0
6820,201600004853,2016,2,29,Night_without_public_lighting,Out_of_agglomeration,Out_of_intersection,Snow_or_hail,No_collision,Manual_entry,,,False,2016-02-29,22,15,22:15,Night,False,Winter,2.0,0.0,78.0,Departmental_road,Bidirectional,Unknown,Slope,Curve_left,Snow,Unknown,On_road,Not_near_school,,,,,,,,,,,,,,,,,,,Not a holiday,0
6821,201600004854,2016,4,1,Daylight,Built_up_area,Intersection_T,Normal,Side_two_vehicles,Manual_entry,5.914,45.269,True,2016-04-01,16,30,16:30,Afternoon,False,Spring,2.0,0.0,88.0,Departmental_road,Bidirectional,Bike_path,Flat,Straight,Normal,Unknown,On_road,Not_near_school,,,,,,,,,,,,,,,,,,,Not a holiday,0
6822,201600004855,2016,7,20,Daylight,Built_up_area,Out_of_intersection,Normal,Frontal_two_vehicles,Manual_entry,5.88567,45.23356,True,2016-07-20,11,0,11:00,Morning,False,Summer,2.0,0.0,0.0,Departmental_road,Bidirectional,Unknown,Slope,Unknown,Normal,Unknown,On_road,Unknown,,,,,,,,,,,,,,,,,,,Not a holiday,0
6823,201600004856,2016,9,30,Daylight,Out_of_agglomeration,Out_of_intersection,Normal,Multiple_three_plus,Manual_entry,5.80833,45.16446,True,2016-09-30,8,30,08:30,Morning,False,Autumn,0.0,0.0,0.0,Departmental_road,Bidirectional,Unknown,Slope,Unknown,Normal,Unknown,On_road,Unknown,,,,,,,,,,,,,,,,,,,Not a holiday,0
6824,201600004857,2016,9,29,Daylight,Built_up_area,Out_of_intersection,Normal,Other_collision,Manual_entry,5.831,45.202,True,2016-09-29,16,0,16:00,Afternoon,False,Autumn,2.0,0.0,70.0,Communal_way,Bidirectional,Unknown,Flat,Straight,Normal,Unknown,On_road,Not_near_school,,,,,,,,,,,,,,,,,,,Not a holiday,0
6825,201600004858,2016,12,2,Daylight,Built_up_area,Intersection_Y,Normal,Side_two_vehicles,Manual_entry,5.88956,45.23925,True,2016-12-02,16,30,16:30,Afternoon,False,Winter,2.0,0.0,0.0,Departmental_road,Bidirectional,Unknown,Flat,Unknown,Normal,Unknown,On_road,Near_school,,,,,,,,,,,,,,,,,,,Not a holiday,0
6826,201600004859,2016,12,7,Daylight,Built_up_area,Out_of_intersection,Normal,Rear_end_two_vehicles,Manual_entry,5.83728,45.20336,True,2016-12-07,11,15,11:15,Morning,False,Winter,0.0,0.0,0.0,Departmental_road,Bidirectional,Unknown,Slope,Straight,Normal,Unknown,On_road,Unknown,,,,,,,,,,,,,,,,,,,Not a holiday,0
6827,201600004860,2016,1,9,Daylight,Out_of_agglomeration,Out_of_intersection,Normal,Frontal_two_vehicles,Manual_entry,5.76516,45.14683,True,2016-01-09,11,45,11:45,Morning,True,Winter,0.0,0.0,76.0,Departmental_road,Bidirectional,Unknown,Slope,S-bend,Wet,Unknown,On_road,Not_near_school,,,,,,,,,,,,,,,,,,,Not a holiday,0
6828,201600004861,2016,1,17,Daylight,Out_of_agglomeration,Intersection_Y,Normal,Other_collision,Manual_entry,5.78251,45.14483,True,2016-01-17,12,0,12:00,Afternoon,True,Winter,,,,Communal_way,Unknown,Unknown,Unknown,Unknown,Wet,Unknown,Unknown,Unknown,,,,,,,,,,,,,,,,,,,Not a holiday,0
6829,201600004862,2016,4,19,Daylight,Built_up_area,Out_of_intersection,Normal,Other_collision,Manual_entry,,,False,2016-04-19,16,15,16:15,Afternoon,False,Spring,1.0,0.0,60.0,Communal_way,Unknown,Unknown,Flat,Curve_left,Normal,Unknown,On_road,Not_near_school,,,,,,,,,,,,,,,,,,,Not a holiday,0
6830,201600004863,2016,9,25,Daylight,Built_up_area,Out_of_intersection,Normal,Frontal_two_vehicles,Manual_entry,,,False,2016-09-25,7,30,07:30,Morning,True,Autumn,2.0,0.0,0.0,Communal_way,Bidirectional,Bike_path,Slope,Curve_left,Normal,Unknown,On_road,Unknown,,,,,,,,,,,,,,,,,,,Not a holiday,0
6831,201600004864,2016,11,19,Daylight,Built_up_area,Roundabout,Normal,Side_two_vehicles,Manual_entry,5.73384,45.15303,True,2016-11-19,15,45,15:45,Afternoon,True,Autumn,0.0,30.0,30.0,Departmental_road,Unknown,Unknown,Flat,Curve_right,Normal,Unknown,On_road,Not_near_school,,,,,,,,,,,,,,,,,,,Not a holiday,0
6832,201600004865,2016,11,30,Daylight,Built_up_area,Out_of_intersection,Normal,Side_two_vehicles,Manual_entry,,,False,2016-11-30,12,45,12:45,Afternoon,False,Autumn,0.0,0.0,0.0,Departmental_road,Bidirectional,Unknown,Flat,Straight,Normal,Unknown,On_road,Unknown,,,,,,,,,,,,,,,,,,,Not a holiday,0
6833,201600004866,2016,12,2,Daylight,Built_up_area,Out_of_intersection,Normal,Rear_end_two_vehicles,Manual_entry,,,False,2016-12-02,16,0,16:00,Afternoon,False,Winter,2.0,0.0,0.0,Departmental_road,Bidirectional,Unknown,Flat,Straight,Normal,Unknown,On_road,Unknown,,,,,,,,,,,,,,,,,,,Not a holiday,0
6834,201600004867,2016,12,12,Daylight,Out_of_agglomeration,Out_of_intersection,Normal,Other_collision,Manual_entry,,,False,2016-12-12,8,30,08:30,Morning,False,Winter,2.0,0.0,90.0,Departmental_road,Unknown,Unknown,Unknown,Curve_left,Icy,Unknown,On_road,Not_near_school,,,,,,,,,,,,,,,,,,,Not a holiday,0
6835,201600004868,2016,10,21,Daylight,Built_up_area,Out_of_intersection,Normal,Other_collision,Manual_entry,5.69977,45.13057,True,2016-10-21,17,0,17:00,Evening,False,Autumn,0.0,0.0,0.0,Departmental_road,Separated_carriageways,Reserved_channel,Flat,Straight,Normal,Unknown,On_road,Unknown,,,,,,,,,,,,,,,,,,,Not a holiday,0
6836,201600004869,2016,12,21,Daylight,Out_of_agglomeration,Out_of_intersection,Normal,Multiple_three_plus,Manual_entry,,,False,2016-12-21,15,45,15:45,Afternoon,False,Winter,2.0,0.0,0.0,Departmental_road,Bidirectional,Unknown,Flat,Unknown,Normal,Unknown,Unknown,Unknown,,,,,,,,,,,,,,,,,,,Not a holiday,0
6837,201600004870,2016,3,26,Daylight,Built_up_area,Roundabout,Normal,Rear_end_two_vehicles,Manual_entry,,,False,2016-03-26,16,0,16:00,Afternoon,True,Spring,2.0,0.0,90.0,Communal_way,Bidirectional,Unknown,Unknown,Curve_right,Normal,Roundabout,On_road,Unknown,,,,,,,,,,,,,,,,,,,Not a holiday,0
6838,201600004871,2016,4,24,Twilight_or_dawn,Built_up_area,Out_of_intersection,Cloudy,Other_collision,Manual_entry,6.00396,45.43549,True,2016-04-24,6,0,06:00,Morning,True,Spring,0.0,0.0,70.0,Departmental_road,Bidirectional,Unknown,Flat,Straight,Normal,Bridge,On_sidewalk,Not_near_school,,,,,,,,,,,,,,,,,,,Not a holiday,0
6839,201600004872,2016,5,1,Night_without_public_lighting,Out_of_agglomeration,Out_of_intersection,Light_rain,Other_collision,Manual_entry,,,False,2016-05-01,22,15,22:15,Night,True,Spring,2.0,0.0,70.0,Departmental_road,Bidirectional,Unknown,Unknown,Curve_right,Wet,Unknown,On_verge,Unknown,,,,,,,,,,,,,,,,,,,Labour Day,1
6840,201600004873,2016,7,10,Daylight,Out_of_agglomeration,Out_of_intersection,Normal,Frontal_two_vehicles,Manual_entry,6.08647,45.40804,True,2016-07-10,15,0,15:00,Afternoon,True,Summer,2.0,0.0,65.0,Departmental_road,Bidirectional,Unknown,Unknown,Curve_left,Normal,Unknown,On_road,Unknown,,,,,,,,,,,,,,,,,,,Not a holiday,0
6841,201600004874,2016,7,15,Twilight_or_dawn,Out_of_agglomeration,Out_of_intersection,Normal,Other_collision,Manual_entry,,,False,2016-07-15,21,45,21:45,Night,False,Summer,2.0,0.0,70.0,Departmental_road,Bidirectional,Unknown,Slope,S-bend,Normal,Unknown,On_verge,Unknown,,,,,,,,,,,,,,,,,,,Not a holiday,0
6842,201600004875,2016,7,27,Daylight,Built_up_area,Other,Normal,Other_collision,Manual_entry,,,False,2016-07-27,16,15,16:15,Afternoon,False,Summer,0.0,0.0,0.0,Parking_lot,One_way,Unknown,Flat,Unknown,Normal,Unknown,On_road,Unknown,,,,,,,,,,,,,,,,,,,Not a holiday,0
6843,201600004876,2016,10,14,Daylight,Built_up_area,Out_of_intersection,Normal,Side_two_vehicles,Manual_entry,6.07247,45.39539,True,2016-10-14,14,30,14:30,Afternoon,False,Autumn,0.0,0.0,0.0,Departmental_road,Bidirectional,Unknown,Unknown,Unknown,Unknown,Unknown,Unknown,Unknown,,,,,,,,,,,,,,,,,,,Not a holiday,0
6844,201600004877,2016,11,16,Daylight,Out_of_agglomeration,Out_of_intersection,Normal,No_collision,Manual_entry,6.03461,45.43552,True,2016-11-16,16,45,16:45,Afternoon,False,Autumn,2.0,0.0,90.0,Departmental_road,Bidirectional,Bike_path,Flat,Straight,Normal,Unknown,On_road,Not_near_school,,,,,,,,,,,,,,,,,,,Not a holiday,0
6845,201600004878,2016,11,22,Daylight,Out_of_agglomeration,Out_of_intersection,Cloudy,No_collision,Manual_entry,6.034,45.43532,True,2016-11-22,14,30,14:30,Afternoon,False,Autumn,0.0,0.0,60.0,Departmental_road,Bidirectional,Cycle_bank,Flat,Curve_left,Wet,Unknown,Unknown,Unknown,,,,,,,,,,,,,,,,,,,Not a holiday,0
6846,201600004879,2016,12,7,Night_with_public_lighting_on,Built_up_area,Out_of_intersection,Normal,Other_collision,Manual_entry,6.00617,45.4267,True,2016-12-07,17,45,17:45,Evening,False,Winter,0.0,0.0,70.0,Communal_way,Bidirectional,Unknown,Unknown,Straight,Normal,Unknown,On_verge,Near_school,,,,,,,,,,,,,,,,,,,Not a holiday,0
6847,201600004880,2016,1,16,Daylight,Built_up_area,Out_of_intersection,Light_rain,Side_two_vehicles,Manual_entry,,,False,2016-01-16,12,45,12:45,Afternoon,True,Winter,0.0,62.0,83.0,Departmental_road,Bidirectional,Unknown,Flat,Straight,Wet,Roundabout,On_road,Unknown,,,,,,,,,,,,,,,,,,,Not a holiday,0
6848,201600004881,2016,1,24,Twilight_or_dawn,Built_up_area,Roundabout,Normal,Side_two_vehicles,Manual_entry,,,False,2016-01-24,17,30,17:30,Evening,True,Winter,2.0,61.0,40.0,Communal_way,Bidirectional,Bike_path,Slope,Unknown,Normal,Roundabout,On_road,Unknown,,,,,,,,,,,,,,,,,,,Not a holiday,0
6849,201600004882,2016,2,21,Night_with_public_lighting_on,Built_up_area,Out_of_intersection,Normal,Side_two_vehicles,Manual_entry,,,False,2016-02-21,21,0,21:00,Night,True,Winter,2.0,0.0,0.0,Departmental_road,Bidirectional,Cycle_bank,Flat,Straight,Normal,Railway,On_road,Unknown,,,,,,,,,,,,,,,,,,,Not a holiday,0
6850,201600004883,2016,3,25,Night_with_public_lighting_on,Built_up_area,Out_of_intersection,Normal,Chain_three_plus,Manual_entry,,,False,2016-03-25,19,15,19:15,Evening,False,Spring,0.0,0.0,62.0,Communal_way,Bidirectional,Unknown,Slope,Straight,Normal,Unknown,On_road,Not_near_school,,,,,,,,,,,,,,,,,,,Not a holiday,0
6851,201600004884,2016,4,20,Twilight_or_dawn,Built_up_area,Intersection_X,Normal,Side_two_vehicles,Manual_entry,5.67641,45.235,True,2016-04-20,19,15,19:15,Evening,False,Spring,2.0,0.0,75.0,Departmental_road,Bidirectional,Unknown,Flat,Straight,Normal,Unknown,On_road,Not_near_school,,,,,,,,,,,,,,,,,,,Not a holiday,0
6852,201600004885,2016,5,18,Night_with_public_lighting_not_functioning,Built_up_area,Out_of_intersection,Normal,Frontal_two_vehicles,Manual_entry,,,False,2016-05-18,4,45,04:45,Night,False,Spring,0.0,0.0,40.0,Departmental_road,One_way,Unknown,Flat,Straight,Normal,Unknown,On_road,Not_near_school,,,,,,,,,,,,,,,,,,,Not a holiday,0
6853,201600004886,2016,7,16,Daylight,Built_up_area,Roundabout,Normal,Side_two_vehicles,Manual_entry,5.66312,45.23707,True,2016-07-16,6,30,06:30,Morning,True,Summer,,,,Highway,Unknown,Unknown,Unknown,Unknown,Unknown,Interchange,Unknown,Unknown,,,,,,,,,,,,,,,,,,,Not a holiday,0
6854,201600004887,2016,8,1,Daylight,Out_of_agglomeration,Other,Normal,No_collision,Manual_entry,,,False,2016-08-01,11,15,11:15,Morning,False,Summer,2.0,0.0,46.0,Departmental_road,Bidirectional,Unknown,Hilltop,S-bend,Normal,Unknown,On_road,Unknown,,,,,,,,,,,,,,,,,,,Not a holiday,0
6855,201600004888,2016,8,4,Daylight,Built_up_area,Out_of_intersection,Normal,Rear_end_two_vehicles,Manual_entry,,,False,2016-08-04,10,45,10:45,Morning,False,Summer,4.0,0.0,0.0,Departmental_road,Separated_carriageways,Bike_path,Slope,Straight,Normal,Unknown,On_road,Unknown,,,,,,,,,,,,,,,,,,,Not a holiday,0
6856,201600004889,2016,8,10,Daylight,Built_up_area,Other,Normal,Other_collision,Manual_entry,,,False,2016-08-10,14,30,14:30,Afternoon,False,Summer,1.0,0.0,0.0,Parking_lot,One_way,Unknown,Flat,Straight,Normal,Unknown,On_road,Unknown,,,,,,,,,,,,,,,,,,,Not a holiday,0
6857,201600004890,2016,8,16,Daylight,Out_of_agglomeration,Out_of_intersection,Normal,Other_collision,Manual_entry,,,False,2016-08-16,16,0,16:00,Afternoon,False,Summer,2.0,47.0,0.0,Communal_way,Bidirectional,Unknown,Unknown,Straight,Normal,Roundabout,On_road,Unknown,,,,,,,,,,,,,,,,,,,Not a holiday,0
6858,201600004891,2016,9,25,Daylight,Built_up_area,Out_of_intersection,Normal,Frontal_two_vehicles,Manual_entry,,,False,2016-09-25,15,45,15:45,Afternoon,True,Autumn,2.0,54.0,0.0,Communal_way,Bidirectional,Unknown,Flat,S-bend,Normal,Unknown,On_road,Unknown,,,,,,,,,,,,,,,,,,,Not a holiday,0
6859,201600004892,2016,9,30,Daylight,Built_up_area,Out_of_intersection,Normal,Side_two_vehicles,Manual_entry,,,False,2016-09-30,14,30,14:30,Afternoon,False,Autumn,2.0,0.0,60.0,Departmental_road,Unknown,Unknown,Flat,Straight,Normal,Roundabout,On_road,Unknown,,,,,,,,,,,,,,,,,,,Not a holiday,0
6860,201600004893,2016,11,23,Daylight,Out_of_agglomeration,Out_of_intersection,Normal,Frontal_two_vehicles,Manual_entry,,,False,2016-11-23,14,0,14:00,Afternoon,False,Autumn,1.0,0.0,75.0,Departmental_road,One_way,Cycle_bank,Slope,Straight,Normal,Unknown,On_road,Unknown,,,,,,,,,,,,,,,,,,,Not a holiday,0
6861,201600004894,2016,12,9,Daylight,Built_up_area,Other,Normal,No_collision,Manual_entry,,,False,2016-12-09,15,45,15:45,Afternoon,False,Winter,0.0,0.0,0.0,Parking_lot,One_way,Unknown,Unknown,Straight,Normal,Unknown,On_road,Not_near_school,,,,,,,,,,,,,,,,,,,Not a holiday,0
6862,201600004895,2016,1,1,Night_without_public_lighting,Out_of_agglomeration,Out_of_intersection,Light_rain,Other_collision,Manual_entry,,,False,2016-01-01,4,45,04:45,Night,False,Winter,0.0,0.0,0.0,Departmental_road,Bidirectional,Unknown,Flat,Curve_right,Wet,Bridge,On_verge,Unknown,,,,,,,,,,,,,,,,,,,New year,1
6863,201600004896,2016,2,13,Night_without_public_lighting,Out_of_agglomeration,Out_of_intersection,Other,No_collision,Manual_entry,,,False,2016-02-13,4,45,04:45,Night,True,Winter,0.0,0.0,60.0,Departmental_road,Bidirectional,Unknown,Slope,Curve_right,Icy,Unknown,On_verge,Not_near_school,,,,,,,,,,,,,,,,,,,Not a holiday,0
6864,201600004897,2016,3,28,Daylight,Out_of_agglomeration,Out_of_intersection,Light_rain,No_collision,Manual_entry,,,False,2016-03-28,10,15,10:15,Morning,False,Spring,2.0,0.0,65.0,Departmental_road,Bidirectional,Unknown,Slope,Curve_left,Wet,Unknown,On_road,Unknown,,,,,,,,,,,,,,,,,,,Easter Monday,1
6865,201600004898,2016,4,13,Night_with_public_lighting_on,Out_of_agglomeration,Out_of_intersection,Cloudy,Other_collision,Manual_entry,,,False,2016-04-13,21,15,21:15,Night,False,Spring,2.0,0.0,0.0,Departmental_road,Bidirectional,Unknown,Flat,Curve_right,Wet,Unknown,On_verge,Not_near_school,,,,,,,,,,,,,,,,,,,Not a holiday,0
6866,201600004899,2016,6,18,Daylight,Out_of_agglomeration,Roundabout,Normal,Frontal_two_vehicles,Manual_entry,,,False,2016-06-18,15,30,15:30,Afternoon,True,Summer,2.0,9.0,86.0,Departmental_road,Bidirectional,Unknown,Flat,Straight,Normal,Unknown,On_road,Unknown,,,,,,,,,,,,,,,,,,,Not a holiday,0
6867,201600004900,2016,1,10,Daylight,Built_up_area,Out_of_intersection,Normal,Side_two_vehicles,Manual_entry,,,False,2016-01-10,12,15,12:15,Afternoon,True,Winter,4.0,0.0,0.0,Communal_way,Bidirectional,Unknown,Flat,Straight,Wet,Roundabout,On_road,Unknown,,,,,,,,,,,,,,,,,,,Not a holiday,0
6868,201600004901,2016,3,30,Twilight_or_dawn,Built_up_area,Out_of_intersection,Normal,Frontal_two_vehicles,Manual_entry,,,False,2016-03-30,7,0,07:00,Morning,False,Spring,2.0,0.0,60.0,Communal_way,Bidirectional,Unknown,Flat,Straight,Normal,Unknown,On_road,Unknown,,,,,,,,,,,,,,,,,,,Not a holiday,0
6869,201600004902,2016,5,7,Daylight,Out_of_agglomeration,Out_of_intersection,Normal,No_collision,Manual_entry,5.62116,45.18347,True,2016-05-07,13,45,13:45,Afternoon,True,Spring,0.0,0.0,80.0,Departmental_road,Bidirectional,Unknown,Hill_bottom,Curve_left,Normal,Unknown,On_road,Not_near_school,,,,,,,,,,,,,,,,,,,Not a holiday,0
6870,201600004903,2016,5,30,Daylight,Built_up_area,Out_of_intersection,Normal,Side_two_vehicles,Manual_entry,,,False,2016-05-30,11,0,11:00,Morning,False,Spring,0.0,70.0,0.0,Departmental_road,Bidirectional,Unknown,Flat,Straight,Normal,Unknown,On_road,Unknown,,,,,,,,,,,,,,,,,,,Not a holiday,0
6871,201600004904,2016,6,25,Daylight,Out_of_agglomeration,Out_of_intersection,Normal,No_collision,Manual_entry,5.63238,45.20423,True,2016-06-25,14,15,14:15,Afternoon,True,Summer,2.0,0.0,70.0,Departmental_road,Bidirectional,Unknown,Unknown,Curve_left,Normal,Unknown,On_road,Unknown,,,,,,,,,,,,,,,,,,,Not a holiday,0
6872,201600004905,2016,7,3,Daylight,Out_of_agglomeration,Out_of_intersection,Normal,Frontal_two_vehicles,Manual_entry,5.64565,45.21667,True,2016-07-03,15,30,15:30,Afternoon,True,Summer,2.0,0.0,60.0,Departmental_road,Bidirectional,Unknown,Slope,S-bend,Normal,Unknown,On_road,Not_near_school,,,,,,,,,,,,,,,,,,,Not a holiday,0
6873,201600004906,2016,7,23,Daylight,Out_of_agglomeration,Out_of_intersection,Normal,Side_two_vehicles,Manual_entry,,,False,2016-07-23,15,45,15:45,Afternoon,True,Summer,2.0,0.0,0.0,Departmental_road,Bidirectional,Unknown,Unknown,Curve_right,Normal,Unknown,On_road,Unknown,,,,,,,,,,,,,,,,,,,Not a holiday,0
6874,201600004907,2016,11,8,Daylight,Built_up_area,Intersection_T,Normal,Side_two_vehicles,Manual_entry,5.66601,45.1992,True,2016-11-08,12,15,12:15,Afternoon,False,Autumn,,,,Communal_way,Unknown,Unknown,Unknown,Straight,Normal,Unknown,Unknown,Unknown,,,,,,,,,,,,,,,,,,,Not a holiday,0
6875,201600004908,2016,2,24,Night_with_public_lighting_on,Built_up_area,Out_of_intersection,Normal,Side_two_vehicles,Manual_entry,,,False,2016-02-24,21,30,21:30,Night,False,Winter,3.0,0.0,80.0,Departmental_road,Separated_carriageways,Cycle_bank,Flat,Straight,Normal,Roundabout,On_road,Unknown,,,,,,,,,,,,,,,,,,,Not a holiday,0
6876,201600004909,2016,4,19,Daylight,Built_up_area,Other,Normal,Rear_end_two_vehicles,Manual_entry,5.95537,45.36233,True,2016-04-19,17,15,17:15,Evening,False,Spring,0.0,0.0,0.0,Departmental_road,Bidirectional,Cycle_bank,Slope,Unknown,Normal,Unknown,On_road,Unknown,,,,,,,,,,,,,,,,,,,Not a holiday,0
6877,201600004910,2016,4,29,Daylight,Built_up_area,Out_of_intersection,Normal,Frontal_two_vehicles,Manual_entry,,,False,2016-04-29,13,30,13:30,Afternoon,False,Spring,2.0,0.0,106.0,Departmental_road,Bidirectional,Cycle_bank,Flat,Straight,Normal,Unknown,On_road,Unknown,,,,,,,,,,,,,,,,,,,Not a holiday,0
6878,201600004911,2016,6,1,Daylight,Built_up_area,Out_of_intersection,Normal,Side_two_vehicles,Manual_entry,5.89618,45.3243,True,2016-06-01,17,45,17:45,Evening,False,Summer,2.0,0.0,73.0,Departmental_road,Bidirectional,Unknown,Unknown,Curve_left,Normal,Unknown,On_road,Not_near_school,,,,,,,,,,,,,,,,,,,Not a holiday,0
6879,201600004912,2016,6,27,Daylight,Out_of_agglomeration,Out_of_intersection,Normal,Frontal_two_vehicles,Manual_entry,,,False,2016-06-27,17,45,17:45,Evening,False,Summer,0.0,0.0,70.0,Departmental_road,Bidirectional,Unknown,Flat,Straight,Normal,Unknown,On_road,Not_near_school,,,,,,,,,,,,,,,,,,,Not a holiday,0
6880,201600004913,2016,7,5,Daylight,Built_up_area,Out_of_intersection,Normal,Other_collision,Manual_entry,,,False,2016-07-05,19,15,19:15,Evening,False,Summer,2.0,0.0,42.0,Communal_way,Bidirectional,Unknown,Unknown,Curve_left,Normal,Unknown,On_verge,Not_near_school,,,,,,,,,,,,,,,,,,,Not a holiday,0
6881,201600004914,2016,9,4,Daylight,Out_of_agglomeration,Out_of_intersection,Normal,Frontal_two_vehicles,Manual_entry,,,False,2016-09-04,15,45,15:45,Afternoon,True,Autumn,2.0,0.0,0.0,Departmental_road,Bidirectional,Unknown,Slope,Curve_right,Normal,Unknown,On_road,Unknown,,,,,,,,,,,,,,,,,,,Not a holiday,0
6882,201600004915,2016,11,27,Night_without_public_lighting,Out_of_agglomeration,Out_of_intersection,Other,No_collision,Manual_entry,5.99127,45.35346,True,2016-11-27,1,45,01:45,Night,True,Autumn,0.0,0.0,0.0,Departmental_road,Bidirectional,Unknown,Unknown,Curve_left,Icy,Unknown,On_verge,Unknown,,,,,,,,,,,,,,,,,,,Not a holiday,0
6883,201600004916,2016,12,14,Daylight,Built_up_area,Out_of_intersection,Other,No_collision,Manual_entry,5.93552,45.32792,True,2016-12-14,9,30,09:30,Morning,False,Winter,0.0,0.0,0.0,Departmental_road,Bidirectional,Unknown,Flat,Straight,Other,Unknown,On_road,Unknown,,,,,,,,,,,,,,,,,,,Not a holiday,0
6884,201600004917,2016,12,15,Night_with_public_lighting_on,Built_up_area,Out_of_intersection,Normal,Frontal_two_vehicles,Manual_entry,,,False,2016-12-15,18,0,18:00,Evening,False,Winter,2.0,0.0,0.0,Departmental_road,Unknown,Unknown,Flat,Straight,Normal,Unknown,On_road,Unknown,,,,,,,,,,,,,,,,,,,Not a holiday,0
6885,201600004918,2016,12,29,Night_without_public_lighting,Out_of_agglomeration,Out_of_intersection,Normal,Other_collision,Manual_entry,,,False,2016-12-29,19,30,19:30,Evening,False,Winter,0.0,0.0,0.0,Departmental_road,Bidirectional,Unknown,Slope,S-bend,Wet,Unknown,On_road,Unknown,,,,,,,,,,,,,,,,,,,Not a holiday,0
6886,201600004919,2016,12,31,Daylight,Out_of_agglomeration,Intersection_X,Normal,Frontal_two_vehicles,Manual_entry,5.93508,45.32503,True,2016-12-31,13,45,13:45,Afternoon,True,Winter,2.0,0.0,71.0,Departmental_road,Bidirectional,Bike_path,Flat,Straight,Normal,Unknown,On_road,Unknown,,,,,,,,,,,,,,,,,,,Not a holiday,0
6887,201600004920,2016,1,22,Daylight,Built_up_area,Out_of_intersection,Normal,Side_two_vehicles,Manual_entry,,,False,2016-01-22,12,15,12:15,Afternoon,False,Winter,0.0,0.0,0.0,Departmental_road,Bidirectional,Unknown,Flat,Straight,Normal,Unknown,On_road,Unknown,,,,,,,,,,,,,,,,,,,Not a holiday,0
6888,201600004921,2016,5,4,Night_without_public_lighting,Out_of_agglomeration,Roundabout,Normal,No_collision,Manual_entry,,,False,2016-05-04,21,30,21:30,Night,False,Spring,0.0,200.0,48.0,Departmental_road,Bidirectional,Unknown,Unknown,Curve_right,Normal,Roundabout,On_verge,Unknown,,,,,,,,,,,,,,,,,,,Not a holiday,0
6889,201600004922,2016,4,27,Daylight,Built_up_area,Out_of_intersection,Normal,Other_collision,Manual_entry,5.68225,45.08509,True,2016-04-27,13,30,13:30,Afternoon,False,Spring,0.0,0.0,0.0,Departmental_road,Bidirectional,Unknown,Unknown,Straight,Normal,Unknown,On_road,Unknown,,,,,,,,,,,,,,,,,,,Not a holiday,0
6890,201600004923,2016,5,19,Daylight,Built_up_area,Out_of_intersection,Light_rain,Other_collision,Manual_entry,,,False,2016-05-19,15,45,15:45,Afternoon,False,Spring,1.0,0.0,0.0,Departmental_road,Bidirectional,Unknown,Flat,Straight,Wet,Unknown,On_road,Unknown,,,,,,,,,,,,,,,,,,,Not a holiday,0