,accident_id,year,month,day,lighting_label,urban_label,intersection_label,weather_label,collision_label,gps_label,longitude_num,latitude_num,valid_geo,date,hour,minute,time_hhmm,time_of_day,is_weekend,season,num_lanes,pedestrian_crossing_width,road_width,road_category_label,traffic_regime_label,reserved_lane_label,road_profile_label,road_layout_label,surface_condition_label,infrastructure_label,situation_label,school_zone_label,vehicle_id,traffic_direction_label,vehicle_category_label,mobile_obstacle_label,impact_point_label,manoeuvre_label,occupants_group,birth_year,sex_label,user_category_label,injury_severity_label,seat_position_label,journey_purpose_label,pedestrian_location_label,pedestrian_action_label,pedestrian_state_label,safety_equipment_type,safety_equipment_usage,holiday_name,is_holiday
6891,201600004924,2016,6,11,Daylight,Built_up_area,Out_of_intersection,Normal,Side_two_vehicles,Manual_entry,,,False,2016-06-11,8,30,08:30,Morning,True,Summer,0.0,0.0,0.0,Departmental_road,Bidirectional,Cycle_bank,Flat,Curve_right,Other,Unknown,On_road,Unknown,,,,,,,,,,,,,,,,,,,Not a holiday,0
6892,201600004925,2016,8,27,Night_without_public_lighting,Built_up_area,Out_of_intersection,Normal,Other_collision,Manual_entry,,,False,2016-08-27,3,15,03:15,Night,True,Summer,2.0,0.0,0.0,Departmental_road,Bidirectional,Unknown,Unknown,Unknown,Normal,Unknown,On_road,Not_near_school,,,,,,,,,,,,,,,,,,,Not a holiday,0
6893,201600004926,2016,10,25,Daylight,Built_up_area,Out_of_intersection,Normal,Frontal_two_vehicles,Manual_entry,5.6869,45.04768,True,2016-10-25,16,45,16:45,Afternoon,False,Autumn,1.0,0.0,68.0,Departmental_road,Bidirectional,Unknown,Flat,Straight,Normal,Unknown,On_road,Unknown,,,,,,,,,,,,,,,,,,,Not a holiday,0
6894,201600004927,2016,11,8,Twilight_or_dawn,Built_up_area,Out_of_intersection,Fog_or_smoke,Side_two_vehicles,Manual_entry,,,False,2016-11-08,8,15,08:15,Morning,False,Autumn,2.0,0.0,0.0,Communal_way,Bidirectional,Unknown,Flat,Unknown,Normal,Unknown,On_road,Unknown,,,,,,,,,,,,,,,,,,,Not a holiday,0
6895,201600004928,2016,11,29,Night_without_public_lighting,Built_up_area,Out_of_intersection,Normal,Frontal_two_vehicles,Manual_entry,,,False,2016-11-29,17,30,17:30,Evening,False,Autumn,1.0,0.0,0.0,Departmental_road,One_way,Unknown,Flat,Straight,Normal,Interchange,On_road,Not_near_school,,,,,,,,,,,,,,,,,,,Not a holiday,0
6896,201600004929,2016,5,23,Night_without_public_lighting,Out_of_agglomeration,Out_of_intersection,Heavy_rain,No_collision,Manual_entry,,,False,2016-05-23,20,45,20:45,Evening,False,Spring,2.0,60.0,0.0,Communal_way,Bidirectional,Unknown,Unknown,Straight,Puddles,Unknown,On_road,Unknown,,,,,,,,,,,,,,,,,,,Not a holiday,0
6897,201600004930,2016,6,10,Daylight,Out_of_agglomeration,Out_of_intersection,Normal,Other_collision,Manual_entry,,,False,2016-06-10,13,45,13:45,Afternoon,False,Summer,1.0,0.0,0.0,Departmental_road,Bidirectional,Unknown,Flat,Curve_right,Normal,Unknown,On_road,Not_near_school,,,,,,,,,,,,,,,,,,,Not a holiday,0
6898,201600004931,2016,7,3,Daylight,Out_of_agglomeration,Out_of_intersection,Normal,Other_collision,Manual_entry,5.57201,45.11644,True,2016-07-03,7,0,07:00,Morning,True,Summer,2.0,0.0,0.0,Departmental_road,Bidirectional,Unknown,Flat,Curve_left,Normal,Unknown,On_verge,Not_near_school,,,,,,,,,,,,,,,,,,,Not a holiday,0
6899,201600004932,2016,7,9,Twilight_or_dawn,Out_of_agglomeration,Out_of_intersection,Normal,No_collision,Manual_entry,5.53134,45.08335,True,2016-07-09,20,30,20:30,Evening,True,Summer,0.0,0.0,0.0,Departmental_road,Bidirectional,Unknown,Flat,Curve_left,Normal,Unknown,On_road,Not_near_school,,,,,,,,,,,,,,,,,,,Not a holiday,0
6900,201600004933,2016,7,14,Daylight,Out_of_agglomeration,Out_of_intersection,Normal,Other_collision,Manual_entry,,,False,2016-07-14,3,45,03:45,Night,False,Summer,2.0,0.0,0.0,Departmental_road,Bidirectional,Unknown,Flat,Straight,Wet,Unknown,On_verge,Not_near_school,,,,,,,,,,,,,,,,,,,Bastille Day,1
6901,201600004934,2016,8,8,Daylight,Out_of_agglomeration,Out_of_intersection,Normal,Frontal_two_vehicles,Manual_entry,5.59413,45.14258,True,2016-08-08,19,45,19:45,Evening,False,Summer,2.0,0.0,82.0,Departmental_road,Bidirectional,Unknown,Flat,Curve_right,Normal,Unknown,On_road,Unknown,,,,,,,,,,,,,,,,,,,Not a holiday,0
6902,201600004935,2016,10,16,Daylight,Out_of_agglomeration,Out_of_intersection,Normal,Other_collision,Manual_entry,5.52182,45.08009,True,2016-10-16,15,30,15:30,Afternoon,True,Autumn,1.0,0.0,0.0,Departmental_road,Bidirectional,Unknown,Slope,Curve_left,Normal,Unknown,On_road,Not_near_school,,,,,,,,,,,,,,,,,,,Not a holiday,0
6903,201600004936,2016,12,29,Daylight,Out_of_agglomeration,Out_of_intersection,Dazzling,Multiple_three_plus,Manual_entry,,,False,2016-12-29,12,0,12:00,Afternoon,False,Winter,0.0,50.0,0.0,Departmental_road,Bidirectional,Unknown,Flat,Straight,Normal,Unknown,On_road,Unknown,,,,,,,,,,,,,,,,,,,Not a holiday,0
6904,201600004937,2016,1,25,Daylight,Built_up_area,Intersection_T,Normal,Other_collision,Manual_entry,3.33619,49.65806,True,2016-01-25,10,18,10:18,Morning,False,Winter,2.0,0.0,86.0,Communal_way,Bidirectional,Unknown,Flat,Straight,Wet,Unknown,On_road,Unknown,,,,,,,,,,,,,,,,,,,Not a holiday,0
6905,201600004938,2016,12,30,Daylight,Built_up_area,Place,Fog_or_smoke,Other_collision,Manual_entry,3.28539,49.66438,True,2016-12-30,16,10,16:10,Afternoon,False,Winter,0.0,0.0,151.0,other,Unknown,Unknown,Flat,Unknown,Icy,Unknown,On_road,Near_school,,,,,,,,,,,,,,,,,,,Not a holiday,0
6906,201600004939,2016,1,29,Daylight,Out_of_agglomeration,Intersection_X,Cloudy,Multiple_three_plus,Unknown,,,False,2016-01-29,9,57,09:57,Morning,False,Winter,2.0,0.0,0.0,Departmental_road,Bidirectional,Unknown,Flat,Straight,Normal,Unknown,On_road,Unknown,,,,,,,,,,,,,,,,,,,Not a holiday,0
6907,201600004940,2016,1,30,Daylight,Out_of_agglomeration,Out_of_intersection,Light_rain,Multiple_three_plus,Manual_entry,,,False,2016-01-30,8,5,08:05,Morning,True,Winter,2.0,0.0,0.0,Departmental_road,Bidirectional,Unknown,Unknown,Unknown,Wet,Unknown,On_road,Unknown,,,,,,,,,,,,,,,,,,,Not a holiday,0
6908,201600004941,2016,1,27,Daylight,Built_up_area,Intersection_T,Normal,Other_collision,Manual_entry,3.29308,49.65422,True,2016-01-27,12,0,12:00,Afternoon,False,Winter,2.0,0.0,0.0,Communal_way,Bidirectional,Unknown,Flat,Straight,Normal,Unknown,On_road,Unknown,,,,,,,,,,,,,,,,,,,Not a holiday,0
6909,201600004942,2016,2,16,Daylight,Built_up_area,Out_of_intersection,Normal,Other_collision,Manual_entry,3.34345,49.65863,True,2016-02-16,12,30,12:30,Afternoon,False,Winter,2.0,0.0,0.0,Communal_way,Bidirectional,Reserved_channel,Flat,Straight,Normal,Pedestrian_area,On_road,Near_school,,,,,,,,,,,,,,,,,,,Not a holiday,0
6910,201600004943,2016,6,6,Daylight,Built_up_area,Other,Normal,Side_two_vehicles,Manual_entry,3.2729,49.64824,True,2016-06-06,18,0,18:00,Evening,False,Summer,2.0,0.0,0.0,Departmental_road,Bidirectional,Unknown,Flat,Straight,Normal,Unknown,On_road,Unknown,,,,,,,,,,,,,,,,,,,Not a holiday,0
6911,201600004944,2016,6,29,Daylight,Built_up_area,Out_of_intersection,Normal,Other_collision,Manual_entry,3.16439,49.39591,True,2016-06-29,18,40,18:40,Evening,False,Summer,2.0,0.0,58.0,Departmental_road,Bidirectional,Unknown,Flat,Straight,Normal,Unknown,On_road,Unknown,,,,,,,,,,,,,,,,,,,Not a holiday,0
6912,201600004945,2016,7,10,Daylight,Out_of_agglomeration,Out_of_intersection,Normal,No_collision,Manual_entry,3.39491,49.64533,True,2016-07-10,19,25,19:25,Evening,True,Summer,2.0,150.0,56.0,Departmental_road,Bidirectional,Unknown,Hill_bottom,Straight,Normal,Unknown,On_road,Unknown,,,,,,,,,,,,,,,,,,,Not a holiday,0
6913,201600004946,2016,7,11,Daylight,Built_up_area,Intersection_X,Normal,Frontal_two_vehicles,Manual_entry,3.30482,49.65695,True,2016-07-11,20,45,20:45,Evening,False,Summer,2.0,0.0,62.0,Communal_way,One_way,Unknown,Flat,Straight,Normal,Unknown,On_road,Unknown,,,,,,,,,,,,,,,,,,,Not a holiday,0
6914,201600004947,2016,8,20,Daylight,Built_up_area,Out_of_intersection,Normal,Other_collision,Manual_entry,3.28967,49.65506,True,2016-08-20,17,45,17:45,Evening,True,Summer,2.0,0.0,49.0,Communal_way,Bidirectional,Unknown,Flat,Straight,Normal,Unknown,On_road,Unknown,,,,,,,,,,,,,,,,,,,Not a holiday,0
6915,201600004948,2016,10,29,Daylight,Built_up_area,Intersection_T,Normal,Frontal_two_vehicles,Manual_entry,3.29249,49.65318,True,2016-10-29,9,25,09:25,Morning,True,Autumn,2.0,0.0,0.0,Communal_way,Bidirectional,Unknown,Flat,Unknown,Normal,Unknown,On_road,Unknown,,,,,,,,,,,,,,,,,,,Not a holiday,0
6916,201600004949,2016,11,5,Daylight,Built_up_area,Place,Dazzling,Other_collision,Manual_entry,3.29741,49.65923,True,2016-11-05,14,59,14:59,Afternoon,True,Autumn,1.0,0.0,0.0,Communal_way,One_way,Unknown,Flat,Unknown,Normal,Unknown,On_road,Unknown,,,,,,,,,,,,,,,,,,,Not a holiday,0
6917,201600004950,2016,11,10,Daylight,Built_up_area,Intersection_T,Light_rain,Side_two_vehicles,Manual_entry,3.30064,49.66957,True,2016-11-10,8,20,08:20,Morning,False,Autumn,1.0,0.0,48.0,Communal_way,One_way,Unknown,Slope,Straight,Wet,Unknown,On_road,Unknown,,,,,,,,,,,,,,,,,,,Not a holiday,0
6918,201600004951,2016,3,12,Daylight,Built_up_area,Intersection_Y,Normal,No_collision,Manual_entry,5.62639,45.30266,True,2016-03-12,17,0,17:00,Evening,True,Spring,2.0,0.0,0.0,Departmental_road,Separated_carriageways,Unknown,Flat,Straight,Normal,Unknown,On_road,Unknown,,,,,,,,,,,,,,,,,,,Not a holiday,0
6919,201600004952,2016,4,30,Daylight,Built_up_area,Roundabout,Light_rain,Side_two_vehicles,Manual_entry,5.62162,45.30835,True,2016-04-30,18,0,18:00,Evening,True,Spring,3.0,0.0,108.0,Departmental_road,Bidirectional,Unknown,Unknown,Curve_right,Wet,Unknown,On_road,Unknown,,,,,,,,,,,,,,,,,,,Not a holiday,0
6920,201600004953,2016,6,11,Daylight,Built_up_area,Out_of_intersection,Normal,Other_collision,Manual_entry,,,False,2016-06-11,14,30,14:30,Afternoon,True,Summer,0.0,3.0,120.0,Departmental_road,Separated_carriageways,Unknown,Flat,Straight,Normal,Unknown,On_road,Not_near_school,,,,,,,,,,,,,,,,,,,Not a holiday,0
6921,201600004954,2016,6,14,Daylight,Out_of_agglomeration,Out_of_intersection,Light_rain,Other_collision,Manual_entry,5.62634,45.30273,True,2016-06-14,9,15,09:15,Morning,False,Summer,4.0,0.0,0.0,Departmental_road,Separated_carriageways,Unknown,Flat,Straight,Wet,Pedestrian_area,On_road,Unknown,,,,,,,,,,,,,,,,,,,Not a holiday,0
6922,201600004955,2016,7,3,Daylight,Out_of_agglomeration,Out_of_intersection,Normal,Frontal_two_vehicles,Manual_entry,5.66169,45.33774,True,2016-07-03,17,0,17:00,Evening,True,Summer,2.0,0.0,0.0,Departmental_road,Bidirectional,Unknown,Slope,Curve_right,Normal,Unknown,On_road,Unknown,,,,,,,,,,,,,,,,,,,Not a holiday,0
6923,201600004956,2016,7,9,Night_with_public_lighting_not_functioning,Built_up_area,Out_of_intersection,Normal,Other_collision,Manual_entry,5.62101,45.32995,True,2016-07-09,3,15,03:15,Night,True,Summer,2.0,0.0,75.0,Departmental_road,Bidirectional,Cycle_bank,Flat,Straight,Normal,Unknown,On_verge,Not_near_school,,,,,,,,,,,,,,,,,,,Not a holiday,0
6924,201600004957,2016,7,28,Daylight,Built_up_area,Roundabout,Normal,Side_two_vehicles,Manual_entry,5.6289,45.29566,True,2016-07-28,7,15,07:15,Morning,False,Summer,2.0,0.0,0.0,Departmental_road,Bidirectional,Unknown,Flat,Straight,Normal,Unknown,On_road,Not_near_school,,,,,,,,,,,,,,,,,,,Not a holiday,0
6925,201600004958,2016,2,18,Night_without_public_lighting,Out_of_agglomeration,Out_of_intersection,Normal,Frontal_two_vehicles,Manual_entry,,,False,2016-02-18,21,45,21:45,Night,False,Winter,0.0,0.0,85.0,Departmental_road,Bidirectional,Unknown,Slope,Curve_left,Normal,Unknown,On_road,Unknown,,,,,,,,,,,,,,,,,,,Not a holiday,0
6926,201600004959,2016,5,6,Daylight,Out_of_agglomeration,Out_of_intersection,Normal,Other_collision,Manual_entry,5.95261,44.82291,True,2016-05-06,16,0,16:00,Afternoon,False,Spring,2.0,0.0,85.0,National_road,Bidirectional,Unknown,Unknown,Curve_left,Normal,Unknown,On_road,Not_near_school,,,,,,,,,,,,,,,,,,,Not a holiday,0
6927,201600004960,2016,5,6,Daylight,Out_of_agglomeration,Out_of_intersection,Normal,Other_collision,Manual_entry,,,False,2016-05-06,19,45,19:45,Evening,False,Spring,2.0,0.0,0.0,Departmental_road,Bidirectional,Unknown,Flat,Curve_right,Normal,Unknown,On_road,Not_near_school,,,,,,,,,,,,,,,,,,,Not a holiday,0
6928,201600004961,2016,7,11,Daylight,Out_of_agglomeration,Out_of_intersection,Normal,Frontal_two_vehicles,Manual_entry,,,False,2016-07-11,19,45,19:45,Evening,False,Summer,0.0,0.0,59.0,Departmental_road,Bidirectional,Unknown,Flat,Straight,Normal,Unknown,On_road,Not_near_school,,,,,,,,,,,,,,,,,,,Not a holiday,0
6929,201600004962,2016,9,30,Daylight,Out_of_agglomeration,Out_of_intersection,Normal,No_collision,Manual_entry,,,False,2016-09-30,18,15,18:15,Evening,False,Autumn,2.0,0.0,0.0,Departmental_road,Bidirectional,Unknown,Flat,Curve_left,Normal,Unknown,On_verge,Unknown,,,,,,,,,,,,,,,,,,,Not a holiday,0
6930,201600004963,2016,11,11,Daylight,Built_up_area,Intersection_T,Normal,Frontal_two_vehicles,Manual_entry,5.75787,44.9488,True,2016-11-11,9,45,09:45,Morning,False,Autumn,2.0,0.0,85.0,Departmental_road,Bidirectional,Unknown,Unknown,Curve_right,Wet,Unknown,On_road,Unknown,,,,,,,,,,,,,,,,,,,Armistice Day,1
6931,201600004964,2016,12,10,Night_with_public_lighting_on,Built_up_area,Intersection_T,Normal,Frontal_two_vehicles,Manual_entry,5.79383,44.91015,True,2016-12-10,19,0,19:00,Evening,True,Winter,0.0,0.0,84.0,Departmental_road,Bidirectional,Bike_path,Flat,Straight,Normal,Unknown,On_road,Unknown,,,,,,,,,,,,,,,,,,,Not a holiday,0
6932,201600004965,2016,7,31,Daylight,Out_of_agglomeration,Out_of_intersection,Normal,Other_collision,Manual_entry,5.66261,44.76873,True,2016-07-31,9,45,09:45,Morning,True,Summer,2.0,0.0,0.0,Departmental_road,Bidirectional,Unknown,Slope,Curve_right,Normal,Unknown,On_verge,Unknown,,,,,,,,,,,,,,,,,,,Not a holiday,0
6933,201600004966,2016,9,9,Night_without_public_lighting,Out_of_agglomeration,Out_of_intersection,Normal,Other_collision,Manual_entry,,,False,2016-09-09,23,30,23:30,Night,False,Autumn,2.0,0.0,30.0,Departmental_road,Bidirectional,Unknown,Flat,Straight,Normal,Bridge,On_road,Unknown,,,,,,,,,,,,,,,,,,,Not a holiday,0
6934,201600004967,2016,9,11,Daylight,Built_up_area,Out_of_intersection,Normal,No_collision,Manual_entry,5.60879,44.82684,True,2016-09-11,12,45,12:45,Afternoon,True,Autumn,2.0,0.0,40.0,Departmental_road,Bidirectional,Unknown,Flat,Unknown,Normal,Unknown,On_verge,Unknown,,,,,,,,,,,,,,,,,,,Not a holiday,0
6935,201600004968,2016,2,13,Daylight,Built_up_area,Out_of_intersection,Normal,Other_collision,Manual_entry,,,False,2016-02-13,11,15,11:15,Morning,True,Winter,0.0,0.0,68.0,Departmental_road,One_way,Unknown,Flat,Straight,Normal,Unknown,On_road,Not_near_school,,,,,,,,,,,,,,,,,,,Not a holiday,0
6936,201600004969,2016,5,19,Daylight,Out_of_agglomeration,Out_of_intersection,Light_rain,Multiple_three_plus,Manual_entry,,,False,2016-05-19,15,45,15:45,Afternoon,False,Spring,3.0,0.0,0.0,Departmental_road,Bidirectional,Unknown,Slope,Curve_left,Wet,Unknown,On_road,Unknown,,,,,,,,,,,,,,,,,,,Not a holiday,0
6937,201600004970,2016,7,1,Daylight,Out_of_agglomeration,Out_of_intersection,Normal,Rear_end_two_vehicles,Manual_entry,5.71359,45.10402,True,2016-07-01,17,45,17:45,Evening,False,Summer,2.0,120.0,0.0,Departmental_road,Bidirectional,Bike_path,Flat,Straight,Normal,Unknown,On_road,Unknown,,,,,,,,,,,,,,,,,,,Not a holiday,0
6938,201600004971,2016,7,12,Daylight,Out_of_agglomeration,Out_of_intersection,Normal,Frontal_two_vehicles,Manual_entry,,,False,2016-07-12,15,15,15:15,Afternoon,False,Summer,2.0,70.0,0.0,National_road,Bidirectional,Unknown,Hilltop,Curve_right,Wet,Unknown,On_road,Unknown,,,,,,,,,,,,,,,,,,,Not a holiday,0
6939,201600004972,2016,8,2,Daylight,Out_of_agglomeration,Out_of_intersection,Normal,Multiple_three_plus,Manual_entry,5.806,45.05362,True,2016-08-02,17,30,17:30,Evening,False,Summer,4.0,0.0,0.0,Departmental_road,Separated_carriageways,Unknown,Slope,Straight,Normal,Unknown,On_road,Unknown,,,,,,,,,,,,,,,,,,,Not a holiday,0
6940,201600004973,2016,8,23,Twilight_or_dawn,Out_of_agglomeration,Out_of_intersection,Normal,Other_collision,Manual_entry,,,False,2016-08-23,19,30,19:30,Evening,False,Summer,0.0,0.0,70.0,Departmental_road,Bidirectional,Unknown,Slope,Curve_right,Normal,Unknown,On_road,Unknown,,,,,,,,,,,,,,,,,,,Not a holiday,0
6941,201600004974,2016,9,5,Daylight,Built_up_area,Out_of_intersection,Normal,Other_collision,Manual_entry,5.80718,45.10888,True,2016-09-05,14,45,14:45,Afternoon,False,Autumn,2.0,0.0,40.0,Communal_way,Bidirectional,Unknown,Flat,Curve_left,Normal,Unknown,On_road,Unknown,,,,,,,,,,,,,,,,,,,Not a holiday,0
6942,201600004975,2016,9,28,Night_without_public_lighting,Out_of_agglomeration,Out_of_intersection,Normal,Multiple_three_plus,Manual_entry,5.74944,45.08273,True,2016-09-28,19,30,19:30,Evening,False,Autumn,2.0,0.0,150.0,National_road,Bidirectional,Unknown,Unknown,Straight,Normal,Bridge,On_road,Unknown,,,,,,,,,,,,,,,,,,,Not a holiday,0
6943,201600004976,2016,9,30,Daylight,Built_up_area,Other,Normal,Other_collision,Manual_entry,5.77154,45.08124,True,2016-09-30,16,15,16:15,Afternoon,False,Autumn,2.0,13.0,37.0,Departmental_road,Bidirectional,Unknown,Flat,Unknown,Normal,Unknown,On_road,Unknown,,,,,,,,,,,,,,,,,,,Not a holiday,0
6944,201600004977,2016,10,28,Night_with_public_lighting_on,Built_up_area,Intersection_X,Normal,Side_two_vehicles,Manual_entry,5.76704,45.05945,True,2016-10-28,19,15,19:15,Evening,False,Autumn,,,,Departmental_road,Unknown,Unknown,Flat,Straight,Normal,Unknown,Unknown,Unknown,,,,,,,,,,,,,,,,,,,Not a holiday,0
6945,201600004978,2016,11,11,Night_without_public_lighting,Out_of_agglomeration,Out_of_intersection,Heavy_rain,Multiple_three_plus,Manual_entry,,,False,2016-11-11,18,0,18:00,Evening,False,Autumn,0.0,0.0,92.0,Departmental_road,Bidirectional,Unknown,Flat,Straight,Wet,Bridge,On_road,Unknown,,,,,,,,,,,,,,,,,,,Armistice Day,1
6946,201600004979,2016,11,27,Daylight,Out_of_agglomeration,Out_of_intersection,Normal,Rear_end_two_vehicles,Manual_entry,5.7,45.124,True,2016-11-27,12,0,12:00,Afternoon,True,Autumn,0.0,0.0,0.0,Departmental_road,Unknown,Unknown,Flat,Straight,Normal,Unknown,On_road,Unknown,,,,,,,,,,,,,,,,,,,Not a holiday,0
6947,201600004980,2016,12,9,Daylight,Built_up_area,Out_of_intersection,Normal,Other_collision,Manual_entry,,,False,2016-12-09,15,30,15:30,Afternoon,False,Winter,2.0,0.0,76.0,Departmental_road,Bidirectional,Unknown,Flat,Straight,Normal,Unknown,On_road,Near_school,,,,,,,,,,,,,,,,,,,Not a holiday,0
6948,201600004981,2016,1,3,Daylight,Out_of_agglomeration,Out_of_intersection,Cloudy,No_collision,Manual_entry,5.32928,45.12569,True,2016-01-03,10,0,10:00,Morning,True,Winter,2.0,80.0,0.0,Departmental_road,Bidirectional,Unknown,Flat,Curve_left,Wet,Unknown,On_road,Not_near_school,,,,,,,,,,,,,,,,,,,Not a holiday,0
6949,201600004982,2016,1,12,Night_without_public_lighting,Out_of_agglomeration,Out_of_intersection,Normal,Frontal_two_vehicles,Manual_entry,5.30848,45.09968,True,2016-01-12,20,15,20:15,Evening,False,Winter,0.0,0.0,76.0,Departmental_road,Bidirectional,Unknown,Flat,Straight,Normal,Unknown,On_road,Not_near_school,,,,,,,,,,,,,,,,,,,Not a holiday,0
6950,201600004983,2016,1,25,Twilight_or_dawn,Out_of_agglomeration,Intersection_T,Normal,Side_two_vehicles,Manual_entry,,,False,2016-01-25,7,45,07:45,Morning,False,Winter,0.0,0.0,76.0,Departmental_road,Bidirectional,Unknown,Flat,Curve_left,Icy,Unknown,On_road,Not_near_school,,,,,,,,,,,,,,,,,,,Not a holiday,0
6951,201600004984,2016,3,5,Night_without_public_lighting,Out_of_agglomeration,Out_of_intersection,Normal,Frontal_two_vehicles,Manual_entry,,,False,2016-03-05,22,0,22:00,Night,True,Spring,2.0,0.0,79.0,Departmental_road,Bidirectional,Unknown,Unknown,Curve_right,Normal,Unknown,Unknown,Unknown,,,,,,,,,,,,,,,,,,,Not a holiday,0
6952,201600004985,2016,3,13,Night_without_public_lighting,Built_up_area,Roundabout,Normal,Other_collision,Manual_entry,,,False,2016-03-13,23,15,23:15,Night,True,Spring,0.0,0.0,0.0,Departmental_road,Bidirectional,Unknown,Flat,Straight,Normal,Unknown,On_road,Unknown,,,,,,,,,,,,,,,,,,,Not a holiday,0
6953,201600004986,2016,3,13,Daylight,Out_of_agglomeration,Out_of_intersection,Normal,No_collision,Manual_entry,5.32896,45.1058,True,2016-03-13,17,0,17:00,Evening,True,Spring,2.0,0.0,30.0,Communal_way,Bidirectional,Unknown,Flat,Straight,Normal,Unknown,On_verge,Unknown,,,,,,,,,,,,,,,,,,,Not a holiday,0
6954,201600004987,2016,3,30,Daylight,Out_of_agglomeration,Out_of_intersection,Normal,Frontal_two_vehicles,Manual_entry,5.2911,45.20106,True,2016-03-30,19,0,19:00,Evening,False,Spring,2.0,0.0,50.0,Departmental_road,Bidirectional,Unknown,Slope,Curve_left,Normal,Unknown,On_road,Not_near_school,,,,,,,,,,,,,,,,,,,Not a holiday,0
6955,201600004988,2016,8,16,Daylight,Out_of_agglomeration,Out_of_intersection,Normal,Frontal_two_vehicles,Manual_entry,5.32584,45.13348,True,2016-08-16,17,45,17:45,Evening,False,Summer,2.0,0.0,82.0,Departmental_road,Bidirectional,Unknown,Unknown,Curve_left,Unknown,Unknown,On_road,Not_near_school,,,,,,,,,,,,,,,,,,,Not a holiday,0
6956,201600004989,2016,8,30,Daylight,Out_of_agglomeration,Intersection_X,Normal,Side_two_vehicles,Manual_entry,,,False,2016-08-30,7,45,07:45,Morning,False,Summer,0.0,0.0,80.0,Departmental_road,Unknown,Unknown,Flat,Straight,Normal,Unknown,On_road,Not_near_school,,,,,,,,,,,,,,,,,,,Not a holiday,0
6957,201600004990,2016,8,30,Daylight,Built_up_area,Out_of_intersection,Dazzling,Other_collision,Manual_entry,5.31139,45.14978,True,2016-08-30,9,15,09:15,Morning,False,Summer,0.0,0.0,70.0,Communal_way,Bidirectional,Unknown,Flat,Straight,Normal,Unknown,On_road,Unknown,,,,,,,,,,,,,,,,,,,Not a holiday,0
6958,201600004991,2016,9,11,Daylight,Built_up_area,Out_of_intersection,Normal,Other_collision,Manual_entry,,,False,2016-09-11,14,45,14:45,Afternoon,True,Autumn,2.0,0.0,59.0,Departmental_road,Bidirectional,Unknown,Flat,Straight,Normal,Unknown,On_road,Unknown,,,,,,,,,,,,,,,,,,,Not a holiday,0
6959,201600004992,2016,9,26,Daylight,Out_of_agglomeration,Out_of_intersection,Normal,Rear_end_two_vehicles,Manual_entry,5.15812,45.0757,True,2016-09-26,7,15,07:15,Morning,False,Autumn,2.0,0.0,70.0,Departmental_road,Bidirectional,Unknown,Flat,Straight,Normal,Unknown,On_road,Unknown,,,,,,,,,,,,,,,,,,,Not a holiday,0
6960,201600004993,2016,10,6,Daylight,Out_of_agglomeration,Out_of_intersection,Normal,No_collision,Manual_entry,5.25484,45.13289,True,2016-10-06,10,30,10:30,Morning,False,Autumn,2.0,0.0,60.0,Departmental_road,Bidirectional,Unknown,Flat,Curve_left,Normal,Unknown,On_verge,Not_near_school,,,,,,,,,,,,,,,,,,,Not a holiday,0
6961,201600004994,2016,10,10,Daylight,Built_up_area,Roundabout,Normal,Side_two_vehicles,Manual_entry,5.30692,45.14383,True,2016-10-10,19,10,19:10,Evening,False,Autumn,2.0,18.0,104.0,Departmental_road,Bidirectional,Unknown,Flat,Curve_left,Normal,Unknown,On_road,Not_near_school,,,,,,,,,,,,,,,,,,,Not a holiday,0
6962,201600004995,2016,10,19,Daylight,Out_of_agglomeration,Out_of_intersection,Normal,Multiple_three_plus,Manual_entry,5.345,45.18922,True,2016-10-19,16,30,16:30,Afternoon,False,Autumn,2.0,0.0,60.0,Departmental_road,Bidirectional,Unknown,Flat,Unknown,Normal,Unknown,On_road,Not_near_school,,,,,,,,,,,,,,,,,,,Not a holiday,0
6963,201600004996,2016,11,19,Night_without_public_lighting,Out_of_agglomeration,Out_of_intersection,Normal,Frontal_two_vehicles,Manual_entry,5.33912,45.18388,True,2016-11-19,6,30,06:30,Morning,True,Autumn,2.0,0.0,70.0,Departmental_road,Bidirectional,Unknown,Flat,Straight,Normal,Unknown,On_road,Not_near_school,,,,,,,,,,,,,,,,,,,Not a holiday,0
6964,201600004997,2016,11,23,Night_with_public_lighting_on,Built_up_area,Roundabout,Normal,No_collision,Manual_entry,5.33502,45.15835,True,2016-11-23,18,15,18:15,Evening,False,Autumn,2.0,0.0,35.0,Departmental_road,Bidirectional,Unknown,Flat,Curve_left,Normal,Unknown,On_road,Unknown,,,,,,,,,,,,,,,,,,,Not a holiday,0
6965,201600004998,2016,11,16,Daylight,Out_of_agglomeration,Out_of_intersection,Normal,Side_two_vehicles,Manual_entry,5.34667,45.14117,True,2016-11-16,16,15,16:15,Afternoon,False,Autumn,2.0,0.0,0.0,Communal_way,Bidirectional,Unknown,Flat,Straight,Normal,Unknown,On_road,Not_near_school,,,,,,,,,,,,,,,,,,,Not a holiday,0
6966,201600004999,2016,5,4,Daylight,Out_of_agglomeration,Out_of_intersection,Normal,Multiple_three_plus,Manual_entry,5.24548,45.34667,True,2016-05-04,15,30,15:30,Afternoon,False,Spring,1.0,0.0,0.0,Departmental_road,Bidirectional,Unknown,Flat,Curve_right,Normal,Unknown,On_road,Unknown,,,,,,,,,,,,,,,,,,,Not a holiday,0
6967,201600005000,2016,5,13,Night_with_public_lighting_on,Built_up_area,Out_of_intersection,Light_rain,Other_collision,Manual_entry,,,False,2016-05-13,2,45,02:45,Night,False,Spring,2.0,0.0,65.0,Departmental_road,Bidirectional,Unknown,Flat,Curve_left,Wet,Unknown,On_verge,Not_near_school,,,,,,,,,,,,,,,,,,,Not a holiday,0